0 128 602 5 5 0
1 2 a 1
1 2 b 1
1 110 c 4
1 76 d 2
1 3 e 1
2 3 a 1
2 3 b 1
2 62 c 3
2 51 d 3
2 32 e 0
3 4 a 1
3 4 b 1
3 124 c 1
3 91 d 3
3 54 e 2
4 5 a 1
4 5 b 1
4 16 c 3
4 87 d 0
4 72 e 2
5 6 a 1
5 6 b 1
5 119 c 0
5 61 d 4
5 88 e 0
6 7 a 1
6 7 b 1
6 43 d 0
6 114 e 2
7 8 a 1
7 8 b 1
7 44 c 0
7 95 d 1
7 26 e 2
8 9 a 1
8 9 b 1
8 42 c 2
8 113 d 3
8 6 e 0
9 10 a 1
9 10 b 1
9 38 d 2
9 60 e 4
10 11 a 1
10 11 b 1
10 66 c 3
10 23 d 4
10 34 e 1
11 12 a 1
11 12 b 1
11 15 c 0
11 77 d 3
11 84 e 2
12 13 a 1
12 13 b 1
12 13 c 1
12 7 d 3
12 35 e 3
13 14 a 1
13 14 b 1
13 115 c 0
13 99 d 3
13 110 e 2
14 15 a 1
14 15 b 1
14 33 c 3
14 52 d 0
14 124 e 3
15 16 a 1
15 16 b 1
15 68 c 2
15 114 d 3
15 27 e 4
16 17 a 1
16 17 b 1
16 56 c 4
16 9 d 3
16 19 e 0
17 18 a 1
17 18 b 1
17 48 c 0
17 61 d 2
17 2 e 2
18 19 a 1
18 19 b 1
18 66 c 0
18 10 d 1
18 72 e 4
19 20 a 1
19 20 b 1
19 47 c 0
19 99 d 2
19 56 e 0
20 21 a 1
20 21 b 1
20 66 c 4
20 20 d 4
20 127 e 0
21 22 a 1
21 22 b 1
21 122 c 0
21 21 d 4
21 32 e 0
22 23 a 1
22 23 b 1
22 94 c 2
22 53 d 3
22 107 e 3
23 24 a 1
23 24 b 1
23 99 c 2
23 120 d 4
23 32 e 1
24 25 a 1
24 25 b 1
24 123 c 2
24 87 d 2
24 42 e 3
25 26 a 1
25 26 b 1
25 26 d 4
25 30 e 0
26 27 a 1
26 27 b 1
26 119 e 2
27 28 a 1
27 28 b 1
27 101 c 0
27 103 d 2
27 18 e 1
28 29 a 1
28 29 b 1
28 57 c 4
28 89 e 4
29 30 a 1
29 30 b 1
29 69 c 3
29 44 d 1
29 17 e 1
30 31 a 1
30 31 b 1
30 53 c 3
30 98 d 2
30 5 e 1
31 32 a 1
31 32 b 1
31 105 c 4
31 111 d 2
31 104 e 2
32 33 a 1
32 33 b 1
32 115 c 0
32 37 d 4
32 118 e 0
33 34 a 1
33 34 b 1
33 81 c 3
33 13 d 1
33 54 e 4
34 35 a 1
34 35 b 1
34 59 c 2
34 23 d 2
34 84 e 2
35 36 a 1
35 36 b 1
35 117 c 3
35 85 d 3
35 72 e 2
36 37 a 1
36 37 b 1
36 54 c 4
36 90 d 1
36 104 e 2
37 38 a 1
37 38 b 1
37 56 d 1
37 6 e 1
38 39 a 1
38 39 b 1
38 52 d 1
38 121 e 2
39 40 a 1
39 40 b 1
39 74 c 2
39 54 d 3
39 86 e 3
40 41 a 1
40 41 b 1
40 7 c 3
40 66 d 2
41 42 a 1
41 42 b 1
41 5 c 0
41 95 d 4
42 43 a 1
42 43 b 1
42 75 c 2
42 106 e 2
43 44 a 1
43 44 b 1
43 33 c 0
43 107 d 4
43 118 e 3
44 45 a 1
44 45 b 1
44 48 c 2
44 55 d 3
44 127 e 2
45 46 a 1
45 46 b 1
45 107 d 3
45 86 e 4
46 47 a 1
46 47 b 1
46 89 c 4
46 43 d 3
46 100 e 3
47 48 a 1
47 48 b 1
47 62 c 3
47 52 e 4
48 49 a 1
48 49 b 1
48 51 d 4
48 26 e 0
49 50 a 1
49 50 b 1
49 3 c 3
49 28 d 4
49 62 e 1
50 51 a 1
50 51 b 1
50 99 c 4
50 60 d 2
50 77 e 1
51 52 a 1
51 52 b 1
51 69 c 3
52 53 a 1
52 53 b 1
52 48 c 1
52 99 e 3
53 54 a 1
53 54 b 1
53 103 c 4
53 124 d 2
53 63 e 0
54 55 a 1
54 55 b 1
54 25 c 2
54 4 d 4
54 79 e 1
55 56 a 1
55 56 b 1
55 105 c 0
55 48 d 3
55 42 e 4
56 57 a 1
56 57 b 1
56 84 c 3
56 116 d 0
56 59 e 4
57 58 a 1
57 58 b 1
57 121 c 0
57 51 d 0
57 100 e 4
58 59 a 1
58 59 b 1
58 36 c 0
58 117 d 1
58 10 e 1
59 60 a 1
59 60 b 1
59 47 d 4
59 53 e 1
60 61 a 1
60 61 b 1
60 49 c 2
60 104 e 2
61 62 a 1
61 62 b 1
61 119 c 0
61 17 d 0
61 30 e 3
62 63 a 1
62 63 b 1
62 118 c 2
62 33 d 4
62 110 e 4
63 64 a 1
63 64 b 1
63 54 c 3
63 59 d 1
63 119 e 0
64 65 a 1
64 65 b 1
64 64 c 1
64 103 d 2
64 103 e 2
65 66 a 1
65 66 b 1
65 39 d 4
65 56 e 3
66 67 a 1
66 67 b 1
66 30 d 1
66 64 e 0
67 68 a 1
67 68 b 1
67 9 c 2
67 95 d 0
67 86 e 0
68 69 a 1
68 69 b 1
68 114 c 1
68 90 d 1
68 55 e 4
69 70 a 1
69 70 b 1
69 54 c 3
69 31 d 4
69 8 e 2
70 71 a 1
70 71 b 1
70 27 c 1
70 45 d 0
70 40 e 0
71 72 a 1
71 72 b 1
71 49 d 2
71 112 e 1
72 73 a 1
72 73 b 1
72 119 c 4
72 109 e 4
73 74 a 1
73 74 b 1
73 19 c 0
73 57 d 0
73 39 e 1
74 75 a 1
74 75 b 1
74 73 c 2
74 89 d 0
74 63 e 2
75 76 a 1
75 76 b 1
75 78 c 0
75 90 e 4
76 77 a 1
76 77 b 1
76 43 c 2
76 52 d 4
76 26 e 4
77 78 a 1
77 78 b 1
77 39 d 0
77 52 e 1
78 79 a 1
78 79 b 1
78 72 c 1
78 5 d 0
78 5 e 4
79 80 a 1
79 80 b 1
79 87 d 0
79 9 e 2
80 81 a 1
80 81 b 1
80 104 c 4
80 26 d 0
80 6 e 1
81 82 a 1
81 82 b 1
81 66 c 3
81 113 d 4
81 68 e 3
82 83 a 1
82 83 b 1
82 81 c 4
82 100 e 3
83 84 a 1
83 84 b 1
83 75 d 2
83 93 e 3
84 85 a 1
84 85 b 1
84 100 c 3
84 114 d 0
84 77 e 0
85 86 a 1
85 86 b 1
85 14 c 1
85 72 d 2
85 64 e 0
86 87 a 1
86 87 b 1
86 10 c 4
86 64 d 0
86 65 e 4
87 88 a 1
87 88 b 1
87 55 c 1
87 31 d 0
87 85 e 0
88 89 a 1
88 89 b 1
88 76 c 0
88 27 d 0
88 27 e 2
89 90 a 1
89 90 b 1
89 75 c 0
89 108 d 3
89 67 e 4
90 91 a 1
90 91 b 1
90 97 c 1
90 88 d 4
91 92 a 1
91 92 b 1
91 118 c 4
91 12 d 2
91 21 e 0
92 93 a 1
92 93 b 1
92 59 c 4
92 80 e 4
93 94 a 1
93 94 b 1
93 90 d 4
93 65 e 0
94 95 a 1
94 95 b 1
94 7 c 3
94 124 d 4
94 36 e 0
95 96 a 1
95 96 b 1
95 104 c 4
95 50 d 2
95 123 e 1
96 97 a 1
96 97 b 1
96 37 c 0
96 43 d 4
96 109 e 2
97 98 a 1
97 98 b 1
97 58 c 3
97 17 d 3
97 113 e 0
98 99 a 1
98 99 b 1
98 20 c 3
98 16 d 1
99 100 a 1
99 100 b 1
99 125 c 0
99 82 d 3
99 116 e 0
100 101 a 1
100 101 b 1
100 60 c 2
100 95 d 0
100 20 e 2
101 102 a 1
101 102 b 1
101 56 c 4
101 110 d 0
101 89 e 0
102 103 a 1
102 103 b 1
102 3 c 1
102 42 d 2
102 93 e 3
103 104 a 1
103 104 b 1
103 61 c 2
103 120 d 2
103 127 e 1
104 105 a 1
104 105 b 1
104 85 c 2
104 61 d 3
104 65 e 2
105 106 a 1
105 106 b 1
105 50 c 0
105 6 e 2
106 107 a 1
106 107 b 1
106 109 c 3
106 73 d 2
107 108 a 1
107 108 b 1
107 103 c 2
107 24 d 0
107 116 e 1
108 109 a 1
108 109 b 1
108 111 c 4
108 14 d 0
108 111 e 2
109 110 a 1
109 110 b 1
109 39 c 0
109 43 d 4
109 71 e 0
110 111 a 1
110 111 b 1
110 45 c 3
110 92 d 4
110 98 e 1
111 112 a 1
111 112 b 1
111 12 c 2
111 37 d 1
111 43 e 0
112 113 a 1
112 113 b 1
112 10 c 1
112 3 d 0
112 2 e 4
113 114 a 1
113 114 b 1
113 83 c 0
113 99 d 2
113 26 e 0
114 115 a 1
114 115 b 1
114 71 c 4
114 101 d 4
114 4 e 4
115 116 a 1
115 116 b 1
115 58 c 1
115 20 d 1
115 119 e 1
116 117 a 1
116 117 b 1
116 106 c 0
116 112 d 0
116 63 e 1
117 118 a 1
117 118 b 1
117 83 c 4
117 13 d 2
117 11 e 0
118 119 a 1
118 119 b 1
118 77 c 0
118 41 e 4
119 120 a 1
119 120 b 1
119 28 c 1
119 21 d 2
119 78 e 1
120 121 a 1
120 121 b 1
120 112 c 0
120 14 d 4
120 23 e 1
121 122 a 1
121 122 b 1
121 29 c 1
121 32 d 4
121 98 e 1
122 123 a 1
122 123 b 1
122 74 c 2
122 66 d 1
122 34 e 3
123 124 a 1
123 124 b 1
123 12 c 3
123 52 e 1
124 125 a 1
124 125 b 1
124 98 c 3
124 37 d 0
125 126 a 1
125 126 b 1
125 54 c 2
125 127 d 3
126 127 a 1
126 127 b 1
126 119 c 1
126 127 d 3
126 55 e 1
127 128 a 1
127 128 b 1
127 80 c 4
127 36 d 4
127 2 e 2
128 128 a 0
128 128 b 0
128 81 c 1
128 97 d 1
128 104 e 1

1 128 592 5 5 0
1 2 a 1
1 2 b 1
1 105 c 4
1 52 d 0
1 65 e 3
2 3 a 1
2 3 b 1
2 26 e 0
3 4 a 1
3 4 b 1
3 56 c 4
3 55 d 1
3 15 e 4
4 5 a 1
4 5 b 1
4 79 c 1
4 34 d 1
4 100 e 2
5 6 a 1
5 6 b 1
5 51 c 2
5 38 d 3
6 7 a 1
6 7 b 1
6 42 c 2
6 7 d 3
6 55 e 3
7 8 a 1
7 8 b 1
7 19 c 1
7 76 d 2
7 51 e 1
8 9 a 1
8 9 b 1
8 97 c 2
8 93 d 1
8 5 e 2
9 10 a 1
9 10 b 1
9 64 c 2
9 92 e 3
10 11 a 1
10 11 b 1
10 58 d 2
10 87 e 4
11 12 a 1
11 12 b 1
11 26 c 2
11 33 d 4
11 71 e 3
12 13 a 1
12 13 b 1
12 6 c 0
12 9 d 3
12 77 e 2
13 14 a 1
13 14 b 1
13 104 c 2
13 113 d 4
13 79 e 4
14 15 a 1
14 15 b 1
14 15 c 3
14 31 d 3
14 67 e 3
15 16 a 1
15 16 b 1
15 106 c 2
15 111 d 1
15 6 e 4
16 17 a 1
16 17 b 1
16 76 c 2
16 27 d 1
17 18 a 1
17 18 b 1
17 22 c 1
17 72 d 3
17 63 e 4
18 19 a 1
18 19 b 1
18 68 c 2
18 98 d 0
18 81 e 3
19 20 a 1
19 20 b 1
19 99 c 3
19 86 d 4
19 121 e 1
20 21 a 1
20 21 b 1
20 54 c 2
20 54 d 0
20 107 e 3
21 22 a 1
21 22 b 1
21 30 c 2
21 10 d 0
21 116 e 2
22 23 a 1
22 23 b 1
22 83 c 0
22 59 d 0
22 100 e 1
23 24 a 1
23 24 b 1
23 10 c 0
23 39 d 2
24 25 a 1
24 25 b 1
24 108 c 1
24 66 d 0
24 17 e 0
25 26 a 1
25 26 b 1
25 4 c 3
25 112 d 1
26 27 a 1
26 27 b 1
26 121 e 4
27 28 a 1
27 28 b 1
27 35 c 0
27 116 d 2
27 66 e 4
28 29 a 1
28 29 b 1
28 121 c 1
28 105 d 2
28 125 e 2
29 30 a 1
29 30 b 1
29 83 c 1
29 57 d 2
29 6 e 0
30 31 a 1
30 31 b 1
30 30 c 3
30 91 d 2
30 61 e 1
31 32 a 1
31 32 b 1
31 106 c 2
31 81 d 3
32 33 a 1
32 33 b 1
32 25 c 2
32 60 d 2
32 74 e 2
33 34 a 1
33 34 b 1
33 19 c 2
33 64 d 4
33 118 e 1
34 35 a 1
34 35 b 1
34 71 c 4
34 92 e 2
35 36 a 1
35 36 b 1
35 64 c 0
35 64 d 4
36 37 a 1
36 37 b 1
36 29 c 1
36 90 d 4
36 32 e 4
37 38 a 1
37 38 b 1
37 115 c 3
37 98 d 3
37 7 e 4
38 39 a 1
38 39 b 1
38 97 c 1
38 19 e 1
39 40 a 1
39 40 b 1
39 15 c 3
39 14 d 1
40 41 a 1
40 41 b 1
40 114 c 4
40 83 d 1
40 41 e 0
41 42 a 1
41 42 b 1
41 117 c 0
41 23 d 2
42 43 a 1
42 43 b 1
42 120 c 0
42 105 d 4
42 114 e 3
43 44 a 1
43 44 b 1
43 40 c 4
43 102 d 2
43 12 e 1
44 45 a 1
44 45 b 1
44 125 c 4
44 58 d 0
44 23 e 4
45 46 a 1
45 46 b 1
45 72 c 3
45 126 e 2
46 47 a 1
46 47 b 1
46 59 c 3
46 50 d 3
46 44 e 4
47 48 a 1
47 48 b 1
47 15 c 4
47 86 d 0
47 78 e 0
48 49 a 1
48 49 b 1
48 103 c 4
48 48 d 4
48 50 e 4
49 50 a 1
49 50 b 1
49 126 c 4
49 41 d 0
49 7 e 0
50 51 a 1
50 51 b 1
50 28 d 2
51 52 a 1
51 52 b 1
51 26 c 0
51 99 d 4
51 33 e 1
52 53 a 1
52 53 b 1
52 21 c 1
52 37 d 3
52 73 e 4
53 54 a 1
53 54 b 1
53 71 c 0
53 100 d 1
54 55 a 1
54 55 b 1
54 109 d 2
54 91 e 0
55 56 a 1
55 56 b 1
55 39 c 1
55 19 d 4
55 101 e 3
56 57 a 1
56 57 b 1
56 82 c 1
56 89 d 2
56 115 e 2
57 58 a 1
57 58 b 1
57 18 c 2
57 48 d 2
57 6 e 0
58 59 a 1
58 59 b 1
58 43 c 3
58 100 d 3
58 47 e 2
59 60 a 1
59 60 b 1
59 104 c 0
59 68 d 1
59 60 e 2
60 61 a 1
60 61 b 1
60 118 c 0
60 17 d 4
60 16 e 4
61 62 a 1
61 62 b 1
61 104 c 1
61 23 d 4
61 87 e 4
62 63 a 1
62 63 b 1
62 125 c 3
62 52 d 3
62 92 e 1
63 64 a 1
63 64 b 1
63 98 c 1
63 58 e 1
64 65 a 1
64 65 b 1
64 106 c 3
64 33 d 3
64 92 e 4
65 66 a 1
65 66 b 1
65 83 c 2
65 123 d 2
65 11 e 0
66 67 a 1
66 67 b 1
66 111 d 2
67 68 a 1
67 68 b 1
67 20 d 2
67 105 e 3
68 69 a 1
68 69 b 1
68 17 c 4
68 77 d 1
69 70 a 1
69 70 b 1
69 64 c 1
69 102 d 2
69 46 e 3
70 71 a 1
70 71 b 1
70 12 c 0
70 86 d 3
70 48 e 4
71 72 a 1
71 72 b 1
71 91 c 2
71 9 d 4
71 46 e 4
72 73 a 1
72 73 b 1
72 7 d 3
72 125 e 3
73 74 a 1
73 74 b 1
73 40 c 3
73 13 e 4
74 75 a 1
74 75 b 1
74 26 c 4
74 80 d 1
74 24 e 4
75 76 a 1
75 76 b 1
75 24 c 2
75 107 d 2
75 35 e 0
76 77 a 1
76 77 b 1
76 70 c 3
76 40 d 1
76 5 e 3
77 78 a 1
77 78 b 1
77 124 e 0
78 79 a 1
78 79 b 1
78 70 c 2
78 31 e 0
79 80 a 1
79 80 b 1
79 45 c 3
79 61 d 1
79 79 e 2
80 81 a 1
80 81 b 1
80 40 c 4
80 120 d 0
80 75 e 3
81 82 a 1
81 82 b 1
81 29 c 1
81 9 e 1
82 83 a 1
82 83 b 1
82 106 c 1
82 85 d 3
82 47 e 1
83 84 a 1
83 84 b 1
83 108 c 0
83 104 d 4
83 5 e 3
84 85 a 1
84 85 b 1
84 117 c 4
84 80 d 0
84 81 e 1
85 86 a 1
85 86 b 1
85 64 c 0
85 104 e 1
86 87 a 1
86 87 b 1
86 78 c 0
86 99 d 3
86 52 e 3
87 88 a 1
87 88 b 1
87 116 e 2
88 89 a 1
88 89 b 1
88 49 c 2
88 44 d 0
88 108 e 0
89 90 a 1
89 90 b 1
89 47 c 1
89 64 d 0
90 91 a 1
90 91 b 1
90 106 c 3
90 36 d 3
90 99 e 4
91 92 a 1
91 92 b 1
91 122 c 2
91 33 d 1
91 126 e 4
92 93 a 1
92 93 b 1
92 95 c 1
92 68 d 0
92 61 e 1
93 94 a 1
93 94 b 1
93 107 c 0
93 25 d 4
93 36 e 4
94 95 a 1
94 95 b 1
94 28 c 1
94 9 d 0
94 105 e 2
95 96 a 1
95 96 b 1
95 46 c 3
95 6 d 1
95 123 e 2
96 97 a 1
96 97 b 1
96 108 c 3
96 122 d 0
97 98 a 1
97 98 b 1
97 9 c 1
97 54 d 4
97 63 e 3
98 99 a 1
98 99 b 1
98 93 c 2
98 121 d 3
98 107 e 4
99 100 a 1
99 100 b 1
99 40 c 3
99 34 d 1
99 24 e 2
100 101 a 1
100 101 b 1
100 85 c 2
100 8 d 2
101 102 a 1
101 102 b 1
101 13 c 3
101 17 e 1
102 103 a 1
102 103 b 1
102 102 c 1
102 97 d 0
102 65 e 0
103 104 a 1
103 104 b 1
103 80 c 4
103 44 d 3
103 126 e 3
104 105 a 1
104 105 b 1
104 67 c 0
104 67 d 1
104 28 e 3
105 106 a 1
105 106 b 1
105 91 c 2
105 70 d 2
105 12 e 2
106 107 a 1
106 107 b 1
106 113 c 3
106 67 d 3
106 51 e 3
107 108 a 1
107 108 b 1
107 23 c 4
107 73 d 1
108 109 a 1
108 109 b 1
108 28 c 1
108 39 d 4
108 125 e 2
109 110 a 1
109 110 b 1
109 15 c 0
109 105 d 1
109 65 e 1
110 111 a 1
110 111 b 1
110 60 c 0
110 33 d 3
110 89 e 1
111 112 a 1
111 112 b 1
111 62 c 2
111 15 d 0
112 113 a 1
112 113 b 1
112 116 c 4
112 39 e 1
113 114 a 1
113 114 b 1
113 74 c 0
113 61 d 4
113 58 e 2
114 115 a 1
114 115 b 1
114 7 c 0
114 94 d 1
114 51 e 0
115 116 a 1
115 116 b 1
115 43 c 1
115 58 d 0
115 83 e 2
116 117 a 1
116 117 b 1
116 69 c 0
116 123 d 2
116 20 e 0
117 118 a 1
117 118 b 1
117 55 c 2
117 125 d 1
117 119 e 3
118 119 a 1
118 119 b 1
118 105 d 1
118 76 e 2
119 120 a 1
119 120 b 1
119 50 e 0
120 121 a 1
120 121 b 1
120 122 c 1
120 70 d 3
120 50 e 0
121 122 a 1
121 122 b 1
121 20 c 0
121 74 d 1
121 75 e 4
122 123 a 1
122 123 b 1
122 25 d 3
123 124 a 1
123 124 b 1
123 83 c 1
123 73 d 0
123 103 e 0
124 125 a 1
124 125 b 1
124 65 c 3
124 49 d 2
124 22 e 3
125 126 a 1
125 126 b 1
125 118 c 1
125 73 d 2
125 92 e 0
126 127 a 1
126 127 b 1
126 106 c 4
126 29 d 2
126 88 e 3
127 128 a 1
127 128 b 1
127 110 c 1
127 15 e 1
128 128 a 0
128 128 b 0
128 108 c 3
128 36 d 1
128 95 e 4

2 128 606 5 5 0
1 2 a 1
1 2 b 1
1 50 c 0
1 59 d 1
2 3 a 1
2 3 b 1
2 91 d 2
2 49 e 2
3 4 a 1
3 4 b 1
3 26 c 2
3 104 d 2
3 25 e 0
4 5 a 1
4 5 b 1
4 109 c 0
4 109 d 0
4 47 e 4
5 6 a 1
5 6 b 1
5 80 c 1
5 90 d 3
5 42 e 1
6 7 a 1
6 7 b 1
6 120 c 3
6 64 d 0
6 36 e 4
7 8 a 1
7 8 b 1
7 83 c 2
7 114 d 4
7 127 e 0
8 9 a 1
8 9 b 1
8 67 c 4
8 2 d 1
8 28 e 1
9 10 a 1
9 10 b 1
9 122 c 1
9 92 d 3
9 92 e 2
10 11 a 1
10 11 b 1
10 99 d 4
10 27 e 3
11 12 a 1
11 12 b 1
11 44 c 4
11 78 d 3
11 118 e 4
12 13 a 1
12 13 b 1
12 44 c 0
12 98 d 2
13 14 a 1
13 14 b 1
13 83 c 0
13 64 d 0
13 8 e 1
14 15 a 1
14 15 b 1
14 11 c 0
14 101 d 3
14 66 e 1
15 16 a 1
15 16 b 1
15 4 c 2
15 4 d 0
15 24 e 3
16 17 a 1
16 17 b 1
16 44 c 1
16 39 d 3
17 18 a 1
17 18 b 1
17 91 c 3
17 87 d 1
17 92 e 0
18 19 a 1
18 19 b 1
18 74 c 3
18 97 d 4
18 17 e 1
19 20 a 1
19 20 b 1
19 36 c 0
19 122 d 3
19 9 e 1
20 21 a 1
20 21 b 1
20 50 c 0
20 69 d 3
20 110 e 0
21 22 a 1
21 22 b 1
21 83 c 1
21 123 d 0
21 26 e 2
22 23 a 1
22 23 b 1
22 9 c 0
22 20 e 1
23 24 a 1
23 24 b 1
23 30 c 1
23 37 d 2
23 121 e 0
24 25 a 1
24 25 b 1
24 118 c 1
24 101 d 0
24 74 e 0
25 26 a 1
25 26 b 1
25 95 c 0
25 7 d 3
25 67 e 4
26 27 a 1
26 27 b 1
26 44 c 2
26 118 d 1
26 5 e 1
27 28 a 1
27 28 b 1
27 1 c 1
27 48 d 1
27 110 e 3
28 29 a 1
28 29 b 1
28 17 c 2
28 15 d 4
28 86 e 4
29 30 a 1
29 30 b 1
29 80 c 4
29 126 d 4
29 66 e 1
30 31 a 1
30 31 b 1
30 57 c 0
30 67 d 4
30 67 e 3
31 32 a 1
31 32 b 1
31 123 c 4
31 72 d 2
32 33 a 1
32 33 b 1
32 24 c 4
32 18 d 2
32 27 e 2
33 34 a 1
33 34 b 1
33 47 c 3
33 119 d 4
33 101 e 3
34 35 a 1
34 35 b 1
34 88 c 4
34 50 e 3
35 36 a 1
35 36 b 1
35 87 d 3
35 85 e 2
36 37 a 1
36 37 b 1
36 27 c 0
36 18 d 1
36 10 e 4
37 38 a 1
37 38 b 1
37 127 c 4
37 76 d 1
37 84 e 2
38 39 a 1
38 39 b 1
38 8 c 3
38 93 d 3
38 65 e 1
39 40 a 1
39 40 b 1
39 37 c 3
39 50 e 0
40 41 a 1
40 41 b 1
40 28 c 1
40 82 d 1
41 42 a 1
41 42 b 1
41 92 d 4
41 35 e 3
42 43 a 1
42 43 b 1
42 54 d 4
42 118 e 1
43 44 a 1
43 44 b 1
43 10 c 2
43 109 d 2
43 45 e 4
44 45 a 1
44 45 b 1
44 14 c 1
44 97 d 3
44 15 e 2
45 46 a 1
45 46 b 1
45 42 c 4
45 30 d 2
45 106 e 1
46 47 a 1
46 47 b 1
46 121 c 4
46 30 e 3
47 48 a 1
47 48 b 1
47 85 c 0
47 37 d 2
47 125 e 1
48 49 a 1
48 49 b 1
48 88 c 4
48 93 d 4
48 6 e 0
49 50 a 1
49 50 b 1
49 62 c 4
49 5 d 0
49 98 e 1
50 51 a 1
50 51 b 1
50 54 c 2
50 108 d 1
50 125 e 0
51 52 a 1
51 52 b 1
51 117 c 2
51 33 d 4
51 93 e 3
52 53 a 1
52 53 b 1
52 78 c 2
52 48 d 0
52 114 e 0
53 54 a 1
53 54 b 1
53 84 c 2
53 71 d 0
53 112 e 3
54 55 a 1
54 55 b 1
54 94 c 1
54 8 d 2
54 20 e 1
55 56 a 1
55 56 b 1
55 107 c 2
55 76 d 2
55 44 e 0
56 57 a 1
56 57 b 1
56 68 d 3
56 76 e 4
57 58 a 1
57 58 b 1
57 59 c 4
57 82 e 2
58 59 a 1
58 59 b 1
58 13 c 2
58 98 d 1
58 38 e 4
59 60 a 1
59 60 b 1
59 66 c 0
59 67 d 3
59 69 e 1
60 61 a 1
60 61 b 1
60 106 c 2
60 21 d 4
60 35 e 3
61 62 a 1
61 62 b 1
61 100 c 1
61 1 d 3
61 8 e 2
62 63 a 1
62 63 b 1
62 76 c 0
62 28 d 3
62 44 e 2
63 64 a 1
63 64 b 1
63 10 c 1
63 55 d 2
63 108 e 1
64 65 a 1
64 65 b 1
64 120 c 1
64 44 d 4
65 66 a 1
65 66 b 1
65 126 c 4
65 30 d 1
65 61 e 1
66 67 a 1
66 67 b 1
66 103 c 1
66 84 d 1
66 21 e 3
67 68 a 1
67 68 b 1
67 79 d 3
67 125 e 2
68 69 a 1
68 69 b 1
68 61 c 2
68 9 d 4
68 19 e 3
69 70 a 1
69 70 b 1
69 53 c 0
69 65 d 3
69 65 e 1
70 71 a 1
70 71 b 1
70 70 c 3
70 38 d 3
70 117 e 4
71 72 a 1
71 72 b 1
71 50 c 1
71 23 d 4
71 35 e 2
72 73 a 1
72 73 b 1
72 22 c 2
72 55 d 4
72 2 e 0
73 74 a 1
73 74 b 1
73 37 c 0
73 115 d 1
73 24 e 4
74 75 a 1
74 75 b 1
74 46 c 3
74 55 d 0
74 35 e 0
75 76 a 1
75 76 b 1
75 83 c 2
75 35 d 4
75 68 e 4
76 77 a 1
76 77 b 1
76 48 c 3
76 99 d 2
76 101 e 0
77 78 a 1
77 78 b 1
77 4 c 3
77 1 d 2
77 118 e 4
78 79 a 1
78 79 b 1
78 36 c 4
78 85 d 2
78 107 e 1
79 80 a 1
79 80 b 1
79 108 d 0
79 41 e 2
80 81 a 1
80 81 b 1
80 106 c 0
80 33 e 1
81 82 a 1
81 82 b 1
81 12 d 1
81 126 e 0
82 83 a 1
82 83 b 1
82 83 c 3
82 111 d 1
82 112 e 2
83 84 a 1
83 84 b 1
83 7 c 1
83 15 d 1
83 75 e 0
84 85 a 1
84 85 b 1
84 37 c 3
84 43 d 4
84 80 e 3
85 86 a 1
85 86 b 1
85 17 c 4
85 102 d 0
85 38 e 4
86 87 a 1
86 87 b 1
86 122 c 0
86 96 e 1
87 88 a 1
87 88 b 1
87 51 c 1
87 24 d 0
87 54 e 1
88 89 a 1
88 89 b 1
88 11 c 2
88 21 d 0
88 26 e 1
89 90 a 1
89 90 b 1
89 106 c 3
89 64 d 3
89 75 e 0
90 91 a 1
90 91 b 1
90 97 c 3
90 8 d 0
90 40 e 2
91 92 a 1
91 92 b 1
91 14 c 0
91 76 d 3
91 119 e 3
92 93 a 1
92 93 b 1
92 97 c 1
92 49 d 4
92 108 e 3
93 94 a 1
93 94 b 1
93 101 c 1
93 102 d 1
93 127 e 3
94 95 a 1
94 95 b 1
94 61 c 1
94 38 d 1
94 83 e 3
95 96 a 1
95 96 b 1
95 39 c 4
95 89 d 2
95 4 e 1
96 97 a 1
96 97 b 1
96 19 c 0
96 118 d 2
96 32 e 0
97 98 a 1
97 98 b 1
97 48 c 0
97 15 d 2
97 42 e 3
98 99 a 1
98 99 b 1
98 58 d 4
98 20 e 2
99 100 a 1
99 100 b 1
99 84 c 0
99 115 d 1
99 89 e 2
100 101 a 1
100 101 b 1
100 70 c 1
100 100 d 0
101 102 a 1
101 102 b 1
101 90 d 2
101 72 e 2
102 103 a 1
102 103 b 1
102 85 d 1
103 104 a 1
103 104 b 1
103 17 c 3
103 101 d 4
103 26 e 1
104 105 a 1
104 105 b 1
104 94 c 0
104 80 d 0
104 107 e 4
105 106 a 1
105 106 b 1
105 16 c 2
105 44 d 1
105 77 e 1
106 107 a 1
106 107 b 1
106 119 c 1
106 65 d 3
106 107 e 4
107 108 a 1
107 108 b 1
107 110 d 1
107 3 e 0
108 109 a 1
108 109 b 1
108 55 c 2
108 98 d 3
108 63 e 3
109 110 a 1
109 110 b 1
109 45 c 4
109 85 d 0
109 8 e 1
110 111 a 1
110 111 b 1
110 46 c 2
110 29 e 4
111 112 a 1
111 112 b 1
111 69 c 3
111 51 d 1
112 113 a 1
112 113 b 1
112 29 c 0
112 114 d 2
112 93 e 3
113 114 a 1
113 114 b 1
113 111 c 2
113 69 d 4
114 115 a 1
114 115 b 1
114 43 c 3
114 33 e 0
115 116 a 1
115 116 b 1
115 96 c 0
115 55 d 0
115 74 e 1
116 117 a 1
116 117 b 1
116 58 c 3
116 13 d 4
116 103 e 3
117 118 a 1
117 118 b 1
117 78 c 4
117 1 d 4
117 65 e 4
118 119 a 1
118 119 b 1
118 113 c 4
118 126 d 3
118 44 e 0
119 120 a 1
119 120 b 1
119 49 c 3
119 62 d 3
119 64 e 3
120 121 a 1
120 121 b 1
120 101 d 1
120 3 e 2
121 122 a 1
121 122 b 1
121 76 c 0
121 111 d 3
121 7 e 1
122 123 a 1
122 123 b 1
122 46 c 1
122 78 d 2
122 42 e 3
123 124 a 1
123 124 b 1
123 61 d 1
123 122 e 4
124 125 a 1
124 125 b 1
124 123 c 4
124 51 d 1
124 69 e 3
125 126 a 1
125 126 b 1
125 5 c 1
125 84 d 2
125 65 e 0
126 127 a 1
126 127 b 1
126 73 c 3
126 91 d 2
126 84 e 1
127 128 a 1
127 128 b 1
127 44 c 2
127 105 d 0
127 45 e 4
128 128 a 0
128 128 b 0
128 15 c 1
128 25 d 1
128 59 e 0

3 128 599 5 5 0
1 2 a 1
1 2 b 1
1 91 c 0
1 83 d 3
1 124 e 2
2 3 a 1
2 3 b 1
2 29 c 4
2 65 d 1
3 4 a 1
3 4 b 1
3 107 e 1
4 5 a 1
4 5 b 1
4 56 c 3
4 124 d 1
4 111 e 4
5 6 a 1
5 6 b 1
5 99 c 3
5 107 d 3
5 48 e 0
6 7 a 1
6 7 b 1
6 103 c 4
6 112 d 0
6 28 e 4
7 8 a 1
7 8 b 1
7 42 c 4
7 11 d 4
7 36 e 1
8 9 a 1
8 9 b 1
8 40 c 2
8 110 d 0
8 10 e 1
9 10 a 1
9 10 b 1
9 107 c 2
9 78 d 2
9 41 e 3
10 11 a 1
10 11 b 1
10 56 c 2
10 30 d 3
10 10 e 1
11 12 a 1
11 12 b 1
11 107 c 4
11 85 d 2
12 13 a 1
12 13 b 1
12 100 c 3
12 34 d 4
12 43 e 4
13 14 a 1
13 14 b 1
13 84 c 2
13 122 e 0
14 15 a 1
14 15 b 1
14 44 c 0
14 61 d 4
14 4 e 2
15 16 a 1
15 16 b 1
15 125 c 4
15 84 d 1
15 73 e 3
16 17 a 1
16 17 b 1
16 47 c 1
16 124 d 4
17 18 a 1
17 18 b 1
17 60 c 2
17 51 d 4
17 45 e 3
18 19 a 1
18 19 b 1
18 99 c 1
18 100 d 0
18 108 e 2
19 20 a 1
19 20 b 1
19 45 c 0
19 14 d 4
19 36 e 4
20 21 a 1
20 21 b 1
20 123 c 3
20 43 d 4
20 45 e 2
21 22 a 1
21 22 b 1
21 83 c 0
21 56 d 4
21 41 e 0
22 23 a 1
22 23 b 1
22 106 c 1
22 82 d 0
22 113 e 1
23 24 a 1
23 24 b 1
23 112 c 0
23 16 d 3
23 70 e 4
24 25 a 1
24 25 b 1
24 59 d 3
24 88 e 4
25 26 a 1
25 26 b 1
25 106 c 2
25 17 d 1
25 103 e 0
26 27 a 1
26 27 b 1
26 16 d 2
27 28 a 1
27 28 b 1
27 72 c 2
27 66 d 2
27 6 e 1
28 29 a 1
28 29 b 1
28 9 c 0
28 19 d 2
29 30 a 1
29 30 b 1
29 26 c 4
29 124 d 1
29 54 e 1
30 31 a 1
30 31 b 1
30 103 c 2
30 47 e 3
31 32 a 1
31 32 b 1
31 67 c 1
31 89 d 0
32 33 a 1
32 33 b 1
32 76 c 0
32 31 d 3
32 113 e 3
33 34 a 1
33 34 b 1
33 1 c 0
33 62 e 1
34 35 a 1
34 35 b 1
34 106 c 2
34 77 d 1
34 50 e 2
35 36 a 1
35 36 b 1
35 34 d 3
35 27 e 0
36 37 a 1
36 37 b 1
36 108 c 1
36 76 d 0
36 56 e 3
37 38 a 1
37 38 b 1
37 29 c 2
37 47 d 3
37 114 e 2
38 39 a 1
38 39 b 1
38 97 c 2
38 84 d 2
38 16 e 4
39 40 a 1
39 40 b 1
39 73 c 4
39 43 d 0
39 73 e 1
40 41 a 1
40 41 b 1
40 106 c 3
40 23 d 3
40 99 e 1
41 42 a 1
41 42 b 1
41 110 c 2
41 81 d 4
41 56 e 0
42 43 a 1
42 43 b 1
42 107 c 0
42 2 e 1
43 44 a 1
43 44 b 1
43 98 c 4
43 2 d 0
43 107 e 4
44 45 a 1
44 45 b 1
44 36 d 0
44 30 e 0
45 46 a 1
45 46 b 1
45 85 c 2
45 107 d 3
45 1 e 2
46 47 a 1
46 47 b 1
46 71 c 0
46 19 d 1
46 17 e 2
47 48 a 1
47 48 b 1
47 115 c 4
47 106 d 1
47 71 e 0
48 49 a 1
48 49 b 1
48 17 c 3
48 1 e 1
49 50 a 1
49 50 b 1
49 17 c 1
49 2 d 3
49 77 e 4
50 51 a 1
50 51 b 1
50 76 c 2
50 77 d 2
50 39 e 2
51 52 a 1
51 52 b 1
51 69 c 4
51 44 d 0
51 103 e 1
52 53 a 1
52 53 b 1
52 51 c 0
52 60 d 4
52 79 e 3
53 54 a 1
53 54 b 1
53 71 c 1
53 58 d 0
53 116 e 0
54 55 a 1
54 55 b 1
54 60 c 4
54 10 d 3
54 20 e 1
55 56 a 1
55 56 b 1
55 103 c 0
55 116 d 2
56 57 a 1
56 57 b 1
56 25 c 0
56 39 d 4
56 110 e 3
57 58 a 1
57 58 b 1
57 124 c 2
57 60 d 1
57 19 e 0
58 59 a 1
58 59 b 1
58 16 c 0
58 112 d 0
58 49 e 4
59 60 a 1
59 60 b 1
59 14 c 3
59 49 d 4
59 127 e 4
60 61 a 1
60 61 b 1
60 48 d 4
60 65 e 3
61 62 a 1
61 62 b 1
61 56 c 0
61 65 d 4
61 23 e 1
62 63 a 1
62 63 b 1
62 11 c 0
62 67 d 4
62 2 e 4
63 64 a 1
63 64 b 1
63 69 d 2
63 45 e 0
64 65 a 1
64 65 b 1
64 46 c 0
64 58 d 3
64 64 e 1
65 66 a 1
65 66 b 1
65 121 c 0
65 40 d 3
65 73 e 3
66 67 a 1
66 67 b 1
66 30 c 3
66 75 d 0
66 23 e 0
67 68 a 1
67 68 b 1
67 1 c 3
67 106 d 4
67 58 e 0
68 69 a 1
68 69 b 1
68 67 c 4
68 51 d 3
68 43 e 4
69 70 a 1
69 70 b 1
69 112 d 4
69 83 e 4
70 71 a 1
70 71 b 1
70 66 c 2
70 104 d 4
70 17 e 3
71 72 a 1
71 72 b 1
71 78 d 2
71 65 e 4
72 73 a 1
72 73 b 1
72 26 c 1
72 2 d 2
72 78 e 3
73 74 a 1
73 74 b 1
73 48 c 1
73 21 d 0
73 82 e 2
74 75 a 1
74 75 b 1
74 9 c 1
74 119 d 0
74 111 e 3
75 76 a 1
75 76 b 1
75 77 c 0
75 55 d 0
75 109 e 1
76 77 a 1
76 77 b 1
76 17 c 1
76 56 d 2
76 59 e 2
77 78 a 1
77 78 b 1
77 126 c 4
77 127 d 3
77 30 e 3
78 79 a 1
78 79 b 1
78 39 c 4
78 112 d 3
78 2 e 0
79 80 a 1
79 80 b 1
79 39 c 3
79 104 d 1
79 15 e 2
80 81 a 1
80 81 b 1
80 106 c 0
80 62 d 4
80 113 e 1
81 82 a 1
81 82 b 1
81 106 c 2
81 74 d 4
81 46 e 0
82 83 a 1
82 83 b 1
82 38 c 3
82 91 d 0
82 4 e 4
83 84 a 1
83 84 b 1
83 11 c 3
83 6 d 1
83 27 e 4
84 85 a 1
84 85 b 1
84 114 c 0
84 114 d 0
84 80 e 1
85 86 a 1
85 86 b 1
85 3 c 1
85 36 d 4
85 16 e 2
86 87 a 1
86 87 b 1
86 1 c 4
86 82 e 0
87 88 a 1
87 88 b 1
87 103 c 1
87 56 d 1
87 96 e 0
88 89 a 1
88 89 b 1
88 98 c 4
88 100 d 3
88 109 e 3
89 90 a 1
89 90 b 1
89 95 c 2
89 70 d 2
89 49 e 4
90 91 a 1
90 91 b 1
90 82 c 2
90 29 d 3
90 94 e 3
91 92 a 1
91 92 b 1
91 89 c 3
91 12 d 1
91 12 e 4
92 93 a 1
92 93 b 1
92 87 c 4
92 43 d 1
92 43 e 1
93 94 a 1
93 94 b 1
93 32 c 0
93 20 d 0
93 75 e 2
94 95 a 1
94 95 b 1
94 48 d 1
94 111 e 4
95 96 a 1
95 96 b 1
95 61 d 2
95 23 e 1
96 97 a 1
96 97 b 1
96 27 c 1
96 13 d 1
96 111 e 4
97 98 a 1
97 98 b 1
97 84 c 3
97 34 d 0
97 30 e 1
98 99 a 1
98 99 b 1
98 38 d 0
99 100 a 1
99 100 b 1
99 56 d 0
100 101 a 1
100 101 b 1
100 104 c 4
100 86 d 0
100 82 e 4
101 102 a 1
101 102 b 1
101 46 c 3
101 6 d 2
101 66 e 0
102 103 a 1
102 103 b 1
102 39 c 1
102 78 d 3
102 119 e 3
103 104 a 1
103 104 b 1
103 18 c 2
103 118 d 0
103 26 e 1
104 105 a 1
104 105 b 1
104 52 c 0
104 125 d 3
104 122 e 4
105 106 a 1
105 106 b 1
105 13 c 4
105 30 d 1
105 118 e 4
106 107 a 1
106 107 b 1
106 84 c 0
106 76 d 2
106 32 e 0
107 108 a 1
107 108 b 1
107 35 c 1
107 91 d 1
107 91 e 4
108 109 a 1
108 109 b 1
108 29 c 4
108 22 d 3
108 27 e 2
109 110 a 1
109 110 b 1
109 82 c 0
109 115 d 2
109 76 e 1
110 111 a 1
110 111 b 1
110 122 c 1
110 107 d 4
110 3 e 1
111 112 a 1
111 112 b 1
111 118 d 0
111 61 e 2
112 113 a 1
112 113 b 1
112 44 c 3
112 93 d 2
112 1 e 1
113 114 a 1
113 114 b 1
113 6 c 0
113 67 d 2
114 115 a 1
114 115 b 1
114 44 c 2
114 95 d 2
114 52 e 0
115 116 a 1
115 116 b 1
115 10 c 4
115 117 d 4
115 109 e 4
116 117 a 1
116 117 b 1
116 75 d 0
116 103 e 0
117 118 a 1
117 118 b 1
117 45 c 0
117 15 d 2
117 8 e 3
118 119 a 1
118 119 b 1
118 94 d 2
118 56 e 0
119 120 a 1
119 120 b 1
119 15 c 4
119 36 d 3
119 97 e 2
120 121 a 1
120 121 b 1
120 79 d 4
120 48 e 0
121 122 a 1
121 122 b 1
121 53 c 0
121 93 d 0
122 123 a 1
122 123 b 1
122 77 c 2
122 112 e 2
123 124 a 1
123 124 b 1
123 112 d 4
124 125 a 1
124 125 b 1
124 46 d 4
124 122 e 1
125 126 a 1
125 126 b 1
125 123 c 0
125 92 d 4
125 75 e 3
126 127 a 1
126 127 b 1
126 73 c 2
126 103 d 3
126 65 e 1
127 128 a 1
127 128 b 1
127 55 c 3
127 85 d 0
128 128 a 0
128 128 b 0
128 46 c 0
128 91 e 2

4 128 605 5 5 0
1 2 a 1
1 2 b 1
1 110 c 0
1 19 d 3
1 104 e 4
2 3 a 1
2 3 b 1
2 85 c 4
2 64 d 1
2 33 e 4
3 4 a 1
3 4 b 1
3 55 c 4
3 81 d 0
3 47 e 0
4 5 a 1
4 5 b 1
4 102 c 3
4 127 d 0
4 6 e 3
5 6 a 1
5 6 b 1
5 81 c 2
5 116 d 2
5 21 e 1
6 7 a 1
6 7 b 1
6 7 c 0
6 38 d 1
6 58 e 2
7 8 a 1
7 8 b 1
7 9 c 2
7 125 d 0
7 81 e 1
8 9 a 1
8 9 b 1
8 79 c 2
8 45 d 2
8 69 e 2
9 10 a 1
9 10 b 1
9 41 c 0
9 85 d 4
9 120 e 1
10 11 a 1
10 11 b 1
10 21 c 1
10 35 e 1
11 12 a 1
11 12 b 1
11 95 c 3
11 69 d 3
11 59 e 4
12 13 a 1
12 13 b 1
12 109 c 4
12 28 d 0
13 14 a 1
13 14 b 1
13 67 c 2
13 61 d 2
13 8 e 4
14 15 a 1
14 15 b 1
14 125 c 4
14 58 d 2
14 18 e 3
15 16 a 1
15 16 b 1
15 103 c 0
15 67 d 4
15 93 e 3
16 17 a 1
16 17 b 1
16 124 c 4
16 72 e 3
17 18 a 1
17 18 b 1
17 78 c 3
17 62 d 3
17 76 e 4
18 19 a 1
18 19 b 1
18 102 c 4
18 59 d 4
18 26 e 0
19 20 a 1
19 20 b 1
19 33 c 2
19 1 e 2
20 21 a 1
20 21 b 1
20 67 c 0
20 47 d 1
20 30 e 3
21 22 a 1
21 22 b 1
21 41 c 2
21 60 e 0
22 23 a 1
22 23 b 1
22 83 c 0
22 57 d 0
22 45 e 0
23 24 a 1
23 24 b 1
23 38 c 4
23 57 d 2
23 122 e 3
24 25 a 1
24 25 b 1
24 120 c 3
24 81 e 2
25 26 a 1
25 26 b 1
25 45 c 2
25 101 d 0
25 87 e 0
26 27 a 1
26 27 b 1
26 90 d 2
26 70 e 0
27 28 a 1
27 28 b 1
27 105 c 2
27 118 e 4
28 29 a 1
28 29 b 1
28 97 c 3
28 87 d 2
28 19 e 0
29 30 a 1
29 30 b 1
29 62 c 0
29 126 d 4
29 116 e 1
30 31 a 1
30 31 b 1
30 33 c 2
30 126 d 1
30 1 e 2
31 32 a 1
31 32 b 1
31 35 c 2
31 28 d 2
31 14 e 2
32 33 a 1
32 33 b 1
32 63 c 3
32 49 d 3
32 11 e 3
33 34 a 1
33 34 b 1
33 41 c 1
33 23 d 0
33 37 e 0
34 35 a 1
34 35 b 1
34 35 c 4
34 63 d 2
34 15 e 0
35 36 a 1
35 36 b 1
35 33 c 4
35 43 d 1
35 99 e 2
36 37 a 1
36 37 b 1
36 98 c 1
36 14 d 3
36 47 e 1
37 38 a 1
37 38 b 1
37 64 c 0
37 86 d 3
37 61 e 4
38 39 a 1
38 39 b 1
38 5 c 3
38 24 d 2
38 33 e 0
39 40 a 1
39 40 b 1
39 69 c 0
39 70 d 2
39 73 e 3
40 41 a 1
40 41 b 1
40 69 c 0
40 82 d 1
40 113 e 4
41 42 a 1
41 42 b 1
41 77 c 3
41 65 d 1
41 4 e 2
42 43 a 1
42 43 b 1
42 20 c 2
42 32 d 0
42 83 e 4
43 44 a 1
43 44 b 1
43 65 c 3
43 65 d 3
43 17 e 2
44 45 a 1
44 45 b 1
44 62 c 4
44 34 e 4
45 46 a 1
45 46 b 1
45 115 c 0
45 73 d 4
45 32 e 4
46 47 a 1
46 47 b 1
46 105 c 0
46 5 d 1
46 104 e 2
47 48 a 1
47 48 b 1
47 94 d 3
48 49 a 1
48 49 b 1
48 104 c 4
48 33 d 1
49 50 a 1
49 50 b 1
49 55 c 3
49 70 d 3
49 29 e 2
50 51 a 1
50 51 b 1
50 98 c 3
50 116 d 3
50 94 e 3
51 52 a 1
51 52 b 1
51 100 c 0
51 79 d 3
51 25 e 1
52 53 a 1
52 53 b 1
52 84 c 2
52 3 d 1
52 39 e 2
53 54 a 1
53 54 b 1
53 78 c 3
53 125 d 4
53 4 e 3
54 55 a 1
54 55 b 1
54 77 c 1
54 59 e 3
55 56 a 1
55 56 b 1
55 5 c 2
55 109 d 2
56 57 a 1
56 57 b 1
56 18 c 3
56 85 d 3
56 121 e 1
57 58 a 1
57 58 b 1
57 57 c 3
57 24 d 0
58 59 a 1
58 59 b 1
58 67 c 1
58 19 d 4
58 85 e 4
59 60 a 1
59 60 b 1
59 89 c 3
59 58 d 1
59 90 e 4
60 61 a 1
60 61 b 1
60 72 c 2
60 59 d 2
60 42 e 4
61 62 a 1
61 62 b 1
61 123 c 0
61 41 d 0
61 82 e 0
62 63 a 1
62 63 b 1
62 95 d 2
62 91 e 1
63 64 a 1
63 64 b 1
63 44 c 4
63 93 d 0
64 65 a 1
64 65 b 1
64 102 c 4
64 120 d 2
64 104 e 1
65 66 a 1
65 66 b 1
65 75 c 2
65 82 d 4
65 19 e 4
66 67 a 1
66 67 b 1
66 28 c 1
66 49 d 1
66 49 e 3
67 68 a 1
67 68 b 1
67 9 c 1
67 5 d 3
67 7 e 1
68 69 a 1
68 69 b 1
68 120 c 0
68 75 d 1
69 70 a 1
69 70 b 1
69 37 c 0
69 124 d 1
69 78 e 2
70 71 a 1
70 71 b 1
70 51 c 2
70 116 d 4
71 72 a 1
71 72 b 1
71 71 c 0
71 56 d 4
71 38 e 1
72 73 a 1
72 73 b 1
72 57 c 2
72 47 d 2
72 63 e 0
73 74 a 1
73 74 b 1
73 115 c 1
73 17 d 0
73 127 e 2
74 75 a 1
74 75 b 1
74 52 c 0
74 31 d 4
74 82 e 4
75 76 a 1
75 76 b 1
75 39 c 2
75 74 d 2
75 3 e 0
76 77 a 1
76 77 b 1
76 94 c 0
76 67 d 3
76 102 e 1
77 78 a 1
77 78 b 1
77 64 c 1
77 40 e 4
78 79 a 1
78 79 b 1
78 49 c 2
78 71 d 4
78 51 e 1
79 80 a 1
79 80 b 1
79 124 d 4
79 124 e 4
80 81 a 1
80 81 b 1
80 9 c 0
80 4 e 4
81 82 a 1
81 82 b 1
81 69 c 1
81 58 d 1
81 110 e 1
82 83 a 1
82 83 b 1
82 20 c 4
82 22 d 4
82 91 e 0
83 84 a 1
83 84 b 1
83 15 c 3
83 52 d 0
83 123 e 2
84 85 a 1
84 85 b 1
84 75 c 3
84 37 d 1
84 123 e 0
85 86 a 1
85 86 b 1
85 3 c 1
85 62 d 0
85 9 e 1
86 87 a 1
86 87 b 1
86 65 c 1
86 4 d 1
86 66 e 3
87 88 a 1
87 88 b 1
87 76 d 1
87 93 e 0
88 89 a 1
88 89 b 1
88 104 c 0
88 116 d 0
88 28 e 3
89 90 a 1
89 90 b 1
89 124 c 3
89 100 d 3
89 95 e 2
90 91 a 1
90 91 b 1
90 52 d 0
90 48 e 3
91 92 a 1
91 92 b 1
91 79 c 4
91 87 d 2
91 106 e 4
92 93 a 1
92 93 b 1
92 36 c 2
92 110 e 4
93 94 a 1
93 94 b 1
93 110 c 2
93 53 d 2
93 24 e 1
94 95 a 1
94 95 b 1
94 14 c 0
94 101 d 3
94 106 e 2
95 96 a 1
95 96 b 1
95 78 c 4
95 102 d 3
95 80 e 2
96 97 a 1
96 97 b 1
96 62 c 4
96 38 d 0
96 67 e 1
97 98 a 1
97 98 b 1
97 90 c 1
97 44 d 4
97 96 e 0
98 99 a 1
98 99 b 1
98 52 c 0
98 75 e 2
99 100 a 1
99 100 b 1
99 12 c 3
99 21 d 4
100 101 a 1
100 101 b 1
100 29 c 2
100 101 d 0
100 5 e 1
101 102 a 1
101 102 b 1
101 102 c 3
101 126 d 4
101 11 e 2
102 103 a 1
102 103 b 1
102 19 c 3
102 54 d 1
102 18 e 2
103 104 a 1
103 104 b 1
103 98 c 3
103 117 d 0
103 80 e 2
104 105 a 1
104 105 b 1
104 27 c 2
104 57 e 4
105 106 a 1
105 106 b 1
105 20 c 4
105 115 d 0
105 52 e 2
106 107 a 1
106 107 b 1
106 15 c 2
106 114 d 3
106 69 e 4
107 108 a 1
107 108 b 1
107 18 d 1
107 78 e 1
108 109 a 1
108 109 b 1
108 60 c 4
108 126 d 4
108 82 e 1
109 110 a 1
109 110 b 1
109 32 c 1
109 19 d 3
109 12 e 2
110 111 a 1
110 111 b 1
110 82 c 2
110 28 d 3
110 67 e 4
111 112 a 1
111 112 b 1
111 58 c 2
111 36 d 3
111 12 e 3
112 113 a 1
112 113 b 1
112 110 c 1
112 23 e 3
113 114 a 1
113 114 b 1
113 6 c 2
113 56 d 4
114 115 a 1
114 115 b 1
114 66 c 0
114 55 d 2
114 24 e 3
115 116 a 1
115 116 b 1
115 14 c 1
115 43 d 1
115 90 e 2
116 117 a 1
116 117 b 1
116 102 c 1
116 82 d 3
116 84 e 3
117 118 a 1
117 118 b 1
117 76 c 0
117 64 d 2
117 64 e 3
118 119 a 1
118 119 b 1
118 61 c 1
118 23 e 1
119 120 a 1
119 120 b 1
119 19 c 3
119 61 d 0
119 80 e 4
120 121 a 1
120 121 b 1
120 40 c 2
120 23 d 4
120 51 e 0
121 122 a 1
121 122 b 1
121 90 c 4
121 19 d 1
121 28 e 4
122 123 a 1
122 123 b 1
122 5 c 2
122 91 e 1
123 124 a 1
123 124 b 1
123 126 c 2
123 94 e 2
124 125 a 1
124 125 b 1
124 16 c 0
124 55 d 2
124 127 e 0
125 126 a 1
125 126 b 1
125 69 c 0
125 23 d 3
125 122 e 1
126 127 a 1
126 127 b 1
126 89 c 4
126 36 d 1
126 55 e 2
127 128 a 1
127 128 b 1
127 82 c 1
127 108 d 2
127 41 e 0
128 128 a 0
128 128 b 0
128 40 c 1
128 71 d 3

5 128 597 5 5 0
1 2 a 1
1 2 b 1
1 117 c 0
1 79 d 4
1 104 e 2
2 3 a 1
2 3 b 1
2 17 c 4
2 60 d 1
2 28 e 3
3 4 a 1
3 4 b 1
3 65 c 1
3 67 d 2
3 56 e 0
4 5 a 1
4 5 b 1
4 86 c 0
4 75 d 4
4 100 e 0
5 6 a 1
5 6 b 1
5 101 c 3
5 83 d 4
5 86 e 1
6 7 a 1
6 7 b 1
6 3 c 2
6 71 d 1
6 101 e 1
7 8 a 1
7 8 b 1
7 26 c 4
7 58 d 4
7 89 e 2
8 9 a 1
8 9 b 1
8 71 c 1
8 7 d 3
8 99 e 2
9 10 a 1
9 10 b 1
9 101 c 4
9 113 d 0
9 114 e 1
10 11 a 1
10 11 b 1
10 8 c 3
10 73 d 3
10 124 e 0
11 12 a 1
11 12 b 1
11 28 c 0
11 48 d 3
11 4 e 1
12 13 a 1
12 13 b 1
12 39 c 3
12 65 e 2
13 14 a 1
13 14 b 1
13 114 c 3
13 101 e 4
14 15 a 1
14 15 b 1
14 99 c 4
14 34 d 0
14 115 e 0
15 16 a 1
15 16 b 1
15 125 c 3
15 32 d 2
15 32 e 2
16 17 a 1
16 17 b 1
16 88 c 3
16 104 d 1
16 52 e 2
17 18 a 1
17 18 b 1
17 1 c 3
17 104 d 2
17 93 e 2
18 19 a 1
18 19 b 1
18 93 c 0
18 69 e 4
19 20 a 1
19 20 b 1
19 4 c 2
19 20 d 4
19 54 e 4
20 21 a 1
20 21 b 1
20 2 c 0
20 126 d 4
20 67 e 3
21 22 a 1
21 22 b 1
21 33 c 1
21 107 e 1
22 23 a 1
22 23 b 1
22 28 c 2
22 46 d 3
22 51 e 0
23 24 a 1
23 24 b 1
23 125 c 4
23 17 d 1
23 38 e 2
24 25 a 1
24 25 b 1
24 3 d 1
24 18 e 0
25 26 a 1
25 26 b 1
25 97 c 1
25 71 d 0
25 38 e 0
26 27 a 1
26 27 b 1
26 99 c 0
26 60 d 0
27 28 a 1
27 28 b 1
27 60 c 3
27 109 d 0
27 26 e 1
28 29 a 1
28 29 b 1
28 3 c 2
28 59 d 0
29 30 a 1
29 30 b 1
29 123 d 0
30 31 a 1
30 31 b 1
30 96 c 3
30 114 d 3
31 32 a 1
31 32 b 1
31 122 c 2
31 72 d 4
31 125 e 0
32 33 a 1
32 33 b 1
32 95 c 0
32 98 d 0
32 5 e 4
33 34 a 1
33 34 b 1
33 99 c 0
33 84 d 1
33 37 e 4
34 35 a 1
34 35 b 1
34 1 c 4
34 72 d 4
34 10 e 0
35 36 a 1
35 36 b 1
35 28 c 0
35 108 d 1
35 115 e 2
36 37 a 1
36 37 b 1
36 21 c 0
36 11 d 1
36 70 e 3
37 38 a 1
37 38 b 1
37 25 c 4
37 96 d 2
37 118 e 2
38 39 a 1
38 39 b 1
38 31 c 4
38 6 e 1
39 40 a 1
39 40 b 1
39 5 c 4
39 48 d 2
39 56 e 4
40 41 a 1
40 41 b 1
40 123 c 0
40 98 d 3
40 62 e 4
41 42 a 1
41 42 b 1
41 31 c 4
41 122 d 4
41 10 e 2
42 43 a 1
42 43 b 1
42 24 c 3
42 34 d 1
42 72 e 2
43 44 a 1
43 44 b 1
43 64 c 1
43 32 d 0
44 45 a 1
44 45 b 1
44 43 c 3
44 4 d 0
44 85 e 4
45 46 a 1
45 46 b 1
45 31 c 3
45 110 d 3
45 102 e 1
46 47 a 1
46 47 b 1
46 70 c 2
46 4 d 0
46 41 e 0
47 48 a 1
47 48 b 1
47 43 c 0
47 41 d 1
48 49 a 1
48 49 b 1
48 1 c 4
48 42 d 2
48 68 e 3
49 50 a 1
49 50 b 1
49 54 c 0
49 64 d 3
49 19 e 4
50 51 a 1
50 51 b 1
50 92 c 3
50 36 d 0
51 52 a 1
51 52 b 1
51 118 c 2
51 93 d 0
51 79 e 3
52 53 a 1
52 53 b 1
52 6 c 3
52 115 e 2
53 54 a 1
53 54 b 1
53 24 c 3
53 22 d 1
53 12 e 0
54 55 a 1
54 55 b 1
54 90 c 2
54 4 d 4
54 6 e 2
55 56 a 1
55 56 b 1
55 123 c 0
55 7 d 3
55 121 e 4
56 57 a 1
56 57 b 1
56 45 d 3
56 80 e 1
57 58 a 1
57 58 b 1
57 84 c 1
57 29 d 1
58 59 a 1
58 59 b 1
58 117 c 3
58 61 d 0
58 43 e 3
59 60 a 1
59 60 b 1
59 68 d 1
59 73 e 3
60 61 a 1
60 61 b 1
60 127 c 2
60 56 e 4
61 62 a 1
61 62 b 1
61 11 c 1
61 34 d 1
61 71 e 2
62 63 a 1
62 63 b 1
62 8 c 4
62 118 e 2
63 64 a 1
63 64 b 1
63 21 c 1
63 65 d 0
63 86 e 4
64 65 a 1
64 65 b 1
64 18 c 4
64 6 d 2
64 101 e 1
65 66 a 1
65 66 b 1
65 91 c 3
65 102 d 4
65 118 e 4
66 67 a 1
66 67 b 1
66 102 c 4
66 68 d 0
66 79 e 1
67 68 a 1
67 68 b 1
67 29 c 3
67 89 e 1
68 69 a 1
68 69 b 1
68 89 c 2
68 24 d 2
68 37 e 1
69 70 a 1
69 70 b 1
69 75 c 0
69 71 d 0
69 96 e 2
70 71 a 1
70 71 b 1
70 60 c 2
70 34 d 0
70 119 e 2
71 72 a 1
71 72 b 1
71 40 c 4
71 1 d 2
71 25 e 1
72 73 a 1
72 73 b 1
72 76 d 4
72 98 e 0
73 74 a 1
73 74 b 1
73 55 c 0
73 83 d 1
73 61 e 0
74 75 a 1
74 75 b 1
74 94 d 4
74 102 e 4
75 76 a 1
75 76 b 1
75 104 d 3
75 8 e 2
76 77 a 1
76 77 b 1
76 52 c 2
76 69 d 2
76 53 e 4
77 78 a 1
77 78 b 1
77 64 c 1
77 81 e 3
78 79 a 1
78 79 b 1
78 13 c 3
78 72 e 1
79 80 a 1
79 80 b 1
79 118 c 2
79 85 d 1
79 89 e 4
80 81 a 1
80 81 b 1
80 118 c 0
80 64 e 1
81 82 a 1
81 82 b 1
81 30 c 1
81 82 d 0
81 40 e 4
82 83 a 1
82 83 b 1
82 4 c 3
82 67 d 0
82 103 e 2
83 84 a 1
83 84 b 1
83 83 c 4
83 124 d 1
83 10 e 1
84 85 a 1
84 85 b 1
84 27 c 0
84 110 d 4
84 107 e 1
85 86 a 1
85 86 b 1
85 10 c 4
85 65 d 0
86 87 a 1
86 87 b 1
86 80 c 2
86 115 d 1
86 93 e 1
87 88 a 1
87 88 b 1
87 104 c 3
87 41 d 4
87 125 e 0
88 89 a 1
88 89 b 1
88 16 c 1
88 105 d 4
88 60 e 3
89 90 a 1
89 90 b 1
89 62 c 3
89 6 e 2
90 91 a 1
90 91 b 1
90 66 c 2
90 39 d 1
90 114 e 0
91 92 a 1
91 92 b 1
91 28 c 2
91 21 d 0
91 17 e 2
92 93 a 1
92 93 b 1
92 13 d 2
93 94 a 1
93 94 b 1
93 47 d 1
94 95 a 1
94 95 b 1
94 50 c 4
94 35 d 3
94 103 e 4
95 96 a 1
95 96 b 1
95 50 c 4
95 115 d 0
95 2 e 3
96 97 a 1
96 97 b 1
96 22 c 4
96 16 d 2
96 13 e 2
97 98 a 1
97 98 b 1
97 118 c 1
97 102 e 2
98 99 a 1
98 99 b 1
98 61 c 3
98 42 d 3
98 88 e 4
99 100 a 1
99 100 b 1
99 109 c 4
99 79 d 4
100 101 a 1
100 101 b 1
100 7 c 2
100 124 d 0
100 81 e 1
101 102 a 1
101 102 b 1
101 74 c 0
101 64 d 1
101 110 e 3
102 103 a 1
102 103 b 1
102 110 c 0
102 51 d 4
102 7 e 2
103 104 a 1
103 104 b 1
103 48 c 4
103 120 d 1
103 12 e 4
104 105 a 1
104 105 b 1
104 4 c 1
104 2 d 0
104 24 e 0
105 106 a 1
105 106 b 1
105 29 d 4
105 73 e 0
106 107 a 1
106 107 b 1
106 107 c 2
106 115 d 3
106 72 e 1
107 108 a 1
107 108 b 1
107 30 d 3
107 66 e 3
108 109 a 1
108 109 b 1
108 58 c 1
108 109 d 3
108 88 e 1
109 110 a 1
109 110 b 1
109 106 c 3
109 23 d 1
109 21 e 4
110 111 a 1
110 111 b 1
110 88 c 2
110 125 d 3
110 99 e 0
111 112 a 1
111 112 b 1
111 68 c 2
111 75 d 3
111 59 e 1
112 113 a 1
112 113 b 1
112 58 d 0
112 59 e 0
113 114 a 1
113 114 b 1
113 100 c 2
113 104 d 2
114 115 a 1
114 115 b 1
114 68 c 1
114 9 d 0
114 34 e 0
115 116 a 1
115 116 b 1
115 29 c 4
115 18 d 1
115 125 e 3
116 117 a 1
116 117 b 1
116 105 c 4
116 46 d 0
116 1 e 3
117 118 a 1
117 118 b 1
117 70 c 2
117 22 d 0
118 119 a 1
118 119 b 1
118 109 c 2
118 43 d 4
118 96 e 3
119 120 a 1
119 120 b 1
119 118 c 0
119 30 d 0
120 121 a 1
120 121 b 1
120 92 c 4
120 43 d 3
120 25 e 4
121 122 a 1
121 122 b 1
121 67 c 4
121 25 d 0
121 80 e 3
122 123 a 1
122 123 b 1
122 4 c 4
122 109 d 3
122 73 e 4
123 124 a 1
123 124 b 1
123 126 c 2
123 3 d 1
124 125 a 1
124 125 b 1
124 22 c 1
124 8 d 0
124 71 e 1
125 126 a 1
125 126 b 1
125 20 d 2
125 25 e 2
126 127 a 1
126 127 b 1
126 22 c 2
126 61 d 1
126 47 e 3
127 128 a 1
127 128 b 1
127 7 c 3
127 27 d 0
127 67 e 1
128 128 a 0
128 128 b 0
128 52 c 3
128 41 d 3
128 36 e 4

6 128 593 5 5 0
1 2 a 1
1 2 b 1
1 72 d 2
1 116 e 0
2 3 a 1
2 3 b 1
2 9 c 0
2 123 d 3
3 4 a 1
3 4 b 1
3 63 d 0
3 98 e 3
4 5 a 1
4 5 b 1
4 7 c 2
4 98 d 2
4 87 e 0
5 6 a 1
5 6 b 1
5 85 c 4
5 20 d 4
5 64 e 0
6 7 a 1
6 7 b 1
6 15 c 3
6 74 d 3
6 66 e 4
7 8 a 1
7 8 b 1
7 29 c 3
7 85 d 4
8 9 a 1
8 9 b 1
8 68 c 3
8 65 d 3
8 45 e 0
9 10 a 1
9 10 b 1
9 2 c 1
9 75 d 0
9 121 e 1
10 11 a 1
10 11 b 1
10 62 c 1
10 29 d 2
10 5 e 3
11 12 a 1
11 12 b 1
11 29 c 0
11 109 d 4
11 74 e 3
12 13 a 1
12 13 b 1
12 48 c 4
12 102 d 2
12 49 e 2
13 14 a 1
13 14 b 1
13 21 c 1
13 73 d 2
13 16 e 3
14 15 a 1
14 15 b 1
14 91 c 4
14 59 d 0
15 16 a 1
15 16 b 1
15 57 d 2
15 120 e 0
16 17 a 1
16 17 b 1
16 70 c 3
16 116 e 0
17 18 a 1
17 18 b 1
17 69 c 1
17 51 d 2
17 46 e 0
18 19 a 1
18 19 b 1
18 17 c 2
18 71 d 0
18 25 e 4
19 20 a 1
19 20 b 1
19 72 c 2
19 15 d 4
20 21 a 1
20 21 b 1
20 79 c 2
20 100 d 1
20 34 e 3
21 22 a 1
21 22 b 1
21 77 c 1
21 112 d 0
21 84 e 0
22 23 a 1
22 23 b 1
22 111 c 0
22 64 d 2
22 69 e 2
23 24 a 1
23 24 b 1
23 30 c 4
23 81 d 3
23 90 e 1
24 25 a 1
24 25 b 1
24 121 c 2
24 54 d 1
24 69 e 2
25 26 a 1
25 26 b 1
25 82 c 2
25 103 d 2
25 32 e 2
26 27 a 1
26 27 b 1
26 59 c 4
27 28 a 1
27 28 b 1
27 112 c 3
27 30 d 0
27 74 e 4
28 29 a 1
28 29 b 1
28 105 c 3
28 44 d 0
28 30 e 3
29 30 a 1
29 30 b 1
29 85 c 2
29 81 d 0
29 95 e 0
30 31 a 1
30 31 b 1
30 51 c 3
30 117 d 0
30 69 e 4
31 32 a 1
31 32 b 1
31 123 c 2
31 93 e 0
32 33 a 1
32 33 b 1
32 34 c 4
32 16 d 4
32 41 e 3
33 34 a 1
33 34 b 1
33 53 c 4
33 52 d 1
33 56 e 3
34 35 a 1
34 35 b 1
34 81 c 2
34 70 d 4
35 36 a 1
35 36 b 1
35 21 c 1
35 43 e 0
36 37 a 1
36 37 b 1
36 33 c 1
36 69 d 0
36 87 e 2
37 38 a 1
37 38 b 1
37 49 c 1
37 10 d 1
37 78 e 2
38 39 a 1
38 39 b 1
38 16 c 3
38 120 e 3
39 40 a 1
39 40 b 1
39 127 c 1
39 69 d 1
39 113 e 4
40 41 a 1
40 41 b 1
40 69 d 3
40 94 e 1
41 42 a 1
41 42 b 1
41 113 c 3
41 37 d 3
41 81 e 3
42 43 a 1
42 43 b 1
42 74 c 0
42 123 d 3
42 2 e 3
43 44 a 1
43 44 b 1
43 85 c 1
43 45 d 4
43 69 e 0
44 45 a 1
44 45 b 1
44 65 c 1
44 38 d 2
44 64 e 1
45 46 a 1
45 46 b 1
45 36 c 3
45 24 e 4
46 47 a 1
46 47 b 1
46 27 c 4
46 4 d 1
46 66 e 3
47 48 a 1
47 48 b 1
47 30 c 4
47 118 e 0
48 49 a 1
48 49 b 1
48 49 c 3
48 82 d 2
49 50 a 1
49 50 b 1
49 58 c 3
49 95 d 4
49 58 e 2
50 51 a 1
50 51 b 1
50 95 d 0
50 118 e 3
51 52 a 1
51 52 b 1
51 26 d 1
51 117 e 0
52 53 a 1
52 53 b 1
52 18 c 0
52 62 d 4
52 46 e 1
53 54 a 1
53 54 b 1
53 10 c 4
53 111 d 1
53 42 e 4
54 55 a 1
54 55 b 1
54 12 c 1
54 8 d 4
55 56 a 1
55 56 b 1
55 89 c 1
55 124 d 2
55 50 e 1
56 57 a 1
56 57 b 1
56 7 c 2
56 32 d 3
56 73 e 0
57 58 a 1
57 58 b 1
57 81 c 2
57 90 d 4
57 17 e 0
58 59 a 1
58 59 b 1
58 32 c 1
58 17 e 4
59 60 a 1
59 60 b 1
59 83 c 3
59 103 d 0
59 40 e 1
60 61 a 1
60 61 b 1
60 107 d 4
60 30 e 2
61 62 a 1
61 62 b 1
61 121 d 4
62 63 a 1
62 63 b 1
62 70 c 3
62 108 d 3
62 109 e 4
63 64 a 1
63 64 b 1
63 38 c 3
63 112 d 3
63 127 e 2
64 65 a 1
64 65 b 1
64 72 c 4
64 77 d 0
64 52 e 1
65 66 a 1
65 66 b 1
65 55 d 2
66 67 a 1
66 67 b 1
66 43 c 2
66 110 d 4
66 124 e 3
67 68 a 1
67 68 b 1
67 76 d 1
67 55 e 3
68 69 a 1
68 69 b 1
68 113 c 0
68 19 d 3
69 70 a 1
69 70 b 1
69 38 c 2
69 16 d 4
69 122 e 0
70 71 a 1
70 71 b 1
70 98 d 2
70 105 e 3
71 72 a 1
71 72 b 1
71 101 c 3
71 75 e 4
72 73 a 1
72 73 b 1
72 64 c 2
72 103 d 0
72 18 e 3
73 74 a 1
73 74 b 1
73 127 c 4
73 36 d 0
73 63 e 2
74 75 a 1
74 75 b 1
74 7 c 3
74 52 d 4
74 127 e 0
75 76 a 1
75 76 b 1
75 10 c 3
75 25 d 1
75 35 e 1
76 77 a 1
76 77 b 1
76 91 c 0
76 55 d 1
76 76 e 2
77 78 a 1
77 78 b 1
77 26 c 0
77 126 d 0
77 7 e 1
78 79 a 1
78 79 b 1
78 83 c 3
78 7 d 2
78 5 e 0
79 80 a 1
79 80 b 1
79 4 c 3
79 33 d 2
79 72 e 3
80 81 a 1
80 81 b 1
80 22 c 0
80 117 e 4
81 82 a 1
81 82 b 1
81 27 c 0
81 12 d 3
81 100 e 2
82 83 a 1
82 83 b 1
82 79 c 3
82 110 d 1
82 36 e 4
83 84 a 1
83 84 b 1
83 52 c 4
83 103 d 0
83 37 e 0
84 85 a 1
84 85 b 1
84 123 c 4
84 2 d 1
84 76 e 3
85 86 a 1
85 86 b 1
85 92 c 0
85 95 d 4
85 12 e 2
86 87 a 1
86 87 b 1
86 113 c 1
86 112 d 0
86 18 e 2
87 88 a 1
87 88 b 1
87 54 c 1
87 47 d 2
88 89 a 1
88 89 b 1
88 53 c 2
88 29 d 2
88 99 e 0
89 90 a 1
89 90 b 1
89 76 c 0
89 34 d 3
89 88 e 3
90 91 a 1
90 91 b 1
90 11 c 2
90 78 d 3
90 88 e 4
91 92 a 1
91 92 b 1
91 29 c 3
91 51 d 1
91 54 e 1
92 93 a 1
92 93 b 1
92 126 c 0
92 26 d 2
92 100 e 0
93 94 a 1
93 94 b 1
93 10 c 2
93 62 d 0
93 60 e 1
94 95 a 1
94 95 b 1
94 58 c 0
94 44 d 0
94 121 e 2
95 96 a 1
95 96 b 1
95 88 c 1
95 110 d 0
95 12 e 2
96 97 a 1
96 97 b 1
96 92 c 2
96 6 d 3
96 39 e 0
97 98 a 1
97 98 b 1
97 5 c 2
97 89 e 3
98 99 a 1
98 99 b 1
98 3 e 3
99 100 a 1
99 100 b 1
99 76 c 3
99 57 e 2
100 101 a 1
100 101 b 1
100 64 c 0
100 124 d 3
100 50 e 1
101 102 a 1
101 102 b 1
101 24 c 1
101 16 d 4
101 123 e 0
102 103 a 1
102 103 b 1
102 42 c 3
102 86 d 3
102 18 e 4
103 104 a 1
103 104 b 1
103 4 d 4
103 91 e 4
104 105 a 1
104 105 b 1
104 67 c 4
104 122 d 0
105 106 a 1
105 106 b 1
105 118 c 0
105 37 d 4
106 107 a 1
106 107 b 1
106 4 c 0
106 55 d 0
106 98 e 0
107 108 a 1
107 108 b 1
107 3 c 2
107 103 d 3
107 68 e 2
108 109 a 1
108 109 b 1
108 28 c 3
108 7 d 2
108 106 e 3
109 110 a 1
109 110 b 1
109 32 c 4
109 72 d 1
109 96 e 1
110 111 a 1
110 111 b 1
110 20 c 2
110 92 d 4
110 124 e 3
111 112 a 1
111 112 b 1
111 121 c 2
111 101 d 4
112 113 a 1
112 113 b 1
112 37 c 4
112 95 d 3
112 66 e 3
113 114 a 1
113 114 b 1
113 46 c 4
113 118 d 1
113 12 e 4
114 115 a 1
114 115 b 1
114 38 c 2
114 52 e 3
115 116 a 1
115 116 b 1
115 26 c 0
115 19 d 2
115 24 e 1
116 117 a 1
116 117 b 1
116 3 c 4
117 118 a 1
117 118 b 1
117 6 c 2
117 111 d 0
117 109 e 3
118 119 a 1
118 119 b 1
118 10 c 3
118 116 d 3
118 97 e 0
119 120 a 1
119 120 b 1
119 90 c 2
119 70 d 3
119 77 e 1
120 121 a 1
120 121 b 1
120 43 c 2
120 126 d 1
120 33 e 0
121 122 a 1
121 122 b 1
121 52 c 2
121 118 d 3
121 24 e 1
122 123 a 1
122 123 b 1
122 16 c 1
122 107 d 1
122 108 e 0
123 124 a 1
123 124 b 1
123 22 c 4
123 46 d 3
123 83 e 3
124 125 a 1
124 125 b 1
124 103 c 1
124 125 d 1
124 117 e 3
125 126 a 1
125 126 b 1
125 106 d 3
125 1 e 0
126 127 a 1
126 127 b 1
126 127 c 1
126 36 e 4
127 128 a 1
127 128 b 1
127 117 c 3
127 71 e 4
128 128 a 0
128 128 b 0
128 51 c 1
128 39 d 2
128 45 e 1

7 128 598 5 5 0
1 2 a 1
1 2 b 1
1 109 c 3
1 8 d 0
1 122 e 3
2 3 a 1
2 3 b 1
2 71 c 1
2 26 d 2
2 4 e 2
3 4 a 1
3 4 b 1
3 4 c 3
3 120 d 4
3 50 e 3
4 5 a 1
4 5 b 1
4 5 c 1
4 87 d 1
4 36 e 4
5 6 a 1
5 6 b 1
5 44 c 4
5 63 d 4
5 71 e 2
6 7 a 1
6 7 b 1
6 107 c 3
6 91 d 3
6 118 e 0
7 8 a 1
7 8 b 1
7 105 c 4
7 93 d 1
7 28 e 4
8 9 a 1
8 9 b 1
8 122 c 0
8 75 d 4
8 76 e 1
9 10 a 1
9 10 b 1
9 19 d 4
9 1 e 1
10 11 a 1
10 11 b 1
10 110 c 0
10 12 d 2
10 51 e 3
11 12 a 1
11 12 b 1
11 96 c 3
11 79 d 4
12 13 a 1
12 13 b 1
12 58 c 4
13 14 a 1
13 14 b 1
13 22 c 3
13 60 d 1
13 21 e 3
14 15 a 1
14 15 b 1
14 56 c 2
14 86 d 2
14 25 e 3
15 16 a 1
15 16 b 1
15 87 c 0
15 7 d 2
15 71 e 2
16 17 a 1
16 17 b 1
16 38 c 0
16 37 d 1
16 42 e 0
17 18 a 1
17 18 b 1
17 124 c 4
17 72 d 2
17 105 e 0
18 19 a 1
18 19 b 1
18 86 c 0
18 47 d 2
18 126 e 3
19 20 a 1
19 20 b 1
19 118 c 0
19 33 d 1
20 21 a 1
20 21 b 1
20 75 c 2
20 74 d 0
21 22 a 1
21 22 b 1
21 98 c 1
21 126 d 1
21 27 e 4
22 23 a 1
22 23 b 1
22 95 c 4
22 21 d 3
22 63 e 4
23 24 a 1
23 24 b 1
23 78 c 3
23 75 d 2
24 25 a 1
24 25 b 1
24 33 d 3
24 110 e 4
25 26 a 1
25 26 b 1
25 104 c 0
25 24 e 2
26 27 a 1
26 27 b 1
26 106 d 3
26 101 e 4
27 28 a 1
27 28 b 1
27 43 c 3
27 10 d 0
27 21 e 4
28 29 a 1
28 29 b 1
28 61 c 2
28 54 d 2
28 24 e 4
29 30 a 1
29 30 b 1
29 113 c 4
29 120 d 3
29 78 e 1
30 31 a 1
30 31 b 1
30 3 c 4
30 55 d 2
30 34 e 4
31 32 a 1
31 32 b 1
31 27 d 0
31 75 e 1
32 33 a 1
32 33 b 1
32 71 c 1
32 121 d 0
32 87 e 3
33 34 a 1
33 34 b 1
33 91 c 4
33 109 d 0
33 108 e 1
34 35 a 1
34 35 b 1
34 112 c 1
34 121 d 0
34 33 e 3
35 36 a 1
35 36 b 1
35 111 c 0
35 90 e 4
36 37 a 1
36 37 b 1
36 39 c 1
36 80 d 0
36 37 e 3
37 38 a 1
37 38 b 1
37 43 c 1
37 15 d 4
37 11 e 0
38 39 a 1
38 39 b 1
38 122 d 2
38 59 e 2
39 40 a 1
39 40 b 1
39 6 c 2
39 38 d 1
39 109 e 1
40 41 a 1
40 41 b 1
40 9 c 0
40 48 d 1
40 83 e 3
41 42 a 1
41 42 b 1
41 86 c 2
41 106 d 4
41 114 e 0
42 43 a 1
42 43 b 1
42 108 c 0
42 29 d 2
42 76 e 0
43 44 a 1
43 44 b 1
43 6 c 0
43 88 d 2
43 108 e 0
44 45 a 1
44 45 b 1
44 55 c 1
44 46 d 1
44 23 e 0
45 46 a 1
45 46 b 1
45 117 c 0
45 55 d 0
45 14 e 2
46 47 a 1
46 47 b 1
46 80 c 0
46 78 d 2
46 2 e 3
47 48 a 1
47 48 b 1
47 3 c 3
47 73 d 3
47 3 e 0
48 49 a 1
48 49 b 1
48 103 c 4
48 98 d 0
48 126 e 4
49 50 a 1
49 50 b 1
49 71 c 4
49 98 d 2
49 59 e 3
50 51 a 1
50 51 b 1
50 108 c 2
50 68 d 0
51 52 a 1
51 52 b 1
51 110 c 0
51 2 e 4
52 53 a 1
52 53 b 1
52 120 c 4
52 100 d 1
52 113 e 2
53 54 a 1
53 54 b 1
53 7 d 3
53 80 e 3
54 55 a 1
54 55 b 1
54 60 d 0
55 56 a 1
55 56 b 1
55 6 c 1
55 38 e 2
56 57 a 1
56 57 b 1
56 107 c 2
56 58 d 3
56 22 e 2
57 58 a 1
57 58 b 1
57 126 c 3
57 95 d 3
57 121 e 2
58 59 a 1
58 59 b 1
58 70 c 0
58 17 e 1
59 60 a 1
59 60 b 1
59 16 c 1
59 17 d 4
59 52 e 1
60 61 a 1
60 61 b 1
60 103 c 1
60 67 d 4
60 117 e 1
61 62 a 1
61 62 b 1
61 45 c 2
61 32 d 2
61 55 e 2
62 63 a 1
62 63 b 1
62 20 c 3
62 111 d 0
63 64 a 1
63 64 b 1
63 63 c 2
63 42 d 2
63 15 e 4
64 65 a 1
64 65 b 1
64 29 c 2
64 110 d 2
64 115 e 3
65 66 a 1
65 66 b 1
65 100 c 1
65 81 d 0
65 68 e 3
66 67 a 1
66 67 b 1
66 118 c 0
66 2 d 3
67 68 a 1
67 68 b 1
67 50 c 3
67 27 e 4
68 69 a 1
68 69 b 1
68 3 c 1
68 62 d 3
68 37 e 2
69 70 a 1
69 70 b 1
69 14 c 1
69 33 d 2
69 7 e 2
70 71 a 1
70 71 b 1
70 34 d 3
70 5 e 0
71 72 a 1
71 72 b 1
71 124 c 0
71 68 e 4
72 73 a 1
72 73 b 1
72 103 c 3
72 13 d 4
72 63 e 1
73 74 a 1
73 74 b 1
73 24 c 0
73 2 d 0
73 107 e 4
74 75 a 1
74 75 b 1
74 124 d 0
74 11 e 2
75 76 a 1
75 76 b 1
75 54 c 3
75 50 d 3
75 97 e 1
76 77 a 1
76 77 b 1
76 91 c 0
76 57 d 4
76 28 e 1
77 78 a 1
77 78 b 1
77 45 c 0
77 40 d 2
77 20 e 4
78 79 a 1
78 79 b 1
78 9 c 0
78 37 d 0
79 80 a 1
79 80 b 1
79 78 c 2
79 63 d 1
80 81 a 1
80 81 b 1
80 70 d 3
80 84 e 0
81 82 a 1
81 82 b 1
81 100 c 2
81 80 d 1
81 124 e 4
82 83 a 1
82 83 b 1
82 46 c 0
82 59 d 2
82 119 e 1
83 84 a 1
83 84 b 1
83 3 c 1
83 11 d 2
83 19 e 0
84 85 a 1
84 85 b 1
84 22 c 2
84 72 d 3
85 86 a 1
85 86 b 1
85 47 c 4
85 72 d 4
85 74 e 2
86 87 a 1
86 87 b 1
86 56 c 4
86 11 d 3
86 107 e 3
87 88 a 1
87 88 b 1
87 105 c 2
87 124 d 2
87 31 e 1
88 89 a 1
88 89 b 1
88 7 c 3
88 81 d 4
88 126 e 3
89 90 a 1
89 90 b 1
89 24 c 1
89 15 d 2
89 60 e 3
90 91 a 1
90 91 b 1
90 46 c 4
90 116 d 4
90 47 e 3
91 92 a 1
91 92 b 1
91 63 c 4
91 34 d 0
91 66 e 2
92 93 a 1
92 93 b 1
92 76 c 2
92 50 d 0
92 63 e 1
93 94 a 1
93 94 b 1
93 26 c 2
93 7 d 2
93 2 e 2
94 95 a 1
94 95 b 1
94 82 c 0
94 76 e 4
95 96 a 1
95 96 b 1
95 30 c 0
95 38 d 4
95 94 e 3
96 97 a 1
96 97 b 1
96 69 c 4
96 92 d 1
96 85 e 4
97 98 a 1
97 98 b 1
97 73 c 0
97 113 d 4
97 24 e 1
98 99 a 1
98 99 b 1
98 74 c 3
98 29 d 3
98 33 e 1
99 100 a 1
99 100 b 1
99 124 c 0
99 34 d 2
99 123 e 2
100 101 a 1
100 101 b 1
100 62 c 3
100 100 d 2
100 95 e 1
101 102 a 1
101 102 b 1
101 110 c 4
101 72 d 1
101 32 e 4
102 103 a 1
102 103 b 1
102 73 d 3
102 2 e 4
103 104 a 1
103 104 b 1
103 13 c 2
103 99 d 2
103 101 e 0
104 105 a 1
104 105 b 1
104 72 c 0
104 67 d 3
104 53 e 1
105 106 a 1
105 106 b 1
105 37 c 2
105 29 d 0
105 96 e 0
106 107 a 1
106 107 b 1
106 69 c 3
106 62 d 3
106 47 e 0
107 108 a 1
107 108 b 1
107 18 c 1
107 17 d 0
108 109 a 1
108 109 b 1
108 74 c 2
108 51 d 1
108 24 e 3
109 110 a 1
109 110 b 1
109 99 c 2
109 14 d 4
110 111 a 1
110 111 b 1
110 83 d 1
110 64 e 2
111 112 a 1
111 112 b 1
111 3 c 2
111 83 e 2
112 113 a 1
112 113 b 1
112 49 c 1
112 125 d 2
112 108 e 4
113 114 a 1
113 114 b 1
113 80 c 3
113 23 e 3
114 115 a 1
114 115 b 1
114 92 c 0
114 26 e 3
115 116 a 1
115 116 b 1
115 16 c 1
115 28 d 1
116 117 a 1
116 117 b 1
116 25 c 4
116 77 d 0
116 59 e 2
117 118 a 1
117 118 b 1
117 51 c 3
117 75 d 1
117 6 e 1
118 119 a 1
118 119 b 1
118 94 c 1
118 88 d 1
118 91 e 2
119 120 a 1
119 120 b 1
119 116 c 4
119 6 d 1
119 33 e 1
120 121 a 1
120 121 b 1
120 90 d 3
120 15 e 4
121 122 a 1
121 122 b 1
121 79 c 3
121 109 d 1
122 123 a 1
122 123 b 1
122 81 c 3
122 125 d 3
122 15 e 2
123 124 a 1
123 124 b 1
123 94 c 3
123 55 d 2
124 125 a 1
124 125 b 1
124 48 c 1
124 35 d 2
124 75 e 0
125 126 a 1
125 126 b 1
125 52 c 0
125 41 d 2
125 9 e 4
126 127 a 1
126 127 b 1
126 18 c 4
126 65 d 1
126 87 e 4
127 128 a 1
127 128 b 1
127 73 c 3
127 4 d 4
127 71 e 0
128 128 a 0
128 128 b 0
128 120 c 2
128 36 d 2
128 123 e 4

8 128 591 5 5 0
1 2 a 1
1 2 b 1
1 102 c 1
1 4 d 1
1 2 e 1
2 3 a 1
2 3 b 1
2 41 c 1
2 30 d 4
2 2 e 2
3 4 a 1
3 4 b 1
3 100 c 4
3 100 d 0
3 99 e 4
4 5 a 1
4 5 b 1
4 3 c 3
4 123 d 2
4 77 e 0
5 6 a 1
5 6 b 1
5 57 c 3
5 25 d 1
5 91 e 4
6 7 a 1
6 7 b 1
6 112 c 0
6 44 d 3
6 2 e 1
7 8 a 1
7 8 b 1
7 85 c 2
7 100 d 3
7 42 e 0
8 9 a 1
8 9 b 1
8 37 c 2
8 81 d 0
9 10 a 1
9 10 b 1
9 67 c 1
9 86 d 4
9 63 e 1
10 11 a 1
10 11 b 1
10 122 c 2
10 98 d 2
10 98 e 4
11 12 a 1
11 12 b 1
11 110 e 3
12 13 a 1
12 13 b 1
12 41 c 1
12 53 d 0
12 5 e 1
13 14 a 1
13 14 b 1
13 21 c 1
13 91 d 4
13 19 e 2
14 15 a 1
14 15 b 1
14 108 c 3
14 2 d 3
14 19 e 3
15 16 a 1
15 16 b 1
15 125 c 0
15 19 d 1
16 17 a 1
16 17 b 1
16 89 c 3
16 3 d 0
16 4 e 1
17 18 a 1
17 18 b 1
17 45 d 2
17 28 e 3
18 19 a 1
18 19 b 1
18 1 c 4
18 36 d 0
18 50 e 4
19 20 a 1
19 20 b 1
19 117 c 1
19 125 d 2
19 122 e 3
20 21 a 1
20 21 b 1
20 19 c 2
20 103 d 0
20 62 e 2
21 22 a 1
21 22 b 1
21 28 d 1
21 47 e 3
22 23 a 1
22 23 b 1
22 51 c 3
22 11 d 2
22 9 e 1
23 24 a 1
23 24 b 1
23 51 c 3
23 37 d 3
23 79 e 1
24 25 a 1
24 25 b 1
24 27 c 1
24 108 d 4
24 63 e 1
25 26 a 1
25 26 b 1
25 9 c 3
25 15 e 0
26 27 a 1
26 27 b 1
26 56 c 0
26 92 d 2
26 91 e 1
27 28 a 1
27 28 b 1
27 23 c 3
27 86 d 1
27 12 e 1
28 29 a 1
28 29 b 1
28 34 c 1
28 77 d 4
28 58 e 0
29 30 a 1
29 30 b 1
29 111 c 4
29 48 d 3
29 119 e 3
30 31 a 1
30 31 b 1
30 116 c 0
30 114 d 4
30 4 e 2
31 32 a 1
31 32 b 1
31 17 d 1
31 118 e 0
32 33 a 1
32 33 b 1
32 47 c 1
32 29 d 2
32 61 e 1
33 34 a 1
33 34 b 1
33 46 d 4
33 23 e 2
34 35 a 1
34 35 b 1
34 51 c 3
34 26 d 3
34 108 e 3
35 36 a 1
35 36 b 1
35 90 c 4
35 108 d 2
35 104 e 3
36 37 a 1
36 37 b 1
36 82 c 1
36 115 d 4
36 60 e 2
37 38 a 1
37 38 b 1
37 87 c 0
37 36 d 4
38 39 a 1
38 39 b 1
38 9 c 4
38 57 d 4
38 86 e 0
39 40 a 1
39 40 b 1
39 88 c 2
39 123 d 3
39 32 e 2
40 41 a 1
40 41 b 1
40 8 c 4
40 118 d 2
40 47 e 4
41 42 a 1
41 42 b 1
41 117 d 2
41 25 e 4
42 43 a 1
42 43 b 1
42 101 c 0
42 53 d 1
42 125 e 1
43 44 a 1
43 44 b 1
43 98 c 0
43 74 d 1
43 123 e 1
44 45 a 1
44 45 b 1
44 17 c 2
44 59 d 4
45 46 a 1
45 46 b 1
45 61 c 0
45 6 d 2
45 85 e 0
46 47 a 1
46 47 b 1
46 37 c 4
46 72 d 2
46 7 e 2
47 48 a 1
47 48 b 1
47 115 c 0
47 113 e 0
48 49 a 1
48 49 b 1
48 90 c 1
48 127 d 1
48 32 e 1
49 50 a 1
49 50 b 1
49 80 c 1
49 70 d 3
49 36 e 1
50 51 a 1
50 51 b 1
50 20 c 1
50 36 d 1
50 61 e 4
51 52 a 1
51 52 b 1
51 33 d 1
51 120 e 3
52 53 a 1
52 53 b 1
52 32 c 1
52 74 e 1
53 54 a 1
53 54 b 1
53 110 c 4
53 33 d 1
53 87 e 0
54 55 a 1
54 55 b 1
54 87 c 3
54 22 d 0
54 40 e 0
55 56 a 1
55 56 b 1
55 28 c 3
55 40 e 0
56 57 a 1
56 57 b 1
56 49 c 3
56 15 e 2
57 58 a 1
57 58 b 1
57 30 c 1
57 21 d 0
57 10 e 1
58 59 a 1
58 59 b 1
58 65 c 0
58 12 d 0
58 42 e 4
59 60 a 1
59 60 b 1
59 78 c 4
59 112 d 1
60 61 a 1
60 61 b 1
60 92 c 2
60 21 d 0
60 28 e 0
61 62 a 1
61 62 b 1
61 53 c 0
61 33 d 1
61 66 e 4
62 63 a 1
62 63 b 1
62 118 c 2
62 11 d 1
62 83 e 3
63 64 a 1
63 64 b 1
63 124 c 1
64 65 a 1
64 65 b 1
64 121 c 0
64 30 d 1
65 66 a 1
65 66 b 1
65 86 c 0
65 78 d 1
66 67 a 1
66 67 b 1
66 69 c 3
66 97 d 4
66 25 e 3
67 68 a 1
67 68 b 1
67 107 c 2
67 22 d 4
67 19 e 4
68 69 a 1
68 69 b 1
68 76 c 0
68 37 d 1
68 63 e 1
69 70 a 1
69 70 b 1
69 85 c 4
69 116 e 3
70 71 a 1
70 71 b 1
70 106 d 4
70 80 e 1
71 72 a 1
71 72 b 1
71 55 d 3
72 73 a 1
72 73 b 1
72 102 d 0
72 118 e 1
73 74 a 1
73 74 b 1
73 51 c 4
73 30 d 4
73 46 e 3
74 75 a 1
74 75 b 1
74 30 c 4
74 55 d 0
74 79 e 4
75 76 a 1
75 76 b 1
75 119 c 0
75 87 d 0
76 77 a 1
76 77 b 1
76 69 c 3
76 77 d 0
76 16 e 3
77 78 a 1
77 78 b 1
77 36 c 2
77 100 d 3
77 116 e 2
78 79 a 1
78 79 b 1
78 125 d 4
78 5 e 1
79 80 a 1
79 80 b 1
79 14 c 0
79 72 d 0
79 80 e 0
80 81 a 1
80 81 b 1
80 13 c 2
80 73 d 3
80 56 e 4
81 82 a 1
81 82 b 1
81 111 c 4
81 90 d 0
81 83 e 0
82 83 a 1
82 83 b 1
82 33 c 4
82 30 e 4
83 84 a 1
83 84 b 1
83 2 c 0
83 82 d 0
83 122 e 0
84 85 a 1
84 85 b 1
84 63 c 0
84 47 d 0
84 75 e 2
85 86 a 1
85 86 b 1
85 18 d 2
85 70 e 4
86 87 a 1
86 87 b 1
86 66 c 1
86 106 d 3
86 107 e 4
87 88 a 1
87 88 b 1
87 126 c 2
87 75 d 0
87 46 e 1
88 89 a 1
88 89 b 1
88 74 c 0
88 6 d 1
89 90 a 1
89 90 b 1
89 87 c 3
89 124 d 2
89 85 e 4
90 91 a 1
90 91 b 1
90 29 c 3
90 26 d 4
90 52 e 0
91 92 a 1
91 92 b 1
91 94 c 3
91 55 d 1
91 99 e 3
92 93 a 1
92 93 b 1
92 74 c 0
92 59 d 3
92 126 e 1
93 94 a 1
93 94 b 1
93 121 c 1
93 27 d 1
93 68 e 0
94 95 a 1
94 95 b 1
94 102 c 3
94 46 d 2
94 116 e 1
95 96 a 1
95 96 b 1
95 47 c 4
95 125 d 2
95 52 e 2
96 97 a 1
96 97 b 1
96 84 c 3
96 122 d 1
96 117 e 1
97 98 a 1
97 98 b 1
97 92 c 3
97 28 d 1
97 103 e 3
98 99 a 1
98 99 b 1
98 99 e 0
99 100 a 1
99 100 b 1
99 91 c 4
99 65 e 1
100 101 a 1
100 101 b 1
100 48 c 0
100 55 d 1
101 102 a 1
101 102 b 1
101 125 c 3
101 50 d 2
102 103 a 1
102 103 b 1
102 101 c 4
102 6 d 4
102 51 e 2
103 104 a 1
103 104 b 1
103 66 c 4
103 100 d 3
103 26 e 3
104 105 a 1
104 105 b 1
104 2 c 3
105 106 a 1
105 106 b 1
105 34 c 3
105 50 d 0
105 124 e 4
106 107 a 1
106 107 b 1
106 12 d 1
106 36 e 2
107 108 a 1
107 108 b 1
107 17 c 1
107 39 e 4
108 109 a 1
108 109 b 1
108 26 d 1
108 2 e 0
109 110 a 1
109 110 b 1
109 112 c 3
109 7 e 4
110 111 a 1
110 111 b 1
110 50 d 1
110 69 e 2
111 112 a 1
111 112 b 1
111 124 c 4
111 47 d 1
111 54 e 0
112 113 a 1
112 113 b 1
112 1 c 4
112 22 d 1
112 87 e 0
113 114 a 1
113 114 b 1
113 66 c 3
113 83 d 1
113 50 e 4
114 115 a 1
114 115 b 1
114 70 c 0
114 53 d 3
114 12 e 3
115 116 a 1
115 116 b 1
115 97 c 3
115 115 d 0
115 76 e 3
116 117 a 1
116 117 b 1
116 107 c 4
116 78 d 2
116 72 e 0
117 118 a 1
117 118 b 1
117 78 c 3
117 37 d 0
117 100 e 2
118 119 a 1
118 119 b 1
118 7 c 4
118 37 d 0
118 63 e 1
119 120 a 1
119 120 b 1
119 19 c 4
119 69 d 0
119 46 e 2
120 121 a 1
120 121 b 1
120 112 c 3
120 121 d 3
120 105 e 4
121 122 a 1
121 122 b 1
121 56 d 1
121 6 e 0
122 123 a 1
122 123 b 1
122 43 c 1
122 5 d 3
122 93 e 4
123 124 a 1
123 124 b 1
123 48 c 2
123 8 d 0
124 125 a 1
124 125 b 1
124 66 c 2
124 14 e 1
125 126 a 1
125 126 b 1
125 20 c 4
125 83 d 2
125 115 e 4
126 127 a 1
126 127 b 1
126 86 c 0
126 72 d 1
127 128 a 1
127 128 b 1
127 35 c 4
127 59 d 2
127 123 e 3
128 128 a 0
128 128 b 0
128 18 c 3
128 113 d 1

9 128 588 5 5 0
1 2 a 1
1 2 b 1
1 84 c 0
1 12 d 2
1 8 e 2
2 3 a 1
2 3 b 1
2 78 c 3
2 123 d 1
2 87 e 0
3 4 a 1
3 4 b 1
3 59 c 3
3 123 d 1
4 5 a 1
4 5 b 1
4 57 c 4
4 108 d 3
4 116 e 2
5 6 a 1
5 6 b 1
5 84 c 0
5 55 d 4
5 116 e 3
6 7 a 1
6 7 b 1
6 32 c 1
7 8 a 1
7 8 b 1
7 83 c 3
7 91 d 0
8 9 a 1
8 9 b 1
8 60 c 4
8 65 d 1
8 79 e 0
9 10 a 1
9 10 b 1
9 86 d 0
10 11 a 1
10 11 b 1
10 64 c 0
10 33 d 0
11 12 a 1
11 12 b 1
11 68 d 1
11 68 e 1
12 13 a 1
12 13 b 1
12 41 c 2
12 21 d 3
12 127 e 4
13 14 a 1
13 14 b 1
13 83 d 2
13 85 e 0
14 15 a 1
14 15 b 1
14 112 c 4
14 96 d 1
14 36 e 2
15 16 a 1
15 16 b 1
15 7 c 1
15 44 e 3
16 17 a 1
16 17 b 1
16 12 c 2
16 114 d 4
16 89 e 3
17 18 a 1
17 18 b 1
17 98 c 3
17 77 d 1
17 104 e 2
18 19 a 1
18 19 b 1
18 46 d 1
18 112 e 1
19 20 a 1
19 20 b 1
19 116 c 2
20 21 a 1
20 21 b 1
20 66 c 1
20 103 d 0
20 91 e 3
21 22 a 1
21 22 b 1
21 28 c 0
21 114 d 1
21 106 e 3
22 23 a 1
22 23 b 1
22 77 c 2
22 25 e 3
23 24 a 1
23 24 b 1
24 25 a 1
24 25 b 1
24 43 e 4
25 26 a 1
25 26 b 1
25 3 c 2
25 46 d 4
25 74 e 1
26 27 a 1
26 27 b 1
26 115 c 1
26 126 d 0
26 46 e 0
27 28 a 1
27 28 b 1
27 36 c 3
27 99 d 1
27 93 e 2
28 29 a 1
28 29 b 1
28 76 d 2
28 54 e 2
29 30 a 1
29 30 b 1
29 47 c 4
29 81 d 2
29 110 e 4
30 31 a 1
30 31 b 1
30 51 c 4
30 45 d 3
30 11 e 3
31 32 a 1
31 32 b 1
31 9 c 2
31 112 d 1
31 114 e 2
32 33 a 1
32 33 b 1
32 52 c 1
32 51 d 4
32 70 e 3
33 34 a 1
33 34 b 1
33 18 c 0
33 66 d 0
33 13 e 4
34 35 a 1
34 35 b 1
34 53 c 3
34 123 d 0
34 6 e 4
35 36 a 1
35 36 b 1
35 122 c 1
35 6 d 1
35 53 e 3
36 37 a 1
36 37 b 1
36 53 c 4
36 92 d 3
36 18 e 4
37 38 a 1
37 38 b 1
37 96 c 1
37 60 d 3
37 113 e 0
38 39 a 1
38 39 b 1
38 103 c 1
38 111 d 2
38 20 e 1
39 40 a 1
39 40 b 1
39 76 d 2
39 6 e 0
40 41 a 1
40 41 b 1
40 109 c 4
40 30 d 2
40 43 e 1
41 42 a 1
41 42 b 1
41 43 c 3
41 82 d 3
41 126 e 3
42 43 a 1
42 43 b 1
42 123 c 4
42 84 d 3
42 23 e 0
43 44 a 1
43 44 b 1
43 72 c 3
43 7 e 2
44 45 a 1
44 45 b 1
44 26 c 1
44 55 d 0
44 110 e 3
45 46 a 1
45 46 b 1
45 85 e 2
46 47 a 1
46 47 b 1
46 26 c 0
46 88 d 1
46 99 e 4
47 48 a 1
47 48 b 1
47 11 c 4
47 20 d 4
47 35 e 3
48 49 a 1
48 49 b 1
48 53 c 4
48 96 d 2
48 86 e 1
49 50 a 1
49 50 b 1
49 9 c 3
49 62 d 4
49 73 e 3
50 51 a 1
50 51 b 1
50 18 e 2
51 52 a 1
51 52 b 1
51 16 c 4
51 101 d 2
51 61 e 0
52 53 a 1
52 53 b 1
52 11 c 2
52 11 d 4
52 29 e 1
53 54 a 1
53 54 b 1
53 60 c 3
53 78 d 1
53 88 e 1
54 55 a 1
54 55 b 1
54 58 d 0
55 56 a 1
55 56 b 1
55 61 c 1
55 99 d 3
55 63 e 4
56 57 a 1
56 57 b 1
56 17 c 2
57 58 a 1
57 58 b 1
57 111 c 0
57 2 d 4
57 99 e 3
58 59 a 1
58 59 b 1
58 71 d 2
58 126 e 2
59 60 a 1
59 60 b 1
59 93 c 0
59 81 d 0
59 115 e 3
60 61 a 1
60 61 b 1
60 124 c 2
60 56 d 1
60 96 e 1
61 62 a 1
61 62 b 1
61 54 c 0
61 71 e 1
62 63 a 1
62 63 b 1
62 95 d 1
62 31 e 4
63 64 a 1
63 64 b 1
63 33 c 3
63 85 d 4
63 117 e 0
64 65 a 1
64 65 b 1
64 4 c 3
64 91 d 3
64 119 e 3
65 66 a 1
65 66 b 1
65 4 c 0
65 38 d 1
65 123 e 1
66 67 a 1
66 67 b 1
66 21 c 2
66 103 d 3
66 78 e 1
67 68 a 1
67 68 b 1
67 93 c 1
67 126 d 3
67 71 e 0
68 69 a 1
68 69 b 1
68 6 c 1
68 20 e 4
69 70 a 1
69 70 b 1
69 82 c 2
69 126 d 3
69 122 e 3
70 71 a 1
70 71 b 1
70 119 c 4
70 8 d 1
70 13 e 3
71 72 a 1
71 72 b 1
71 126 c 0
71 51 d 1
71 121 e 1
72 73 a 1
72 73 b 1
72 127 e 2
73 74 a 1
73 74 b 1
73 86 c 1
73 12 d 1
73 113 e 1
74 75 a 1
74 75 b 1
74 55 c 0
74 59 d 4
74 125 e 2
75 76 a 1
75 76 b 1
75 94 c 3
75 32 d 4
75 125 e 4
76 77 a 1
76 77 b 1
76 77 c 3
76 14 d 2
76 83 e 2
77 78 a 1
77 78 b 1
77 42 c 1
77 44 d 3
77 80 e 2
78 79 a 1
78 79 b 1
78 62 c 1
78 37 d 2
78 106 e 4
79 80 a 1
79 80 b 1
79 36 d 0
79 45 e 4
80 81 a 1
80 81 b 1
80 114 c 2
80 11 d 1
80 66 e 2
81 82 a 1
81 82 b 1
81 43 c 2
81 108 d 4
81 14 e 3
82 83 a 1
82 83 b 1
82 27 c 4
82 10 d 3
82 15 e 4
83 84 a 1
83 84 b 1
83 58 c 3
83 69 d 3
83 79 e 2
84 85 a 1
84 85 b 1
84 84 d 4
84 36 e 3
85 86 a 1
85 86 b 1
85 127 c 1
85 36 d 2
85 10 e 0
86 87 a 1
86 87 b 1
86 98 c 3
86 100 d 3
86 84 e 2
87 88 a 1
87 88 b 1
87 90 c 0
87 46 d 0
87 61 e 0
88 89 a 1
88 89 b 1
88 14 c 3
88 90 d 2
88 29 e 4
89 90 a 1
89 90 b 1
89 83 c 0
89 27 e 2
90 91 a 1
90 91 b 1
90 98 c 0
90 102 d 0
91 92 a 1
91 92 b 1
91 63 c 0
91 119 d 0
91 92 e 1
92 93 a 1
92 93 b 1
92 45 c 2
92 21 d 2
92 125 e 3
93 94 a 1
93 94 b 1
93 112 c 3
93 28 d 2
93 110 e 1
94 95 a 1
94 95 b 1
94 54 c 2
94 111 d 1
94 58 e 2
95 96 a 1
95 96 b 1
95 16 c 3
95 125 d 4
96 97 a 1
96 97 b 1
96 43 c 3
96 16 d 3
96 109 e 3
97 98 a 1
97 98 b 1
97 22 c 2
97 102 e 2
98 99 a 1
98 99 b 1
98 21 c 0
98 44 d 2
98 1 e 3
99 100 a 1
99 100 b 1
99 14 c 1
99 81 d 0
99 86 e 0
100 101 a 1
100 101 b 1
100 59 c 1
100 17 d 3
100 103 e 2
101 102 a 1
101 102 b 1
101 79 c 0
101 6 d 0
101 58 e 2
102 103 a 1
102 103 b 1
102 8 c 2
102 102 d 2
102 19 e 4
103 104 a 1
103 104 b 1
103 32 c 0
103 122 d 0
103 113 e 1
104 105 a 1
104 105 b 1
104 68 c 1
104 88 d 2
104 58 e 4
105 106 a 1
105 106 b 1
105 67 c 2
105 39 d 4
105 1 e 0
106 107 a 1
106 107 b 1
106 78 c 2
106 3 d 2
107 108 a 1
107 108 b 1
107 70 c 2
107 64 d 1
107 57 e 4
108 109 a 1
108 109 b 1
108 37 c 0
108 71 d 0
108 22 e 0
109 110 a 1
109 110 b 1
109 33 c 4
109 81 e 0
110 111 a 1
110 111 b 1
110 120 c 0
110 111 d 0
110 32 e 0
111 112 a 1
111 112 b 1
111 112 c 0
111 65 d 3
111 87 e 4
112 113 a 1
112 113 b 1
112 8 c 3
112 21 d 3
113 114 a 1
113 114 b 1
113 74 c 0
113 67 d 4
113 104 e 4
114 115 a 1
114 115 b 1
114 39 c 1
114 45 d 3
114 10 e 1
115 116 a 1
115 116 b 1
115 25 c 1
115 22 d 2
115 11 e 4
116 117 a 1
116 117 b 1
116 28 c 3
116 58 d 3
117 118 a 1
117 118 b 1
117 52 c 2
117 66 d 2
117 127 e 3
118 119 a 1
118 119 b 1
118 107 d 3
118 34 e 0
119 120 a 1
119 120 b 1
119 83 c 4
119 40 d 1
120 121 a 1
120 121 b 1
120 88 d 3
120 26 e 3
121 122 a 1
121 122 b 1
121 6 c 1
121 6 d 4
121 92 e 3
122 123 a 1
122 123 b 1
122 16 c 0
122 88 d 1
122 93 e 0
123 124 a 1
123 124 b 1
123 46 d 1
123 6 e 0
124 125 a 1
124 125 b 1
124 44 c 4
124 66 d 4
124 2 e 3
125 126 a 1
125 126 b 1
125 116 c 0
125 48 d 3
125 85 e 3
126 127 a 1
126 127 b 1
126 87 c 3
126 95 d 4
126 119 e 3
127 128 a 1
127 128 b 1
127 93 c 3
127 61 e 4
128 128 a 0
128 128 b 0
128 55 c 3
128 40 e 4

10 128 599 5 5 0
1 2 a 1
1 2 b 1
1 87 c 4
1 88 d 0
1 110 e 1
2 3 a 1
2 3 b 1
2 32 c 2
2 121 d 0
2 70 e 3
3 4 a 1
3 4 b 1
3 65 c 0
3 5 d 3
3 7 e 0
4 5 a 1
4 5 b 1
4 85 c 0
4 3 d 3
4 109 e 0
5 6 a 1
5 6 b 1
5 76 c 2
5 94 d 0
5 41 e 3
6 7 a 1
6 7 b 1
6 16 c 2
6 57 d 3
6 53 e 4
7 8 a 1
7 8 b 1
7 52 c 1
7 72 d 2
7 48 e 1
8 9 a 1
8 9 b 1
8 117 c 1
8 25 d 2
8 87 e 4
9 10 a 1
9 10 b 1
9 69 c 2
9 79 d 3
9 73 e 1
10 11 a 1
10 11 b 1
10 109 c 4
10 90 d 3
10 40 e 2
11 12 a 1
11 12 b 1
11 13 c 2
11 58 d 0
11 19 e 1
12 13 a 1
12 13 b 1
12 103 c 0
12 79 d 1
13 14 a 1
13 14 b 1
13 127 c 4
13 20 d 0
13 96 e 4
14 15 a 1
14 15 b 1
14 125 c 4
14 18 d 2
14 87 e 4
15 16 a 1
15 16 b 1
15 42 c 3
15 49 d 2
15 71 e 2
16 17 a 1
16 17 b 1
16 95 c 4
17 18 a 1
17 18 b 1
17 91 c 0
17 59 d 4
17 108 e 3
18 19 a 1
18 19 b 1
18 124 c 2
18 95 d 0
18 48 e 4
19 20 a 1
19 20 b 1
19 95 c 3
19 84 d 2
19 75 e 2
20 21 a 1
20 21 b 1
20 102 c 4
20 118 d 1
20 18 e 1
21 22 a 1
21 22 b 1
21 8 c 4
21 99 d 0
21 104 e 0
22 23 a 1
22 23 b 1
22 72 c 2
22 104 d 1
22 121 e 2
23 24 a 1
23 24 b 1
23 6 c 3
23 21 d 2
23 114 e 0
24 25 a 1
24 25 b 1
24 101 c 1
24 104 d 2
24 95 e 0
25 26 a 1
25 26 b 1
25 66 c 0
25 69 d 1
25 32 e 1
26 27 a 1
26 27 b 1
26 43 c 2
26 10 d 3
26 14 e 4
27 28 a 1
27 28 b 1
27 96 c 4
27 114 d 1
27 19 e 3
28 29 a 1
28 29 b 1
28 8 c 3
28 57 d 2
28 55 e 2
29 30 a 1
29 30 b 1
29 87 c 2
29 31 e 4
30 31 a 1
30 31 b 1
30 56 c 2
30 100 d 4
30 35 e 1
31 32 a 1
31 32 b 1
31 91 c 3
31 21 d 0
32 33 a 1
32 33 b 1
32 75 c 0
32 95 d 2
32 40 e 2
33 34 a 1
33 34 b 1
33 61 c 2
33 119 d 2
33 114 e 2
34 35 a 1
34 35 b 1
34 112 c 4
34 49 d 3
34 42 e 1
35 36 a 1
35 36 b 1
35 81 c 4
35 7 d 4
35 58 e 2
36 37 a 1
36 37 b 1
36 115 c 4
36 65 d 2
37 38 a 1
37 38 b 1
37 80 c 3
37 79 d 1
37 105 e 0
38 39 a 1
38 39 b 1
38 108 c 4
38 91 d 4
38 88 e 1
39 40 a 1
39 40 b 1
39 65 c 3
39 1 d 4
39 8 e 3
40 41 a 1
40 41 b 1
40 4 c 0
40 88 d 2
40 26 e 0
41 42 a 1
41 42 b 1
41 30 c 4
41 115 d 4
41 22 e 3
42 43 a 1
42 43 b 1
42 113 d 4
42 62 e 1
43 44 a 1
43 44 b 1
43 104 d 3
43 41 e 3
44 45 a 1
44 45 b 1
44 50 c 0
44 63 d 2
44 21 e 4
45 46 a 1
45 46 b 1
45 49 c 4
45 48 d 1
45 24 e 0
46 47 a 1
46 47 b 1
46 118 c 1
46 46 d 1
46 60 e 3
47 48 a 1
47 48 b 1
47 72 c 0
47 95 d 3
47 29 e 2
48 49 a 1
48 49 b 1
48 104 c 1
48 124 d 4
48 104 e 4
49 50 a 1
49 50 b 1
49 29 c 3
49 25 d 3
50 51 a 1
50 51 b 1
50 1 c 4
50 28 d 0
50 23 e 4
51 52 a 1
51 52 b 1
51 76 c 2
51 42 d 0
51 106 e 4
52 53 a 1
52 53 b 1
52 9 c 4
52 87 d 2
52 116 e 1
53 54 a 1
53 54 b 1
53 122 c 3
53 55 d 2
53 4 e 2
54 55 a 1
54 55 b 1
54 60 d 4
54 2 e 4
55 56 a 1
55 56 b 1
55 45 c 0
55 37 d 3
55 111 e 2
56 57 a 1
56 57 b 1
56 22 c 3
56 18 d 4
56 96 e 3
57 58 a 1
57 58 b 1
57 69 c 0
57 43 e 3
58 59 a 1
58 59 b 1
58 21 c 2
58 97 d 2
58 107 e 3
59 60 a 1
59 60 b 1
59 38 c 1
59 72 d 1
59 60 e 1
60 61 a 1
60 61 b 1
60 96 c 0
60 114 d 2
60 6 e 2
61 62 a 1
61 62 b 1
61 114 c 4
61 34 e 2
62 63 a 1
62 63 b 1
62 45 c 4
62 123 d 2
62 31 e 0
63 64 a 1
63 64 b 1
63 96 c 1
63 16 d 1
63 123 e 0
64 65 a 1
64 65 b 1
64 94 c 3
64 49 d 2
64 98 e 0
65 66 a 1
65 66 b 1
65 51 c 1
65 8 e 2
66 67 a 1
66 67 b 1
66 9 d 1
66 56 e 3
67 68 a 1
67 68 b 1
67 28 c 2
67 82 d 2
68 69 a 1
68 69 b 1
68 100 c 4
68 97 d 1
68 111 e 4
69 70 a 1
69 70 b 1
69 41 c 2
69 127 e 1
70 71 a 1
70 71 b 1
70 117 c 2
70 56 d 4
70 111 e 1
71 72 a 1
71 72 b 1
71 108 c 3
71 122 d 0
72 73 a 1
72 73 b 1
72 114 c 3
72 63 d 0
73 74 a 1
73 74 b 1
73 86 c 0
73 7 d 4
74 75 a 1
74 75 b 1
74 20 c 0
74 95 d 0
74 38 e 1
75 76 a 1
75 76 b 1
75 28 c 4
75 58 d 0
75 98 e 2
76 77 a 1
76 77 b 1
76 27 c 0
76 36 e 4
77 78 a 1
77 78 b 1
77 69 c 2
77 125 d 2
77 59 e 0
78 79 a 1
78 79 b 1
78 9 c 3
78 76 d 2
78 51 e 1
79 80 a 1
79 80 b 1
79 13 c 2
79 105 d 2
79 29 e 2
80 81 a 1
80 81 b 1
80 120 c 1
80 46 d 1
80 96 e 3
81 82 a 1
81 82 b 1
81 95 c 2
81 29 d 2
81 103 e 0
82 83 a 1
82 83 b 1
82 97 c 0
82 59 d 4
82 63 e 1
83 84 a 1
83 84 b 1
83 54 c 2
83 79 d 2
83 33 e 3
84 85 a 1
84 85 b 1
84 5 c 3
84 100 d 0
84 89 e 4
85 86 a 1
85 86 b 1
85 62 c 4
85 38 d 0
86 87 a 1
86 87 b 1
86 122 c 1
86 27 d 2
86 60 e 3
87 88 a 1
87 88 b 1
87 51 c 4
87 42 d 1
87 63 e 0
88 89 a 1
88 89 b 1
88 47 c 3
88 89 d 1
88 9 e 4
89 90 a 1
89 90 b 1
89 84 c 1
89 113 d 0
89 115 e 1
90 91 a 1
90 91 b 1
90 113 c 3
90 23 e 0
91 92 a 1
91 92 b 1
91 94 c 2
91 1 d 4
91 108 e 0
92 93 a 1
92 93 b 1
92 51 c 0
92 67 d 3
92 45 e 1
93 94 a 1
93 94 b 1
93 99 c 0
93 92 d 3
93 105 e 0
94 95 a 1
94 95 b 1
94 83 c 3
94 103 d 0
94 4 e 2
95 96 a 1
95 96 b 1
95 27 c 1
95 122 d 3
95 79 e 1
96 97 a 1
96 97 b 1
96 92 c 2
96 45 d 0
97 98 a 1
97 98 b 1
97 31 c 3
97 102 e 3
98 99 a 1
98 99 b 1
98 13 c 4
98 49 d 2
98 15 e 2
99 100 a 1
99 100 b 1
99 35 c 1
100 101 a 1
100 101 b 1
100 30 c 2
101 102 a 1
101 102 b 1
101 34 c 2
101 32 d 2
101 114 e 4
102 103 a 1
102 103 b 1
102 118 c 0
103 104 a 1
103 104 b 1
103 18 d 0
104 105 a 1
104 105 b 1
104 83 c 1
104 49 d 4
104 32 e 1
105 106 a 1
105 106 b 1
105 24 d 4
105 117 e 0
106 107 a 1
106 107 b 1
106 10 c 2
106 108 d 3
106 18 e 3
107 108 a 1
107 108 b 1
107 106 c 4
107 85 e 0
108 109 a 1
108 109 b 1
108 30 c 1
108 85 d 4
108 109 e 3
109 110 a 1
109 110 b 1
109 117 c 2
109 104 d 4
110 111 a 1
110 111 b 1
110 4 c 0
110 67 d 4
110 85 e 0
111 112 a 1
111 112 b 1
111 112 c 1
111 87 d 0
111 18 e 0
112 113 a 1
112 113 b 1
112 68 c 0
112 118 e 2
113 114 a 1
113 114 b 1
113 86 c 4
113 69 d 0
113 57 e 3
114 115 a 1
114 115 b 1
114 69 c 0
114 91 d 0
114 127 e 3
115 116 a 1
115 116 b 1
115 34 c 3
115 37 d 3
115 6 e 0
116 117 a 1
116 117 b 1
116 2 c 4
116 18 d 3
116 70 e 4
117 118 a 1
117 118 b 1
117 14 c 3
117 102 d 4
117 66 e 0
118 119 a 1
118 119 b 1
118 41 c 4
118 44 d 4
118 117 e 3
119 120 a 1
119 120 b 1
119 108 c 4
119 68 d 2
119 117 e 1
120 121 a 1
120 121 b 1
120 9 c 3
120 102 e 1
121 122 a 1
121 122 b 1
121 91 d 4
122 123 a 1
122 123 b 1
122 76 c 3
122 12 d 2
122 90 e 1
123 124 a 1
123 124 b 1
123 64 c 3
123 19 d 3
124 125 a 1
124 125 b 1
124 7 c 0
124 37 d 2
124 42 e 3
125 126 a 1
125 126 b 1
125 37 c 0
125 58 e 0
126 127 a 1
126 127 b 1
126 126 c 4
126 117 d 0
126 96 e 4
127 128 a 1
127 128 b 1
127 82 c 1
127 3 d 0
127 19 e 0
128 128 a 0
128 128 b 0
128 20 c 3
128 71 d 4
128 1 e 2

11 128 588 5 5 0
1 2 a 1
1 2 b 1
1 65 c 0
1 93 e 1
2 3 a 1
2 3 b 1
2 20 c 3
2 22 e 3
3 4 a 1
3 4 b 1
3 47 c 3
3 18 d 1
3 125 e 2
4 5 a 1
4 5 b 1
4 27 c 0
4 50 d 1
4 11 e 0
5 6 a 1
5 6 b 1
5 59 c 0
5 84 d 0
6 7 a 1
6 7 b 1
6 26 c 2
6 121 d 0
7 8 a 1
7 8 b 1
7 110 c 4
7 37 d 1
7 92 e 0
8 9 a 1
8 9 b 1
8 12 d 1
8 83 e 3
9 10 a 1
9 10 b 1
9 28 d 4
9 121 e 1
10 11 a 1
10 11 b 1
10 63 c 4
10 19 d 1
10 87 e 1
11 12 a 1
11 12 b 1
11 47 c 4
11 16 e 4
12 13 a 1
12 13 b 1
12 101 c 1
12 24 d 1
12 112 e 2
13 14 a 1
13 14 b 1
13 17 c 4
13 71 d 1
13 102 e 4
14 15 a 1
14 15 b 1
14 40 c 4
14 35 d 1
14 66 e 2
15 16 a 1
15 16 b 1
15 96 c 2
15 20 d 3
15 30 e 0
16 17 a 1
16 17 b 1
16 7 c 4
16 49 e 1
17 18 a 1
17 18 b 1
17 119 c 4
17 21 d 1
17 75 e 1
18 19 a 1
18 19 b 1
18 67 c 3
18 96 e 3
19 20 a 1
19 20 b 1
19 64 c 0
19 58 d 3
20 21 a 1
20 21 b 1
20 44 c 0
20 103 d 4
21 22 a 1
21 22 b 1
21 74 c 4
21 100 d 0
22 23 a 1
22 23 b 1
22 23 c 3
22 35 d 0
22 15 e 3
23 24 a 1
23 24 b 1
23 33 c 1
23 20 d 0
23 1 e 0
24 25 a 1
24 25 b 1
24 20 c 4
24 113 d 4
25 26 a 1
25 26 b 1
25 50 c 1
25 59 d 0
25 69 e 2
26 27 a 1
26 27 b 1
26 42 c 0
26 63 d 0
26 24 e 2
27 28 a 1
27 28 b 1
27 84 c 0
27 56 d 3
27 39 e 4
28 29 a 1
28 29 b 1
28 27 c 0
28 57 d 0
28 3 e 0
29 30 a 1
29 30 b 1
29 29 c 2
29 42 d 1
29 42 e 1
30 31 a 1
30 31 b 1
30 89 c 1
30 93 d 4
30 120 e 1
31 32 a 1
31 32 b 1
31 56 c 1
31 78 d 2
31 58 e 1
32 33 a 1
32 33 b 1
32 119 c 0
32 18 d 0
32 80 e 1
33 34 a 1
33 34 b 1
33 82 c 1
33 95 d 4
33 61 e 2
34 35 a 1
34 35 b 1
34 104 c 2
34 77 d 1
35 36 a 1
35 36 b 1
35 126 c 4
35 117 d 0
35 15 e 3
36 37 a 1
36 37 b 1
36 55 c 2
36 1 e 2
37 38 a 1
37 38 b 1
37 23 c 4
37 2 d 0
37 7 e 2
38 39 a 1
38 39 b 1
38 91 d 2
38 17 e 2
39 40 a 1
39 40 b 1
39 90 c 3
39 126 e 2
40 41 a 1
40 41 b 1
40 48 c 2
40 84 d 0
40 123 e 1
41 42 a 1
41 42 b 1
41 36 c 4
41 97 d 0
41 12 e 0
42 43 a 1
42 43 b 1
42 42 c 4
42 22 d 4
42 45 e 3
43 44 a 1
43 44 b 1
43 21 c 4
43 106 d 2
43 104 e 4
44 45 a 1
44 45 b 1
44 33 c 3
44 10 d 3
44 7 e 3
45 46 a 1
45 46 b 1
45 57 c 2
45 58 d 4
45 98 e 3
46 47 a 1
46 47 b 1
46 109 c 0
46 22 d 3
46 21 e 2
47 48 a 1
47 48 b 1
47 114 c 1
47 81 d 4
47 4 e 2
48 49 a 1
48 49 b 1
48 110 c 2
48 9 d 1
48 125 e 4
49 50 a 1
49 50 b 1
49 95 c 4
49 33 e 4
50 51 a 1
50 51 b 1
50 28 c 2
50 116 d 0
50 29 e 3
51 52 a 1
51 52 b 1
51 23 c 1
51 67 d 4
52 53 a 1
52 53 b 1
52 6 e 3
53 54 a 1
53 54 b 1
53 17 c 0
53 50 d 0
53 49 e 4
54 55 a 1
54 55 b 1
54 118 c 3
54 90 d 0
54 97 e 3
55 56 a 1
55 56 b 1
55 96 d 4
55 100 e 0
56 57 a 1
56 57 b 1
56 6 c 4
56 105 d 0
57 58 a 1
57 58 b 1
57 85 c 3
57 66 d 2
57 52 e 2
58 59 a 1
58 59 b 1
58 102 d 2
58 92 e 4
59 60 a 1
59 60 b 1
59 52 c 3
59 83 d 0
59 102 e 0
60 61 a 1
60 61 b 1
60 71 c 0
60 91 d 3
60 48 e 2
61 62 a 1
61 62 b 1
61 70 c 1
61 78 d 4
61 14 e 0
62 63 a 1
62 63 b 1
62 17 d 2
63 64 a 1
63 64 b 1
63 30 d 2
63 21 e 3
64 65 a 1
64 65 b 1
64 108 c 0
64 114 d 4
64 60 e 1
65 66 a 1
65 66 b 1
65 108 c 3
65 21 d 4
65 18 e 3
66 67 a 1
66 67 b 1
66 114 c 1
66 78 d 4
66 105 e 1
67 68 a 1
67 68 b 1
67 70 c 0
67 3 d 3
67 73 e 4
68 69 a 1
68 69 b 1
68 121 c 1
68 14 e 1
69 70 a 1
69 70 b 1
69 113 c 1
69 61 d 4
69 11 e 3
70 71 a 1
70 71 b 1
70 20 c 4
70 87 d 0
70 9 e 0
71 72 a 1
71 72 b 1
71 86 d 3
71 122 e 2
72 73 a 1
72 73 b 1
72 82 c 2
72 17 e 0
73 74 a 1
73 74 b 1
73 122 c 0
73 88 d 0
73 108 e 3
74 75 a 1
74 75 b 1
74 25 c 0
74 12 d 1
74 60 e 1
75 76 a 1
75 76 b 1
75 73 c 1
75 52 d 3
75 82 e 0
76 77 a 1
76 77 b 1
76 22 c 2
76 26 e 4
77 78 a 1
77 78 b 1
77 87 c 2
77 34 d 1
77 82 e 4
78 79 a 1
78 79 b 1
78 67 d 0
78 26 e 4
79 80 a 1
79 80 b 1
79 75 c 0
79 2 d 0
79 22 e 1
80 81 a 1
80 81 b 1
80 77 c 3
80 110 d 1
80 84 e 4
81 82 a 1
81 82 b 1
81 19 c 2
81 47 e 0
82 83 a 1
82 83 b 1
82 51 c 0
82 21 d 2
82 30 e 1
83 84 a 1
83 84 b 1
83 90 c 2
83 109 d 3
83 112 e 3
84 85 a 1
84 85 b 1
84 101 c 3
84 33 d 0
84 21 e 3
85 86 a 1
85 86 b 1
85 53 c 3
85 62 d 3
85 73 e 2
86 87 a 1
86 87 b 1
86 85 c 2
86 22 d 2
86 95 e 1
87 88 a 1
87 88 b 1
87 14 c 1
87 89 d 1
87 107 e 3
88 89 a 1
88 89 b 1
88 8 c 0
88 3 d 4
88 78 e 4
89 90 a 1
89 90 b 1
89 100 c 3
89 122 d 1
89 71 e 3
90 91 a 1
90 91 b 1
90 76 c 1
90 8 d 1
90 21 e 2
91 92 a 1
91 92 b 1
91 1 c 0
91 9 d 2
91 84 e 1
92 93 a 1
92 93 b 1
92 79 c 2
92 11 d 2
92 34 e 1
93 94 a 1
93 94 b 1
93 55 d 2
93 113 e 2
94 95 a 1
94 95 b 1
94 5 c 3
94 2 e 2
95 96 a 1
95 96 b 1
95 14 c 1
95 73 d 2
96 97 a 1
96 97 b 1
96 18 c 4
96 77 e 4
97 98 a 1
97 98 b 1
97 72 c 4
97 100 d 0
97 73 e 0
98 99 a 1
98 99 b 1
99 100 a 1
99 100 b 1
99 1 c 4
99 112 d 4
99 95 e 2
100 101 a 1
100 101 b 1
100 98 d 2
100 113 e 1
101 102 a 1
101 102 b 1
101 121 c 0
101 20 d 4
102 103 a 1
102 103 b 1
102 15 c 0
102 10 d 2
102 65 e 1
103 104 a 1
103 104 b 1
103 25 c 1
103 88 d 2
103 54 e 1
104 105 a 1
104 105 b 1
104 70 c 0
104 110 d 1
104 48 e 1
105 106 a 1
105 106 b 1
105 72 d 2
105 30 e 2
106 107 a 1
106 107 b 1
106 6 c 0
106 78 d 0
106 27 e 1
107 108 a 1
107 108 b 1
107 91 c 4
107 22 e 2
108 109 a 1
108 109 b 1
108 42 c 4
108 47 d 0
108 113 e 0
109 110 a 1
109 110 b 1
109 69 c 3
109 44 d 4
110 111 a 1
110 111 b 1
110 117 c 0
110 26 d 3
110 93 e 2
111 112 a 1
111 112 b 1
111 57 c 0
111 35 d 3
111 91 e 3
112 113 a 1
112 113 b 1
112 44 c 1
112 101 d 1
112 123 e 4
113 114 a 1
113 114 b 1
113 100 c 1
113 125 d 0
114 115 a 1
114 115 b 1
114 118 c 0
114 23 e 1
115 116 a 1
115 116 b 1
115 113 c 2
115 123 e 3
116 117 a 1
116 117 b 1
116 111 c 0
116 79 d 4
117 118 a 1
117 118 b 1
117 47 c 4
117 58 d 4
117 75 e 0
118 119 a 1
118 119 b 1
118 84 c 0
118 76 d 1
118 101 e 3
119 120 a 1
119 120 b 1
119 17 c 4
119 7 d 2
120 121 a 1
120 121 b 1
120 102 c 2
120 36 d 0
120 59 e 1
121 122 a 1
121 122 b 1
121 30 c 2
121 105 d 3
121 27 e 2
122 123 a 1
122 123 b 1
122 51 c 4
122 116 d 4
122 92 e 2
123 124 a 1
123 124 b 1
123 56 d 2
123 68 e 2
124 125 a 1
124 125 b 1
124 67 c 2
124 33 d 3
124 4 e 0
125 126 a 1
125 126 b 1
125 123 c 0
125 109 d 4
125 33 e 1
126 127 a 1
126 127 b 1
126 101 c 2
126 60 e 3
127 128 a 1
127 128 b 1
127 71 c 0
127 104 d 0
127 33 e 0
128 128 a 0
128 128 b 0
128 42 c 3
128 60 d 3
128 3 e 0

12 128 598 5 5 0
1 2 a 1
1 2 b 1
1 89 c 0
1 41 d 4
2 3 a 1
2 3 b 1
2 39 c 2
2 77 d 4
2 22 e 0
3 4 a 1
3 4 b 1
3 38 c 3
3 126 e 3
4 5 a 1
4 5 b 1
4 77 c 3
4 40 d 1
4 84 e 0
5 6 a 1
5 6 b 1
5 65 c 2
5 20 e 3
6 7 a 1
6 7 b 1
6 52 d 4
6 39 e 0
7 8 a 1
7 8 b 1
7 74 c 2
7 95 d 2
7 112 e 0
8 9 a 1
8 9 b 1
8 59 c 2
8 22 d 4
8 94 e 2
9 10 a 1
9 10 b 1
9 109 c 0
9 104 d 4
10 11 a 1
10 11 b 1
10 39 c 4
10 31 d 3
11 12 a 1
11 12 b 1
11 62 d 4
12 13 a 1
12 13 b 1
12 19 c 0
12 88 d 1
12 42 e 4
13 14 a 1
13 14 b 1
13 20 c 1
13 82 d 4
13 53 e 1
14 15 a 1
14 15 b 1
14 108 c 4
14 48 d 4
14 32 e 4
15 16 a 1
15 16 b 1
15 35 c 1
15 116 d 3
15 123 e 1
16 17 a 1
16 17 b 1
16 23 c 1
16 113 d 1
16 9 e 4
17 18 a 1
17 18 b 1
17 8 c 2
17 69 d 0
17 18 e 4
18 19 a 1
18 19 b 1
18 80 c 2
18 73 d 4
18 54 e 4
19 20 a 1
19 20 b 1
19 84 d 4
19 36 e 0
20 21 a 1
20 21 b 1
20 46 c 0
20 62 d 3
21 22 a 1
21 22 b 1
21 36 c 1
21 121 d 1
21 5 e 4
22 23 a 1
22 23 b 1
22 15 c 1
22 83 d 3
22 110 e 2
23 24 a 1
23 24 b 1
23 15 c 2
23 11 e 3
24 25 a 1
24 25 b 1
24 105 c 0
24 62 d 0
24 106 e 1
25 26 a 1
25 26 b 1
25 125 d 1
25 31 e 0
26 27 a 1
26 27 b 1
26 77 c 2
26 103 d 4
26 71 e 0
27 28 a 1
27 28 b 1
27 28 c 4
27 17 d 1
27 95 e 4
28 29 a 1
28 29 b 1
28 68 c 1
28 98 d 0
28 39 e 3
29 30 a 1
29 30 b 1
29 21 c 2
29 37 d 0
29 60 e 2
30 31 a 1
30 31 b 1
30 61 c 2
30 58 d 4
30 63 e 4
31 32 a 1
31 32 b 1
31 54 c 2
31 2 d 3
31 52 e 4
32 33 a 1
32 33 b 1
32 48 c 4
32 46 d 2
32 67 e 4
33 34 a 1
33 34 b 1
33 124 c 4
33 115 e 1
34 35 a 1
34 35 b 1
34 42 c 4
34 81 d 0
34 121 e 0
35 36 a 1
35 36 b 1
35 1 c 4
35 7 d 0
35 59 e 0
36 37 a 1
36 37 b 1
36 65 c 1
36 31 d 1
36 81 e 3
37 38 a 1
37 38 b 1
37 46 c 4
37 124 d 3
37 106 e 0
38 39 a 1
38 39 b 1
38 52 d 3
38 45 e 3
39 40 a 1
39 40 b 1
39 38 c 3
39 119 d 0
39 24 e 3
40 41 a 1
40 41 b 1
40 63 d 0
40 48 e 3
41 42 a 1
41 42 b 1
41 56 c 4
41 44 d 3
42 43 a 1
42 43 b 1
42 93 c 3
42 100 d 0
42 12 e 2
43 44 a 1
43 44 b 1
43 78 c 4
43 87 d 2
43 117 e 2
44 45 a 1
44 45 b 1
44 36 c 3
44 99 d 1
44 66 e 3
45 46 a 1
45 46 b 1
45 40 c 0
45 4 d 3
45 20 e 2
46 47 a 1
46 47 b 1
46 56 c 0
46 127 d 0
46 117 e 4
47 48 a 1
47 48 b 1
47 101 c 0
47 14 d 0
47 53 e 2
48 49 a 1
48 49 b 1
48 62 c 4
48 85 d 3
48 15 e 4
49 50 a 1
49 50 b 1
49 12 c 1
49 60 d 0
49 19 e 2
50 51 a 1
50 51 b 1
50 14 c 2
50 57 d 2
50 22 e 1
51 52 a 1
51 52 b 1
51 73 c 3
51 75 d 3
51 47 e 2
52 53 a 1
52 53 b 1
52 120 c 2
52 33 d 3
52 93 e 1
53 54 a 1
53 54 b 1
53 95 c 4
53 6 d 3
53 82 e 1
54 55 a 1
54 55 b 1
54 75 d 4
54 82 e 4
55 56 a 1
55 56 b 1
55 88 c 1
56 57 a 1
56 57 b 1
56 58 c 4
56 53 d 4
56 116 e 0
57 58 a 1
57 58 b 1
57 37 c 2
57 125 d 1
57 33 e 2
58 59 a 1
58 59 b 1
58 32 c 1
58 60 d 2
58 95 e 4
59 60 a 1
59 60 b 1
59 67 c 0
59 38 d 3
59 108 e 4
60 61 a 1
60 61 b 1
60 124 c 2
60 55 d 0
60 65 e 1
61 62 a 1
61 62 b 1
61 77 c 1
61 13 d 0
61 53 e 4
62 63 a 1
62 63 b 1
62 65 c 1
62 48 d 0
63 64 a 1
63 64 b 1
63 63 c 0
63 17 d 2
63 8 e 1
64 65 a 1
64 65 b 1
64 83 c 2
64 112 d 2
64 61 e 4
65 66 a 1
65 66 b 1
65 67 c 0
65 15 d 0
65 46 e 2
66 67 a 1
66 67 b 1
66 107 e 1
67 68 a 1
67 68 b 1
67 10 c 1
67 113 d 4
67 42 e 1
68 69 a 1
68 69 b 1
68 96 c 4
68 90 d 4
68 86 e 4
69 70 a 1
69 70 b 1
69 99 c 3
69 124 d 1
69 100 e 2
70 71 a 1
70 71 b 1
70 81 d 4
71 72 a 1
71 72 b 1
71 8 c 4
71 25 d 3
71 77 e 1
72 73 a 1
72 73 b 1
72 106 e 4
73 74 a 1
73 74 b 1
73 58 c 0
73 69 d 2
73 35 e 0
74 75 a 1
74 75 b 1
74 103 c 1
74 16 d 4
74 54 e 1
75 76 a 1
75 76 b 1
75 33 c 3
75 117 e 3
76 77 a 1
76 77 b 1
76 50 c 0
76 85 d 1
76 112 e 1
77 78 a 1
77 78 b 1
77 43 c 0
77 93 d 2
77 64 e 1
78 79 a 1
78 79 b 1
78 54 c 4
78 108 d 4
78 98 e 3
79 80 a 1
79 80 b 1
79 10 c 2
79 16 d 3
79 126 e 1
80 81 a 1
80 81 b 1
80 125 c 4
80 56 d 3
80 111 e 4
81 82 a 1
81 82 b 1
81 122 c 4
81 20 d 3
81 90 e 0
82 83 a 1
82 83 b 1
82 48 c 0
82 64 e 4
83 84 a 1
83 84 b 1
83 84 c 3
83 89 d 2
83 59 e 2
84 85 a 1
84 85 b 1
84 119 c 1
84 125 d 4
84 1 e 2
85 86 a 1
85 86 b 1
85 41 c 4
85 127 d 2
85 110 e 0
86 87 a 1
86 87 b 1
86 44 c 3
86 29 d 2
86 91 e 2
87 88 a 1
87 88 b 1
87 93 d 2
87 126 e 2
88 89 a 1
88 89 b 1
88 43 c 2
88 7 d 3
88 55 e 4
89 90 a 1
89 90 b 1
89 46 c 2
89 59 d 0
90 91 a 1
90 91 b 1
90 124 c 4
90 111 d 2
90 20 e 3
91 92 a 1
91 92 b 1
91 87 c 0
91 32 d 4
91 120 e 3
92 93 a 1
92 93 b 1
92 9 c 4
92 10 d 3
92 20 e 0
93 94 a 1
93 94 b 1
93 27 c 0
93 58 d 4
93 7 e 1
94 95 a 1
94 95 b 1
94 17 c 0
94 119 d 2
94 66 e 4
95 96 a 1
95 96 b 1
95 10 c 4
95 7 d 3
95 18 e 2
96 97 a 1
96 97 b 1
96 95 d 4
96 118 e 2
97 98 a 1
97 98 b 1
97 20 c 2
97 102 d 3
97 90 e 0
98 99 a 1
98 99 b 1
98 3 c 2
98 116 d 3
98 20 e 3
99 100 a 1
99 100 b 1
99 113 c 1
99 50 d 3
99 94 e 1
100 101 a 1
100 101 b 1
100 60 c 1
100 1 d 3
100 103 e 0
101 102 a 1
101 102 b 1
101 9 d 3
101 124 e 3
102 103 a 1
102 103 b 1
102 91 c 0
102 98 d 3
102 48 e 1
103 104 a 1
103 104 b 1
103 113 c 1
103 3 d 3
103 109 e 2
104 105 a 1
104 105 b 1
104 102 c 4
104 48 d 2
105 106 a 1
105 106 b 1
105 24 c 1
105 15 d 3
105 113 e 4
106 107 a 1
106 107 b 1
106 43 c 3
106 37 d 1
106 18 e 4
107 108 a 1
107 108 b 1
107 126 d 3
107 46 e 2
108 109 a 1
108 109 b 1
108 121 d 4
108 52 e 1
109 110 a 1
109 110 b 1
109 11 c 3
109 49 d 1
109 81 e 1
110 111 a 1
110 111 b 1
110 45 c 4
110 39 d 1
110 40 e 0
111 112 a 1
111 112 b 1
111 126 c 2
111 97 d 3
112 113 a 1
112 113 b 1
112 107 c 1
112 22 d 1
112 60 e 2
113 114 a 1
113 114 b 1
113 16 c 2
113 53 d 0
113 10 e 2
114 115 a 1
114 115 b 1
114 20 c 3
114 1 d 0
114 93 e 2
115 116 a 1
115 116 b 1
115 39 c 3
115 54 e 1
116 117 a 1
116 117 b 1
116 54 c 4
116 3 d 0
116 100 e 2
117 118 a 1
117 118 b 1
117 51 c 4
117 25 d 2
118 119 a 1
118 119 b 1
118 21 c 4
118 30 d 2
118 31 e 0
119 120 a 1
119 120 b 1
119 26 c 0
119 47 d 2
119 80 e 2
120 121 a 1
120 121 b 1
120 115 c 2
120 91 d 4
120 97 e 1
121 122 a 1
121 122 b 1
121 89 c 2
121 29 e 2
122 123 a 1
122 123 b 1
122 112 c 3
122 122 d 3
122 27 e 1
123 124 a 1
123 124 b 1
123 121 c 0
123 3 e 1
124 125 a 1
124 125 b 1
124 55 c 3
124 47 e 2
125 126 a 1
125 126 b 1
125 81 c 0
125 7 d 3
125 6 e 4
126 127 a 1
126 127 b 1
126 119 d 1
126 67 e 4
127 128 a 1
127 128 b 1
127 87 c 3
127 98 d 0
127 111 e 3
128 128 a 0
128 128 b 0
128 25 c 1
128 49 d 4
128 90 e 4

13 128 602 5 5 0
1 2 a 1
1 2 b 1
1 17 c 3
1 21 d 1
1 87 e 0
2 3 a 1
2 3 b 1
2 2 c 3
2 123 d 3
2 61 e 3
3 4 a 1
3 4 b 1
3 24 c 1
3 19 d 0
3 67 e 0
4 5 a 1
4 5 b 1
4 25 c 2
4 107 d 0
4 24 e 2
5 6 a 1
5 6 b 1
5 122 c 0
5 68 d 3
5 26 e 3
6 7 a 1
6 7 b 1
7 8 a 1
7 8 b 1
7 110 c 3
7 12 d 1
7 48 e 3
8 9 a 1
8 9 b 1
8 72 c 4
8 49 d 4
8 6 e 2
9 10 a 1
9 10 b 1
9 109 c 4
9 90 d 0
9 38 e 2
10 11 a 1
10 11 b 1
10 110 c 1
10 106 d 2
10 55 e 2
11 12 a 1
11 12 b 1
11 103 c 1
11 70 d 3
11 59 e 2
12 13 a 1
12 13 b 1
12 121 d 0
13 14 a 1
13 14 b 1
13 89 c 0
13 52 d 2
13 21 e 2
14 15 a 1
14 15 b 1
14 104 c 4
14 76 e 0
15 16 a 1
15 16 b 1
15 111 e 3
16 17 a 1
16 17 b 1
16 121 c 4
16 123 d 4
16 9 e 2
17 18 a 1
17 18 b 1
17 81 c 3
17 88 d 3
17 59 e 4
18 19 a 1
18 19 b 1
18 116 c 1
18 111 d 4
18 72 e 1
19 20 a 1
19 20 b 1
19 62 c 2
19 85 d 4
19 2 e 3
20 21 a 1
20 21 b 1
20 102 c 4
20 123 d 2
20 123 e 1
21 22 a 1
21 22 b 1
21 10 c 0
21 26 d 1
21 63 e 1
22 23 a 1
22 23 b 1
22 11 d 0
22 34 e 4
23 24 a 1
23 24 b 1
23 61 c 2
23 56 d 2
23 86 e 4
24 25 a 1
24 25 b 1
24 62 d 3
24 58 e 3
25 26 a 1
25 26 b 1
25 70 c 2
25 1 e 1
26 27 a 1
26 27 b 1
26 86 c 3
26 31 d 4
26 121 e 1
27 28 a 1
27 28 b 1
27 50 d 0
27 76 e 0
28 29 a 1
28 29 b 1
28 30 c 3
28 102 d 0
28 117 e 2
29 30 a 1
29 30 b 1
29 79 c 4
29 44 d 0
29 38 e 1
30 31 a 1
30 31 b 1
30 82 c 1
30 29 d 2
30 127 e 2
31 32 a 1
31 32 b 1
31 101 c 1
31 29 d 0
31 1 e 1
32 33 a 1
32 33 b 1
32 8 c 2
32 73 d 2
32 86 e 2
33 34 a 1
33 34 b 1
33 31 c 3
33 99 d 4
33 98 e 0
34 35 a 1
34 35 b 1
34 18 c 0
34 86 d 1
34 42 e 1
35 36 a 1
35 36 b 1
35 23 c 4
35 32 d 1
35 27 e 4
36 37 a 1
36 37 b 1
36 11 c 2
36 84 e 4
37 38 a 1
37 38 b 1
37 52 c 4
37 62 d 1
37 110 e 2
38 39 a 1
38 39 b 1
38 98 c 1
38 123 d 2
38 37 e 4
39 40 a 1
39 40 b 1
39 97 c 1
39 82 d 1
39 72 e 4
40 41 a 1
40 41 b 1
40 93 c 4
40 90 d 1
40 102 e 1
41 42 a 1
41 42 b 1
41 39 d 2
42 43 a 1
42 43 b 1
42 10 c 4
42 74 d 1
42 69 e 2
43 44 a 1
43 44 b 1
43 5 c 0
43 80 d 3
43 60 e 3
44 45 a 1
44 45 b 1
44 76 c 0
44 87 d 3
44 23 e 2
45 46 a 1
45 46 b 1
45 40 c 0
45 40 d 2
45 95 e 1
46 47 a 1
46 47 b 1
46 55 c 4
46 29 d 1
46 62 e 4
47 48 a 1
47 48 b 1
47 46 c 0
47 66 d 4
47 65 e 4
48 49 a 1
48 49 b 1
48 125 c 4
48 94 e 3
49 50 a 1
49 50 b 1
49 25 c 3
49 50 d 4
49 9 e 3
50 51 a 1
50 51 b 1
50 102 d 2
51 52 a 1
51 52 b 1
51 111 c 2
51 5 d 1
51 47 e 0
52 53 a 1
52 53 b 1
52 115 c 2
52 14 d 4
52 109 e 2
53 54 a 1
53 54 b 1
53 76 d 2
53 9 e 2
54 55 a 1
54 55 b 1
54 74 c 1
54 26 d 2
54 92 e 3
55 56 a 1
55 56 b 1
55 92 c 4
55 55 d 2
55 123 e 3
56 57 a 1
56 57 b 1
56 81 c 1
56 101 d 2
56 56 e 1
57 58 a 1
57 58 b 1
57 27 c 4
57 80 d 1
57 114 e 0
58 59 a 1
58 59 b 1
58 19 c 0
58 80 d 2
58 86 e 4
59 60 a 1
59 60 b 1
59 71 c 4
59 43 d 0
59 125 e 0
60 61 a 1
60 61 b 1
60 71 c 2
60 61 d 2
60 32 e 0
61 62 a 1
61 62 b 1
61 36 c 1
61 31 e 2
62 63 a 1
62 63 b 1
62 95 d 4
62 17 e 4
63 64 a 1
63 64 b 1
63 71 c 1
63 73 d 1
63 62 e 2
64 65 a 1
64 65 b 1
64 6 c 1
64 76 d 0
64 17 e 4
65 66 a 1
65 66 b 1
65 87 c 4
65 127 d 1
65 12 e 3
66 67 a 1
66 67 b 1
66 109 c 0
66 1 d 3
66 82 e 2
67 68 a 1
67 68 b 1
67 112 d 0
67 123 e 3
68 69 a 1
68 69 b 1
68 74 c 2
68 116 d 0
68 47 e 2
69 70 a 1
69 70 b 1
69 20 c 4
69 107 d 4
69 76 e 0
70 71 a 1
70 71 b 1
70 126 c 0
70 11 d 1
70 118 e 3
71 72 a 1
71 72 b 1
71 14 c 2
71 49 d 1
71 97 e 1
72 73 a 1
72 73 b 1
72 120 c 0
72 63 d 1
72 8 e 3
73 74 a 1
73 74 b 1
73 66 c 3
73 73 d 0
74 75 a 1
74 75 b 1
74 77 c 2
74 75 e 2
75 76 a 1
75 76 b 1
75 3 c 1
75 127 d 3
75 113 e 2
76 77 a 1
76 77 b 1
76 53 c 2
76 14 d 4
76 127 e 0
77 78 a 1
77 78 b 1
77 107 c 3
77 16 d 2
77 115 e 0
78 79 a 1
78 79 b 1
78 108 c 2
78 109 d 2
79 80 a 1
79 80 b 1
79 6 c 2
79 89 d 2
79 18 e 2
80 81 a 1
80 81 b 1
80 8 c 1
80 111 d 1
80 4 e 2
81 82 a 1
81 82 b 1
81 50 c 0
81 83 d 1
81 57 e 4
82 83 a 1
82 83 b 1
82 117 c 0
82 58 d 3
82 119 e 4
83 84 a 1
83 84 b 1
83 88 c 3
83 117 d 0
83 90 e 0
84 85 a 1
84 85 b 1
84 59 c 2
84 62 d 0
84 19 e 4
85 86 a 1
85 86 b 1
85 76 c 1
85 120 d 3
85 90 e 2
86 87 a 1
86 87 b 1
86 48 c 4
86 94 d 3
86 84 e 2
87 88 a 1
87 88 b 1
87 107 c 3
87 80 d 0
87 16 e 0
88 89 a 1
88 89 b 1
88 37 c 1
88 64 d 3
88 60 e 1
89 90 a 1
89 90 b 1
89 46 c 1
89 125 d 4
89 50 e 3
90 91 a 1
90 91 b 1
90 41 c 0
90 121 d 2
90 58 e 1
91 92 a 1
91 92 b 1
91 16 c 0
91 97 d 0
91 67 e 3
92 93 a 1
92 93 b 1
92 46 c 0
92 5 e 0
93 94 a 1
93 94 b 1
93 61 c 1
93 65 d 2
93 50 e 2
94 95 a 1
94 95 b 1
94 123 c 1
94 25 d 4
95 96 a 1
95 96 b 1
95 108 c 1
95 87 d 1
95 97 e 4
96 97 a 1
96 97 b 1
96 80 c 1
96 6 d 0
96 96 e 2
97 98 a 1
97 98 b 1
97 56 c 0
97 30 d 4
97 103 e 0
98 99 a 1
98 99 b 1
98 62 d 0
98 92 e 0
99 100 a 1
99 100 b 1
99 59 c 0
99 104 d 4
99 25 e 3
100 101 a 1
100 101 b 1
100 112 d 4
101 102 a 1
101 102 b 1
101 47 c 0
101 12 d 1
101 110 e 1
102 103 a 1
102 103 b 1
102 50 c 4
102 66 d 1
102 123 e 2
103 104 a 1
103 104 b 1
103 34 c 0
103 48 d 1
103 97 e 2
104 105 a 1
104 105 b 1
104 5 c 0
104 78 d 2
104 2 e 3
105 106 a 1
105 106 b 1
105 67 c 1
105 8 d 3
105 117 e 1
106 107 a 1
106 107 b 1
106 13 c 4
106 37 d 4
106 76 e 0
107 108 a 1
107 108 b 1
107 115 c 2
107 42 d 4
108 109 a 1
108 109 b 1
108 12 c 3
108 83 d 1
108 83 e 3
109 110 a 1
109 110 b 1
109 110 c 0
109 107 d 3
109 30 e 1
110 111 a 1
110 111 b 1
110 16 c 4
111 112 a 1
111 112 b 1
111 12 c 3
111 48 d 4
111 121 e 2
112 113 a 1
112 113 b 1
112 113 d 1
112 45 e 2
113 114 a 1
113 114 b 1
113 96 c 2
113 7 d 4
113 126 e 3
114 115 a 1
114 115 b 1
114 88 c 4
114 26 d 3
114 5 e 0
115 116 a 1
115 116 b 1
115 22 c 4
115 25 d 4
115 27 e 1
116 117 a 1
116 117 b 1
116 125 c 1
116 69 d 2
116 11 e 1
117 118 a 1
117 118 b 1
117 16 c 3
117 122 d 1
117 99 e 0
118 119 a 1
118 119 b 1
118 119 c 2
118 68 d 4
119 120 a 1
119 120 b 1
119 86 c 4
119 106 d 2
119 8 e 4
120 121 a 1
120 121 b 1
120 79 c 2
120 21 d 1
120 36 e 1
121 122 a 1
121 122 b 1
121 60 c 4
121 9 d 3
121 40 e 0
122 123 a 1
122 123 b 1
122 30 c 3
122 17 d 3
122 30 e 3
123 124 a 1
123 124 b 1
123 48 c 1
123 38 e 3
124 125 a 1
124 125 b 1
124 2 c 3
124 38 d 3
124 57 e 2
125 126 a 1
125 126 b 1
125 69 c 0
125 121 d 3
125 97 e 0
126 127 a 1
126 127 b 1
126 3 d 3
127 128 a 1
127 128 b 1
127 13 c 4
127 5 d 0
127 74 e 0
128 128 a 0
128 128 b 0
128 54 c 3
128 77 d 3
128 66 e 1

14 128 607 5 5 0
1 2 a 1
1 2 b 1
1 23 c 3
1 57 d 3
1 54 e 1
2 3 a 1
2 3 b 1
2 26 d 2
3 4 a 1
3 4 b 1
3 47 c 2
3 119 d 2
3 16 e 3
4 5 a 1
4 5 b 1
4 122 c 3
4 16 d 3
4 54 e 2
5 6 a 1
5 6 b 1
5 125 c 3
5 78 d 1
5 74 e 0
6 7 a 1
6 7 b 1
6 91 c 3
6 18 d 3
6 48 e 1
7 8 a 1
7 8 b 1
7 47 c 3
7 19 d 2
7 88 e 0
8 9 a 1
8 9 b 1
8 3 c 0
8 96 d 2
8 14 e 1
9 10 a 1
9 10 b 1
9 12 c 4
9 26 d 1
9 112 e 4
10 11 a 1
10 11 b 1
10 47 c 0
10 65 d 4
10 105 e 4
11 12 a 1
11 12 b 1
11 1 c 1
11 51 d 0
11 74 e 0
12 13 a 1
12 13 b 1
12 68 d 4
12 16 e 3
13 14 a 1
13 14 b 1
13 28 c 4
13 94 d 1
13 110 e 4
14 15 a 1
14 15 b 1
14 118 c 2
14 87 d 4
14 121 e 3
15 16 a 1
15 16 b 1
15 53 c 0
15 34 d 4
15 14 e 2
16 17 a 1
16 17 b 1
16 28 c 0
16 94 d 1
16 78 e 3
17 18 a 1
17 18 b 1
17 4 d 4
17 65 e 3
18 19 a 1
18 19 b 1
18 26 c 1
18 4 d 0
18 24 e 0
19 20 a 1
19 20 b 1
19 89 e 0
20 21 a 1
20 21 b 1
20 42 c 2
20 116 d 3
20 68 e 4
21 22 a 1
21 22 b 1
21 17 c 4
21 35 d 4
21 21 e 1
22 23 a 1
22 23 b 1
22 83 c 1
22 19 d 4
22 7 e 4
23 24 a 1
23 24 b 1
23 115 c 1
23 38 d 0
23 52 e 3
24 25 a 1
24 25 b 1
24 19 c 4
24 30 d 0
24 63 e 0
25 26 a 1
25 26 b 1
25 8 c 1
25 30 d 0
25 45 e 0
26 27 a 1
26 27 b 1
26 44 d 0
26 14 e 3
27 28 a 1
27 28 b 1
27 117 c 1
27 127 d 1
27 88 e 3
28 29 a 1
28 29 b 1
28 43 c 0
28 94 d 2
28 69 e 3
29 30 a 1
29 30 b 1
29 77 c 1
29 43 d 1
29 79 e 3
30 31 a 1
30 31 b 1
30 121 c 3
30 50 d 4
30 80 e 2
31 32 a 1
31 32 b 1
31 126 c 2
31 84 d 1
32 33 a 1
32 33 b 1
32 104 c 3
32 123 d 2
32 84 e 1
33 34 a 1
33 34 b 1
33 119 c 0
33 92 d 0
34 35 a 1
34 35 b 1
34 125 c 4
34 12 d 4
34 6 e 2
35 36 a 1
35 36 b 1
35 45 d 4
36 37 a 1
36 37 b 1
36 113 c 2
36 4 d 3
36 31 e 3
37 38 a 1
37 38 b 1
37 103 c 2
37 113 d 2
37 82 e 1
38 39 a 1
38 39 b 1
38 57 c 1
38 74 d 1
38 25 e 2
39 40 a 1
39 40 b 1
39 66 c 2
39 83 d 1
39 2 e 4
40 41 a 1
40 41 b 1
40 41 c 4
40 88 d 0
40 117 e 4
41 42 a 1
41 42 b 1
41 2 c 1
41 121 d 3
41 39 e 2
42 43 a 1
42 43 b 1
42 83 c 2
42 22 d 2
42 36 e 0
43 44 a 1
43 44 b 1
43 19 c 3
43 73 d 4
44 45 a 1
44 45 b 1
44 69 c 2
44 33 d 0
44 33 e 1
45 46 a 1
45 46 b 1
45 101 d 1
45 11 e 0
46 47 a 1
46 47 b 1
46 91 c 0
46 20 d 3
46 97 e 0
47 48 a 1
47 48 b 1
47 92 c 4
47 87 d 2
47 127 e 2
48 49 a 1
48 49 b 1
48 122 c 2
48 51 d 0
48 91 e 3
49 50 a 1
49 50 b 1
49 100 c 0
49 107 d 4
49 99 e 1
50 51 a 1
50 51 b 1
50 71 e 2
51 52 a 1
51 52 b 1
51 90 c 1
51 22 d 3
51 69 e 2
52 53 a 1
52 53 b 1
52 43 c 4
52 107 d 0
52 101 e 3
53 54 a 1
53 54 b 1
53 106 c 4
53 97 d 2
53 71 e 4
54 55 a 1
54 55 b 1
54 113 c 1
54 65 d 3
54 9 e 1
55 56 a 1
55 56 b 1
55 127 c 2
55 23 d 3
56 57 a 1
56 57 b 1
56 43 c 1
56 21 d 3
56 32 e 0
57 58 a 1
57 58 b 1
57 32 c 3
57 1 e 0
58 59 a 1
58 59 b 1
58 103 c 0
58 93 d 0
58 32 e 2
59 60 a 1
59 60 b 1
59 64 c 4
59 54 d 4
59 8 e 2
60 61 a 1
60 61 b 1
60 51 c 4
60 37 d 2
60 42 e 2
61 62 a 1
61 62 b 1
61 61 c 0
61 40 d 4
61 21 e 4
62 63 a 1
62 63 b 1
62 75 c 1
62 58 d 1
62 16 e 3
63 64 a 1
63 64 b 1
63 123 d 2
63 87 e 1
64 65 a 1
64 65 b 1
64 100 c 1
64 53 d 4
64 76 e 3
65 66 a 1
65 66 b 1
65 18 c 2
65 126 d 4
65 17 e 0
66 67 a 1
66 67 b 1
66 10 c 4
66 4 d 2
66 32 e 4
67 68 a 1
67 68 b 1
67 57 c 0
67 14 d 4
67 108 e 4
68 69 a 1
68 69 b 1
68 123 c 2
68 73 d 2
68 110 e 3
69 70 a 1
69 70 b 1
69 103 c 3
69 71 d 4
69 49 e 2
70 71 a 1
70 71 b 1
70 21 d 1
70 97 e 2
71 72 a 1
71 72 b 1
71 121 c 2
71 112 d 4
71 57 e 4
72 73 a 1
72 73 b 1
72 17 c 0
72 70 d 4
73 74 a 1
73 74 b 1
73 48 c 2
73 12 d 0
73 28 e 0
74 75 a 1
74 75 b 1
74 99 c 1
74 46 d 4
74 111 e 0
75 76 a 1
75 76 b 1
75 89 c 1
75 18 d 3
75 4 e 1
76 77 a 1
76 77 b 1
76 79 c 3
76 45 d 2
76 70 e 3
77 78 a 1
77 78 b 1
77 53 c 2
77 66 d 0
77 86 e 2
78 79 a 1
78 79 b 1
78 123 c 0
78 23 d 3
78 127 e 4
79 80 a 1
79 80 b 1
79 20 c 2
79 118 d 3
79 76 e 1
80 81 a 1
80 81 b 1
80 50 c 1
80 5 d 3
80 63 e 0
81 82 a 1
81 82 b 1
81 28 d 2
81 59 e 3
82 83 a 1
82 83 b 1
82 24 c 2
82 111 d 3
82 117 e 0
83 84 a 1
83 84 b 1
83 122 c 4
83 48 d 4
83 110 e 4
84 85 a 1
84 85 b 1
84 111 c 1
84 3 d 3
84 77 e 2
85 86 a 1
85 86 b 1
85 44 c 1
85 30 d 2
85 72 e 3
86 87 a 1
86 87 b 1
86 52 c 2
86 89 d 0
87 88 a 1
87 88 b 1
87 50 c 2
87 11 d 2
87 106 e 1
88 89 a 1
88 89 b 1
88 69 c 2
88 65 d 2
88 74 e 3
89 90 a 1
89 90 b 1
89 51 d 4
89 2 e 0
90 91 a 1
90 91 b 1
90 61 c 0
90 3 d 1
90 61 e 4
91 92 a 1
91 92 b 1
91 48 c 4
91 94 d 1
92 93 a 1
92 93 b 1
92 62 c 0
92 4 d 0
92 104 e 3
93 94 a 1
93 94 b 1
93 51 c 2
93 37 d 1
93 82 e 0
94 95 a 1
94 95 b 1
94 27 c 3
94 6 d 1
94 3 e 3
95 96 a 1
95 96 b 1
95 79 c 0
95 105 d 3
95 75 e 4
96 97 a 1
96 97 b 1
96 97 c 0
96 77 d 3
96 73 e 2
97 98 a 1
97 98 b 1
97 67 c 1
97 94 d 0
97 16 e 0
98 99 a 1
98 99 b 1
98 15 c 0
98 70 d 1
98 16 e 4
99 100 a 1
99 100 b 1
99 63 d 4
99 66 e 4
100 101 a 1
100 101 b 1
100 108 c 4
100 42 d 3
100 44 e 0
101 102 a 1
101 102 b 1
101 20 c 1
101 96 d 3
101 50 e 3
102 103 a 1
102 103 b 1
102 49 c 3
102 23 d 3
102 94 e 2
103 104 a 1
103 104 b 1
103 29 c 0
103 41 d 4
103 91 e 3
104 105 a 1
104 105 b 1
104 107 c 4
104 63 d 1
105 106 a 1
105 106 b 1
105 105 c 1
105 91 d 0
105 36 e 0
106 107 a 1
106 107 b 1
106 121 c 0
106 46 d 3
106 2 e 2
107 108 a 1
107 108 b 1
107 79 c 3
107 68 d 3
107 20 e 3
108 109 a 1
108 109 b 1
108 78 c 2
108 90 d 3
108 35 e 2
109 110 a 1
109 110 b 1
109 88 c 4
109 93 d 0
109 121 e 1
110 111 a 1
110 111 b 1
110 97 c 1
110 33 d 2
110 55 e 2
111 112 a 1
111 112 b 1
111 61 c 1
111 21 e 1
112 113 a 1
112 113 b 1
112 72 c 4
112 107 d 4
112 6 e 2
113 114 a 1
113 114 b 1
113 119 c 4
113 38 d 4
113 55 e 1
114 115 a 1
114 115 b 1
114 6 c 4
114 34 d 4
114 89 e 1
115 116 a 1
115 116 b 1
115 2 c 1
115 20 e 1
116 117 a 1
116 117 b 1
116 2 c 3
116 120 d 4
116 124 e 0
117 118 a 1
117 118 b 1
117 16 c 0
117 92 d 4
117 45 e 2
118 119 a 1
118 119 b 1
118 36 c 3
118 109 d 2
118 18 e 0
119 120 a 1
119 120 b 1
119 112 c 3
119 95 d 2
119 64 e 1
120 121 a 1
120 121 b 1
120 92 c 3
120 51 e 0
121 122 a 1
121 122 b 1
121 12 c 1
121 91 e 3
122 123 a 1
122 123 b 1
122 90 c 0
122 13 d 4
123 124 a 1
123 124 b 1
123 2 c 0
123 70 d 0
123 27 e 3
124 125 a 1
124 125 b 1
124 97 d 4
124 35 e 3
125 126 a 1
125 126 b 1
125 80 c 3
125 59 d 0
126 127 a 1
126 127 b 1
126 99 c 4
126 61 d 4
126 123 e 2
127 128 a 1
127 128 b 1
127 63 c 3
127 3 d 4
127 92 e 1
128 128 a 0
128 128 b 0
128 8 c 1
128 111 d 0
128 112 e 2

15 128 593 5 5 0
1 2 a 1
1 2 b 1
1 84 c 0
1 14 d 3
1 28 e 4
2 3 a 1
2 3 b 1
2 77 c 1
2 30 d 0
2 32 e 3
3 4 a 1
3 4 b 1
3 120 c 0
3 41 e 4
4 5 a 1
4 5 b 1
4 106 c 0
4 105 d 2
4 4 e 1
5 6 a 1
5 6 b 1
5 74 c 2
5 41 d 1
5 113 e 3
6 7 a 1
6 7 b 1
6 1 c 4
6 5 e 3
7 8 a 1
7 8 b 1
7 76 c 3
7 9 d 0
8 9 a 1
8 9 b 1
8 48 c 2
8 76 d 4
9 10 a 1
9 10 b 1
9 35 c 2
9 120 d 3
9 116 e 1
10 11 a 1
10 11 b 1
10 62 c 0
10 101 d 1
10 61 e 2
11 12 a 1
11 12 b 1
11 69 d 2
11 72 e 3
12 13 a 1
12 13 b 1
12 13 c 0
12 82 e 1
13 14 a 1
13 14 b 1
13 85 c 0
13 70 d 4
13 11 e 3
14 15 a 1
14 15 b 1
14 79 c 1
14 118 d 1
15 16 a 1
15 16 b 1
15 125 c 3
15 50 d 4
15 109 e 3
16 17 a 1
16 17 b 1
16 63 c 1
16 53 d 2
16 20 e 2
17 18 a 1
17 18 b 1
17 3 d 4
17 71 e 0
18 19 a 1
18 19 b 1
18 59 c 1
18 124 e 3
19 20 a 1
19 20 b 1
19 67 c 1
19 36 d 2
19 53 e 3
20 21 a 1
20 21 b 1
20 104 c 3
20 97 d 4
20 49 e 0
21 22 a 1
21 22 b 1
21 121 c 4
21 22 d 4
21 88 e 3
22 23 a 1
22 23 b 1
22 53 c 1
22 110 d 0
22 23 e 3
23 24 a 1
23 24 b 1
23 1 c 0
23 74 d 2
24 25 a 1
24 25 b 1
24 125 c 0
24 4 d 2
24 94 e 1
25 26 a 1
25 26 b 1
25 5 c 1
25 70 d 2
25 31 e 2
26 27 a 1
26 27 b 1
26 72 d 0
26 59 e 0
27 28 a 1
27 28 b 1
27 23 c 1
27 3 d 1
28 29 a 1
28 29 b 1
28 98 c 1
28 9 d 1
28 55 e 4
29 30 a 1
29 30 b 1
29 106 c 3
30 31 a 1
30 31 b 1
30 27 c 2
30 9 e 0
31 32 a 1
31 32 b 1
31 93 d 4
31 46 e 4
32 33 a 1
32 33 b 1
32 17 c 1
32 71 d 4
32 15 e 0
33 34 a 1
33 34 b 1
33 4 c 4
33 108 d 3
33 93 e 2
34 35 a 1
34 35 b 1
34 121 c 1
34 23 d 0
34 115 e 0
35 36 a 1
35 36 b 1
35 67 c 1
35 29 d 3
35 8 e 1
36 37 a 1
36 37 b 1
36 88 c 2
36 71 e 3
37 38 a 1
37 38 b 1
37 8 c 2
37 86 d 2
37 95 e 2
38 39 a 1
38 39 b 1
38 120 c 4
38 46 d 0
38 56 e 2
39 40 a 1
39 40 b 1
39 63 c 1
39 87 d 4
40 41 a 1
40 41 b 1
40 109 c 0
40 56 d 0
40 120 e 4
41 42 a 1
41 42 b 1
41 9 c 0
41 121 d 2
41 64 e 0
42 43 a 1
42 43 b 1
42 85 c 1
42 45 d 1
42 32 e 1
43 44 a 1
43 44 b 1
43 11 c 2
43 50 d 2
43 113 e 4
44 45 a 1
44 45 b 1
44 46 c 1
44 123 d 2
44 40 e 2
45 46 a 1
45 46 b 1
45 94 c 1
45 16 d 2
45 116 e 2
46 47 a 1
46 47 b 1
46 93 c 1
46 61 d 3
46 1 e 0
47 48 a 1
47 48 b 1
47 96 c 0
47 63 d 1
47 105 e 1
48 49 a 1
48 49 b 1
48 43 c 2
48 77 d 3
48 78 e 3
49 50 a 1
49 50 b 1
49 118 c 3
49 10 d 3
49 15 e 1
50 51 a 1
50 51 b 1
50 30 c 3
50 110 d 4
50 112 e 3
51 52 a 1
51 52 b 1
51 68 c 0
51 1 d 2
51 94 e 4
52 53 a 1
52 53 b 1
52 32 c 2
52 124 d 4
52 23 e 2
53 54 a 1
53 54 b 1
53 69 c 3
53 10 d 2
53 29 e 4
54 55 a 1
54 55 b 1
54 74 c 4
54 108 d 3
55 56 a 1
55 56 b 1
55 105 c 2
55 3 d 4
56 57 a 1
56 57 b 1
56 50 c 4
56 96 d 2
56 127 e 1
57 58 a 1
57 58 b 1
57 25 c 0
57 74 d 3
57 41 e 3
58 59 a 1
58 59 b 1
58 11 c 4
58 43 d 0
58 117 e 3
59 60 a 1
59 60 b 1
59 92 e 4
60 61 a 1
60 61 b 1
60 108 c 3
60 76 d 4
60 16 e 2
61 62 a 1
61 62 b 1
61 111 d 3
61 45 e 3
62 63 a 1
62 63 b 1
62 19 c 4
62 91 d 4
62 94 e 1
63 64 a 1
63 64 b 1
63 26 d 0
63 52 e 0
64 65 a 1
64 65 b 1
64 59 c 1
64 15 d 1
64 104 e 3
65 66 a 1
65 66 b 1
65 98 c 4
65 35 d 3
66 67 a 1
66 67 b 1
66 58 c 2
66 44 d 2
66 78 e 4
67 68 a 1
67 68 b 1
67 15 c 1
67 114 d 3
67 26 e 0
68 69 a 1
68 69 b 1
68 5 c 0
68 14 d 4
68 77 e 0
69 70 a 1
69 70 b 1
69 84 c 0
70 71 a 1
70 71 b 1
70 68 c 1
70 59 e 0
71 72 a 1
71 72 b 1
71 103 c 3
71 84 d 0
71 16 e 1
72 73 a 1
72 73 b 1
72 19 c 4
72 51 d 2
72 31 e 1
73 74 a 1
73 74 b 1
73 19 c 4
73 79 d 2
73 98 e 3
74 75 a 1
74 75 b 1
74 26 c 1
74 13 d 2
74 63 e 3
75 76 a 1
75 76 b 1
75 58 c 0
75 29 d 4
75 79 e 4
76 77 a 1
76 77 b 1
76 124 c 0
76 83 e 0
77 78 a 1
77 78 b 1
77 25 c 3
77 18 d 3
77 126 e 2
78 79 a 1
78 79 b 1
78 121 c 1
78 66 d 4
78 14 e 2
79 80 a 1
79 80 b 1
79 90 c 4
79 62 d 4
79 81 e 0
80 81 a 1
80 81 b 1
80 114 c 4
80 43 d 0
80 10 e 1
81 82 a 1
81 82 b 1
81 20 c 0
81 122 d 3
81 94 e 0
82 83 a 1
82 83 b 1
82 105 c 0
82 118 d 2
82 70 e 2
83 84 a 1
83 84 b 1
83 6 c 2
83 122 d 4
84 85 a 1
84 85 b 1
84 72 d 2
84 78 e 0
85 86 a 1
85 86 b 1
85 98 c 3
85 6 d 4
85 26 e 2
86 87 a 1
86 87 b 1
86 2 c 2
86 49 d 4
86 107 e 3
87 88 a 1
87 88 b 1
87 113 c 1
87 14 d 3
87 60 e 1
88 89 a 1
88 89 b 1
88 24 c 4
88 51 d 3
88 60 e 4
89 90 a 1
89 90 b 1
89 13 c 1
89 39 d 0
90 91 a 1
90 91 b 1
90 14 c 3
90 48 d 1
90 36 e 0
91 92 a 1
91 92 b 1
91 17 c 0
91 103 d 1
91 71 e 2
92 93 a 1
92 93 b 1
92 114 d 0
92 44 e 0
93 94 a 1
93 94 b 1
93 73 c 2
93 5 d 4
93 70 e 2
94 95 a 1
94 95 b 1
94 87 c 3
94 84 d 0
94 123 e 0
95 96 a 1
95 96 b 1
95 20 c 2
95 36 d 4
95 11 e 3
96 97 a 1
96 97 b 1
96 69 c 0
96 88 e 0
97 98 a 1
97 98 b 1
97 7 d 3
97 36 e 3
98 99 a 1
98 99 b 1
98 51 c 3
98 123 d 4
98 73 e 4
99 100 a 1
99 100 b 1
99 12 e 2
100 101 a 1
100 101 b 1
100 63 c 4
100 19 d 2
100 15 e 0
101 102 a 1
101 102 b 1
101 68 c 0
101 113 d 1
101 82 e 2
102 103 a 1
102 103 b 1
102 29 c 1
102 93 e 1
103 104 a 1
103 104 b 1
103 66 c 3
103 27 e 4
104 105 a 1
104 105 b 1
104 51 c 0
104 54 d 0
104 124 e 0
105 106 a 1
105 106 b 1
105 59 c 4
105 110 d 0
105 30 e 2
106 107 a 1
106 107 b 1
106 87 c 3
106 89 d 4
106 53 e 2
107 108 a 1
107 108 b 1
107 36 c 0
107 36 e 0
108 109 a 1
108 109 b 1
108 125 c 4
109 110 a 1
109 110 b 1
109 70 c 4
109 19 d 4
109 83 e 4
110 111 a 1
110 111 b 1
110 78 d 4
110 109 e 3
111 112 a 1
111 112 b 1
111 17 c 1
111 51 e 1
112 113 a 1
112 113 b 1
112 67 c 4
112 18 d 3
112 22 e 2
113 114 a 1
113 114 b 1
113 86 c 3
113 119 d 1
113 28 e 3
114 115 a 1
114 115 b 1
114 86 c 2
114 109 d 2
114 20 e 4
115 116 a 1
115 116 b 1
115 109 c 1
115 66 d 3
115 7 e 3
116 117 a 1
116 117 b 1
116 50 c 3
116 55 d 3
116 115 e 1
117 118 a 1
117 118 b 1
117 45 c 0
117 89 e 2
118 119 a 1
118 119 b 1
118 38 c 4
118 17 e 1
119 120 a 1
119 120 b 1
119 101 c 1
119 87 d 1
119 12 e 2
120 121 a 1
120 121 b 1
120 87 c 2
120 40 d 2
120 42 e 3
121 122 a 1
121 122 b 1
121 96 c 3
121 28 d 1
121 85 e 0
122 123 a 1
122 123 b 1
122 3 c 1
122 22 d 3
122 3 e 0
123 124 a 1
123 124 b 1
123 29 c 0
123 54 d 4
123 37 e 0
124 125 a 1
124 125 b 1
124 123 c 3
124 86 e 1
125 126 a 1
125 126 b 1
125 89 c 0
125 68 d 1
125 99 e 3
126 127 a 1
126 127 b 1
126 14 c 4
126 101 d 0
126 120 e 4
127 128 a 1
127 128 b 1
127 72 c 0
127 100 d 3
127 109 e 2
128 128 a 0
128 128 b 0
128 113 c 4
128 85 d 4
128 79 e 0

16 128 597 5 5 0
1 2 a 1
1 2 b 1
1 73 e 0
2 3 a 1
2 3 b 1
2 44 d 4
2 8 e 0
3 4 a 1
3 4 b 1
3 48 d 0
3 114 e 0
4 5 a 1
4 5 b 1
4 10 d 4
4 117 e 2
5 6 a 1
5 6 b 1
5 16 c 0
5 19 d 2
5 58 e 3
6 7 a 1
6 7 b 1
6 42 d 3
6 64 e 0
7 8 a 1
7 8 b 1
7 12 c 4
7 69 d 0
7 125 e 3
8 9 a 1
8 9 b 1
8 51 c 4
8 50 d 4
8 17 e 2
9 10 a 1
9 10 b 1
9 64 c 0
9 80 e 3
10 11 a 1
10 11 b 1
10 84 c 0
10 46 d 3
10 4 e 3
11 12 a 1
11 12 b 1
11 94 c 4
11 28 d 2
11 86 e 3
12 13 a 1
12 13 b 1
12 85 c 0
12 37 d 4
12 45 e 1
13 14 a 1
13 14 b 1
13 11 c 1
13 29 d 1
13 109 e 4
14 15 a 1
14 15 b 1
14 2 c 2
14 80 d 3
14 62 e 4
15 16 a 1
15 16 b 1
15 99 c 2
15 114 d 4
15 5 e 1
16 17 a 1
16 17 b 1
16 98 c 3
16 71 d 0
16 19 e 2
17 18 a 1
17 18 b 1
17 24 c 3
17 79 e 0
18 19 a 1
18 19 b 1
18 125 d 4
18 55 e 2
19 20 a 1
19 20 b 1
19 4 c 3
19 102 d 1
19 27 e 1
20 21 a 1
20 21 b 1
20 18 e 0
21 22 a 1
21 22 b 1
21 123 c 1
21 80 d 1
21 17 e 1
22 23 a 1
22 23 b 1
22 126 c 2
22 95 d 3
22 1 e 2
23 24 a 1
23 24 b 1
23 17 c 1
23 5 d 0
23 12 e 1
24 25 a 1
24 25 b 1
24 24 c 0
24 83 e 1
25 26 a 1
25 26 b 1
25 113 c 1
25 28 d 3
25 63 e 1
26 27 a 1
26 27 b 1
26 127 c 4
26 15 d 0
26 41 e 3
27 28 a 1
27 28 b 1
27 93 c 2
27 38 d 0
27 52 e 0
28 29 a 1
28 29 b 1
28 71 c 0
28 64 d 1
28 40 e 1
29 30 a 1
29 30 b 1
29 37 d 0
29 48 e 4
30 31 a 1
30 31 b 1
30 79 c 3
30 14 d 2
30 20 e 3
31 32 a 1
31 32 b 1
31 44 c 3
31 39 d 1
31 41 e 1
32 33 a 1
32 33 b 1
32 38 c 4
32 55 d 1
32 92 e 2
33 34 a 1
33 34 b 1
33 50 c 1
33 91 d 1
33 54 e 1
34 35 a 1
34 35 b 1
34 62 c 4
34 46 d 0
34 71 e 3
35 36 a 1
35 36 b 1
35 22 c 3
35 2 d 0
35 60 e 2
36 37 a 1
36 37 b 1
36 78 d 0
36 12 e 1
37 38 a 1
37 38 b 1
37 54 c 2
37 45 d 4
37 65 e 2
38 39 a 1
38 39 b 1
38 16 c 1
38 31 d 3
38 36 e 4
39 40 a 1
39 40 b 1
39 95 c 4
39 38 d 4
39 106 e 4
40 41 a 1
40 41 b 1
40 92 c 3
40 92 d 4
40 91 e 4
41 42 a 1
41 42 b 1
41 34 c 2
41 38 d 0
41 17 e 1
42 43 a 1
42 43 b 1
42 22 c 2
42 17 d 0
42 111 e 0
43 44 a 1
43 44 b 1
43 80 c 0
43 42 d 4
43 59 e 3
44 45 a 1
44 45 b 1
44 4 d 0
44 110 e 1
45 46 a 1
45 46 b 1
45 121 c 0
45 111 d 4
45 66 e 4
46 47 a 1
46 47 b 1
46 8 c 1
46 53 d 1
46 67 e 4
47 48 a 1
47 48 b 1
47 64 c 2
47 89 d 2
48 49 a 1
48 49 b 1
48 30 c 4
48 94 d 3
48 19 e 1
49 50 a 1
49 50 b 1
49 86 d 4
49 19 e 4
50 51 a 1
50 51 b 1
50 90 c 2
50 9 d 4
51 52 a 1
51 52 b 1
51 97 c 2
51 13 d 4
51 87 e 3
52 53 a 1
52 53 b 1
52 127 c 4
52 24 d 4
52 126 e 4
53 54 a 1
53 54 b 1
53 62 c 3
53 4 d 4
54 55 a 1
54 55 b 1
54 21 c 0
54 1 d 1
54 117 e 0
55 56 a 1
55 56 b 1
55 111 c 0
55 22 d 3
56 57 a 1
56 57 b 1
56 11 c 1
56 104 d 0
56 60 e 3
57 58 a 1
57 58 b 1
57 110 c 0
57 91 d 4
57 121 e 2
58 59 a 1
58 59 b 1
58 18 c 1
58 118 d 3
58 80 e 4
59 60 a 1
59 60 b 1
59 98 c 4
59 8 d 4
59 16 e 2
60 61 a 1
60 61 b 1
60 92 c 0
60 11 d 2
60 81 e 4
61 62 a 1
61 62 b 1
61 23 c 4
61 26 d 1
61 29 e 4
62 63 a 1
62 63 b 1
62 50 c 2
62 47 d 4
62 84 e 3
63 64 a 1
63 64 b 1
63 14 c 4
63 116 d 1
63 40 e 1
64 65 a 1
64 65 b 1
64 12 c 4
64 36 d 0
64 114 e 3
65 66 a 1
65 66 b 1
65 34 c 4
65 82 d 0
65 127 e 0
66 67 a 1
66 67 b 1
66 46 c 4
66 33 d 1
66 73 e 2
67 68 a 1
67 68 b 1
67 35 c 0
67 11 d 0
67 66 e 0
68 69 a 1
68 69 b 1
68 6 d 1
68 90 e 3
69 70 a 1
69 70 b 1
69 103 c 2
69 108 d 2
69 54 e 2
70 71 a 1
70 71 b 1
70 81 c 1
70 6 d 3
70 65 e 1
71 72 a 1
71 72 b 1
71 67 c 4
71 118 d 4
71 69 e 3
72 73 a 1
72 73 b 1
72 94 c 4
72 97 e 0
73 74 a 1
73 74 b 1
73 4 c 3
73 69 d 2
73 63 e 3
74 75 a 1
74 75 b 1
74 20 d 0
74 78 e 0
75 76 a 1
75 76 b 1
75 91 c 0
75 106 d 1
75 101 e 2
76 77 a 1
76 77 b 1
76 81 c 0
76 127 d 3
76 78 e 1
77 78 a 1
77 78 b 1
77 77 c 4
77 86 d 2
77 18 e 3
78 79 a 1
78 79 b 1
78 51 c 3
78 91 d 2
78 68 e 4
79 80 a 1
79 80 b 1
79 5 c 2
79 116 d 3
79 38 e 3
80 81 a 1
80 81 b 1
80 15 c 2
80 54 d 3
80 99 e 3
81 82 a 1
81 82 b 1
81 58 c 2
81 78 d 2
81 30 e 1
82 83 a 1
82 83 b 1
82 51 d 3
82 43 e 0
83 84 a 1
83 84 b 1
83 113 c 4
83 28 d 0
83 123 e 3
84 85 a 1
84 85 b 1
84 66 c 1
84 38 d 4
84 58 e 1
85 86 a 1
85 86 b 1
85 5 c 4
85 37 e 1
86 87 a 1
86 87 b 1
86 120 c 3
86 117 d 1
86 24 e 3
87 88 a 1
87 88 b 1
87 84 c 1
87 102 d 3
87 45 e 4
88 89 a 1
88 89 b 1
88 110 d 0
88 94 e 3
89 90 a 1
89 90 b 1
89 30 c 2
89 46 d 4
89 55 e 2
90 91 a 1
90 91 b 1
90 40 c 3
90 57 e 1
91 92 a 1
91 92 b 1
91 77 c 0
91 100 d 4
91 85 e 1
92 93 a 1
92 93 b 1
92 19 c 3
92 20 d 4
93 94 a 1
93 94 b 1
93 58 c 1
93 106 e 3
94 95 a 1
94 95 b 1
94 52 c 4
94 10 d 1
94 51 e 2
95 96 a 1
95 96 b 1
95 56 c 2
95 98 d 1
96 97 a 1
96 97 b 1
96 125 c 2
96 122 d 4
96 95 e 0
97 98 a 1
97 98 b 1
97 69 c 3
97 62 d 3
97 65 e 1
98 99 a 1
98 99 b 1
98 109 c 4
98 43 d 3
98 33 e 3
99 100 a 1
99 100 b 1
99 69 c 1
99 124 d 2
99 56 e 0
100 101 a 1
100 101 b 1
100 49 c 2
100 118 d 4
100 55 e 3
101 102 a 1
101 102 b 1
101 25 c 0
101 96 d 3
101 104 e 1
102 103 a 1
102 103 b 1
102 44 c 3
102 97 d 1
102 19 e 3
103 104 a 1
103 104 b 1
103 92 d 0
104 105 a 1
104 105 b 1
104 119 c 0
104 83 d 3
104 90 e 3
105 106 a 1
105 106 b 1
105 18 c 2
105 60 d 0
105 75 e 0
106 107 a 1
106 107 b 1
106 6 c 3
106 25 d 2
106 40 e 1
107 108 a 1
107 108 b 1
107 76 c 3
107 77 d 1
108 109 a 1
108 109 b 1
108 103 c 3
108 105 d 0
108 21 e 3
109 110 a 1
109 110 b 1
109 23 c 3
109 111 d 1
109 117 e 4
110 111 a 1
110 111 b 1
110 51 c 2
110 84 d 0
110 46 e 3
111 112 a 1
111 112 b 1
111 10 c 2
111 13 d 2
111 118 e 3
112 113 a 1
112 113 b 1
112 101 c 1
112 9 d 0
112 39 e 2
113 114 a 1
113 114 b 1
113 92 d 2
113 102 e 0
114 115 a 1
114 115 b 1
114 64 d 0
115 116 a 1
115 116 b 1
115 11 c 4
115 5 d 2
116 117 a 1
116 117 b 1
116 73 d 0
116 47 e 4
117 118 a 1
117 118 b 1
117 74 c 4
117 73 d 1
117 9 e 4
118 119 a 1
118 119 b 1
118 29 c 0
118 126 d 0
118 48 e 0
119 120 a 1
119 120 b 1
119 29 c 0
119 58 e 3
120 121 a 1
120 121 b 1
120 47 d 4
120 41 e 2
121 122 a 1
121 122 b 1
121 28 e 4
122 123 a 1
122 123 b 1
122 16 c 4
122 48 d 4
122 33 e 1
123 124 a 1
123 124 b 1
123 51 c 1
123 51 d 2
123 22 e 1
124 125 a 1
124 125 b 1
124 11 c 1
124 68 d 0
124 101 e 0
125 126 a 1
125 126 b 1
125 89 c 3
125 38 d 4
125 80 e 1
126 127 a 1
126 127 b 1
126 16 c 2
126 49 d 2
126 47 e 3
127 128 a 1
127 128 b 1
127 62 c 1
127 1 d 0
127 86 e 0
128 128 a 0
128 128 b 0
128 2 d 0
128 85 e 1

17 128 596 5 5 0
1 2 a 1
1 2 b 1
1 62 c 4
1 123 d 3
1 108 e 2
2 3 a 1
2 3 b 1
2 120 c 4
2 94 d 4
2 5 e 2
3 4 a 1
3 4 b 1
3 77 c 4
3 81 d 3
3 3 e 2
4 5 a 1
4 5 b 1
4 74 c 3
4 107 d 0
5 6 a 1
5 6 b 1
5 20 c 1
5 109 d 0
5 30 e 0
6 7 a 1
6 7 b 1
6 8 c 1
6 18 d 0
6 73 e 1
7 8 a 1
7 8 b 1
7 19 c 1
7 73 d 4
8 9 a 1
8 9 b 1
8 97 c 4
8 72 e 2
9 10 a 1
9 10 b 1
9 33 c 4
9 91 d 2
9 22 e 4
10 11 a 1
10 11 b 1
10 49 c 0
10 70 d 0
10 116 e 3
11 12 a 1
11 12 b 1
11 46 c 2
11 8 d 3
11 56 e 2
12 13 a 1
12 13 b 1
12 101 c 1
12 48 d 4
12 47 e 2
13 14 a 1
13 14 b 1
13 92 c 2
13 109 d 3
13 112 e 0
14 15 a 1
14 15 b 1
14 86 c 3
14 88 d 1
14 101 e 4
15 16 a 1
15 16 b 1
15 12 d 2
15 103 e 4
16 17 a 1
16 17 b 1
16 95 c 1
16 59 d 2
16 96 e 2
17 18 a 1
17 18 b 1
17 18 c 1
17 68 d 0
18 19 a 1
18 19 b 1
18 21 c 2
18 54 d 0
18 112 e 0
19 20 a 1
19 20 b 1
19 121 c 2
19 116 e 4
20 21 a 1
20 21 b 1
20 37 c 1
20 24 e 3
21 22 a 1
21 22 b 1
21 5 c 4
21 11 d 2
21 9 e 1
22 23 a 1
22 23 b 1
22 119 c 0
22 73 d 2
23 24 a 1
23 24 b 1
23 67 c 1
23 108 d 2
23 10 e 0
24 25 a 1
24 25 b 1
24 80 c 4
24 125 d 4
25 26 a 1
25 26 b 1
25 7 c 0
25 95 d 3
25 122 e 3
26 27 a 1
26 27 b 1
26 109 c 1
26 68 d 2
26 121 e 2
27 28 a 1
27 28 b 1
27 7 c 4
27 48 d 2
27 114 e 0
28 29 a 1
28 29 b 1
28 50 c 0
28 39 e 4
29 30 a 1
29 30 b 1
29 55 c 4
29 53 d 1
29 86 e 0
30 31 a 1
30 31 b 1
30 108 c 0
30 15 d 0
30 10 e 1
31 32 a 1
31 32 b 1
31 118 c 0
31 45 d 0
31 61 e 3
32 33 a 1
32 33 b 1
32 83 c 1
32 40 d 3
32 95 e 2
33 34 a 1
33 34 b 1
33 75 c 4
33 10 d 3
33 35 e 3
34 35 a 1
34 35 b 1
34 115 c 4
34 1 d 2
34 115 e 0
35 36 a 1
35 36 b 1
35 79 c 1
35 45 d 1
35 62 e 0
36 37 a 1
36 37 b 1
36 14 c 1
36 79 d 2
36 92 e 1
37 38 a 1
37 38 b 1
37 50 c 3
37 13 d 4
38 39 a 1
38 39 b 1
38 62 c 2
38 34 e 1
39 40 a 1
39 40 b 1
39 50 c 2
39 33 d 2
39 56 e 4
40 41 a 1
40 41 b 1
40 13 c 2
40 93 d 3
40 115 e 1
41 42 a 1
41 42 b 1
41 46 c 3
41 106 d 3
41 13 e 2
42 43 a 1
42 43 b 1
42 74 c 2
42 32 d 4
42 18 e 2
43 44 a 1
43 44 b 1
43 23 c 4
43 17 d 2
43 17 e 2
44 45 a 1
44 45 b 1
44 114 c 4
44 100 d 2
44 50 e 4
45 46 a 1
45 46 b 1
45 15 d 2
45 115 e 2
46 47 a 1
46 47 b 1
46 114 d 4
46 121 e 0
47 48 a 1
47 48 b 1
47 81 c 3
47 87 d 3
47 20 e 3
48 49 a 1
48 49 b 1
48 6 c 2
48 100 d 4
48 94 e 0
49 50 a 1
49 50 b 1
49 70 c 4
49 57 d 3
49 88 e 1
50 51 a 1
50 51 b 1
50 95 c 1
50 126 d 2
50 10 e 2
51 52 a 1
51 52 b 1
51 8 c 2
51 11 d 1
51 85 e 4
52 53 a 1
52 53 b 1
52 80 c 0
52 111 d 1
52 10 e 3
53 54 a 1
53 54 b 1
53 77 c 4
53 113 d 0
53 87 e 0
54 55 a 1
54 55 b 1
54 44 c 4
54 103 e 0
55 56 a 1
55 56 b 1
55 76 c 1
55 72 d 4
55 116 e 1
56 57 a 1
56 57 b 1
56 109 d 0
56 6 e 0
57 58 a 1
57 58 b 1
57 49 c 1
57 103 d 1
57 83 e 3
58 59 a 1
58 59 b 1
58 118 c 1
58 45 e 4
59 60 a 1
59 60 b 1
59 54 c 1
59 33 d 4
59 47 e 4
60 61 a 1
60 61 b 1
60 107 c 1
60 104 d 4
60 65 e 2
61 62 a 1
61 62 b 1
61 71 c 4
61 103 d 2
61 91 e 4
62 63 a 1
62 63 b 1
62 23 c 1
62 124 d 1
62 117 e 0
63 64 a 1
63 64 b 1
63 45 c 2
63 41 d 0
63 90 e 1
64 65 a 1
64 65 b 1
64 106 d 3
64 18 e 1
65 66 a 1
65 66 b 1
65 34 c 1
65 110 d 3
65 78 e 0
66 67 a 1
66 67 b 1
66 122 c 2
66 92 d 4
66 79 e 1
67 68 a 1
67 68 b 1
67 73 c 1
67 45 d 1
67 69 e 3
68 69 a 1
68 69 b 1
68 26 c 3
68 32 d 1
68 1 e 3
69 70 a 1
69 70 b 1
69 48 c 4
69 8 d 4
69 54 e 3
70 71 a 1
70 71 b 1
70 97 c 2
70 41 d 0
71 72 a 1
71 72 b 1
71 61 c 1
71 17 d 3
71 53 e 1
72 73 a 1
72 73 b 1
72 101 c 3
72 61 d 1
72 19 e 3
73 74 a 1
73 74 b 1
73 105 c 0
73 11 e 0
74 75 a 1
74 75 b 1
74 80 d 4
74 23 e 2
75 76 a 1
75 76 b 1
75 116 c 3
75 96 d 2
75 4 e 4
76 77 a 1
76 77 b 1
76 38 c 1
76 54 d 4
77 78 a 1
77 78 b 1
77 75 c 4
77 44 d 0
77 83 e 3
78 79 a 1
78 79 b 1
78 43 c 0
78 26 d 0
78 29 e 2
79 80 a 1
79 80 b 1
79 11 c 0
79 8 d 2
79 61 e 3
80 81 a 1
80 81 b 1
80 49 c 4
80 64 d 0
81 82 a 1
81 82 b 1
81 27 d 1
81 40 e 0
82 83 a 1
82 83 b 1
82 75 c 0
82 119 d 0
82 56 e 1
83 84 a 1
83 84 b 1
83 57 c 1
83 117 e 4
84 85 a 1
84 85 b 1
84 71 c 1
84 1 d 0
84 78 e 0
85 86 a 1
85 86 b 1
85 55 c 3
85 9 d 1
85 73 e 2
86 87 a 1
86 87 b 1
86 104 c 2
86 46 d 1
87 88 a 1
87 88 b 1
87 45 c 0
87 77 d 4
87 97 e 4
88 89 a 1
88 89 b 1
88 43 c 4
88 29 d 2
88 22 e 0
89 90 a 1
89 90 b 1
89 36 c 2
89 5 d 2
89 31 e 3
90 91 a 1
90 91 b 1
90 81 c 4
90 97 d 4
90 87 e 3
91 92 a 1
91 92 b 1
91 69 c 4
91 67 d 1
91 18 e 3
92 93 a 1
92 93 b 1
92 119 c 2
93 94 a 1
93 94 b 1
93 12 c 3
93 60 d 3
93 21 e 4
94 95 a 1
94 95 b 1
94 50 c 4
94 74 d 0
94 123 e 1
95 96 a 1
95 96 b 1
95 24 c 4
95 28 d 4
96 97 a 1
96 97 b 1
96 46 c 1
96 92 d 4
96 40 e 1
97 98 a 1
97 98 b 1
97 20 c 1
97 33 d 4
97 60 e 3
98 99 a 1
98 99 b 1
98 22 d 1
98 121 e 3
99 100 a 1
99 100 b 1
99 103 c 0
99 27 d 4
100 101 a 1
100 101 b 1
100 80 c 0
100 9 d 2
100 36 e 0
101 102 a 1
101 102 b 1
101 84 c 2
101 125 d 2
101 94 e 3
102 103 a 1
102 103 b 1
102 68 c 1
102 105 d 0
102 18 e 1
103 104 a 1
103 104 b 1
103 96 c 0
103 13 d 2
103 10 e 2
104 105 a 1
104 105 b 1
104 113 c 2
104 82 d 3
105 106 a 1
105 106 b 1
105 27 c 4
105 80 d 2
105 125 e 0
106 107 a 1
106 107 b 1
106 113 c 0
106 81 e 2
107 108 a 1
107 108 b 1
107 31 c 3
107 90 d 0
107 117 e 2
108 109 a 1
108 109 b 1
108 81 c 2
108 61 d 3
108 16 e 2
109 110 a 1
109 110 b 1
109 63 c 1
109 36 d 4
110 111 a 1
110 111 b 1
110 72 c 2
110 49 d 3
110 66 e 2
111 112 a 1
111 112 b 1
111 125 d 2
111 41 e 0
112 113 a 1
112 113 b 1
112 122 c 2
112 68 e 1
113 114 a 1
113 114 b 1
113 9 c 4
113 96 d 3
113 45 e 4
114 115 a 1
114 115 b 1
114 30 c 1
114 42 d 4
115 116 a 1
115 116 b 1
115 56 c 0
115 97 d 0
115 117 e 1
116 117 a 1
116 117 b 1
116 22 c 2
116 102 e 1
117 118 a 1
117 118 b 1
117 5 c 4
117 101 d 4
117 23 e 1
118 119 a 1
118 119 b 1
118 17 c 3
118 113 e 0
119 120 a 1
119 120 b 1
119 53 d 0
119 78 e 3
120 121 a 1
120 121 b 1
120 77 c 0
120 65 d 2
120 113 e 0
121 122 a 1
121 122 b 1
121 40 c 3
122 123 a 1
122 123 b 1
122 90 c 4
122 91 d 0
122 122 e 3
123 124 a 1
123 124 b 1
123 104 c 0
123 70 d 4
123 26 e 3
124 125 a 1
124 125 b 1
124 65 c 0
124 102 d 4
124 68 e 3
125 126 a 1
125 126 b 1
125 24 c 1
125 43 d 4
125 112 e 4
126 127 a 1
126 127 b 1
126 51 c 1
126 45 d 4
126 47 e 0
127 128 a 1
127 128 b 1
127 60 c 4
127 67 d 2
127 80 e 4
128 128 a 0
128 128 b 0
128 110 d 1

18 128 598 5 5 0
1 2 a 1
1 2 b 1
1 2 c 3
1 57 d 2
1 43 e 0
2 3 a 1
2 3 b 1
2 29 d 2
2 74 e 2
3 4 a 1
3 4 b 1
3 73 c 3
3 126 d 1
3 101 e 3
4 5 a 1
4 5 b 1
4 20 c 4
4 98 d 0
4 113 e 0
5 6 a 1
5 6 b 1
5 121 c 1
5 107 d 1
5 47 e 1
6 7 a 1
6 7 b 1
6 43 c 3
6 88 d 2
7 8 a 1
7 8 b 1
7 10 c 4
7 104 d 2
7 45 e 3
8 9 a 1
8 9 b 1
8 21 c 0
8 14 d 0
8 30 e 2
9 10 a 1
9 10 b 1
9 48 d 0
9 15 e 3
10 11 a 1
10 11 b 1
10 113 c 4
10 54 d 2
10 50 e 0
11 12 a 1
11 12 b 1
11 111 c 4
11 116 e 2
12 13 a 1
12 13 b 1
12 102 c 3
12 11 d 2
12 88 e 0
13 14 a 1
13 14 b 1
13 23 c 1
13 87 d 2
13 37 e 1
14 15 a 1
14 15 b 1
14 111 c 1
14 124 d 3
14 78 e 4
15 16 a 1
15 16 b 1
15 50 d 1
15 51 e 1
16 17 a 1
16 17 b 1
16 106 c 2
16 17 d 0
16 73 e 1
17 18 a 1
17 18 b 1
17 3 c 0
17 104 d 1
17 57 e 4
18 19 a 1
18 19 b 1
18 96 c 0
18 72 e 0
19 20 a 1
19 20 b 1
19 84 d 1
19 108 e 3
20 21 a 1
20 21 b 1
20 29 c 2
20 30 d 4
20 90 e 2
21 22 a 1
21 22 b 1
21 79 c 2
21 120 e 2
22 23 a 1
22 23 b 1
22 18 c 3
22 92 d 1
22 95 e 0
23 24 a 1
23 24 b 1
23 103 c 4
23 96 d 0
24 25 a 1
24 25 b 1
24 115 c 0
24 91 d 0
24 35 e 1
25 26 a 1
25 26 b 1
25 66 c 3
25 18 d 3
25 55 e 4
26 27 a 1
26 27 b 1
26 112 c 1
26 24 d 1
27 28 a 1
27 28 b 1
27 123 c 1
27 107 d 1
27 72 e 1
28 29 a 1
28 29 b 1
28 17 c 1
28 8 d 1
28 36 e 0
29 30 a 1
29 30 b 1
29 68 c 3
29 127 d 1
29 109 e 2
30 31 a 1
30 31 b 1
30 96 c 4
30 4 d 2
30 39 e 2
31 32 a 1
31 32 b 1
31 78 d 3
31 115 e 3
32 33 a 1
32 33 b 1
32 120 c 2
32 77 d 4
32 7 e 2
33 34 a 1
33 34 b 1
33 32 c 2
33 78 d 4
33 20 e 2
34 35 a 1
34 35 b 1
34 103 c 4
34 40 d 1
34 48 e 0
35 36 a 1
35 36 b 1
35 104 c 1
35 95 d 3
35 58 e 3
36 37 a 1
36 37 b 1
36 21 c 4
36 85 d 1
36 97 e 3
37 38 a 1
37 38 b 1
37 19 c 4
37 8 e 2
38 39 a 1
38 39 b 1
38 57 c 0
38 116 d 3
38 39 e 2
39 40 a 1
39 40 b 1
39 33 c 1
39 27 d 0
39 122 e 3
40 41 a 1
40 41 b 1
40 126 c 0
40 31 d 0
40 85 e 0
41 42 a 1
41 42 b 1
41 122 c 0
41 94 d 1
41 116 e 0
42 43 a 1
42 43 b 1
42 57 c 2
42 98 d 1
42 96 e 3
43 44 a 1
43 44 b 1
43 15 c 1
43 64 d 2
43 46 e 2
44 45 a 1
44 45 b 1
44 2 d 3
44 35 e 1
45 46 a 1
45 46 b 1
45 47 c 0
45 7 d 3
45 95 e 3
46 47 a 1
46 47 b 1
46 70 c 2
46 120 d 4
46 99 e 3
47 48 a 1
47 48 b 1
47 52 c 0
47 19 d 0
47 57 e 0
48 49 a 1
48 49 b 1
48 69 c 1
48 115 d 1
48 122 e 3
49 50 a 1
49 50 b 1
49 102 c 4
49 85 d 2
50 51 a 1
50 51 b 1
50 79 e 0
51 52 a 1
51 52 b 1
51 111 d 0
51 115 e 2
52 53 a 1
52 53 b 1
52 83 c 0
52 78 e 1
53 54 a 1
53 54 b 1
53 102 c 2
53 13 d 2
53 43 e 3
54 55 a 1
54 55 b 1
54 75 c 0
54 92 d 2
54 33 e 1
55 56 a 1
55 56 b 1
55 109 c 1
55 43 d 0
55 113 e 0
56 57 a 1
56 57 b 1
56 37 d 1
56 109 e 1
57 58 a 1
57 58 b 1
57 16 c 1
57 24 d 3
57 34 e 0
58 59 a 1
58 59 b 1
58 83 c 2
58 80 d 2
58 27 e 2
59 60 a 1
59 60 b 1
59 63 c 2
59 71 d 0
59 127 e 3
60 61 a 1
60 61 b 1
60 69 c 3
60 92 e 2
61 62 a 1
61 62 b 1
61 34 c 0
61 3 d 1
61 13 e 0
62 63 a 1
62 63 b 1
62 97 c 2
62 17 d 1
62 63 e 4
63 64 a 1
63 64 b 1
63 52 c 0
63 33 d 2
63 11 e 0
64 65 a 1
64 65 b 1
64 42 c 3
64 20 d 2
64 54 e 1
65 66 a 1
65 66 b 1
65 75 c 1
65 49 d 2
66 67 a 1
66 67 b 1
66 104 c 4
66 121 d 2
66 9 e 0
67 68 a 1
67 68 b 1
67 110 c 3
67 91 d 1
67 106 e 3
68 69 a 1
68 69 b 1
68 4 c 3
68 48 d 1
68 121 e 3
69 70 a 1
69 70 b 1
69 63 e 3
70 71 a 1
70 71 b 1
70 82 c 0
70 101 e 0
71 72 a 1
71 72 b 1
71 114 c 0
71 55 d 2
71 71 e 1
72 73 a 1
72 73 b 1
72 98 c 1
72 64 d 3
72 100 e 2
73 74 a 1
73 74 b 1
73 79 d 0
73 107 e 0
74 75 a 1
74 75 b 1
74 14 c 1
74 25 e 2
75 76 a 1
75 76 b 1
75 19 c 0
75 3 e 2
76 77 a 1
76 77 b 1
76 42 c 0
76 62 d 1
76 5 e 0
77 78 a 1
77 78 b 1
77 101 c 3
77 106 d 3
77 110 e 3
78 79 a 1
78 79 b 1
78 23 c 3
78 77 d 2
78 64 e 3
79 80 a 1
79 80 b 1
79 86 c 2
79 103 d 4
79 121 e 1
80 81 a 1
80 81 b 1
80 52 c 3
80 9 d 2
80 102 e 2
81 82 a 1
81 82 b 1
81 58 d 2
81 122 e 1
82 83 a 1
82 83 b 1
82 105 c 1
82 85 d 2
82 21 e 1
83 84 a 1
83 84 b 1
83 41 c 3
83 71 d 4
83 118 e 0
84 85 a 1
84 85 b 1
84 73 c 2
84 85 d 0
84 18 e 4
85 86 a 1
85 86 b 1
85 76 d 1
85 90 e 0
86 87 a 1
86 87 b 1
86 88 c 1
86 69 d 0
86 73 e 1
87 88 a 1
87 88 b 1
87 74 c 1
87 42 d 2
87 2 e 3
88 89 a 1
88 89 b 1
88 22 c 0
88 69 d 3
88 14 e 3
89 90 a 1
89 90 b 1
89 4 c 2
89 75 e 1
90 91 a 1
90 91 b 1
90 35 c 3
90 103 d 2
90 121 e 1
91 92 a 1
91 92 b 1
91 18 c 0
91 105 d 0
91 94 e 2
92 93 a 1
92 93 b 1
92 11 c 3
92 125 d 3
92 73 e 1
93 94 a 1
93 94 b 1
93 45 c 2
93 111 d 4
93 41 e 4
94 95 a 1
94 95 b 1
94 38 c 3
94 85 d 2
94 119 e 4
95 96 a 1
95 96 b 1
95 23 c 1
95 106 d 0
95 7 e 2
96 97 a 1
96 97 b 1
96 90 c 2
96 27 d 1
96 82 e 0
97 98 a 1
97 98 b 1
97 9 c 2
97 26 e 4
98 99 a 1
98 99 b 1
98 56 c 2
98 89 e 1
99 100 a 1
99 100 b 1
99 24 d 4
99 36 e 2
100 101 a 1
100 101 b 1
100 112 c 1
100 5 d 2
100 110 e 2
101 102 a 1
101 102 b 1
101 31 c 4
101 106 d 3
101 105 e 4
102 103 a 1
102 103 b 1
102 125 c 1
102 44 e 4
103 104 a 1
103 104 b 1
103 75 c 1
103 112 d 0
103 33 e 4
104 105 a 1
104 105 b 1
104 120 c 1
104 87 d 1
104 18 e 0
105 106 a 1
105 106 b 1
105 44 d 1
105 102 e 0
106 107 a 1
106 107 b 1
106 66 c 0
106 65 d 3
106 31 e 2
107 108 a 1
107 108 b 1
107 120 c 2
107 121 d 2
107 88 e 2
108 109 a 1
108 109 b 1
108 32 c 3
108 39 d 3
108 81 e 1
109 110 a 1
109 110 b 1
109 102 c 2
109 120 d 1
109 112 e 3
110 111 a 1
110 111 b 1
110 106 c 0
110 32 d 4
110 81 e 3
111 112 a 1
111 112 b 1
111 107 d 2
111 73 e 0
112 113 a 1
112 113 b 1
112 33 c 4
112 60 d 2
113 114 a 1
113 114 b 1
113 11 c 3
113 116 d 3
113 115 e 1
114 115 a 1
114 115 b 1
114 27 c 4
114 102 d 0
114 80 e 4
115 116 a 1
115 116 b 1
115 66 c 3
115 16 e 1
116 117 a 1
116 117 b 1
116 35 c 1
116 2 d 3
116 119 e 4
117 118 a 1
117 118 b 1
117 100 c 0
117 7 d 2
117 116 e 2
118 119 a 1
118 119 b 1
118 16 c 2
118 98 d 4
118 8 e 4
119 120 a 1
119 120 b 1
119 27 c 3
119 90 d 0
119 98 e 4
120 121 a 1
120 121 b 1
121 122 a 1
121 122 b 1
121 40 c 3
121 24 e 2
122 123 a 1
122 123 b 1
122 98 c 0
122 40 d 4
122 122 e 1
123 124 a 1
123 124 b 1
123 83 c 3
123 28 d 4
123 42 e 3
124 125 a 1
124 125 b 1
124 73 c 0
124 91 d 2
124 20 e 3
125 126 a 1
125 126 b 1
125 120 c 2
125 90 d 4
125 92 e 4
126 127 a 1
126 127 b 1
126 103 c 2
126 47 d 4
126 16 e 2
127 128 a 1
127 128 b 1
127 16 c 1
127 47 d 2
127 126 e 0
128 128 a 0
128 128 b 0
128 12 c 1
128 33 d 3
128 65 e 4

19 128 602 5 5 0
1 2 a 1
1 2 b 1
1 95 c 3
1 100 d 3
1 63 e 2
2 3 a 1
2 3 b 1
2 60 c 4
2 117 d 2
2 105 e 3
3 4 a 1
3 4 b 1
3 17 e 0
4 5 a 1
4 5 b 1
4 66 c 3
4 102 d 1
4 75 e 0
5 6 a 1
5 6 b 1
5 98 c 2
5 105 d 0
5 66 e 3
6 7 a 1
6 7 b 1
6 6 d 1
6 105 e 1
7 8 a 1
7 8 b 1
7 12 c 1
7 18 d 4
7 3 e 2
8 9 a 1
8 9 b 1
8 110 c 0
8 57 d 3
8 84 e 1
9 10 a 1
9 10 b 1
9 71 c 2
9 127 d 1
9 12 e 0
10 11 a 1
10 11 b 1
10 38 c 3
10 15 d 1
10 92 e 0
11 12 a 1
11 12 b 1
11 22 c 0
11 89 d 1
11 103 e 1
12 13 a 1
12 13 b 1
12 79 c 2
12 115 d 4
13 14 a 1
13 14 b 1
13 34 c 4
13 26 e 2
14 15 a 1
14 15 b 1
14 2 c 3
14 73 d 3
14 123 e 0
15 16 a 1
15 16 b 1
15 46 c 3
15 17 d 2
15 60 e 1
16 17 a 1
16 17 b 1
16 25 c 2
16 120 d 2
16 25 e 0
17 18 a 1
17 18 b 1
17 60 c 3
17 12 d 1
17 105 e 1
18 19 a 1
18 19 b 1
18 118 c 2
18 31 d 0
19 20 a 1
19 20 b 1
19 14 d 0
19 84 e 0
20 21 a 1
20 21 b 1
20 112 c 1
21 22 a 1
21 22 b 1
21 56 c 0
21 81 d 2
21 29 e 3
22 23 a 1
22 23 b 1
22 69 c 2
22 41 d 2
22 101 e 4
23 24 a 1
23 24 b 1
23 82 c 0
23 98 d 4
23 46 e 4
24 25 a 1
24 25 b 1
24 1 c 4
24 110 d 4
24 33 e 4
25 26 a 1
25 26 b 1
25 4 c 3
25 125 d 4
25 14 e 3
26 27 a 1
26 27 b 1
26 75 c 1
26 82 d 2
26 7 e 1
27 28 a 1
27 28 b 1
27 81 c 1
27 65 d 3
27 63 e 2
28 29 a 1
28 29 b 1
28 45 c 1
28 96 d 1
28 74 e 0
29 30 a 1
29 30 b 1
29 75 d 3
29 35 e 3
30 31 a 1
30 31 b 1
30 71 c 3
30 58 d 2
31 32 a 1
31 32 b 1
31 8 c 3
31 22 d 4
31 124 e 4
32 33 a 1
32 33 b 1
32 82 d 0
32 79 e 3
33 34 a 1
33 34 b 1
33 55 c 3
33 111 e 4
34 35 a 1
34 35 b 1
34 33 e 3
35 36 a 1
35 36 b 1
35 97 c 3
35 91 e 1
36 37 a 1
36 37 b 1
36 93 c 2
36 70 d 4
36 32 e 4
37 38 a 1
37 38 b 1
37 63 c 2
37 2 d 4
37 14 e 2
38 39 a 1
38 39 b 1
38 43 c 3
38 99 d 3
38 41 e 3
39 40 a 1
39 40 b 1
39 92 c 1
39 97 d 1
39 9 e 1
40 41 a 1
40 41 b 1
40 79 d 3
40 98 e 4
41 42 a 1
41 42 b 1
41 100 c 3
41 3 d 3
41 13 e 3
42 43 a 1
42 43 b 1
42 113 c 2
42 67 d 3
42 103 e 1
43 44 a 1
43 44 b 1
43 25 c 0
43 94 d 2
43 80 e 4
44 45 a 1
44 45 b 1
44 3 c 1
44 87 d 2
44 33 e 4
45 46 a 1
45 46 b 1
45 63 c 4
45 89 d 4
45 59 e 2
46 47 a 1
46 47 b 1
46 32 c 2
46 82 e 3
47 48 a 1
47 48 b 1
47 93 c 2
47 117 d 3
48 49 a 1
48 49 b 1
48 89 c 1
48 24 d 0
48 20 e 2
49 50 a 1
49 50 b 1
49 11 c 1
49 9 e 4
50 51 a 1
50 51 b 1
50 47 d 2
50 58 e 1
51 52 a 1
51 52 b 1
51 92 c 1
51 18 d 4
51 78 e 1
52 53 a 1
52 53 b 1
52 46 c 1
52 82 d 4
52 49 e 4
53 54 a 1
53 54 b 1
53 5 c 0
53 32 e 0
54 55 a 1
54 55 b 1
54 113 c 0
54 106 d 0
54 27 e 3
55 56 a 1
55 56 b 1
55 12 c 0
55 80 d 1
55 17 e 1
56 57 a 1
56 57 b 1
56 72 c 1
56 75 d 1
56 19 e 3
57 58 a 1
57 58 b 1
57 94 c 1
57 31 d 4
57 91 e 1
58 59 a 1
58 59 b 1
58 121 c 4
58 119 d 0
58 64 e 2
59 60 a 1
59 60 b 1
59 43 c 2
59 120 d 0
59 91 e 1
60 61 a 1
60 61 b 1
60 51 c 4
60 100 d 4
60 80 e 1
61 62 a 1
61 62 b 1
61 122 c 0
61 32 d 1
62 63 a 1
62 63 b 1
62 88 c 4
62 73 d 2
62 2 e 2
63 64 a 1
63 64 b 1
63 25 c 1
63 33 d 1
63 28 e 4
64 65 a 1
64 65 b 1
64 118 c 2
64 100 e 1
65 66 a 1
65 66 b 1
65 123 c 0
65 65 d 1
65 65 e 4
66 67 a 1
66 67 b 1
66 35 d 3
66 13 e 4
67 68 a 1
67 68 b 1
67 20 c 3
67 29 e 2
68 69 a 1
68 69 b 1
68 46 c 3
68 97 d 0
68 56 e 3
69 70 a 1
69 70 b 1
69 105 c 1
69 36 d 0
69 27 e 0
70 71 a 1
70 71 b 1
70 60 d 3
70 120 e 1
71 72 a 1
71 72 b 1
71 65 c 3
71 56 d 1
71 43 e 3
72 73 a 1
72 73 b 1
72 118 c 0
72 84 d 0
72 121 e 4
73 74 a 1
73 74 b 1
73 78 c 4
73 64 d 4
73 126 e 4
74 75 a 1
74 75 b 1
74 73 c 2
74 39 e 4
75 76 a 1
75 76 b 1
75 114 c 0
75 57 e 0
76 77 a 1
76 77 b 1
76 57 c 4
76 105 d 1
76 72 e 0
77 78 a 1
77 78 b 1
77 39 c 4
77 74 d 1
77 91 e 0
78 79 a 1
78 79 b 1
78 113 c 4
78 53 d 1
78 2 e 3
79 80 a 1
79 80 b 1
79 9 c 0
79 71 d 4
80 81 a 1
80 81 b 1
80 25 c 1
80 50 d 1
80 108 e 1
81 82 a 1
81 82 b 1
81 42 c 0
81 68 d 2
81 109 e 4
82 83 a 1
82 83 b 1
82 7 c 0
82 111 d 3
82 51 e 3
83 84 a 1
83 84 b 1
83 18 c 0
83 32 d 3
83 90 e 2
84 85 a 1
84 85 b 1
84 99 c 1
84 23 d 4
84 6 e 1
85 86 a 1
85 86 b 1
85 45 c 1
85 107 d 2
85 116 e 1
86 87 a 1
86 87 b 1
86 62 c 3
86 103 d 2
86 71 e 2
87 88 a 1
87 88 b 1
87 59 c 1
87 13 d 3
87 112 e 3
88 89 a 1
88 89 b 1
88 121 c 2
88 85 d 0
88 1 e 1
89 90 a 1
89 90 b 1
89 114 c 0
89 80 d 4
89 98 e 0
90 91 a 1
90 91 b 1
90 114 c 4
90 60 d 1
90 58 e 4
91 92 a 1
91 92 b 1
91 81 c 3
91 121 e 2
92 93 a 1
92 93 b 1
92 79 d 2
92 18 e 3
93 94 a 1
93 94 b 1
93 3 c 4
93 38 d 0
93 22 e 4
94 95 a 1
94 95 b 1
94 38 c 3
94 28 d 4
94 110 e 2
95 96 a 1
95 96 b 1
95 64 c 3
95 84 d 4
95 7 e 2
96 97 a 1
96 97 b 1
96 70 c 3
96 79 d 2
96 62 e 4
97 98 a 1
97 98 b 1
97 98 c 1
97 7 d 2
97 95 e 3
98 99 a 1
98 99 b 1
98 75 c 3
98 72 d 2
98 52 e 2
99 100 a 1
99 100 b 1
99 106 c 3
99 11 d 2
99 81 e 0
100 101 a 1
100 101 b 1
100 60 c 1
100 103 d 4
100 103 e 4
101 102 a 1
101 102 b 1
101 104 d 2
101 97 e 1
102 103 a 1
102 103 b 1
102 26 c 2
102 119 d 1
102 93 e 3
103 104 a 1
103 104 b 1
103 96 c 4
103 63 d 2
103 72 e 1
104 105 a 1
104 105 b 1
104 123 d 0
105 106 a 1
105 106 b 1
105 62 c 2
105 39 d 3
105 56 e 2
106 107 a 1
106 107 b 1
106 27 c 1
106 20 d 1
106 117 e 3
107 108 a 1
107 108 b 1
107 16 c 4
107 45 d 0
108 109 a 1
108 109 b 1
108 43 c 1
108 120 d 2
108 8 e 2
109 110 a 1
109 110 b 1
109 32 c 4
109 41 d 2
109 45 e 4
110 111 a 1
110 111 b 1
110 14 c 3
110 127 d 4
110 93 e 2
111 112 a 1
111 112 b 1
111 43 c 4
111 9 d 2
111 89 e 1
112 113 a 1
112 113 b 1
112 31 c 2
112 123 d 3
112 35 e 3
113 114 a 1
113 114 b 1
113 78 c 3
113 119 d 2
113 65 e 0
114 115 a 1
114 115 b 1
114 19 c 0
114 8 d 3
114 51 e 2
115 116 a 1
115 116 b 1
115 71 c 3
115 45 d 1
115 80 e 4
116 117 a 1
116 117 b 1
116 39 c 2
116 63 d 1
116 45 e 1
117 118 a 1
117 118 b 1
117 94 c 1
117 117 d 0
117 88 e 0
118 119 a 1
118 119 b 1
118 117 c 3
118 91 d 1
118 64 e 2
119 120 a 1
119 120 b 1
119 4 c 1
119 73 d 0
119 1 e 4
120 121 a 1
120 121 b 1
120 21 c 2
120 7 d 0
120 18 e 2
121 122 a 1
121 122 b 1
121 78 d 4
121 62 e 3
122 123 a 1
122 123 b 1
122 86 c 2
122 106 d 4
122 95 e 3
123 124 a 1
123 124 b 1
123 25 c 3
123 20 d 4
123 82 e 2
124 125 a 1
124 125 b 1
124 99 c 2
124 12 d 1
124 44 e 2
125 126 a 1
125 126 b 1
125 124 c 2
125 126 d 0
125 14 e 0
126 127 a 1
126 127 b 1
126 75 c 3
126 54 d 2
126 64 e 4
127 128 a 1
127 128 b 1
127 125 c 0
127 110 d 1
127 115 e 4
128 128 a 0
128 128 b 0
128 114 d 0
128 30 e 4

20 128 599 5 5 0
1 2 a 1
1 2 b 1
1 2 c 0
1 58 d 1
1 119 e 0
2 3 a 1
2 3 b 1
2 93 c 0
2 19 d 1
2 35 e 4
3 4 a 1
3 4 b 1
3 23 c 4
3 124 d 0
3 51 e 4
4 5 a 1
4 5 b 1
4 101 c 2
4 66 d 3
4 54 e 0
5 6 a 1
5 6 b 1
5 83 c 3
5 83 d 1
5 25 e 0
6 7 a 1
6 7 b 1
6 125 d 4
6 37 e 3
7 8 a 1
7 8 b 1
7 90 c 0
7 82 d 0
7 23 e 2
8 9 a 1
8 9 b 1
8 126 c 4
8 24 d 2
8 4 e 4
9 10 a 1
9 10 b 1
9 20 c 3
9 21 d 3
9 101 e 1
10 11 a 1
10 11 b 1
10 51 c 4
10 76 d 3
10 92 e 3
11 12 a 1
11 12 b 1
11 73 c 0
11 56 d 1
11 126 e 2
12 13 a 1
12 13 b 1
12 3 c 3
12 124 d 4
12 32 e 2
13 14 a 1
13 14 b 1
13 28 c 3
13 74 d 0
13 70 e 4
14 15 a 1
14 15 b 1
14 5 c 0
14 97 d 2
14 20 e 4
15 16 a 1
15 16 b 1
15 35 c 2
15 108 d 2
15 114 e 1
16 17 a 1
16 17 b 1
16 108 c 3
16 89 d 3
16 22 e 1
17 18 a 1
17 18 b 1
17 84 c 3
17 16 d 3
17 63 e 2
18 19 a 1
18 19 b 1
18 13 c 1
18 71 d 1
18 34 e 1
19 20 a 1
19 20 b 1
19 120 c 4
19 86 d 2
19 101 e 2
20 21 a 1
20 21 b 1
20 46 d 0
21 22 a 1
21 22 b 1
21 102 e 2
22 23 a 1
22 23 b 1
22 76 c 3
22 112 d 0
22 91 e 0
23 24 a 1
23 24 b 1
23 41 c 2
23 42 d 2
23 55 e 4
24 25 a 1
24 25 b 1
24 108 c 3
24 40 d 3
24 56 e 0
25 26 a 1
25 26 b 1
25 73 c 2
25 97 d 0
25 24 e 2
26 27 a 1
26 27 b 1
26 58 d 3
27 28 a 1
27 28 b 1
27 7 c 3
27 45 d 2
27 116 e 1
28 29 a 1
28 29 b 1
28 27 c 1
28 53 d 1
28 68 e 1
29 30 a 1
29 30 b 1
29 112 c 3
29 8 d 1
29 114 e 1
30 31 a 1
30 31 b 1
30 61 c 2
30 94 d 1
30 47 e 0
31 32 a 1
31 32 b 1
31 62 d 0
31 60 e 3
32 33 a 1
32 33 b 1
32 54 c 1
32 20 d 4
32 28 e 0
33 34 a 1
33 34 b 1
33 40 c 3
34 35 a 1
34 35 b 1
34 79 c 0
34 76 e 2
35 36 a 1
35 36 b 1
35 83 c 0
35 92 d 3
35 19 e 4
36 37 a 1
36 37 b 1
36 94 c 1
36 98 d 4
37 38 a 1
37 38 b 1
37 103 c 2
37 104 d 3
37 22 e 0
38 39 a 1
38 39 b 1
38 1 c 2
38 4 d 3
38 82 e 0
39 40 a 1
39 40 b 1
39 127 c 4
39 88 d 1
39 82 e 0
40 41 a 1
40 41 b 1
40 102 d 3
40 14 e 2
41 42 a 1
41 42 b 1
41 85 c 2
41 95 d 3
41 45 e 3
42 43 a 1
42 43 b 1
42 99 c 2
42 95 d 3
42 96 e 4
43 44 a 1
43 44 b 1
43 19 c 1
43 34 d 0
43 68 e 2
44 45 a 1
44 45 b 1
44 22 c 1
44 29 d 4
44 7 e 3
45 46 a 1
45 46 b 1
45 126 c 2
45 49 d 1
46 47 a 1
46 47 b 1
46 108 c 2
46 58 d 0
46 95 e 4
47 48 a 1
47 48 b 1
47 28 c 2
47 85 d 2
48 49 a 1
48 49 b 1
48 7 c 2
48 53 d 4
48 27 e 4
49 50 a 1
49 50 b 1
49 107 c 1
49 91 d 3
49 51 e 4
50 51 a 1
50 51 b 1
50 6 c 1
50 10 d 4
50 62 e 2
51 52 a 1
51 52 b 1
51 97 c 1
51 65 e 2
52 53 a 1
52 53 b 1
52 57 e 2
53 54 a 1
53 54 b 1
53 88 d 3
53 45 e 1
54 55 a 1
54 55 b 1
54 41 c 0
54 26 d 4
54 89 e 1
55 56 a 1
55 56 b 1
55 113 c 0
55 4 d 4
55 8 e 1
56 57 a 1
56 57 b 1
56 92 c 3
56 27 e 4
57 58 a 1
57 58 b 1
57 36 c 0
57 103 d 1
57 115 e 4
58 59 a 1
58 59 b 1
58 50 c 4
58 106 d 4
58 38 e 3
59 60 a 1
59 60 b 1
59 89 d 4
59 126 e 2
60 61 a 1
60 61 b 1
60 28 c 2
60 50 d 2
60 34 e 3
61 62 a 1
61 62 b 1
61 57 c 3
61 36 d 2
61 53 e 4
62 63 a 1
62 63 b 1
62 90 c 0
63 64 a 1
63 64 b 1
63 4 c 1
63 14 d 3
63 77 e 3
64 65 a 1
64 65 b 1
64 1 c 2
64 75 d 3
64 100 e 1
65 66 a 1
65 66 b 1
65 122 c 2
65 87 d 0
65 34 e 4
66 67 a 1
66 67 b 1
66 78 c 3
66 41 d 4
66 57 e 3
67 68 a 1
67 68 b 1
67 9 c 4
67 29 d 3
67 3 e 2
68 69 a 1
68 69 b 1
68 48 c 2
68 111 d 3
68 82 e 0
69 70 a 1
69 70 b 1
69 10 d 3
70 71 a 1
70 71 b 1
70 6 c 1
70 107 d 1
70 22 e 2
71 72 a 1
71 72 b 1
71 87 e 0
72 73 a 1
72 73 b 1
72 98 c 3
72 35 d 3
72 111 e 0
73 74 a 1
73 74 b 1
73 120 c 3
73 54 d 0
73 6 e 4
74 75 a 1
74 75 b 1
74 65 c 3
74 77 d 4
74 40 e 4
75 76 a 1
75 76 b 1
75 102 c 2
75 101 d 3
75 19 e 0
76 77 a 1
76 77 b 1
76 10 c 0
76 10 d 3
76 54 e 1
77 78 a 1
77 78 b 1
77 88 c 4
77 86 e 0
78 79 a 1
78 79 b 1
78 51 c 1
79 80 a 1
79 80 b 1
79 118 c 4
79 31 d 0
79 41 e 4
80 81 a 1
80 81 b 1
80 93 c 2
80 49 d 0
80 35 e 4
81 82 a 1
81 82 b 1
81 123 c 0
81 44 e 3
82 83 a 1
82 83 b 1
82 5 c 2
82 119 d 4
82 12 e 2
83 84 a 1
83 84 b 1
83 16 c 3
83 36 d 1
83 37 e 1
84 85 a 1
84 85 b 1
84 108 c 1
84 3 d 0
84 105 e 2
85 86 a 1
85 86 b 1
85 16 c 4
85 95 d 0
85 97 e 4
86 87 a 1
86 87 b 1
86 47 c 4
86 13 d 3
86 112 e 3
87 88 a 1
87 88 b 1
87 24 c 1
87 95 d 1
87 106 e 2
88 89 a 1
88 89 b 1
88 125 c 4
88 47 d 3
88 60 e 1
89 90 a 1
89 90 b 1
89 89 c 3
89 97 d 0
89 103 e 0
90 91 a 1
90 91 b 1
90 64 c 0
90 52 d 0
90 61 e 0
91 92 a 1
91 92 b 1
91 88 c 4
91 119 d 2
91 19 e 2
92 93 a 1
92 93 b 1
92 56 c 2
92 122 d 2
92 30 e 3
93 94 a 1
93 94 b 1
93 25 c 4
93 109 d 3
93 54 e 2
94 95 a 1
94 95 b 1
94 97 c 2
94 5 d 2
94 32 e 3
95 96 a 1
95 96 b 1
95 68 c 1
95 30 d 2
95 120 e 0
96 97 a 1
96 97 b 1
96 50 c 3
96 1 d 4
96 110 e 2
97 98 a 1
97 98 b 1
97 113 c 4
97 33 d 0
97 16 e 3
98 99 a 1
98 99 b 1
98 121 d 0
98 95 e 3
99 100 a 1
99 100 b 1
99 36 c 1
99 108 e 3
100 101 a 1
100 101 b 1
100 41 c 1
100 58 d 1
100 47 e 1
101 102 a 1
101 102 b 1
101 7 c 2
101 46 e 1
102 103 a 1
102 103 b 1
102 44 c 4
102 82 d 4
102 60 e 4
103 104 a 1
103 104 b 1
103 54 c 1
103 93 d 4
103 103 e 2
104 105 a 1
104 105 b 1
104 1 c 3
104 94 d 3
104 74 e 0
105 106 a 1
105 106 b 1
105 124 c 4
105 43 d 4
105 64 e 2
106 107 a 1
106 107 b 1
106 73 c 2
106 84 d 2
106 121 e 3
107 108 a 1
107 108 b 1
107 31 c 0
107 91 d 0
107 9 e 2
108 109 a 1
108 109 b 1
108 63 c 2
108 38 d 3
108 108 e 3
109 110 a 1
109 110 b 1
109 82 c 4
109 64 e 3
110 111 a 1
110 111 b 1
110 60 d 2
110 38 e 1
111 112 a 1
111 112 b 1
111 34 d 4
111 72 e 2
112 113 a 1
112 113 b 1
112 16 c 3
112 90 d 2
112 67 e 1
113 114 a 1
113 114 b 1
113 97 c 2
113 1 d 4
113 122 e 1
114 115 a 1
114 115 b 1
114 101 c 4
114 7 d 1
114 125 e 2
115 116 a 1
115 116 b 1
115 87 d 4
115 25 e 2
116 117 a 1
116 117 b 1
116 43 c 1
116 4 d 0
116 52 e 4
117 118 a 1
117 118 b 1
117 13 c 2
117 105 d 0
117 50 e 2
118 119 a 1
118 119 b 1
118 80 c 1
118 4 d 0
118 22 e 0
119 120 a 1
119 120 b 1
119 118 c 4
119 120 d 4
119 69 e 2
120 121 a 1
120 121 b 1
120 54 c 0
120 86 e 1
121 122 a 1
121 122 b 1
121 75 c 1
121 16 d 2
121 75 e 0
122 123 a 1
122 123 b 1
122 6 c 3
122 42 d 4
122 110 e 2
123 124 a 1
123 124 b 1
123 112 c 0
123 44 d 0
123 62 e 1
124 125 a 1
124 125 b 1
124 62 d 2
124 97 e 0
125 126 a 1
125 126 b 1
125 126 d 3
125 112 e 0
126 127 a 1
126 127 b 1
126 118 c 0
126 103 d 4
126 44 e 1
127 128 a 1
127 128 b 1
127 76 c 0
127 114 d 3
127 53 e 2
128 128 a 0
128 128 b 0
128 53 c 0
128 28 d 4
128 66 e 2

21 128 599 5 5 0
1 2 a 1
1 2 b 1
1 47 c 3
1 76 d 4
1 61 e 2
2 3 a 1
2 3 b 1
2 75 c 3
2 85 d 2
2 36 e 0
3 4 a 1
3 4 b 1
3 96 c 3
3 54 d 1
3 84 e 1
4 5 a 1
4 5 b 1
4 15 c 3
4 99 d 1
4 37 e 3
5 6 a 1
5 6 b 1
5 60 c 3
5 2 d 4
5 118 e 3
6 7 a 1
6 7 b 1
6 103 c 4
6 53 d 2
6 118 e 3
7 8 a 1
7 8 b 1
7 84 c 4
7 11 d 2
7 60 e 3
8 9 a 1
8 9 b 1
8 74 c 3
8 60 d 0
8 48 e 3
9 10 a 1
9 10 b 1
9 64 c 1
9 48 d 4
9 125 e 2
10 11 a 1
10 11 b 1
10 108 c 3
10 73 d 4
11 12 a 1
11 12 b 1
11 11 c 0
11 109 d 0
12 13 a 1
12 13 b 1
12 101 c 1
12 54 d 4
12 46 e 1
13 14 a 1
13 14 b 1
13 74 c 2
13 106 e 3
14 15 a 1
14 15 b 1
14 86 c 1
14 90 d 1
14 98 e 1
15 16 a 1
15 16 b 1
15 96 c 0
15 75 d 3
15 76 e 2
16 17 a 1
16 17 b 1
16 44 d 4
16 109 e 1
17 18 a 1
17 18 b 1
17 64 c 1
17 120 d 3
17 57 e 1
18 19 a 1
18 19 b 1
18 33 c 4
18 84 d 2
18 36 e 2
19 20 a 1
19 20 b 1
19 84 c 4
19 26 d 0
19 119 e 3
20 21 a 1
20 21 b 1
20 123 c 1
20 95 d 1
21 22 a 1
21 22 b 1
21 80 c 3
21 66 d 4
21 13 e 0
22 23 a 1
22 23 b 1
22 44 c 4
22 41 d 2
22 46 e 4
23 24 a 1
23 24 b 1
23 9 c 0
23 123 e 1
24 25 a 1
24 25 b 1
24 64 c 4
24 18 d 0
24 32 e 2
25 26 a 1
25 26 b 1
25 110 c 0
25 102 d 0
25 60 e 2
26 27 a 1
26 27 b 1
26 67 d 2
27 28 a 1
27 28 b 1
27 65 c 0
27 25 d 2
27 117 e 2
28 29 a 1
28 29 b 1
28 104 c 0
28 108 d 3
29 30 a 1
29 30 b 1
29 78 c 3
29 19 d 4
29 98 e 1
30 31 a 1
30 31 b 1
30 110 c 3
30 111 d 1
30 8 e 3
31 32 a 1
31 32 b 1
31 116 c 3
31 8 d 4
32 33 a 1
32 33 b 1
32 1 c 4
32 108 d 3
32 46 e 4
33 34 a 1
33 34 b 1
33 19 c 3
33 88 e 3
34 35 a 1
34 35 b 1
34 52 c 4
34 111 d 4
34 55 e 1
35 36 a 1
35 36 b 1
35 48 c 3
35 55 d 0
35 114 e 4
36 37 a 1
36 37 b 1
36 57 c 4
37 38 a 1
37 38 b 1
37 80 c 0
37 20 d 4
37 113 e 0
38 39 a 1
38 39 b 1
38 79 c 4
38 11 d 3
38 33 e 2
39 40 a 1
39 40 b 1
39 48 d 0
39 114 e 1
40 41 a 1
40 41 b 1
40 41 d 3
41 42 a 1
41 42 b 1
41 96 c 1
41 65 d 2
42 43 a 1
42 43 b 1
42 39 c 1
42 109 d 1
42 94 e 2
43 44 a 1
43 44 b 1
43 27 c 0
43 57 d 1
43 111 e 3
44 45 a 1
44 45 b 1
44 67 c 3
44 111 d 0
44 116 e 3
45 46 a 1
45 46 b 1
45 82 c 1
45 91 d 3
45 17 e 3
46 47 a 1
46 47 b 1
46 43 c 2
46 78 d 3
46 75 e 2
47 48 a 1
47 48 b 1
47 4 c 1
47 123 d 4
47 71 e 0
48 49 a 1
48 49 b 1
48 37 c 3
48 95 d 2
48 94 e 0
49 50 a 1
49 50 b 1
49 94 c 4
49 51 d 2
49 35 e 0
50 51 a 1
50 51 b 1
50 92 c 2
50 14 d 0
50 15 e 2
51 52 a 1
51 52 b 1
51 89 c 0
51 33 d 1
51 95 e 2
52 53 a 1
52 53 b 1
52 16 c 4
52 58 d 1
52 80 e 0
53 54 a 1
53 54 b 1
53 101 d 2
53 13 e 4
54 55 a 1
54 55 b 1
54 77 c 2
54 4 d 4
54 88 e 4
55 56 a 1
55 56 b 1
55 56 c 4
55 92 d 3
55 80 e 4
56 57 a 1
56 57 b 1
56 26 c 2
56 68 d 1
56 118 e 0
57 58 a 1
57 58 b 1
57 23 c 0
57 31 d 4
57 2 e 3
58 59 a 1
58 59 b 1
58 13 c 0
58 104 e 1
59 60 a 1
59 60 b 1
59 41 c 0
59 11 d 3
59 61 e 0
60 61 a 1
60 61 b 1
60 18 c 4
60 90 d 0
60 92 e 3
61 62 a 1
61 62 b 1
61 24 c 2
61 117 d 2
61 16 e 2
62 63 a 1
62 63 b 1
62 20 c 4
62 92 d 0
62 29 e 0
63 64 a 1
63 64 b 1
63 55 c 0
64 65 a 1
64 65 b 1
64 114 c 1
64 72 d 3
64 76 e 1
65 66 a 1
65 66 b 1
65 56 c 4
65 127 d 0
65 1 e 4
66 67 a 1
66 67 b 1
66 65 c 2
66 33 d 3
66 92 e 4
67 68 a 1
67 68 b 1
67 53 c 3
67 36 d 3
67 21 e 3
68 69 a 1
68 69 b 1
68 101 c 4
68 66 d 3
68 6 e 1
69 70 a 1
69 70 b 1
69 37 c 3
69 73 d 2
69 79 e 4
70 71 a 1
70 71 b 1
70 91 c 3
70 102 e 0
71 72 a 1
71 72 b 1
71 42 c 3
71 39 e 0
72 73 a 1
72 73 b 1
72 97 c 4
72 108 d 0
72 41 e 1
73 74 a 1
73 74 b 1
73 78 c 2
73 67 d 2
73 84 e 3
74 75 a 1
74 75 b 1
74 14 c 1
74 98 d 2
75 76 a 1
75 76 b 1
75 94 c 3
75 87 d 0
75 116 e 3
76 77 a 1
76 77 b 1
76 6 c 3
76 94 d 0
76 108 e 0
77 78 a 1
77 78 b 1
77 95 d 0
77 66 e 1
78 79 a 1
78 79 b 1
78 18 d 1
78 42 e 2
79 80 a 1
79 80 b 1
79 74 c 1
79 20 d 1
79 2 e 0
80 81 a 1
80 81 b 1
80 77 c 2
80 37 d 2
80 43 e 0
81 82 a 1
81 82 b 1
81 69 c 4
81 40 d 1
81 29 e 1
82 83 a 1
82 83 b 1
82 109 c 4
82 40 d 2
82 12 e 4
83 84 a 1
83 84 b 1
83 94 c 1
83 86 d 1
83 11 e 2
84 85 a 1
84 85 b 1
84 105 c 1
84 118 d 1
84 76 e 2
85 86 a 1
85 86 b 1
85 28 c 1
85 11 d 2
85 63 e 1
86 87 a 1
86 87 b 1
86 113 c 3
86 62 d 0
86 110 e 0
87 88 a 1
87 88 b 1
87 59 d 4
87 95 e 1
88 89 a 1
88 89 b 1
88 76 c 1
88 50 d 3
88 24 e 4
89 90 a 1
89 90 b 1
89 121 c 2
89 101 d 3
89 120 e 3
90 91 a 1
90 91 b 1
90 80 e 1
91 92 a 1
91 92 b 1
91 17 c 0
91 45 d 2
91 55 e 3
92 93 a 1
92 93 b 1
92 21 c 0
92 111 d 3
92 57 e 2
93 94 a 1
93 94 b 1
93 56 c 2
93 121 d 1
93 121 e 3
94 95 a 1
94 95 b 1
94 15 c 1
94 99 d 3
94 72 e 2
95 96 a 1
95 96 b 1
95 78 c 3
95 70 d 4
95 11 e 1
96 97 a 1
96 97 b 1
96 5 c 3
96 43 d 0
96 2 e 2
97 98 a 1
97 98 b 1
97 14 e 0
98 99 a 1
98 99 b 1
98 87 c 2
98 124 d 2
98 54 e 4
99 100 a 1
99 100 b 1
99 125 c 2
99 2 d 1
99 10 e 3
100 101 a 1
100 101 b 1
101 102 a 1
101 102 b 1
101 116 d 3
101 25 e 2
102 103 a 1
102 103 b 1
102 84 c 0
102 120 d 4
102 65 e 0
103 104 a 1
103 104 b 1
103 102 d 1
103 45 e 1
104 105 a 1
104 105 b 1
104 68 c 3
104 97 d 4
104 102 e 0
105 106 a 1
105 106 b 1
105 48 c 1
105 84 d 3
105 8 e 4
106 107 a 1
106 107 b 1
106 92 c 1
106 110 d 3
106 79 e 2
107 108 a 1
107 108 b 1
107 50 c 2
107 110 d 1
107 27 e 3
108 109 a 1
108 109 b 1
108 65 c 4
108 41 d 3
108 5 e 1
109 110 a 1
109 110 b 1
109 110 c 0
109 54 d 4
109 57 e 2
110 111 a 1
110 111 b 1
110 83 c 4
110 121 d 4
110 73 e 3
111 112 a 1
111 112 b 1
111 49 d 0
111 90 e 1
112 113 a 1
112 113 b 1
112 70 c 4
112 108 d 3
112 85 e 3
113 114 a 1
113 114 b 1
113 85 c 2
113 98 d 0
113 13 e 1
114 115 a 1
114 115 b 1
114 97 c 2
114 10 d 1
114 45 e 3
115 116 a 1
115 116 b 1
115 52 c 1
115 18 d 0
115 66 e 4
116 117 a 1
116 117 b 1
116 75 c 1
116 23 d 4
116 2 e 2
117 118 a 1
117 118 b 1
117 52 c 2
117 96 d 1
117 39 e 4
118 119 a 1
118 119 b 1
118 122 c 0
118 99 d 3
118 38 e 0
119 120 a 1
119 120 b 1
119 7 c 2
119 10 d 1
119 103 e 4
120 121 a 1
120 121 b 1
120 21 c 3
120 42 d 4
120 80 e 4
121 122 a 1
121 122 b 1
121 26 c 3
121 75 d 0
121 51 e 2
122 123 a 1
122 123 b 1
122 106 c 4
122 103 e 3
123 124 a 1
123 124 b 1
123 30 c 4
123 98 d 1
123 17 e 0
124 125 a 1
124 125 b 1
124 100 c 2
124 110 e 3
125 126 a 1
125 126 b 1
125 106 d 2
125 4 e 2
126 127 a 1
126 127 b 1
126 38 c 0
126 125 d 4
126 1 e 1
127 128 a 1
127 128 b 1
127 120 c 4
127 107 d 0
127 14 e 3
128 128 a 0
128 128 b 0
128 121 c 3
128 112 d 2

22 128 589 5 5 0
1 2 a 1
1 2 b 1
1 16 c 2
1 87 d 4
1 55 e 0
2 3 a 1
2 3 b 1
2 92 c 1
2 69 d 4
2 104 e 3
3 4 a 1
3 4 b 1
3 104 c 4
3 65 d 4
3 11 e 0
4 5 a 1
4 5 b 1
4 70 d 4
4 53 e 4
5 6 a 1
5 6 b 1
5 125 c 2
5 102 d 0
5 122 e 2
6 7 a 1
6 7 b 1
6 102 c 1
6 100 e 2
7 8 a 1
7 8 b 1
7 29 c 3
7 105 d 0
7 11 e 4
8 9 a 1
8 9 b 1
8 15 c 0
8 60 d 2
8 109 e 1
9 10 a 1
9 10 b 1
9 88 c 0
9 109 d 0
9 5 e 4
10 11 a 1
10 11 b 1
10 89 c 1
10 45 d 2
10 116 e 3
11 12 a 1
11 12 b 1
11 109 c 1
11 9 d 3
12 13 a 1
12 13 b 1
12 111 c 0
12 67 e 1
13 14 a 1
13 14 b 1
13 114 c 2
13 8 d 2
14 15 a 1
14 15 b 1
14 23 c 1
14 115 d 3
14 117 e 0
15 16 a 1
15 16 b 1
15 1 c 3
15 114 d 2
15 20 e 2
16 17 a 1
16 17 b 1
16 45 c 2
16 43 d 3
17 18 a 1
17 18 b 1
17 47 c 3
17 83 d 4
17 118 e 0
18 19 a 1
18 19 b 1
18 89 c 3
18 38 d 1
18 42 e 1
19 20 a 1
19 20 b 1
19 80 c 4
19 31 d 1
19 126 e 1
20 21 a 1
20 21 b 1
20 100 c 1
20 58 d 3
20 90 e 4
21 22 a 1
21 22 b 1
21 12 c 2
21 12 d 0
21 110 e 3
22 23 a 1
22 23 b 1
22 13 c 3
22 19 d 0
22 108 e 4
23 24 a 1
23 24 b 1
23 59 c 0
23 6 d 4
23 84 e 3
24 25 a 1
24 25 b 1
24 83 c 4
24 78 d 3
25 26 a 1
25 26 b 1
25 66 c 3
25 30 d 1
25 109 e 3
26 27 a 1
26 27 b 1
26 35 c 3
26 124 d 2
26 105 e 0
27 28 a 1
27 28 b 1
27 15 c 1
27 64 d 1
28 29 a 1
28 29 b 1
28 89 c 4
28 58 d 0
28 5 e 2
29 30 a 1
29 30 b 1
29 87 c 0
29 83 d 1
29 121 e 0
30 31 a 1
30 31 b 1
30 37 c 3
30 87 d 1
30 65 e 0
31 32 a 1
31 32 b 1
31 30 c 3
31 26 d 1
31 52 e 4
32 33 a 1
32 33 b 1
32 112 c 2
32 75 d 0
32 88 e 4
33 34 a 1
33 34 b 1
33 101 c 4
33 121 d 4
33 113 e 1
34 35 a 1
34 35 b 1
34 19 c 1
34 52 d 3
35 36 a 1
35 36 b 1
35 97 c 2
35 49 d 4
35 40 e 3
36 37 a 1
36 37 b 1
36 1 c 1
36 41 d 3
36 97 e 0
37 38 a 1
37 38 b 1
37 62 c 0
37 82 e 3
38 39 a 1
38 39 b 1
38 96 c 0
38 65 d 4
39 40 a 1
39 40 b 1
39 50 c 4
39 17 d 3
39 19 e 2
40 41 a 1
40 41 b 1
40 30 c 4
40 52 d 1
41 42 a 1
41 42 b 1
41 111 c 2
41 78 d 0
41 47 e 4
42 43 a 1
42 43 b 1
42 72 c 3
42 49 d 1
42 44 e 2
43 44 a 1
43 44 b 1
43 46 c 3
43 42 d 1
43 56 e 2
44 45 a 1
44 45 b 1
44 19 c 1
44 18 e 3
45 46 a 1
45 46 b 1
45 110 c 4
45 107 d 1
45 101 e 4
46 47 a 1
46 47 b 1
46 16 c 0
46 104 d 4
46 43 e 3
47 48 a 1
47 48 b 1
47 117 c 2
47 123 e 4
48 49 a 1
48 49 b 1
48 33 c 1
48 80 d 0
48 43 e 3
49 50 a 1
49 50 b 1
49 33 c 4
49 32 d 0
49 52 e 1
50 51 a 1
50 51 b 1
50 18 c 2
50 31 d 3
50 48 e 3
51 52 a 1
51 52 b 1
51 117 c 4
51 100 d 3
51 13 e 2
52 53 a 1
52 53 b 1
52 88 c 4
52 68 d 1
52 86 e 3
53 54 a 1
53 54 b 1
53 16 c 2
53 47 d 3
53 125 e 4
54 55 a 1
54 55 b 1
54 91 c 0
54 56 d 2
55 56 a 1
55 56 b 1
55 44 c 1
55 62 e 4
56 57 a 1
56 57 b 1
56 64 c 2
56 56 d 4
56 83 e 4
57 58 a 1
57 58 b 1
57 24 c 1
57 71 d 0
57 23 e 4
58 59 a 1
58 59 b 1
58 43 c 1
58 8 d 4
58 4 e 4
59 60 a 1
59 60 b 1
59 39 c 0
59 70 d 3
59 74 e 0
60 61 a 1
60 61 b 1
60 1 c 2
60 27 d 1
60 36 e 0
61 62 a 1
61 62 b 1
61 120 c 0
61 124 d 1
61 108 e 4
62 63 a 1
62 63 b 1
62 45 d 2
62 49 e 4
63 64 a 1
63 64 b 1
63 68 c 0
63 106 d 3
63 126 e 4
64 65 a 1
64 65 b 1
64 91 c 0
65 66 a 1
65 66 b 1
65 40 c 1
65 26 e 4
66 67 a 1
66 67 b 1
66 51 e 2
67 68 a 1
67 68 b 1
67 35 c 4
67 97 e 1
68 69 a 1
68 69 b 1
68 80 c 0
68 88 d 3
68 15 e 0
69 70 a 1
69 70 b 1
69 110 c 3
69 42 e 4
70 71 a 1
70 71 b 1
70 39 c 3
71 72 a 1
71 72 b 1
71 73 c 4
71 42 d 3
71 50 e 2
72 73 a 1
72 73 b 1
72 62 c 4
72 70 d 0
72 56 e 1
73 74 a 1
73 74 b 1
73 7 c 4
73 102 d 1
73 65 e 3
74 75 a 1
74 75 b 1
74 97 d 1
74 36 e 1
75 76 a 1
75 76 b 1
75 62 c 3
75 108 d 3
75 124 e 2
76 77 a 1
76 77 b 1
76 69 d 0
77 78 a 1
77 78 b 1
77 58 c 1
77 74 d 2
77 6 e 1
78 79 a 1
78 79 b 1
78 8 c 2
78 29 d 2
78 36 e 2
79 80 a 1
79 80 b 1
79 126 c 0
79 49 e 1
80 81 a 1
80 81 b 1
80 11 c 0
80 94 d 3
80 87 e 3
81 82 a 1
81 82 b 1
81 113 d 3
81 83 e 3
82 83 a 1
82 83 b 1
82 79 c 4
82 118 d 1
82 89 e 4
83 84 a 1
83 84 b 1
83 121 c 3
83 24 d 0
83 33 e 3
84 85 a 1
84 85 b 1
84 99 c 3
84 19 d 2
84 14 e 4
85 86 a 1
85 86 b 1
85 103 c 1
85 25 d 0
85 73 e 3
86 87 a 1
86 87 b 1
86 60 c 2
86 80 d 0
87 88 a 1
87 88 b 1
87 44 c 0
87 72 d 2
87 18 e 0
88 89 a 1
88 89 b 1
88 53 c 0
88 92 d 2
88 5 e 2
89 90 a 1
89 90 b 1
89 115 c 3
89 26 d 0
89 110 e 1
90 91 a 1
90 91 b 1
90 82 c 2
90 69 e 4
91 92 a 1
91 92 b 1
91 47 d 4
92 93 a 1
92 93 b 1
92 77 c 1
92 5 d 0
92 56 e 3
93 94 a 1
93 94 b 1
93 10 c 0
93 76 e 4
94 95 a 1
94 95 b 1
94 98 c 2
94 10 d 2
95 96 a 1
95 96 b 1
95 110 c 4
95 3 d 3
95 69 e 0
96 97 a 1
96 97 b 1
96 92 c 2
96 44 d 4
96 5 e 1
97 98 a 1
97 98 b 1
97 29 d 4
97 83 e 3
98 99 a 1
98 99 b 1
98 83 d 0
98 9 e 2
99 100 a 1
99 100 b 1
99 35 c 0
99 123 e 3
100 101 a 1
100 101 b 1
100 6 c 1
100 115 d 3
100 36 e 0
101 102 a 1
101 102 b 1
101 68 c 1
101 76 d 3
101 9 e 0
102 103 a 1
102 103 b 1
102 36 c 2
102 30 d 2
102 73 e 3
103 104 a 1
103 104 b 1
103 25 d 4
103 124 e 1
104 105 a 1
104 105 b 1
104 58 c 1
104 44 d 2
105 106 a 1
105 106 b 1
105 22 c 4
105 91 d 3
105 91 e 1
106 107 a 1
106 107 b 1
106 117 c 0
106 91 d 2
106 95 e 2
107 108 a 1
107 108 b 1
107 33 c 3
108 109 a 1
108 109 b 1
108 58 c 2
108 44 d 2
108 68 e 1
109 110 a 1
109 110 b 1
109 72 c 0
109 124 d 3
109 127 e 3
110 111 a 1
110 111 b 1
110 86 c 4
110 57 d 0
110 55 e 1
111 112 a 1
111 112 b 1
111 11 c 2
111 71 d 1
111 107 e 4
112 113 a 1
112 113 b 1
112 64 c 3
112 114 d 0
113 114 a 1
113 114 b 1
113 116 c 0
113 112 e 2
114 115 a 1
114 115 b 1
114 95 c 1
114 41 d 1
114 35 e 1
115 116 a 1
115 116 b 1
115 124 c 0
115 1 e 4
116 117 a 1
116 117 b 1
116 72 d 4
116 84 e 2
117 118 a 1
117 118 b 1
117 87 c 3
117 20 d 4
117 117 e 2
118 119 a 1
118 119 b 1
118 14 c 2
119 120 a 1
119 120 b 1
119 26 c 0
119 97 d 1
119 69 e 0
120 121 a 1
120 121 b 1
120 104 c 3
120 61 d 2
120 61 e 2
121 122 a 1
121 122 b 1
121 122 d 4
121 113 e 3
122 123 a 1
122 123 b 1
122 47 c 2
122 36 d 4
122 83 e 1
123 124 a 1
123 124 b 1
123 5 c 3
123 83 d 1
123 14 e 1
124 125 a 1
124 125 b 1
124 108 c 1
124 31 d 2
124 11 e 3
125 126 a 1
125 126 b 1
125 62 c 1
125 65 d 2
125 53 e 2
126 127 a 1
126 127 b 1
126 16 c 4
126 43 d 4
126 98 e 0
127 128 a 1
127 128 b 1
127 19 c 1
127 113 d 3
127 107 e 1
128 128 a 0
128 128 b 0
128 79 c 1
128 92 d 3
128 98 e 3

23 128 589 5 5 0
1 2 a 1
1 2 b 1
1 13 d 1
1 82 e 0
2 3 a 1
2 3 b 1
2 54 c 3
2 113 d 0
2 37 e 2
3 4 a 1
3 4 b 1
3 9 c 0
3 68 d 1
3 105 e 3
4 5 a 1
4 5 b 1
4 26 c 2
4 113 d 3
4 55 e 1
5 6 a 1
5 6 b 1
5 92 c 0
5 16 d 3
5 67 e 1
6 7 a 1
6 7 b 1
6 107 c 1
6 14 d 4
6 104 e 1
7 8 a 1
7 8 b 1
7 19 d 4
7 67 e 0
8 9 a 1
8 9 b 1
8 89 c 3
8 65 d 1
8 77 e 1
9 10 a 1
9 10 b 1
9 54 c 2
9 48 d 2
9 63 e 2
10 11 a 1
10 11 b 1
10 125 c 1
10 26 d 2
10 79 e 3
11 12 a 1
11 12 b 1
11 68 c 2
11 58 d 0
11 70 e 2
12 13 a 1
12 13 b 1
12 96 c 3
12 98 d 1
12 39 e 2
13 14 a 1
13 14 b 1
13 56 c 2
13 97 d 1
13 9 e 1
14 15 a 1
14 15 b 1
14 24 c 1
14 13 d 2
14 96 e 4
15 16 a 1
15 16 b 1
15 43 c 4
15 55 d 0
15 66 e 0
16 17 a 1
16 17 b 1
16 122 c 1
16 116 d 4
16 112 e 0
17 18 a 1
17 18 b 1
17 23 c 0
17 97 d 1
17 44 e 2
18 19 a 1
18 19 b 1
18 25 c 1
18 70 e 2
19 20 a 1
19 20 b 1
19 126 c 4
19 38 d 1
19 65 e 2
20 21 a 1
20 21 b 1
20 109 c 1
20 97 d 4
20 33 e 4
21 22 a 1
21 22 b 1
21 88 c 4
21 74 d 1
21 91 e 1
22 23 a 1
22 23 b 1
22 21 c 0
22 66 d 4
22 112 e 4
23 24 a 1
23 24 b 1
23 38 d 2
23 90 e 0
24 25 a 1
24 25 b 1
24 80 c 2
24 47 d 3
25 26 a 1
25 26 b 1
25 122 c 4
25 60 d 2
25 117 e 0
26 27 a 1
26 27 b 1
26 34 d 0
26 89 e 1
27 28 a 1
27 28 b 1
27 5 c 0
27 75 d 2
27 8 e 0
28 29 a 1
28 29 b 1
28 10 c 4
29 30 a 1
29 30 b 1
29 61 c 1
29 24 d 1
29 106 e 3
30 31 a 1
30 31 b 1
30 56 c 0
30 78 d 4
30 32 e 3
31 32 a 1
31 32 b 1
31 24 c 1
31 58 e 0
32 33 a 1
32 33 b 1
32 55 c 3
32 95 d 4
32 27 e 2
33 34 a 1
33 34 b 1
33 25 c 2
33 124 d 0
34 35 a 1
34 35 b 1
34 51 c 0
34 69 d 3
34 111 e 2
35 36 a 1
35 36 b 1
35 4 c 4
35 121 e 2
36 37 a 1
36 37 b 1
36 83 c 3
36 38 d 3
36 8 e 2
37 38 a 1
37 38 b 1
37 56 c 2
37 111 d 4
37 31 e 1
38 39 a 1
38 39 b 1
38 11 c 3
38 38 d 2
38 18 e 2
39 40 a 1
39 40 b 1
39 126 c 0
39 85 d 3
39 20 e 1
40 41 a 1
40 41 b 1
40 38 d 2
40 122 e 2
41 42 a 1
41 42 b 1
41 54 c 2
41 77 d 1
41 30 e 1
42 43 a 1
42 43 b 1
42 59 d 3
43 44 a 1
43 44 b 1
43 39 d 1
43 69 e 4
44 45 a 1
44 45 b 1
44 28 c 4
44 111 d 4
45 46 a 1
45 46 b 1
45 40 c 1
45 125 d 1
45 48 e 0
46 47 a 1
46 47 b 1
46 88 c 2
46 77 d 3
46 78 e 0
47 48 a 1
47 48 b 1
47 119 c 0
47 41 d 1
47 84 e 0
48 49 a 1
48 49 b 1
48 119 c 4
48 62 d 0
48 23 e 2
49 50 a 1
49 50 b 1
49 115 c 4
49 116 d 0
49 92 e 2
50 51 a 1
50 51 b 1
50 114 c 3
50 40 d 3
50 108 e 3
51 52 a 1
51 52 b 1
51 85 c 0
51 99 d 1
51 70 e 1
52 53 a 1
52 53 b 1
52 35 c 4
52 67 d 2
53 54 a 1
53 54 b 1
53 39 c 0
53 65 e 1
54 55 a 1
54 55 b 1
54 1 c 1
54 19 e 1
55 56 a 1
55 56 b 1
55 31 d 1
55 47 e 3
56 57 a 1
56 57 b 1
56 102 c 3
56 118 d 1
56 19 e 2
57 58 a 1
57 58 b 1
57 39 d 0
57 15 e 3
58 59 a 1
58 59 b 1
58 10 c 2
58 44 d 3
58 108 e 2
59 60 a 1
59 60 b 1
59 116 c 4
59 10 d 0
59 10 e 0
60 61 a 1
60 61 b 1
60 29 c 2
60 95 e 0
61 62 a 1
61 62 b 1
61 32 c 2
61 66 d 3
62 63 a 1
62 63 b 1
62 17 c 4
62 37 e 3
63 64 a 1
63 64 b 1
63 109 c 4
63 112 d 3
63 38 e 0
64 65 a 1
64 65 b 1
64 54 c 4
64 28 d 2
64 20 e 1
65 66 a 1
65 66 b 1
65 10 c 4
65 55 d 1
65 31 e 2
66 67 a 1
66 67 b 1
66 57 c 0
66 42 d 1
66 76 e 0
67 68 a 1
67 68 b 1
67 44 c 2
67 69 d 4
67 117 e 2
68 69 a 1
68 69 b 1
68 120 c 3
68 11 d 4
68 21 e 2
69 70 a 1
69 70 b 1
69 80 c 1
69 96 d 1
69 96 e 1
70 71 a 1
70 71 b 1
70 47 d 0
70 9 e 1
71 72 a 1
71 72 b 1
71 35 d 3
71 106 e 2
72 73 a 1
72 73 b 1
72 52 c 0
72 58 e 2
73 74 a 1
73 74 b 1
73 100 c 4
73 105 e 0
74 75 a 1
74 75 b 1
74 94 c 4
74 113 d 4
74 57 e 3
75 76 a 1
75 76 b 1
75 102 c 3
75 6 d 0
75 122 e 2
76 77 a 1
76 77 b 1
76 88 c 0
76 37 d 2
76 69 e 1
77 78 a 1
77 78 b 1
77 48 c 0
77 43 d 0
77 12 e 1
78 79 a 1
78 79 b 1
78 17 c 0
78 106 d 2
78 59 e 2
79 80 a 1
79 80 b 1
79 57 c 2
79 85 e 3
80 81 a 1
80 81 b 1
80 60 c 0
80 70 d 3
80 89 e 3
81 82 a 1
81 82 b 1
81 125 c 4
81 84 d 1
82 83 a 1
82 83 b 1
82 15 c 2
82 20 d 0
83 84 a 1
83 84 b 1
83 91 c 3
83 44 d 1
83 102 e 0
84 85 a 1
84 85 b 1
84 106 c 4
84 106 d 0
85 86 a 1
85 86 b 1
85 39 c 0
85 86 e 2
86 87 a 1
86 87 b 1
86 57 c 0
87 88 a 1
87 88 b 1
87 110 c 2
87 107 d 4
87 16 e 1
88 89 a 1
88 89 b 1
88 31 c 2
88 44 e 1
89 90 a 1
89 90 b 1
89 114 c 1
89 22 d 0
89 124 e 4
90 91 a 1
90 91 b 1
90 116 c 3
90 44 e 2
91 92 a 1
91 92 b 1
91 53 d 4
92 93 a 1
92 93 b 1
92 75 d 0
92 105 e 3
93 94 a 1
93 94 b 1
93 81 c 4
93 69 d 0
93 108 e 0
94 95 a 1
94 95 b 1
94 19 c 4
94 65 d 0
95 96 a 1
95 96 b 1
95 109 c 2
95 111 d 0
95 127 e 1
96 97 a 1
96 97 b 1
96 9 c 0
96 31 d 1
97 98 a 1
97 98 b 1
97 51 d 0
97 92 e 1
98 99 a 1
98 99 b 1
98 93 c 3
98 9 d 2
98 34 e 1
99 100 a 1
99 100 b 1
99 115 e 0
100 101 a 1
100 101 b 1
100 4 c 1
100 77 d 4
100 115 e 2
101 102 a 1
101 102 b 1
101 53 c 1
101 64 d 0
101 8 e 0
102 103 a 1
102 103 b 1
102 112 c 3
102 95 e 2
103 104 a 1
103 104 b 1
103 66 c 0
103 48 d 0
103 52 e 3
104 105 a 1
104 105 b 1
104 75 c 2
104 30 e 0
105 106 a 1
105 106 b 1
105 90 c 1
105 117 d 0
105 42 e 1
106 107 a 1
106 107 b 1
106 34 c 4
106 70 d 0
106 53 e 2
107 108 a 1
107 108 b 1
107 103 c 0
107 57 d 4
107 99 e 3
108 109 a 1
108 109 b 1
108 7 c 3
108 124 d 3
108 59 e 1
109 110 a 1
109 110 b 1
109 73 c 3
109 25 d 2
109 109 e 1
110 111 a 1
110 111 b 1
110 10 c 2
110 30 d 4
110 1 e 3
111 112 a 1
111 112 b 1
111 117 d 1
111 100 e 0
112 113 a 1
112 113 b 1
112 39 c 2
112 36 d 2
112 23 e 3
113 114 a 1
113 114 b 1
113 126 c 3
113 76 d 2
113 86 e 1
114 115 a 1
114 115 b 1
114 11 c 4
114 84 d 2
114 24 e 0
115 116 a 1
115 116 b 1
115 76 c 2
115 45 d 0
116 117 a 1
116 117 b 1
116 99 c 3
116 48 d 4
116 49 e 1
117 118 a 1
117 118 b 1
117 118 c 2
117 30 d 4
117 17 e 3
118 119 a 1
118 119 b 1
118 1 c 2
118 67 d 2
118 27 e 3
119 120 a 1
119 120 b 1
119 54 c 3
119 96 d 4
119 96 e 4
120 121 a 1
120 121 b 1
120 64 c 2
120 7 d 1
120 84 e 0
121 122 a 1
121 122 b 1
121 92 c 1
121 127 d 2
121 81 e 4
122 123 a 1
122 123 b 1
122 92 c 2
122 71 d 2
122 11 e 1
123 124 a 1
123 124 b 1
123 107 c 2
123 14 e 3
124 125 a 1
124 125 b 1
124 25 c 1
124 94 d 1
124 70 e 4
125 126 a 1
125 126 b 1
125 57 c 1
125 86 d 3
126 127 a 1
126 127 b 1
126 39 c 1
126 85 d 1
126 85 e 3
127 128 a 1
127 128 b 1
127 99 c 4
127 81 d 2
127 108 e 2
128 128 a 0
128 128 b 0
128 69 c 3
128 39 d 3
128 115 e 1

24 128 589 5 5 0
1 2 a 1
1 2 b 1
1 121 c 3
1 59 d 1
1 93 e 2
2 3 a 1
2 3 b 1
2 115 d 1
2 69 e 2
3 4 a 1
3 4 b 1
3 79 d 4
3 41 e 2
4 5 a 1
4 5 b 1
4 67 c 3
4 20 d 1
4 38 e 1
5 6 a 1
5 6 b 1
5 102 c 2
5 7 d 1
5 100 e 4
6 7 a 1
6 7 b 1
6 112 c 2
7 8 a 1
7 8 b 1
7 85 c 1
7 47 d 0
7 76 e 3
8 9 a 1
8 9 b 1
8 118 c 0
8 21 d 3
9 10 a 1
9 10 b 1
9 56 d 1
9 116 e 3
10 11 a 1
10 11 b 1
10 72 c 2
10 93 d 1
10 64 e 3
11 12 a 1
11 12 b 1
11 19 c 2
11 59 d 0
11 127 e 2
12 13 a 1
12 13 b 1
12 23 c 0
12 72 d 2
12 55 e 3
13 14 a 1
13 14 b 1
13 28 c 2
13 113 d 0
13 69 e 0
14 15 a 1
14 15 b 1
14 50 c 1
14 59 d 0
14 73 e 1
15 16 a 1
15 16 b 1
15 38 c 0
15 1 d 2
15 101 e 4
16 17 a 1
16 17 b 1
16 14 c 1
16 5 d 4
16 50 e 3
17 18 a 1
17 18 b 1
17 11 c 1
17 46 d 2
17 15 e 4
18 19 a 1
18 19 b 1
18 39 e 3
19 20 a 1
19 20 b 1
19 11 c 4
19 18 d 2
19 67 e 4
20 21 a 1
20 21 b 1
20 24 c 4
20 53 e 1
21 22 a 1
21 22 b 1
21 99 c 0
21 57 e 3
22 23 a 1
22 23 b 1
22 39 d 4
22 4 e 1
23 24 a 1
23 24 b 1
23 70 d 3
23 104 e 3
24 25 a 1
24 25 b 1
24 104 c 1
24 48 d 1
24 117 e 2
25 26 a 1
25 26 b 1
25 95 c 1
25 55 d 1
25 104 e 3
26 27 a 1
26 27 b 1
26 119 c 2
26 111 d 2
26 17 e 1
27 28 a 1
27 28 b 1
27 103 c 3
27 109 d 3
27 72 e 2
28 29 a 1
28 29 b 1
28 82 c 2
28 50 d 3
28 66 e 3
29 30 a 1
29 30 b 1
29 66 d 1
30 31 a 1
30 31 b 1
30 88 d 1
30 56 e 4
31 32 a 1
31 32 b 1
31 42 c 3
31 87 d 2
31 68 e 3
32 33 a 1
32 33 b 1
32 48 c 2
32 24 d 3
32 67 e 3
33 34 a 1
33 34 b 1
33 59 c 3
33 49 d 4
33 126 e 4
34 35 a 1
34 35 b 1
34 115 c 3
34 54 d 0
34 119 e 2
35 36 a 1
35 36 b 1
35 52 c 2
35 12 d 4
35 100 e 0
36 37 a 1
36 37 b 1
36 86 c 1
36 110 d 2
36 54 e 3
37 38 a 1
37 38 b 1
37 123 c 0
37 89 d 3
37 93 e 4
38 39 a 1
38 39 b 1
38 103 c 3
38 18 d 1
38 119 e 2
39 40 a 1
39 40 b 1
39 63 c 2
39 5 d 3
39 69 e 0
40 41 a 1
40 41 b 1
40 29 c 1
40 26 d 4
40 66 e 0
41 42 a 1
41 42 b 1
41 86 c 1
41 7 d 1
41 112 e 3
42 43 a 1
42 43 b 1
42 49 c 3
42 126 d 3
42 37 e 3
43 44 a 1
43 44 b 1
43 127 c 3
43 46 d 3
43 47 e 2
44 45 a 1
44 45 b 1
44 85 d 1
44 18 e 1
45 46 a 1
45 46 b 1
45 53 c 1
45 73 d 3
46 47 a 1
46 47 b 1
46 106 c 2
46 39 d 0
46 99 e 4
47 48 a 1
47 48 b 1
47 54 c 0
47 119 d 1
47 121 e 3
48 49 a 1
48 49 b 1
48 24 c 0
48 84 d 1
48 115 e 1
49 50 a 1
49 50 b 1
49 93 e 2
50 51 a 1
50 51 b 1
50 99 c 4
50 41 e 0
51 52 a 1
51 52 b 1
51 30 c 0
51 78 d 4
51 11 e 1
52 53 a 1
52 53 b 1
52 57 d 4
52 32 e 3
53 54 a 1
53 54 b 1
53 55 c 1
53 66 d 2
53 67 e 1
54 55 a 1
54 55 b 1
54 93 c 0
54 26 d 2
54 21 e 4
55 56 a 1
55 56 b 1
55 67 c 2
55 105 d 0
55 63 e 2
56 57 a 1
56 57 b 1
56 96 d 3
56 37 e 3
57 58 a 1
57 58 b 1
57 19 c 2
57 42 d 2
57 4 e 4
58 59 a 1
58 59 b 1
58 95 c 0
58 73 d 2
58 87 e 0
59 60 a 1
59 60 b 1
59 74 c 0
59 57 d 0
59 40 e 1
60 61 a 1
60 61 b 1
60 126 d 2
60 73 e 1
61 62 a 1
61 62 b 1
61 92 c 3
61 127 d 1
61 52 e 1
62 63 a 1
62 63 b 1
62 121 c 2
62 77 d 2
62 46 e 0
63 64 a 1
63 64 b 1
63 70 e 1
64 65 a 1
64 65 b 1
64 50 c 2
64 68 d 0
64 98 e 2
65 66 a 1
65 66 b 1
65 123 c 1
65 111 d 4
65 104 e 3
66 67 a 1
66 67 b 1
66 115 c 0
66 43 d 0
66 13 e 3
67 68 a 1
67 68 b 1
67 121 c 2
67 96 d 0
68 69 a 1
68 69 b 1
68 91 c 4
68 29 d 2
68 70 e 4
69 70 a 1
69 70 b 1
69 16 c 0
69 85 d 1
69 75 e 4
70 71 a 1
70 71 b 1
70 87 c 4
70 3 d 4
70 73 e 3
71 72 a 1
71 72 b 1
71 21 d 1
71 116 e 1
72 73 a 1
72 73 b 1
72 22 c 0
72 14 d 2
72 104 e 0
73 74 a 1
73 74 b 1
73 122 c 3
73 92 e 2
74 75 a 1
74 75 b 1
74 2 c 3
74 122 d 1
74 26 e 0
75 76 a 1
75 76 b 1
75 43 c 3
75 36 d 3
75 70 e 2
76 77 a 1
76 77 b 1
76 23 c 1
76 66 d 0
76 38 e 2
77 78 a 1
77 78 b 1
77 116 c 4
77 55 d 3
77 28 e 0
78 79 a 1
78 79 b 1
78 19 c 2
78 7 d 2
78 114 e 0
79 80 a 1
79 80 b 1
79 45 c 3
79 65 d 0
79 63 e 3
80 81 a 1
80 81 b 1
80 119 e 0
81 82 a 1
81 82 b 1
81 97 c 0
81 72 e 4
82 83 a 1
82 83 b 1
82 62 c 1
82 73 d 1
82 56 e 0
83 84 a 1
83 84 b 1
83 40 c 3
83 5 d 3
83 8 e 4
84 85 a 1
84 85 b 1
84 60 c 0
84 127 d 2
84 40 e 2
85 86 a 1
85 86 b 1
85 90 c 2
85 90 d 1
85 8 e 0
86 87 a 1
86 87 b 1
86 12 c 4
86 93 d 3
86 83 e 3
87 88 a 1
87 88 b 1
87 74 c 2
87 32 d 1
87 85 e 2
88 89 a 1
88 89 b 1
88 30 c 4
88 8 d 2
89 90 a 1
89 90 b 1
89 127 c 0
89 117 d 0
89 33 e 4
90 91 a 1
90 91 b 1
90 95 c 0
90 25 e 1
91 92 a 1
91 92 b 1
91 23 c 4
92 93 a 1
92 93 b 1
92 47 c 0
92 47 d 1
93 94 a 1
93 94 b 1
93 86 c 3
93 14 d 0
93 4 e 3
94 95 a 1
94 95 b 1
94 83 c 0
94 97 e 3
95 96 a 1
95 96 b 1
95 64 c 4
95 111 d 3
96 97 a 1
96 97 b 1
96 29 c 0
96 78 d 1
96 92 e 3
97 98 a 1
97 98 b 1
97 99 c 4
97 27 d 2
97 6 e 0
98 99 a 1
98 99 b 1
98 107 c 0
98 43 d 3
98 34 e 0
99 100 a 1
99 100 b 1
99 85 c 0
99 124 d 3
100 101 a 1
100 101 b 1
100 103 c 0
100 104 d 4
100 119 e 0
101 102 a 1
101 102 b 1
101 124 c 4
101 35 d 2
101 100 e 4
102 103 a 1
102 103 b 1
102 74 d 0
102 17 e 3
103 104 a 1
103 104 b 1
103 85 c 1
103 70 d 0
103 61 e 3
104 105 a 1
104 105 b 1
104 23 e 1
105 106 a 1
105 106 b 1
105 69 c 1
105 35 e 4
106 107 a 1
106 107 b 1
106 119 c 2
106 87 d 4
107 108 a 1
107 108 b 1
107 19 c 1
107 124 d 3
107 73 e 2
108 109 a 1
108 109 b 1
108 66 c 0
108 61 d 0
108 21 e 0
109 110 a 1
109 110 b 1
109 108 c 0
109 100 d 3
109 124 e 1
110 111 a 1
110 111 b 1
110 53 c 1
110 49 d 3
110 42 e 1
111 112 a 1
111 112 b 1
111 38 c 1
111 88 d 4
111 63 e 0
112 113 a 1
112 113 b 1
112 10 d 4
112 23 e 1
113 114 a 1
113 114 b 1
113 65 d 1
113 61 e 3
114 115 a 1
114 115 b 1
114 21 c 2
114 18 d 3
114 10 e 2
115 116 a 1
115 116 b 1
115 45 d 4
115 54 e 1
116 117 a 1
116 117 b 1
116 14 c 1
116 27 d 0
116 108 e 3
117 118 a 1
117 118 b 1
117 105 c 2
117 53 d 3
117 47 e 0
118 119 a 1
118 119 b 1
118 74 c 2
118 68 d 0
118 75 e 1
119 120 a 1
119 120 b 1
119 37 c 2
119 115 d 1
120 121 a 1
120 121 b 1
120 13 c 0
120 120 d 4
120 35 e 3
121 122 a 1
121 122 b 1
121 122 d 3
121 10 e 3
122 123 a 1
122 123 b 1
122 43 c 0
122 126 d 3
122 21 e 2
123 124 a 1
123 124 b 1
123 47 c 4
123 106 d 0
123 60 e 4
124 125 a 1
124 125 b 1
124 103 c 0
124 75 d 2
124 32 e 3
125 126 a 1
125 126 b 1
125 123 c 1
125 124 d 1
126 127 a 1
126 127 b 1
126 126 c 2
126 6 e 4
127 128 a 1
127 128 b 1
127 15 c 4
127 73 d 1
127 79 e 4
128 128 a 0
128 128 b 0
128 93 c 3
128 71 d 4
128 36 e 0

25 128 602 5 5 0
1 2 a 1
1 2 b 1
1 21 c 1
1 21 d 4
1 30 e 3
2 3 a 1
2 3 b 1
2 33 c 2
2 88 d 0
2 118 e 4
3 4 a 1
3 4 b 1
3 127 c 2
3 30 d 2
3 84 e 2
4 5 a 1
4 5 b 1
4 121 c 2
4 66 d 1
4 49 e 0
5 6 a 1
5 6 b 1
5 108 c 0
5 85 d 3
5 101 e 1
6 7 a 1
6 7 b 1
6 39 c 0
6 97 d 1
6 19 e 0
7 8 a 1
7 8 b 1
7 124 c 2
7 46 d 1
7 80 e 3
8 9 a 1
8 9 b 1
8 122 c 0
8 124 d 3
9 10 a 1
9 10 b 1
9 16 d 3
9 121 e 3
10 11 a 1
10 11 b 1
10 47 c 4
10 17 d 1
10 27 e 1
11 12 a 1
11 12 b 1
11 46 c 1
11 74 d 1
11 127 e 0
12 13 a 1
12 13 b 1
12 93 c 1
12 82 d 2
12 126 e 4
13 14 a 1
13 14 b 1
13 16 c 1
13 39 d 1
13 103 e 1
14 15 a 1
14 15 b 1
14 2 c 0
14 67 d 2
14 126 e 2
15 16 a 1
15 16 b 1
15 81 c 4
15 38 d 4
15 4 e 3
16 17 a 1
16 17 b 1
16 45 c 4
16 34 d 2
17 18 a 1
17 18 b 1
17 12 c 3
17 56 d 2
17 98 e 2
18 19 a 1
18 19 b 1
18 92 c 2
18 51 d 0
19 20 a 1
19 20 b 1
19 24 c 0
19 90 d 0
19 124 e 4
20 21 a 1
20 21 b 1
20 18 c 2
20 124 d 2
20 116 e 3
21 22 a 1
21 22 b 1
21 123 c 3
21 7 d 0
22 23 a 1
22 23 b 1
22 18 c 3
22 60 d 4
22 91 e 2
23 24 a 1
23 24 b 1
23 65 c 0
23 112 d 4
23 12 e 3
24 25 a 1
24 25 b 1
24 17 c 1
25 26 a 1
25 26 b 1
25 94 c 1
25 118 d 2
25 102 e 0
26 27 a 1
26 27 b 1
26 45 c 3
26 77 d 1
26 83 e 1
27 28 a 1
27 28 b 1
27 35 c 2
27 74 d 4
27 34 e 2
28 29 a 1
28 29 b 1
28 68 c 3
28 63 d 3
28 21 e 2
29 30 a 1
29 30 b 1
29 97 d 3
29 67 e 2
30 31 a 1
30 31 b 1
30 18 d 3
30 42 e 2
31 32 a 1
31 32 b 1
31 17 c 0
32 33 a 1
32 33 b 1
32 57 c 3
32 68 d 4
32 34 e 4
33 34 a 1
33 34 b 1
33 96 c 1
33 92 d 2
33 44 e 1
34 35 a 1
34 35 b 1
34 10 c 2
34 65 d 3
34 1 e 2
35 36 a 1
35 36 b 1
35 95 c 4
35 82 d 4
35 91 e 3
36 37 a 1
36 37 b 1
36 85 c 4
36 94 d 2
36 47 e 2
37 38 a 1
37 38 b 1
37 111 c 4
37 114 d 0
37 42 e 2
38 39 a 1
38 39 b 1
38 35 e 2
39 40 a 1
39 40 b 1
39 36 c 0
39 89 d 4
39 72 e 3
40 41 a 1
40 41 b 1
40 9 c 1
40 28 d 2
40 66 e 3
41 42 a 1
41 42 b 1
41 96 c 2
41 76 d 1
41 49 e 2
42 43 a 1
42 43 b 1
42 112 c 0
42 105 d 3
42 9 e 3
43 44 a 1
43 44 b 1
43 21 c 4
43 87 d 4
43 100 e 0
44 45 a 1
44 45 b 1
44 43 c 4
44 87 d 4
44 58 e 4
45 46 a 1
45 46 b 1
45 72 c 2
45 43 d 1
45 126 e 4
46 47 a 1
46 47 b 1
46 81 c 4
46 64 d 1
46 89 e 0
47 48 a 1
47 48 b 1
47 57 c 2
47 87 d 4
47 65 e 0
48 49 a 1
48 49 b 1
48 68 c 3
48 48 d 0
48 68 e 2
49 50 a 1
49 50 b 1
49 106 c 3
49 105 d 1
49 113 e 4
50 51 a 1
50 51 b 1
50 54 c 4
50 31 d 2
50 32 e 0
51 52 a 1
51 52 b 1
51 117 d 0
51 85 e 3
52 53 a 1
52 53 b 1
52 90 c 2
52 80 d 3
52 47 e 3
53 54 a 1
53 54 b 1
53 110 c 4
53 99 d 3
53 46 e 1
54 55 a 1
54 55 b 1
54 36 c 4
54 99 d 0
54 26 e 0
55 56 a 1
55 56 b 1
55 6 c 2
55 34 d 1
55 12 e 2
56 57 a 1
56 57 b 1
56 16 c 3
56 50 d 3
56 106 e 3
57 58 a 1
57 58 b 1
57 18 c 4
57 113 d 0
57 108 e 1
58 59 a 1
58 59 b 1
58 20 c 2
58 67 d 0
58 106 e 3
59 60 a 1
59 60 b 1
59 43 c 0
59 108 d 1
60 61 a 1
60 61 b 1
60 21 c 3
60 76 d 3
60 111 e 1
61 62 a 1
61 62 b 1
61 56 c 0
61 45 d 1
62 63 a 1
62 63 b 1
62 40 c 4
62 82 d 4
62 43 e 1
63 64 a 1
63 64 b 1
63 82 c 2
63 107 d 0
63 55 e 2
64 65 a 1
64 65 b 1
64 68 c 0
64 50 d 0
64 120 e 2
65 66 a 1
65 66 b 1
65 41 c 3
65 99 d 3
65 35 e 0
66 67 a 1
66 67 b 1
66 54 c 4
66 76 d 2
66 80 e 4
67 68 a 1
67 68 b 1
67 49 c 3
67 89 d 1
67 117 e 4
68 69 a 1
68 69 b 1
68 1 c 4
68 36 e 0
69 70 a 1
69 70 b 1
69 23 c 2
69 106 e 2
70 71 a 1
70 71 b 1
70 66 c 2
70 1 d 0
70 94 e 1
71 72 a 1
71 72 b 1
71 49 c 2
71 119 d 2
71 55 e 0
72 73 a 1
72 73 b 1
72 108 c 3
72 49 e 1
73 74 a 1
73 74 b 1
73 16 c 4
73 98 d 1
73 1 e 1
74 75 a 1
74 75 b 1
74 89 c 2
74 64 d 0
74 29 e 0
75 76 a 1
75 76 b 1
75 35 c 3
75 16 d 0
75 37 e 1
76 77 a 1
76 77 b 1
76 65 c 3
76 33 d 4
76 99 e 0
77 78 a 1
77 78 b 1
77 127 c 4
77 121 d 4
77 6 e 3
78 79 a 1
78 79 b 1
78 48 c 2
78 14 d 4
78 76 e 0
79 80 a 1
79 80 b 1
79 110 c 3
79 27 d 2
79 39 e 0
80 81 a 1
80 81 b 1
80 32 c 4
80 44 d 2
80 116 e 2
81 82 a 1
81 82 b 1
81 9 c 2
81 99 d 0
81 1 e 2
82 83 a 1
82 83 b 1
82 97 c 0
82 34 d 1
82 107 e 2
83 84 a 1
83 84 b 1
83 120 c 2
83 12 d 4
84 85 a 1
84 85 b 1
84 37 c 3
84 48 e 2
85 86 a 1
85 86 b 1
85 85 c 4
85 56 d 1
85 88 e 1
86 87 a 1
86 87 b 1
86 55 c 4
86 1 d 4
86 41 e 3
87 88 a 1
87 88 b 1
87 26 c 0
87 23 d 4
87 32 e 1
88 89 a 1
88 89 b 1
88 40 c 3
88 86 d 0
88 39 e 3
89 90 a 1
89 90 b 1
89 56 c 0
89 37 d 3
89 35 e 4
90 91 a 1
90 91 b 1
90 12 e 3
91 92 a 1
91 92 b 1
91 21 c 2
91 10 d 2
92 93 a 1
92 93 b 1
92 121 c 3
92 77 d 0
92 53 e 2
93 94 a 1
93 94 b 1
93 60 c 4
93 8 d 0
93 101 e 1
94 95 a 1
94 95 b 1
94 74 c 3
94 59 e 1
95 96 a 1
95 96 b 1
95 58 c 4
95 31 d 4
96 97 a 1
96 97 b 1
96 8 c 0
96 4 d 3
96 104 e 3
97 98 a 1
97 98 b 1
97 89 e 2
98 99 a 1
98 99 b 1
98 76 c 2
98 16 d 2
98 26 e 2
99 100 a 1
99 100 b 1
99 67 c 4
99 103 d 4
99 108 e 1
100 101 a 1
100 101 b 1
100 60 c 0
100 89 d 1
100 65 e 2
101 102 a 1
101 102 b 1
101 123 c 3
101 47 d 3
101 101 e 2
102 103 a 1
102 103 b 1
102 107 c 1
102 126 d 2
102 6 e 1
103 104 a 1
103 104 b 1
103 95 c 2
103 62 d 0
103 116 e 0
104 105 a 1
104 105 b 1
104 47 c 4
104 1 d 2
104 1 e 0
105 106 a 1
105 106 b 1
105 92 c 1
105 15 e 1
106 107 a 1
106 107 b 1
106 11 c 2
106 96 d 3
107 108 a 1
107 108 b 1
107 121 c 0
107 75 d 4
107 44 e 0
108 109 a 1
108 109 b 1
108 66 d 4
108 1 e 1
109 110 a 1
109 110 b 1
109 66 c 1
109 22 d 2
109 59 e 3
110 111 a 1
110 111 b 1
110 38 c 4
110 125 d 4
110 103 e 1
111 112 a 1
111 112 b 1
111 109 c 4
111 45 d 1
111 21 e 0
112 113 a 1
112 113 b 1
112 35 c 1
112 52 e 4
113 114 a 1
113 114 b 1
113 120 c 1
113 39 d 2
113 14 e 4
114 115 a 1
114 115 b 1
114 84 c 0
114 127 e 4
115 116 a 1
115 116 b 1
115 15 c 4
115 104 d 0
115 18 e 2
116 117 a 1
116 117 b 1
116 79 c 0
116 86 e 4
117 118 a 1
117 118 b 1
117 109 c 1
117 61 d 1
117 83 e 4
118 119 a 1
118 119 b 1
118 40 c 4
118 85 d 4
118 92 e 4
119 120 a 1
119 120 b 1
119 93 c 2
119 32 d 1
119 23 e 1
120 121 a 1
120 121 b 1
120 102 c 3
120 25 d 1
120 74 e 1
121 122 a 1
121 122 b 1
121 26 c 3
121 22 d 4
121 106 e 1
122 123 a 1
122 123 b 1
122 12 c 1
122 103 d 1
122 2 e 4
123 124 a 1
123 124 b 1
123 90 d 4
124 125 a 1
124 125 b 1
124 48 c 0
124 115 d 3
124 90 e 2
125 126 a 1
125 126 b 1
125 59 c 2
125 42 d 3
125 96 e 0
126 127 a 1
126 127 b 1
126 113 c 1
126 121 d 2
126 54 e 3
127 128 a 1
127 128 b 1
127 127 c 2
127 120 d 1
128 128 a 0
128 128 b 0
128 38 c 1
128 60 e 0

26 128 594 5 5 0
1 2 a 1
1 2 b 1
1 82 c 2
1 84 e 3
2 3 a 1
2 3 b 1
2 36 c 0
3 4 a 1
3 4 b 1
3 46 c 1
3 107 d 4
3 56 e 1
4 5 a 1
4 5 b 1
4 65 c 3
4 35 d 2
4 47 e 0
5 6 a 1
5 6 b 1
5 127 d 3
5 112 e 0
6 7 a 1
6 7 b 1
6 13 c 1
6 10 e 0
7 8 a 1
7 8 b 1
7 104 c 4
7 18 d 1
7 64 e 2
8 9 a 1
8 9 b 1
8 99 e 1
9 10 a 1
9 10 b 1
9 45 c 3
9 51 d 1
9 119 e 1
10 11 a 1
10 11 b 1
10 43 c 2
10 91 e 2
11 12 a 1
11 12 b 1
11 60 c 4
11 77 d 1
11 58 e 4
12 13 a 1
12 13 b 1
12 66 c 0
12 110 d 3
12 58 e 1
13 14 a 1
13 14 b 1
13 17 c 1
13 85 d 4
13 1 e 2
14 15 a 1
14 15 b 1
14 101 c 3
14 42 d 4
14 69 e 0
15 16 a 1
15 16 b 1
15 127 c 1
15 31 d 4
15 59 e 0
16 17 a 1
16 17 b 1
16 84 c 2
16 106 d 2
16 67 e 3
17 18 a 1
17 18 b 1
17 96 c 4
17 44 d 4
17 79 e 3
18 19 a 1
18 19 b 1
18 64 c 0
18 61 d 4
18 13 e 4
19 20 a 1
19 20 b 1
19 32 c 4
19 61 d 0
19 122 e 2
20 21 a 1
20 21 b 1
20 104 d 1
20 71 e 0
21 22 a 1
21 22 b 1
21 74 c 4
21 12 d 3
21 105 e 2
22 23 a 1
22 23 b 1
22 96 c 3
22 101 e 4
23 24 a 1
23 24 b 1
23 109 c 0
23 123 d 1
23 102 e 2
24 25 a 1
24 25 b 1
24 41 c 4
24 8 d 2
25 26 a 1
25 26 b 1
25 81 d 2
26 27 a 1
26 27 b 1
26 94 c 4
26 47 d 4
26 78 e 4
27 28 a 1
27 28 b 1
27 43 c 2
27 43 d 3
27 88 e 4
28 29 a 1
28 29 b 1
28 115 c 4
28 103 d 3
28 73 e 3
29 30 a 1
29 30 b 1
29 26 c 3
29 35 d 3
29 16 e 4
30 31 a 1
30 31 b 1
30 126 d 2
30 19 e 2
31 32 a 1
31 32 b 1
31 49 c 2
31 7 d 2
31 94 e 0
32 33 a 1
32 33 b 1
32 47 c 0
32 109 e 3
33 34 a 1
33 34 b 1
33 93 c 0
33 19 d 0
33 114 e 0
34 35 a 1
34 35 b 1
34 74 c 2
34 98 d 2
34 122 e 1
35 36 a 1
35 36 b 1
35 45 c 4
35 25 d 1
35 92 e 4
36 37 a 1
36 37 b 1
36 33 c 2
36 12 d 0
36 25 e 2
37 38 a 1
37 38 b 1
37 24 c 1
37 99 d 0
37 16 e 1
38 39 a 1
38 39 b 1
38 12 c 2
38 72 d 0
38 116 e 0
39 40 a 1
39 40 b 1
39 62 c 3
39 85 d 1
39 2 e 3
40 41 a 1
40 41 b 1
40 26 c 2
40 63 d 1
41 42 a 1
41 42 b 1
41 52 c 2
41 69 d 4
41 32 e 1
42 43 a 1
42 43 b 1
42 2 d 4
43 44 a 1
43 44 b 1
43 111 c 4
43 66 e 3
44 45 a 1
44 45 b 1
44 69 c 4
44 9 d 4
44 25 e 3
45 46 a 1
45 46 b 1
45 8 c 3
45 54 d 0
45 95 e 4
46 47 a 1
46 47 b 1
46 106 c 1
46 33 d 0
46 8 e 3
47 48 a 1
47 48 b 1
47 82 c 4
47 42 d 2
47 64 e 2
48 49 a 1
48 49 b 1
48 42 c 2
48 89 d 0
48 87 e 2
49 50 a 1
49 50 b 1
49 1 c 4
49 126 d 1
49 116 e 0
50 51 a 1
50 51 b 1
50 66 c 3
50 9 d 2
50 53 e 3
51 52 a 1
51 52 b 1
51 104 c 3
51 113 d 2
51 9 e 3
52 53 a 1
52 53 b 1
52 117 c 2
52 116 d 2
52 71 e 1
53 54 a 1
53 54 b 1
53 115 c 2
54 55 a 1
54 55 b 1
54 76 c 3
54 69 d 3
54 90 e 0
55 56 a 1
55 56 b 1
55 25 c 0
55 26 d 2
55 126 e 4
56 57 a 1
56 57 b 1
56 59 c 2
56 7 d 2
56 111 e 1
57 58 a 1
57 58 b 1
57 17 c 1
57 81 d 2
57 21 e 2
58 59 a 1
58 59 b 1
58 90 c 4
58 107 e 4
59 60 a 1
59 60 b 1
59 107 c 2
59 77 d 0
59 77 e 3
60 61 a 1
60 61 b 1
60 75 c 0
60 14 e 3
61 62 a 1
61 62 b 1
61 116 c 3
61 59 e 4
62 63 a 1
62 63 b 1
62 102 d 4
62 107 e 0
63 64 a 1
63 64 b 1
63 105 c 1
63 73 d 1
63 3 e 3
64 65 a 1
64 65 b 1
64 117 c 1
64 99 d 1
64 3 e 3
65 66 a 1
65 66 b 1
65 6 c 0
65 114 d 3
65 121 e 4
66 67 a 1
66 67 b 1
66 73 c 1
66 54 d 3
67 68 a 1
67 68 b 1
67 92 c 4
67 88 d 3
67 105 e 3
68 69 a 1
68 69 b 1
68 8 c 3
68 68 d 3
68 124 e 4
69 70 a 1
69 70 b 1
69 67 c 1
69 13 d 1
69 70 e 0
70 71 a 1
70 71 b 1
70 49 c 1
70 33 d 2
70 82 e 0
71 72 a 1
71 72 b 1
71 23 c 0
71 105 e 0
72 73 a 1
72 73 b 1
72 62 c 3
72 4 e 1
73 74 a 1
73 74 b 1
73 26 c 1
73 21 d 3
74 75 a 1
74 75 b 1
74 83 c 0
74 8 d 0
74 36 e 1
75 76 a 1
75 76 b 1
75 12 c 4
75 92 d 0
75 18 e 2
76 77 a 1
76 77 b 1
76 107 c 1
76 30 d 0
76 69 e 0
77 78 a 1
77 78 b 1
77 84 c 3
77 47 d 0
78 79 a 1
78 79 b 1
78 8 d 4
78 6 e 3
79 80 a 1
79 80 b 1
79 100 c 1
79 7 d 4
79 104 e 3
80 81 a 1
80 81 b 1
80 104 c 0
80 93 d 2
80 113 e 2
81 82 a 1
81 82 b 1
81 110 c 4
81 78 d 3
81 35 e 0
82 83 a 1
82 83 b 1
82 39 c 2
82 77 d 0
82 99 e 2
83 84 a 1
83 84 b 1
83 22 c 4
83 103 d 4
83 71 e 4
84 85 a 1
84 85 b 1
84 8 c 0
84 122 d 0
84 30 e 0
85 86 a 1
85 86 b 1
85 9 c 4
85 125 d 4
85 8 e 1
86 87 a 1
86 87 b 1
86 78 c 3
86 16 d 4
86 48 e 0
87 88 a 1
87 88 b 1
87 23 c 1
87 110 d 1
87 1 e 4
88 89 a 1
88 89 b 1
88 115 c 4
88 89 d 1
88 92 e 4
89 90 a 1
89 90 b 1
89 19 c 3
89 16 d 4
90 91 a 1
90 91 b 1
90 90 c 3
90 98 d 3
90 26 e 4
91 92 a 1
91 92 b 1
91 120 c 4
91 46 d 1
91 93 e 2
92 93 a 1
92 93 b 1
92 7 c 1
92 82 d 1
93 94 a 1
93 94 b 1
93 8 c 3
93 22 d 1
93 93 e 0
94 95 a 1
94 95 b 1
94 74 c 3
94 69 d 1
94 24 e 0
95 96 a 1
95 96 b 1
95 99 c 0
95 26 d 2
95 20 e 3
96 97 a 1
96 97 b 1
96 16 c 0
96 100 e 4
97 98 a 1
97 98 b 1
97 88 c 0
97 56 d 1
97 41 e 3
98 99 a 1
98 99 b 1
98 47 c 0
98 111 d 3
98 7 e 3
99 100 a 1
99 100 b 1
99 1 c 2
99 36 d 2
99 55 e 3
100 101 a 1
100 101 b 1
100 118 d 0
100 12 e 1
101 102 a 1
101 102 b 1
101 53 c 3
101 126 d 1
101 46 e 3
102 103 a 1
102 103 b 1
102 52 c 1
102 31 d 1
102 119 e 2
103 104 a 1
103 104 b 1
103 47 c 3
103 85 d 0
103 18 e 4
104 105 a 1
104 105 b 1
104 69 c 3
104 9 d 3
104 84 e 0
105 106 a 1
105 106 b 1
105 36 c 3
105 127 d 1
105 101 e 0
106 107 a 1
106 107 b 1
106 104 c 3
106 14 d 2
107 108 a 1
107 108 b 1
107 76 c 2
107 48 e 3
108 109 a 1
108 109 b 1
108 72 d 0
108 17 e 0
109 110 a 1
109 110 b 1
109 63 c 2
109 51 d 4
109 70 e 4
110 111 a 1
110 111 b 1
110 17 c 4
110 17 d 4
110 117 e 4
111 112 a 1
111 112 b 1
111 113 c 2
111 50 d 1
112 113 a 1
112 113 b 1
112 8 d 3
112 32 e 1
113 114 a 1
113 114 b 1
113 55 c 1
113 80 d 1
113 88 e 1
114 115 a 1
114 115 b 1
114 38 c 1
114 85 d 1
114 88 e 1
115 116 a 1
115 116 b 1
115 29 c 2
115 27 d 2
115 64 e 2
116 117 a 1
116 117 b 1
116 14 c 2
116 52 d 1
117 118 a 1
117 118 b 1
117 120 c 0
117 12 d 1
117 19 e 2
118 119 a 1
118 119 b 1
118 17 c 3
118 16 d 3
118 95 e 1
119 120 a 1
119 120 b 1
119 49 d 4
119 23 e 4
120 121 a 1
120 121 b 1
120 22 c 2
120 31 d 0
120 99 e 0
121 122 a 1
121 122 b 1
121 85 c 1
121 38 e 4
122 123 a 1
122 123 b 1
122 71 c 0
122 125 d 3
122 63 e 1
123 124 a 1
123 124 b 1
123 66 c 0
123 108 e 3
124 125 a 1
124 125 b 1
124 90 d 2
124 77 e 1
125 126 a 1
125 126 b 1
125 20 c 4
125 14 d 4
125 126 e 3
126 127 a 1
126 127 b 1
126 55 c 2
126 74 e 3
127 128 a 1
127 128 b 1
127 93 c 1
127 86 d 2
127 1 e 0
128 128 a 0
128 128 b 0
128 116 c 4
128 78 d 2
128 31 e 1

27 128 586 5 5 0
1 2 a 1
1 2 b 1
1 89 c 4
1 9 d 2
1 27 e 0
2 3 a 1
2 3 b 1
2 72 c 4
2 18 d 1
2 89 e 2
3 4 a 1
3 4 b 1
3 112 d 3
3 63 e 3
4 5 a 1
4 5 b 1
4 81 c 1
4 6 d 2
4 3 e 2
5 6 a 1
5 6 b 1
5 94 c 2
5 29 d 4
5 109 e 4
6 7 a 1
6 7 b 1
6 78 c 0
6 116 d 1
6 40 e 1
7 8 a 1
7 8 b 1
7 53 c 3
7 49 d 2
7 63 e 4
8 9 a 1
8 9 b 1
8 43 d 3
8 62 e 4
9 10 a 1
9 10 b 1
9 85 c 0
9 59 d 4
9 64 e 4
10 11 a 1
10 11 b 1
10 75 c 3
10 71 d 1
10 28 e 2
11 12 a 1
11 12 b 1
11 85 c 0
11 100 d 3
11 126 e 2
12 13 a 1
12 13 b 1
12 107 d 2
12 23 e 0
13 14 a 1
13 14 b 1
13 109 c 2
13 119 d 4
13 46 e 4
14 15 a 1
14 15 b 1
14 103 c 0
14 54 d 0
14 111 e 2
15 16 a 1
15 16 b 1
15 89 c 0
15 2 d 0
15 39 e 2
16 17 a 1
16 17 b 1
16 5 c 4
16 24 d 0
17 18 a 1
17 18 b 1
17 54 c 2
17 70 d 4
17 34 e 0
18 19 a 1
18 19 b 1
18 73 d 3
18 49 e 2
19 20 a 1
19 20 b 1
19 53 c 4
19 73 d 4
19 92 e 1
20 21 a 1
20 21 b 1
20 112 c 1
20 25 d 1
20 118 e 1
21 22 a 1
21 22 b 1
21 90 c 4
21 54 e 3
22 23 a 1
22 23 b 1
22 88 c 1
22 35 d 0
22 3 e 0
23 24 a 1
23 24 b 1
23 115 c 1
23 7 d 2
23 68 e 3
24 25 a 1
24 25 b 1
24 89 c 1
24 1 d 0
24 61 e 4
25 26 a 1
25 26 b 1
25 44 c 0
25 76 e 0
26 27 a 1
26 27 b 1
26 1 c 0
26 75 d 2
26 3 e 1
27 28 a 1
27 28 b 1
27 71 c 0
27 23 e 3
28 29 a 1
28 29 b 1
28 54 c 3
28 41 d 0
29 30 a 1
29 30 b 1
29 82 c 4
29 4 d 4
29 92 e 3
30 31 a 1
30 31 b 1
30 2 c 2
30 101 d 4
30 38 e 1
31 32 a 1
31 32 b 1
31 7 d 0
32 33 a 1
32 33 b 1
32 9 d 4
32 5 e 1
33 34 a 1
33 34 b 1
33 28 c 2
33 5 d 3
33 43 e 2
34 35 a 1
34 35 b 1
34 27 c 2
34 48 d 4
34 9 e 3
35 36 a 1
35 36 b 1
35 114 c 2
35 1 d 4
36 37 a 1
36 37 b 1
36 49 c 2
36 22 e 1
37 38 a 1
37 38 b 1
37 53 d 4
37 61 e 0
38 39 a 1
38 39 b 1
38 37 c 4
38 64 d 3
38 4 e 1
39 40 a 1
39 40 b 1
39 115 c 0
39 43 d 1
39 80 e 1
40 41 a 1
40 41 b 1
40 58 c 4
40 85 d 0
40 97 e 0
41 42 a 1
41 42 b 1
41 20 c 4
41 18 d 1
41 73 e 3
42 43 a 1
42 43 b 1
42 87 c 1
42 20 e 3
43 44 a 1
43 44 b 1
43 103 c 1
43 27 d 0
43 71 e 2
44 45 a 1
44 45 b 1
44 63 c 0
44 62 d 0
45 46 a 1
45 46 b 1
45 4 c 1
45 73 e 1
46 47 a 1
46 47 b 1
46 77 c 0
46 41 d 2
46 81 e 1
47 48 a 1
47 48 b 1
47 58 c 4
47 121 d 1
47 126 e 2
48 49 a 1
48 49 b 1
48 7 c 2
48 73 d 2
49 50 a 1
49 50 b 1
49 13 c 0
49 70 d 1
49 95 e 2
50 51 a 1
50 51 b 1
50 83 c 2
50 91 d 3
50 77 e 4
51 52 a 1
51 52 b 1
51 32 c 2
51 90 d 3
51 23 e 0
52 53 a 1
52 53 b 1
52 51 c 2
52 27 d 2
52 31 e 1
53 54 a 1
53 54 b 1
53 47 c 2
53 121 d 2
53 52 e 4
54 55 a 1
54 55 b 1
54 86 c 3
54 113 d 4
54 102 e 3
55 56 a 1
55 56 b 1
55 80 c 4
55 10 d 4
55 16 e 0
56 57 a 1
56 57 b 1
56 13 c 1
56 93 d 3
57 58 a 1
57 58 b 1
57 16 d 2
57 18 e 1
58 59 a 1
58 59 b 1
58 15 c 4
58 22 d 0
58 37 e 3
59 60 a 1
59 60 b 1
59 110 c 2
59 120 d 1
59 1 e 1
60 61 a 1
60 61 b 1
60 118 c 2
60 38 d 1
60 94 e 1
61 62 a 1
61 62 b 1
61 96 c 0
61 98 d 3
61 41 e 1
62 63 a 1
62 63 b 1
62 117 c 1
62 98 d 1
62 68 e 4
63 64 a 1
63 64 b 1
63 109 c 2
63 117 d 2
63 116 e 1
64 65 a 1
64 65 b 1
64 76 c 3
64 84 e 0
65 66 a 1
65 66 b 1
65 46 c 3
65 34 d 1
65 85 e 1
66 67 a 1
66 67 b 1
66 51 d 4
66 125 e 2
67 68 a 1
67 68 b 1
67 19 c 1
67 101 d 1
67 61 e 1
68 69 a 1
68 69 b 1
68 127 c 2
68 115 d 3
68 119 e 0
69 70 a 1
69 70 b 1
69 88 c 1
69 113 d 4
69 2 e 3
70 71 a 1
70 71 b 1
70 107 c 1
70 45 d 1
70 15 e 3
71 72 a 1
71 72 b 1
71 82 c 3
71 70 d 4
71 39 e 0
72 73 a 1
72 73 b 1
72 111 e 3
73 74 a 1
73 74 b 1
73 88 c 3
73 95 d 2
73 49 e 4
74 75 a 1
74 75 b 1
74 2 d 0
74 40 e 2
75 76 a 1
75 76 b 1
75 70 c 1
75 112 d 2
76 77 a 1
76 77 b 1
76 92 d 2
76 69 e 1
77 78 a 1
77 78 b 1
77 76 c 1
77 7 d 1
78 79 a 1
78 79 b 1
78 43 c 1
78 56 d 2
78 25 e 2
79 80 a 1
79 80 b 1
79 119 c 1
79 58 d 4
80 81 a 1
80 81 b 1
80 14 c 0
80 88 d 4
81 82 a 1
81 82 b 1
81 3 c 2
81 31 d 2
81 80 e 1
82 83 a 1
82 83 b 1
82 92 c 3
82 101 e 2
83 84 a 1
83 84 b 1
83 55 c 0
83 28 e 1
84 85 a 1
84 85 b 1
84 71 c 0
84 104 d 0
84 34 e 1
85 86 a 1
85 86 b 1
85 1 d 3
85 99 e 0
86 87 a 1
86 87 b 1
86 115 c 2
86 2 d 2
86 28 e 1
87 88 a 1
87 88 b 1
87 69 d 1
87 82 e 2
88 89 a 1
88 89 b 1
88 60 d 0
88 61 e 0
89 90 a 1
89 90 b 1
89 6 c 4
89 56 d 3
89 3 e 3
90 91 a 1
90 91 b 1
90 75 c 0
90 7 d 3
90 36 e 4
91 92 a 1
91 92 b 1
91 77 c 2
91 79 d 3
91 46 e 3
92 93 a 1
92 93 b 1
92 121 c 2
92 61 e 4
93 94 a 1
93 94 b 1
93 23 c 3
93 77 e 3
94 95 a 1
94 95 b 1
94 89 e 2
95 96 a 1
95 96 b 1
95 13 c 4
95 93 d 2
95 16 e 0
96 97 a 1
96 97 b 1
96 9 d 4
96 56 e 2
97 98 a 1
97 98 b 1
97 90 c 2
97 18 d 0
97 108 e 4
98 99 a 1
98 99 b 1
98 78 c 3
98 61 d 0
98 32 e 2
99 100 a 1
99 100 b 1
99 48 c 2
99 27 d 1
99 49 e 1
100 101 a 1
100 101 b 1
100 53 c 2
100 41 d 1
100 7 e 1
101 102 a 1
101 102 b 1
101 118 c 0
101 74 d 4
101 90 e 0
102 103 a 1
102 103 b 1
102 105 c 3
102 113 d 1
103 104 a 1
103 104 b 1
103 82 c 3
103 11 d 4
103 15 e 2
104 105 a 1
104 105 b 1
104 75 c 4
104 127 d 0
104 5 e 4
105 106 a 1
105 106 b 1
105 78 c 4
105 98 d 2
105 125 e 4
106 107 a 1
106 107 b 1
106 111 c 3
106 62 d 0
106 111 e 4
107 108 a 1
107 108 b 1
107 23 d 2
107 104 e 3
108 109 a 1
108 109 b 1
108 60 c 1
108 74 d 2
108 78 e 1
109 110 a 1
109 110 b 1
109 8 c 3
109 66 d 0
109 88 e 2
110 111 a 1
110 111 b 1
110 38 c 1
110 6 d 0
110 83 e 0
111 112 a 1
111 112 b 1
111 91 c 0
111 41 d 1
111 76 e 3
112 113 a 1
112 113 b 1
112 94 d 4
113 114 a 1
113 114 b 1
113 24 c 4
113 28 d 2
113 56 e 1
114 115 a 1
114 115 b 1
114 6 c 1
114 62 d 4
115 116 a 1
115 116 b 1
115 125 d 3
115 109 e 4
116 117 a 1
116 117 b 1
116 46 d 0
116 39 e 0
117 118 a 1
117 118 b 1
117 98 c 0
117 44 d 4
117 93 e 0
118 119 a 1
118 119 b 1
118 40 d 0
119 120 a 1
119 120 b 1
119 9 c 1
119 6 d 0
119 33 e 2
120 121 a 1
120 121 b 1
120 103 c 4
120 42 d 2
120 50 e 1
121 122 a 1
121 122 b 1
121 24 c 1
121 127 d 3
121 2 e 1
122 123 a 1
122 123 b 1
122 17 c 2
122 76 d 2
122 16 e 2
123 124 a 1
123 124 b 1
123 104 c 4
123 66 d 4
123 112 e 0
124 125 a 1
124 125 b 1
124 120 c 3
124 84 e 2
125 126 a 1
125 126 b 1
125 41 c 3
126 127 a 1
126 127 b 1
126 47 c 0
126 13 d 4
126 75 e 1
127 128 a 1
127 128 b 1
127 55 c 0
127 9 e 3
128 128 a 0
128 128 b 0
128 33 c 4
128 3 d 1
128 117 e 3

28 128 594 5 5 0
1 2 a 1
1 2 b 1
1 12 c 4
1 42 d 1
1 71 e 3
2 3 a 1
2 3 b 1
2 90 c 3
3 4 a 1
3 4 b 1
3 107 c 4
3 34 d 1
3 91 e 2
4 5 a 1
4 5 b 1
4 35 c 2
4 121 d 3
4 97 e 2
5 6 a 1
5 6 b 1
5 27 c 1
5 99 d 4
5 91 e 3
6 7 a 1
6 7 b 1
6 49 d 0
6 84 e 2
7 8 a 1
7 8 b 1
7 90 d 1
7 67 e 1
8 9 a 1
8 9 b 1
8 110 c 4
8 65 d 1
8 95 e 3
9 10 a 1
9 10 b 1
9 103 c 0
9 80 d 2
9 106 e 2
10 11 a 1
10 11 b 1
10 113 c 2
11 12 a 1
11 12 b 1
11 62 c 2
11 124 e 0
12 13 a 1
12 13 b 1
12 76 c 0
12 115 d 3
12 52 e 4
13 14 a 1
13 14 b 1
13 25 c 0
13 102 d 3
13 57 e 4
14 15 a 1
14 15 b 1
14 93 c 0
14 94 d 1
14 58 e 3
15 16 a 1
15 16 b 1
15 48 c 2
15 125 d 2
15 65 e 2
16 17 a 1
16 17 b 1
16 83 c 2
16 18 d 3
16 48 e 3
17 18 a 1
17 18 b 1
17 5 d 0
17 45 e 1
18 19 a 1
18 19 b 1
18 81 c 4
18 81 d 2
18 110 e 0
19 20 a 1
19 20 b 1
19 54 c 0
19 34 d 0
19 99 e 4
20 21 a 1
20 21 b 1
20 27 c 0
20 75 e 1
21 22 a 1
21 22 b 1
21 2 c 3
21 87 d 0
21 126 e 3
22 23 a 1
22 23 b 1
22 57 c 2
22 29 d 0
23 24 a 1
23 24 b 1
23 111 c 3
23 24 d 4
23 23 e 4
24 25 a 1
24 25 b 1
24 126 c 0
24 59 d 3
25 26 a 1
25 26 b 1
25 44 c 0
26 27 a 1
26 27 b 1
26 94 c 0
26 60 d 4
26 110 e 1
27 28 a 1
27 28 b 1
27 7 c 2
27 86 d 2
27 22 e 3
28 29 a 1
28 29 b 1
28 35 c 4
28 45 d 2
29 30 a 1
29 30 b 1
29 125 c 0
29 80 d 0
30 31 a 1
30 31 b 1
30 21 c 4
30 3 d 2
30 44 e 4
31 32 a 1
31 32 b 1
31 7 c 1
31 112 d 0
31 106 e 1
32 33 a 1
32 33 b 1
32 115 c 3
32 126 d 4
32 127 e 3
33 34 a 1
33 34 b 1
33 79 c 3
34 35 a 1
34 35 b 1
34 56 c 3
34 2 d 1
35 36 a 1
35 36 b 1
35 88 d 2
35 18 e 1
36 37 a 1
36 37 b 1
36 118 c 4
36 116 d 0
36 121 e 2
37 38 a 1
37 38 b 1
37 58 d 1
37 40 e 4
38 39 a 1
38 39 b 1
38 19 e 1
39 40 a 1
39 40 b 1
39 14 c 3
39 1 d 1
39 102 e 3
40 41 a 1
40 41 b 1
40 113 c 0
40 45 d 2
40 74 e 3
41 42 a 1
41 42 b 1
41 73 d 3
41 102 e 1
42 43 a 1
42 43 b 1
42 125 d 2
42 84 e 1
43 44 a 1
43 44 b 1
43 4 c 4
43 64 d 2
43 110 e 2
44 45 a 1
44 45 b 1
44 115 c 3
44 35 d 4
44 104 e 3
45 46 a 1
45 46 b 1
45 87 c 2
45 39 d 2
45 75 e 1
46 47 a 1
46 47 b 1
46 19 c 2
46 4 d 4
46 40 e 0
47 48 a 1
47 48 b 1
47 87 c 4
47 20 d 2
47 37 e 4
48 49 a 1
48 49 b 1
48 105 c 0
48 4 d 3
48 105 e 2
49 50 a 1
49 50 b 1
49 108 c 2
49 4 e 0
50 51 a 1
50 51 b 1
50 103 c 0
50 80 d 3
50 63 e 1
51 52 a 1
51 52 b 1
51 50 c 2
51 76 d 0
51 75 e 0
52 53 a 1
52 53 b 1
52 104 c 3
52 120 d 1
52 110 e 3
53 54 a 1
53 54 b 1
53 27 d 3
53 105 e 3
54 55 a 1
54 55 b 1
54 54 c 3
54 18 d 4
54 123 e 4
55 56 a 1
55 56 b 1
55 10 c 4
55 58 d 3
55 117 e 0
56 57 a 1
56 57 b 1
56 47 c 1
56 113 d 0
56 6 e 2
57 58 a 1
57 58 b 1
57 115 c 3
57 43 d 3
57 112 e 3
58 59 a 1
58 59 b 1
58 81 c 4
58 13 d 4
58 109 e 1
59 60 a 1
59 60 b 1
59 100 c 4
59 37 d 0
59 74 e 0
60 61 a 1
60 61 b 1
60 56 c 3
60 86 d 0
60 119 e 4
61 62 a 1
61 62 b 1
61 114 c 0
61 5 d 4
61 121 e 0
62 63 a 1
62 63 b 1
62 115 c 4
62 57 d 1
62 47 e 3
63 64 a 1
63 64 b 1
63 81 d 3
63 70 e 0
64 65 a 1
64 65 b 1
64 62 c 1
64 25 d 3
64 87 e 0
65 66 a 1
65 66 b 1
65 109 c 0
65 94 d 1
65 98 e 0
66 67 a 1
66 67 b 1
66 7 c 3
66 79 d 0
66 56 e 0
67 68 a 1
67 68 b 1
67 72 c 0
67 45 d 4
67 53 e 3
68 69 a 1
68 69 b 1
68 110 c 3
68 16 d 3
68 101 e 1
69 70 a 1
69 70 b 1
69 14 c 3
69 119 d 0
69 24 e 3
70 71 a 1
70 71 b 1
70 8 c 2
70 121 d 0
70 94 e 3
71 72 a 1
71 72 b 1
71 102 d 4
71 72 e 3
72 73 a 1
72 73 b 1
72 84 d 3
72 25 e 0
73 74 a 1
73 74 b 1
73 91 c 3
73 91 d 2
73 106 e 4
74 75 a 1
74 75 b 1
74 21 c 2
74 8 d 3
74 92 e 3
75 76 a 1
75 76 b 1
75 63 c 2
75 62 d 0
75 93 e 1
76 77 a 1
76 77 b 1
76 121 c 2
76 104 d 4
76 37 e 3
77 78 a 1
77 78 b 1
77 106 e 2
78 79 a 1
78 79 b 1
78 80 c 4
78 6 d 0
78 25 e 4
79 80 a 1
79 80 b 1
79 87 c 2
79 77 d 1
79 54 e 4
80 81 a 1
80 81 b 1
80 108 c 3
80 19 d 4
80 57 e 3
81 82 a 1
81 82 b 1
81 77 c 2
81 1 d 4
81 123 e 1
82 83 a 1
82 83 b 1
82 100 c 4
82 4 d 0
83 84 a 1
83 84 b 1
83 66 c 0
83 7 d 1
83 3 e 1
84 85 a 1
84 85 b 1
84 8 d 2
84 36 e 3
85 86 a 1
85 86 b 1
85 87 c 4
85 98 d 2
85 47 e 0
86 87 a 1
86 87 b 1
86 22 c 3
86 16 d 3
87 88 a 1
87 88 b 1
87 73 c 0
87 112 d 0
87 6 e 3
88 89 a 1
88 89 b 1
88 39 c 4
88 89 d 3
89 90 a 1
89 90 b 1
89 37 c 3
89 22 d 1
89 68 e 2
90 91 a 1
90 91 b 1
90 25 c 2
90 47 d 4
90 25 e 2
91 92 a 1
91 92 b 1
91 86 c 0
91 29 d 3
91 78 e 1
92 93 a 1
92 93 b 1
92 74 c 4
92 24 d 0
92 61 e 4
93 94 a 1
93 94 b 1
93 88 c 3
93 55 e 1
94 95 a 1
94 95 b 1
94 22 d 2
94 42 e 1
95 96 a 1
95 96 b 1
95 11 c 4
95 13 d 2
95 100 e 2
96 97 a 1
96 97 b 1
96 33 c 1
96 9 d 3
96 112 e 0
97 98 a 1
97 98 b 1
97 102 c 2
97 39 d 2
97 123 e 4
98 99 a 1
98 99 b 1
98 89 c 2
98 25 d 1
98 100 e 0
99 100 a 1
99 100 b 1
99 47 c 1
99 100 d 4
99 37 e 1
100 101 a 1
100 101 b 1
100 83 d 0
100 97 e 2
101 102 a 1
101 102 b 1
101 34 c 3
101 105 d 3
102 103 a 1
102 103 b 1
102 62 c 2
102 29 d 3
102 105 e 4
103 104 a 1
103 104 b 1
103 92 c 1
103 27 d 4
103 58 e 1
104 105 a 1
104 105 b 1
104 71 c 4
104 8 d 1
104 26 e 3
105 106 a 1
105 106 b 1
105 102 c 4
105 80 d 4
105 113 e 2
106 107 a 1
106 107 b 1
106 72 c 0
106 61 d 3
106 18 e 0
107 108 a 1
107 108 b 1
107 15 c 1
107 120 d 1
107 83 e 4
108 109 a 1
108 109 b 1
108 37 c 2
108 16 d 1
109 110 a 1
109 110 b 1
109 34 c 2
109 122 d 4
109 8 e 3
110 111 a 1
110 111 b 1
110 106 c 3
110 12 d 4
110 61 e 2
111 112 a 1
111 112 b 1
111 112 c 4
111 104 d 2
111 67 e 1
112 113 a 1
112 113 b 1
112 96 c 4
112 87 d 4
112 60 e 4
113 114 a 1
113 114 b 1
113 117 c 3
113 30 d 3
113 16 e 0
114 115 a 1
114 115 b 1
114 4 c 1
114 91 d 1
114 120 e 0
115 116 a 1
115 116 b 1
115 118 c 1
115 46 d 1
115 101 e 1
116 117 a 1
116 117 b 1
116 88 c 4
116 51 d 0
117 118 a 1
117 118 b 1
117 67 c 4
118 119 a 1
118 119 b 1
118 18 c 2
118 29 d 2
118 103 e 1
119 120 a 1
119 120 b 1
119 80 c 0
119 93 d 1
120 121 a 1
120 121 b 1
120 13 c 0
120 100 d 4
121 122 a 1
121 122 b 1
121 39 c 2
121 39 d 2
121 61 e 0
122 123 a 1
122 123 b 1
122 122 c 0
122 101 d 4
122 73 e 1
123 124 a 1
123 124 b 1
123 106 d 3
123 48 e 2
124 125 a 1
124 125 b 1
124 13 c 3
124 30 d 2
124 3 e 4
125 126 a 1
125 126 b 1
125 75 c 3
125 13 d 2
125 82 e 2
126 127 a 1
126 127 b 1
126 80 c 3
126 46 d 0
126 99 e 2
127 128 a 1
127 128 b 1
127 99 c 3
127 11 d 3
127 6 e 2
128 128 a 0
128 128 b 0
128 77 c 0
128 116 d 4
128 41 e 2

29 128 597 5 5 0
1 2 a 1
1 2 b 1
1 59 c 1
1 18 d 0
1 21 e 4
2 3 a 1
2 3 b 1
2 42 c 4
2 105 d 4
2 20 e 3
3 4 a 1
3 4 b 1
3 124 c 3
3 42 d 4
3 127 e 0
4 5 a 1
4 5 b 1
4 37 c 1
4 16 d 0
4 116 e 4
5 6 a 1
5 6 b 1
5 71 c 1
5 72 d 3
5 122 e 3
6 7 a 1
6 7 b 1
6 120 d 3
6 47 e 4
7 8 a 1
7 8 b 1
7 47 c 1
7 74 d 0
7 31 e 1
8 9 a 1
8 9 b 1
8 3 c 1
8 12 d 3
8 94 e 3
9 10 a 1
9 10 b 1
9 116 c 4
9 39 e 3
10 11 a 1
10 11 b 1
10 59 c 1
10 90 d 2
10 74 e 2
11 12 a 1
11 12 b 1
11 70 d 1
11 7 e 3
12 13 a 1
12 13 b 1
12 64 c 3
12 43 d 0
12 43 e 3
13 14 a 1
13 14 b 1
13 24 c 1
13 51 d 2
14 15 a 1
14 15 b 1
14 119 c 0
14 119 d 0
14 113 e 4
15 16 a 1
15 16 b 1
15 106 c 3
15 27 e 0
16 17 a 1
16 17 b 1
16 32 c 4
16 61 d 1
16 82 e 3
17 18 a 1
17 18 b 1
17 6 d 1
17 8 e 0
18 19 a 1
18 19 b 1
18 113 c 0
18 125 d 0
18 79 e 3
19 20 a 1
19 20 b 1
19 8 c 4
19 18 d 4
19 70 e 1
20 21 a 1
20 21 b 1
20 20 c 4
20 24 d 3
20 6 e 3
21 22 a 1
21 22 b 1
21 18 c 1
21 78 e 1
22 23 a 1
22 23 b 1
22 117 c 2
22 46 d 4
23 24 a 1
23 24 b 1
23 25 c 0
23 87 d 4
23 92 e 3
24 25 a 1
24 25 b 1
24 66 c 2
24 94 d 3
24 64 e 1
25 26 a 1
25 26 b 1
25 30 c 3
25 81 d 0
25 52 e 2
26 27 a 1
26 27 b 1
26 5 c 0
26 44 e 4
27 28 a 1
27 28 b 1
27 50 c 4
27 70 d 3
27 77 e 4
28 29 a 1
28 29 b 1
28 55 c 2
28 47 e 0
29 30 a 1
29 30 b 1
29 2 c 1
29 105 d 4
29 8 e 2
30 31 a 1
30 31 b 1
30 73 c 3
30 47 e 3
31 32 a 1
31 32 b 1
31 88 c 3
31 93 d 2
32 33 a 1
32 33 b 1
32 122 c 1
32 61 d 1
32 118 e 2
33 34 a 1
33 34 b 1
33 65 c 0
33 13 d 3
33 32 e 4
34 35 a 1
34 35 b 1
34 91 d 2
34 91 e 1
35 36 a 1
35 36 b 1
35 50 c 1
35 73 d 1
35 112 e 1
36 37 a 1
36 37 b 1
36 99 c 4
36 58 d 3
36 64 e 2
37 38 a 1
37 38 b 1
37 59 c 4
37 104 d 3
37 39 e 1
38 39 a 1
38 39 b 1
38 98 c 2
38 121 d 2
39 40 a 1
39 40 b 1
39 107 c 4
40 41 a 1
40 41 b 1
40 34 d 4
40 99 e 4
41 42 a 1
41 42 b 1
41 94 d 1
41 106 e 2
42 43 a 1
42 43 b 1
42 107 c 2
42 68 d 1
42 32 e 4
43 44 a 1
43 44 b 1
43 45 c 2
43 41 d 2
43 127 e 3
44 45 a 1
44 45 b 1
44 5 c 0
44 97 e 0
45 46 a 1
45 46 b 1
45 99 c 1
45 127 d 4
45 70 e 3
46 47 a 1
46 47 b 1
46 18 c 4
46 103 d 0
46 87 e 2
47 48 a 1
47 48 b 1
47 28 c 2
47 83 d 1
47 35 e 1
48 49 a 1
48 49 b 1
48 43 c 0
48 116 d 3
48 97 e 4
49 50 a 1
49 50 b 1
49 10 c 4
49 47 d 1
49 24 e 3
50 51 a 1
50 51 b 1
50 74 c 0
50 111 d 1
50 100 e 1
51 52 a 1
51 52 b 1
51 119 c 1
51 59 d 0
51 77 e 3
52 53 a 1
52 53 b 1
52 72 c 1
52 105 d 4
52 61 e 4
53 54 a 1
53 54 b 1
53 62 c 1
53 120 d 0
53 67 e 4
54 55 a 1
54 55 b 1
54 122 c 4
54 101 d 2
54 18 e 1
55 56 a 1
55 56 b 1
55 81 c 3
55 12 d 1
55 21 e 1
56 57 a 1
56 57 b 1
56 62 c 2
56 52 d 0
56 36 e 0
57 58 a 1
57 58 b 1
57 41 c 0
57 14 d 0
57 106 e 2
58 59 a 1
58 59 b 1
58 94 c 3
58 58 d 1
58 81 e 0
59 60 a 1
59 60 b 1
59 60 c 2
59 25 d 0
59 86 e 3
60 61 a 1
60 61 b 1
60 86 c 3
60 87 d 0
60 55 e 3
61 62 a 1
61 62 b 1
61 15 d 0
61 42 e 2
62 63 a 1
62 63 b 1
62 51 c 1
62 25 e 1
63 64 a 1
63 64 b 1
63 56 c 2
63 74 d 4
63 50 e 1
64 65 a 1
64 65 b 1
64 41 c 4
64 110 d 3
64 14 e 4
65 66 a 1
65 66 b 1
65 71 c 3
65 20 e 2
66 67 a 1
66 67 b 1
66 9 c 0
66 107 d 4
66 85 e 4
67 68 a 1
67 68 b 1
67 73 c 2
67 98 d 0
67 31 e 2
68 69 a 1
68 69 b 1
68 1 c 0
68 120 d 3
68 110 e 1
69 70 a 1
69 70 b 1
69 114 c 2
69 121 d 2
69 69 e 4
70 71 a 1
70 71 b 1
70 62 c 1
70 59 d 2
70 111 e 1
71 72 a 1
71 72 b 1
71 98 c 4
71 120 d 3
71 79 e 1
72 73 a 1
72 73 b 1
72 86 c 0
72 46 d 0
72 112 e 4
73 74 a 1
73 74 b 1
73 110 c 2
73 113 d 0
73 50 e 1
74 75 a 1
74 75 b 1
74 105 d 0
74 19 e 1
75 76 a 1
75 76 b 1
75 21 c 1
75 124 d 3
75 120 e 1
76 77 a 1
76 77 b 1
76 41 c 1
76 56 d 0
76 6 e 3
77 78 a 1
77 78 b 1
77 45 c 1
77 73 d 2
77 30 e 3
78 79 a 1
78 79 b 1
78 59 d 4
78 54 e 4
79 80 a 1
79 80 b 1
79 10 c 0
79 50 d 4
79 46 e 1
80 81 a 1
80 81 b 1
80 111 c 1
80 38 e 3
81 82 a 1
81 82 b 1
81 93 c 0
81 4 d 2
81 93 e 2
82 83 a 1
82 83 b 1
82 85 c 4
82 105 d 2
82 80 e 0
83 84 a 1
83 84 b 1
83 47 c 1
83 66 d 1
83 39 e 3
84 85 a 1
84 85 b 1
84 47 c 1
84 86 d 1
84 12 e 2
85 86 a 1
85 86 b 1
85 65 c 4
85 108 e 2
86 87 a 1
86 87 b 1
86 119 c 2
86 12 d 2
86 15 e 4
87 88 a 1
87 88 b 1
87 97 c 1
87 70 d 4
87 127 e 2
88 89 a 1
88 89 b 1
88 105 c 1
88 43 d 1
89 90 a 1
89 90 b 1
89 109 c 4
89 69 d 0
89 51 e 0
90 91 a 1
90 91 b 1
90 61 c 4
90 27 d 2
90 87 e 3
91 92 a 1
91 92 b 1
91 29 d 3
91 123 e 3
92 93 a 1
92 93 b 1
92 70 c 1
92 37 d 1
92 91 e 1
93 94 a 1
93 94 b 1
93 92 c 3
93 36 d 3
93 59 e 0
94 95 a 1
94 95 b 1
94 71 c 2
94 113 d 1
94 117 e 3
95 96 a 1
95 96 b 1
95 93 c 4
95 97 d 2
95 124 e 2
96 97 a 1
96 97 b 1
96 34 c 3
96 125 e 2
97 98 a 1
97 98 b 1
97 83 c 3
97 60 e 2
98 99 a 1
98 99 b 1
98 84 d 2
98 62 e 1
99 100 a 1
99 100 b 1
99 120 c 0
99 17 d 1
99 33 e 3
100 101 a 1
100 101 b 1
100 85 c 1
100 99 d 3
100 84 e 0
101 102 a 1
101 102 b 1
101 15 c 4
101 64 d 2
101 30 e 3
102 103 a 1
102 103 b 1
102 6 c 1
102 23 d 0
103 104 a 1
103 104 b 1
103 32 c 1
103 77 d 2
103 109 e 0
104 105 a 1
104 105 b 1
104 124 c 3
104 49 d 1
104 122 e 1
105 106 a 1
105 106 b 1
105 127 c 2
105 51 d 4
106 107 a 1
106 107 b 1
106 10 c 4
106 39 d 1
106 69 e 1
107 108 a 1
107 108 b 1
107 121 c 0
107 84 e 1
108 109 a 1
108 109 b 1
108 4 d 1
108 120 e 3
109 110 a 1
109 110 b 1
109 115 c 4
109 18 d 1
109 58 e 1
110 111 a 1
110 111 b 1
110 8 d 1
110 34 e 0
111 112 a 1
111 112 b 1
111 69 c 4
111 102 d 2
111 9 e 0
112 113 a 1
112 113 b 1
112 69 c 0
112 108 d 1
112 41 e 1
113 114 a 1
113 114 b 1
113 73 c 0
113 69 d 3
113 18 e 1
114 115 a 1
114 115 b 1
114 82 c 1
114 103 e 0
115 116 a 1
115 116 b 1
115 79 d 2
115 71 e 2
116 117 a 1
116 117 b 1
116 102 c 2
116 119 d 4
116 95 e 2
117 118 a 1
117 118 b 1
117 81 c 0
117 89 d 4
118 119 a 1
118 119 b 1
118 44 c 4
118 116 d 1
118 116 e 0
119 120 a 1
119 120 b 1
119 20 c 3
119 12 d 0
119 64 e 0
120 121 a 1
120 121 b 1
120 69 c 2
120 68 d 3
120 11 e 3
121 122 a 1
121 122 b 1
121 19 c 4
121 65 d 3
121 40 e 0
122 123 a 1
122 123 b 1
122 84 c 4
122 55 d 2
123 124 a 1
123 124 b 1
123 106 c 2
123 68 d 1
124 125 a 1
124 125 b 1
124 64 c 3
124 52 d 2
124 38 e 1
125 126 a 1
125 126 b 1
125 15 c 3
125 59 d 2
125 111 e 3
126 127 a 1
126 127 b 1
126 121 c 0
126 92 d 0
127 128 a 1
127 128 b 1
127 54 c 2
127 64 d 2
127 48 e 4
128 128 a 0
128 128 b 0
128 99 c 2
128 46 d 1

30 128 601 5 5 0
1 2 a 1
1 2 b 1
1 60 c 4
2 3 a 1
2 3 b 1
2 127 c 2
2 60 d 3
3 4 a 1
3 4 b 1
3 44 d 0
4 5 a 1
4 5 b 1
4 6 c 1
4 51 d 1
4 73 e 2
5 6 a 1
5 6 b 1
5 42 c 0
5 113 e 0
6 7 a 1
6 7 b 1
6 21 c 3
6 20 d 2
6 2 e 2
7 8 a 1
7 8 b 1
7 37 c 3
7 14 d 1
8 9 a 1
8 9 b 1
8 94 c 4
8 104 d 0
8 75 e 3
9 10 a 1
9 10 b 1
9 86 c 1
9 7 d 3
9 119 e 0
10 11 a 1
10 11 b 1
10 59 c 2
10 34 d 3
10 75 e 0
11 12 a 1
11 12 b 1
11 51 d 3
11 36 e 2
12 13 a 1
12 13 b 1
12 82 c 3
12 58 d 3
13 14 a 1
13 14 b 1
13 52 c 4
13 61 d 3
13 56 e 1
14 15 a 1
14 15 b 1
14 62 c 3
14 28 d 0
14 63 e 4
15 16 a 1
15 16 b 1
15 115 c 1
15 37 e 0
16 17 a 1
16 17 b 1
16 116 c 4
16 42 d 3
16 87 e 2
17 18 a 1
17 18 b 1
17 13 c 0
17 70 d 3
17 63 e 4
18 19 a 1
18 19 b 1
18 79 c 0
18 28 d 3
18 35 e 4
19 20 a 1
19 20 b 1
19 47 c 3
19 45 d 2
20 21 a 1
20 21 b 1
20 15 c 4
20 95 d 1
20 47 e 1
21 22 a 1
21 22 b 1
21 127 c 0
21 45 d 1
21 35 e 4
22 23 a 1
22 23 b 1
22 69 c 3
23 24 a 1
23 24 b 1
23 58 c 2
23 72 d 1
23 57 e 2
24 25 a 1
24 25 b 1
24 70 c 2
24 121 d 2
24 119 e 3
25 26 a 1
25 26 b 1
25 68 c 0
25 109 d 1
25 104 e 2
26 27 a 1
26 27 b 1
26 42 c 3
26 76 d 3
26 7 e 3
27 28 a 1
27 28 b 1
27 14 c 0
27 65 d 4
27 36 e 3
28 29 a 1
28 29 b 1
28 73 c 1
28 29 d 4
28 72 e 0
29 30 a 1
29 30 b 1
29 35 d 3
29 7 e 3
30 31 a 1
30 31 b 1
30 56 c 4
30 99 d 2
30 4 e 3
31 32 a 1
31 32 b 1
31 29 c 3
31 114 d 4
31 20 e 2
32 33 a 1
32 33 b 1
32 54 c 0
32 17 d 3
32 39 e 0
33 34 a 1
33 34 b 1
33 5 c 0
33 122 d 0
33 114 e 0
34 35 a 1
34 35 b 1
34 83 c 3
34 127 d 3
34 127 e 1
35 36 a 1
35 36 b 1
35 16 d 1
35 41 e 2
36 37 a 1
36 37 b 1
36 124 c 2
36 66 d 2
36 9 e 3
37 38 a 1
37 38 b 1
37 114 c 2
37 22 d 3
37 83 e 2
38 39 a 1
38 39 b 1
38 73 c 0
38 28 d 3
38 123 e 0
39 40 a 1
39 40 b 1
39 40 c 0
39 60 d 0
39 80 e 0
40 41 a 1
40 41 b 1
40 1 d 1
41 42 a 1
41 42 b 1
41 118 d 3
41 50 e 0
42 43 a 1
42 43 b 1
42 99 c 1
42 53 d 2
42 123 e 4
43 44 a 1
43 44 b 1
43 95 c 2
43 101 d 4
43 47 e 4
44 45 a 1
44 45 b 1
44 109 c 1
44 125 d 0
44 58 e 1
45 46 a 1
45 46 b 1
45 76 c 1
45 98 d 0
45 112 e 3
46 47 a 1
46 47 b 1
46 40 c 3
46 90 d 0
46 67 e 0
47 48 a 1
47 48 b 1
47 114 c 3
47 33 d 1
47 80 e 1
48 49 a 1
48 49 b 1
48 28 c 0
48 63 d 4
48 71 e 0
49 50 a 1
49 50 b 1
49 53 c 1
49 18 d 4
49 45 e 4
50 51 a 1
50 51 b 1
50 35 c 0
50 21 d 2
50 3 e 1
51 52 a 1
51 52 b 1
51 51 c 4
51 114 d 4
51 34 e 3
52 53 a 1
52 53 b 1
52 118 c 1
52 49 e 2
53 54 a 1
53 54 b 1
53 53 c 4
53 14 d 0
53 88 e 3
54 55 a 1
54 55 b 1
54 51 c 0
54 29 e 2
55 56 a 1
55 56 b 1
55 27 d 2
55 123 e 4
56 57 a 1
56 57 b 1
56 123 c 3
56 113 d 3
56 111 e 3
57 58 a 1
57 58 b 1
57 40 d 3
57 53 e 4
58 59 a 1
58 59 b 1
58 13 c 3
58 67 d 0
58 62 e 0
59 60 a 1
59 60 b 1
59 34 c 3
59 21 d 3
59 20 e 4
60 61 a 1
60 61 b 1
60 7 c 1
60 68 d 1
60 82 e 3
61 62 a 1
61 62 b 1
61 50 c 1
61 18 d 0
61 62 e 3
62 63 a 1
62 63 b 1
62 39 d 4
62 85 e 4
63 64 a 1
63 64 b 1
63 96 c 3
63 105 d 1
64 65 a 1
64 65 b 1
64 110 c 2
64 62 d 2
64 40 e 1
65 66 a 1
65 66 b 1
65 94 c 1
65 37 d 1
65 88 e 1
66 67 a 1
66 67 b 1
66 93 c 3
66 1 d 2
67 68 a 1
67 68 b 1
67 74 c 2
67 71 d 3
67 66 e 1
68 69 a 1
68 69 b 1
68 99 d 2
69 70 a 1
69 70 b 1
69 70 c 0
69 62 d 4
69 15 e 4
70 71 a 1
70 71 b 1
70 64 c 4
70 121 d 1
70 109 e 4
71 72 a 1
71 72 b 1
71 52 c 0
71 94 d 4
71 53 e 3
72 73 a 1
72 73 b 1
72 105 c 3
72 16 d 2
72 85 e 3
73 74 a 1
73 74 b 1
73 10 c 4
73 14 d 3
73 18 e 4
74 75 a 1
74 75 b 1
74 60 c 1
74 47 d 3
74 121 e 4
75 76 a 1
75 76 b 1
75 102 c 2
75 81 d 4
75 100 e 2
76 77 a 1
76 77 b 1
76 80 c 0
76 96 d 2
76 21 e 2
77 78 a 1
77 78 b 1
77 86 c 0
77 98 d 2
77 115 e 4
78 79 a 1
78 79 b 1
78 26 c 2
78 27 e 2
79 80 a 1
79 80 b 1
79 104 c 1
79 41 d 3
79 83 e 4
80 81 a 1
80 81 b 1
80 120 c 4
80 98 d 4
80 70 e 2
81 82 a 1
81 82 b 1
81 59 c 4
81 121 d 2
81 10 e 3
82 83 a 1
82 83 b 1
82 101 d 4
82 93 e 2
83 84 a 1
83 84 b 1
83 3 c 1
83 1 d 3
84 85 a 1
84 85 b 1
84 76 c 0
84 1 d 0
84 50 e 4
85 86 a 1
85 86 b 1
85 19 c 4
85 74 d 4
85 54 e 0
86 87 a 1
86 87 b 1
86 123 c 1
86 113 d 1
86 62 e 2
87 88 a 1
87 88 b 1
87 111 c 3
87 88 d 3
87 122 e 4
88 89 a 1
88 89 b 1
88 68 c 1
88 115 d 0
88 124 e 3
89 90 a 1
89 90 b 1
89 10 c 0
89 18 d 2
89 69 e 1
90 91 a 1
90 91 b 1
90 13 c 0
90 69 d 1
90 39 e 1
91 92 a 1
91 92 b 1
91 93 c 4
91 36 d 2
91 34 e 3
92 93 a 1
92 93 b 1
92 123 c 2
92 90 d 0
92 46 e 1
93 94 a 1
93 94 b 1
93 66 c 3
93 23 d 1
93 62 e 2
94 95 a 1
94 95 b 1
94 69 c 1
94 79 d 1
95 96 a 1
95 96 b 1
95 8 c 1
95 81 e 3
96 97 a 1
96 97 b 1
96 59 c 4
96 82 d 0
96 36 e 3
97 98 a 1
97 98 b 1
97 41 c 2
97 2 d 1
97 81 e 0
98 99 a 1
98 99 b 1
98 42 c 0
98 69 d 1
98 27 e 4
99 100 a 1
99 100 b 1
99 13 c 2
99 3 d 4
99 109 e 3
100 101 a 1
100 101 b 1
100 92 c 2
100 67 d 4
100 111 e 2
101 102 a 1
101 102 b 1
101 98 c 2
101 69 d 1
101 52 e 2
102 103 a 1
102 103 b 1
102 3 c 1
102 109 d 3
102 8 e 3
103 104 a 1
103 104 b 1
103 116 c 2
103 123 d 4
103 36 e 3
104 105 a 1
104 105 b 1
104 123 c 3
104 59 d 0
104 105 e 2
105 106 a 1
105 106 b 1
105 98 d 0
105 14 e 4
106 107 a 1
106 107 b 1
106 78 c 3
106 77 d 2
106 79 e 2
107 108 a 1
107 108 b 1
107 111 c 2
107 104 d 1
107 71 e 0
108 109 a 1
108 109 b 1
108 14 c 2
108 9 d 1
108 111 e 0
109 110 a 1
109 110 b 1
109 69 c 1
109 1 d 0
109 26 e 1
110 111 a 1
110 111 b 1
110 74 c 2
110 54 d 1
110 119 e 0
111 112 a 1
111 112 b 1
111 44 c 1
111 126 d 2
111 28 e 2
112 113 a 1
112 113 b 1
112 117 c 3
112 57 d 1
112 68 e 2
113 114 a 1
113 114 b 1
113 78 c 3
113 100 d 3
113 3 e 2
114 115 a 1
114 115 b 1
114 29 c 3
114 51 d 2
114 13 e 4
115 116 a 1
115 116 b 1
115 36 d 0
115 27 e 3
116 117 a 1
116 117 b 1
116 81 c 0
116 19 d 2
117 118 a 1
117 118 b 1
117 78 c 3
117 22 d 3
117 96 e 3
118 119 a 1
118 119 b 1
118 50 c 2
118 4 e 0
119 120 a 1
119 120 b 1
119 16 d 1
119 32 e 4
120 121 a 1
120 121 b 1
120 89 c 3
120 12 d 3
120 100 e 3
121 122 a 1
121 122 b 1
121 58 c 0
121 117 d 2
121 124 e 2
122 123 a 1
122 123 b 1
122 60 c 2
122 114 d 2
123 124 a 1
123 124 b 1
123 34 c 1
123 62 d 3
123 54 e 4
124 125 a 1
124 125 b 1
124 31 c 0
124 20 d 1
124 87 e 3
125 126 a 1
125 126 b 1
125 27 c 0
125 46 d 3
125 1 e 3
126 127 a 1
126 127 b 1
126 59 d 3
126 111 e 0
127 128 a 1
127 128 b 1
127 122 c 4
127 88 d 4
127 66 e 1
128 128 a 0
128 128 b 0
128 91 c 2
128 70 d 0
128 69 e 3

31 128 597 5 5 0
1 2 a 1
1 2 b 1
1 63 c 1
1 23 d 4
1 109 e 1
2 3 a 1
2 3 b 1
2 112 c 3
2 56 d 4
2 96 e 3
3 4 a 1
3 4 b 1
3 112 c 4
3 14 d 0
3 63 e 0
4 5 a 1
4 5 b 1
4 49 c 1
4 83 d 4
4 42 e 4
5 6 a 1
5 6 b 1
5 40 c 4
5 6 d 0
5 65 e 0
6 7 a 1
6 7 b 1
6 114 c 1
6 40 d 0
7 8 a 1
7 8 b 1
7 78 c 4
8 9 a 1
8 9 b 1
8 53 c 1
8 114 e 1
9 10 a 1
9 10 b 1
9 11 c 2
9 91 d 1
10 11 a 1
10 11 b 1
10 39 c 3
10 96 d 1
10 46 e 4
11 12 a 1
11 12 b 1
11 85 c 3
11 53 e 3
12 13 a 1
12 13 b 1
12 125 c 1
12 111 d 4
12 102 e 0
13 14 a 1
13 14 b 1
13 115 c 0
13 52 d 4
13 83 e 2
14 15 a 1
14 15 b 1
14 84 c 2
14 35 d 3
14 56 e 1
15 16 a 1
15 16 b 1
15 61 c 2
15 84 d 3
15 37 e 2
16 17 a 1
16 17 b 1
16 4 c 2
16 80 e 1
17 18 a 1
17 18 b 1
17 48 c 3
17 113 d 0
17 73 e 3
18 19 a 1
18 19 b 1
18 100 c 2
18 33 d 4
18 87 e 1
19 20 a 1
19 20 b 1
19 107 c 3
19 2 d 4
19 16 e 1
20 21 a 1
20 21 b 1
20 36 c 3
20 32 d 0
20 79 e 1
21 22 a 1
21 22 b 1
21 119 c 1
21 88 d 3
21 56 e 1
22 23 a 1
22 23 b 1
22 97 c 0
22 72 d 3
22 61 e 3
23 24 a 1
23 24 b 1
23 39 c 4
23 45 d 0
23 81 e 0
24 25 a 1
24 25 b 1
24 61 c 1
24 100 e 4
25 26 a 1
25 26 b 1
25 17 c 4
25 124 d 1
25 71 e 4
26 27 a 1
26 27 b 1
26 64 c 1
26 48 d 0
26 19 e 3
27 28 a 1
27 28 b 1
27 30 c 4
27 67 d 4
28 29 a 1
28 29 b 1
28 81 c 4
28 78 d 1
28 90 e 0
29 30 a 1
29 30 b 1
29 36 c 1
29 76 d 3
29 119 e 4
30 31 a 1
30 31 b 1
30 31 c 0
30 65 d 4
30 59 e 4
31 32 a 1
31 32 b 1
31 28 c 1
31 4 d 3
31 81 e 4
32 33 a 1
32 33 b 1
32 63 c 4
32 81 d 1
32 98 e 1
33 34 a 1
33 34 b 1
33 110 c 4
34 35 a 1
34 35 b 1
34 75 c 1
34 32 d 0
34 118 e 0
35 36 a 1
35 36 b 1
35 108 e 4
36 37 a 1
36 37 b 1
36 92 c 3
36 34 e 2
37 38 a 1
37 38 b 1
37 102 c 2
37 90 e 2
38 39 a 1
38 39 b 1
38 3 c 2
38 2 d 1
38 28 e 3
39 40 a 1
39 40 b 1
39 14 c 2
39 110 d 1
39 116 e 2
40 41 a 1
40 41 b 1
40 110 c 0
40 109 d 1
40 96 e 0
41 42 a 1
41 42 b 1
41 104 c 2
41 17 d 3
41 122 e 1
42 43 a 1
42 43 b 1
42 69 c 0
42 43 d 4
42 26 e 0
43 44 a 1
43 44 b 1
43 53 c 4
43 41 d 4
43 103 e 0
44 45 a 1
44 45 b 1
44 42 c 0
44 90 d 0
44 43 e 1
45 46 a 1
45 46 b 1
45 44 c 3
45 39 d 1
45 126 e 3
46 47 a 1
46 47 b 1
46 31 c 0
46 83 d 2
46 127 e 2
47 48 a 1
47 48 b 1
47 82 c 3
47 24 d 2
47 83 e 2
48 49 a 1
48 49 b 1
48 59 c 0
48 19 d 1
48 91 e 1
49 50 a 1
49 50 b 1
49 94 c 4
49 44 d 0
49 33 e 4
50 51 a 1
50 51 b 1
50 86 c 1
50 94 d 2
51 52 a 1
51 52 b 1
51 20 c 1
51 123 d 0
52 53 a 1
52 53 b 1
52 120 c 1
52 109 d 2
52 69 e 0
53 54 a 1
53 54 b 1
53 22 d 2
53 27 e 3
54 55 a 1
54 55 b 1
54 25 c 2
54 38 d 4
54 109 e 0
55 56 a 1
55 56 b 1
55 26 c 1
55 19 d 1
55 84 e 4
56 57 a 1
56 57 b 1
56 51 c 0
56 42 d 3
56 120 e 2
57 58 a 1
57 58 b 1
57 52 d 3
57 103 e 4
58 59 a 1
58 59 b 1
58 58 c 0
58 2 d 1
58 96 e 4
59 60 a 1
59 60 b 1
59 69 c 2
59 50 d 4
59 123 e 0
60 61 a 1
60 61 b 1
60 102 c 3
60 27 d 1
60 59 e 2
61 62 a 1
61 62 b 1
61 83 c 4
61 80 d 3
61 126 e 3
62 63 a 1
62 63 b 1
62 58 c 0
62 81 d 4
62 93 e 2
63 64 a 1
63 64 b 1
63 96 c 2
63 27 d 2
63 18 e 2
64 65 a 1
64 65 b 1
64 43 c 0
64 87 d 3
64 8 e 2
65 66 a 1
65 66 b 1
65 31 c 3
65 30 d 3
66 67 a 1
66 67 b 1
66 38 d 4
66 86 e 1
67 68 a 1
67 68 b 1
67 28 c 1
67 121 d 0
67 78 e 4
68 69 a 1
68 69 b 1
68 52 c 4
68 29 d 1
69 70 a 1
69 70 b 1
69 46 d 0
69 43 e 3
70 71 a 1
70 71 b 1
70 95 c 2
70 76 e 0
71 72 a 1
71 72 b 1
71 65 c 1
71 65 d 1
71 110 e 1
72 73 a 1
72 73 b 1
72 82 c 3
72 122 d 3
72 67 e 2
73 74 a 1
73 74 b 1
73 7 c 2
73 104 d 2
73 87 e 1
74 75 a 1
74 75 b 1
74 2 d 1
74 8 e 1
75 76 a 1
75 76 b 1
75 33 c 1
75 53 d 3
75 91 e 3
76 77 a 1
76 77 b 1
76 113 c 2
76 125 d 4
76 53 e 3
77 78 a 1
77 78 b 1
77 56 c 3
77 51 e 2
78 79 a 1
78 79 b 1
78 87 d 0
78 117 e 4
79 80 a 1
79 80 b 1
79 69 d 4
79 57 e 4
80 81 a 1
80 81 b 1
80 44 c 3
80 52 d 2
81 82 a 1
81 82 b 1
81 120 c 3
81 75 d 1
82 83 a 1
82 83 b 1
82 31 c 2
82 4 d 4
82 63 e 2
83 84 a 1
83 84 b 1
83 14 c 2
83 4 d 0
83 46 e 3
84 85 a 1
84 85 b 1
84 69 c 1
84 78 d 3
85 86 a 1
85 86 b 1
85 37 c 0
85 79 d 4
85 116 e 1
86 87 a 1
86 87 b 1
86 76 d 0
86 74 e 1
87 88 a 1
87 88 b 1
87 13 c 2
87 65 d 0
87 118 e 0
88 89 a 1
88 89 b 1
88 107 c 4
88 53 d 3
88 4 e 0
89 90 a 1
89 90 b 1
89 82 c 2
89 77 d 3
90 91 a 1
90 91 b 1
90 27 c 0
90 2 d 4
90 23 e 0
91 92 a 1
91 92 b 1
91 85 c 2
91 35 d 4
92 93 a 1
92 93 b 1
92 53 c 4
92 113 d 1
92 88 e 3
93 94 a 1
93 94 b 1
93 69 c 4
93 32 d 2
93 26 e 0
94 95 a 1
94 95 b 1
94 22 c 4
94 99 d 3
94 2 e 1
95 96 a 1
95 96 b 1
95 96 c 0
95 7 d 1
95 23 e 3
96 97 a 1
96 97 b 1
96 127 c 2
96 49 d 3
96 123 e 2
97 98 a 1
97 98 b 1
97 66 c 0
97 102 e 0
98 99 a 1
98 99 b 1
98 18 c 3
98 100 d 4
98 75 e 2
99 100 a 1
99 100 b 1
99 69 c 3
99 9 d 3
99 51 e 4
100 101 a 1
100 101 b 1
100 6 c 2
100 20 d 4
101 102 a 1
101 102 b 1
101 118 c 4
101 17 d 2
101 124 e 3
102 103 a 1
102 103 b 1
102 13 c 4
102 30 e 0
103 104 a 1
103 104 b 1
103 70 c 3
103 71 d 1
103 109 e 0
104 105 a 1
104 105 b 1
104 27 c 3
104 124 d 3
104 110 e 4
105 106 a 1
105 106 b 1
105 73 c 1
105 85 d 1
105 28 e 3
106 107 a 1
106 107 b 1
106 42 c 1
106 27 d 2
106 54 e 3
107 108 a 1
107 108 b 1
107 58 c 2
107 62 d 0
107 18 e 0
108 109 a 1
108 109 b 1
108 103 c 4
108 106 d 2
109 110 a 1
109 110 b 1
109 63 c 2
109 86 d 3
109 46 e 0
110 111 a 1
110 111 b 1
110 118 c 4
110 22 d 2
110 112 e 3
111 112 a 1
111 112 b 1
111 91 c 4
111 76 d 2
111 14 e 0
112 113 a 1
112 113 b 1
112 118 c 2
112 76 e 3
113 114 a 1
113 114 b 1
113 41 c 3
113 81 d 1
113 99 e 3
114 115 a 1
114 115 b 1
114 25 c 4
114 105 d 2
114 53 e 1
115 116 a 1
115 116 b 1
115 93 c 3
115 15 d 2
115 104 e 0
116 117 a 1
116 117 b 1
116 111 c 1
116 110 d 4
117 118 a 1
117 118 b 1
117 57 c 0
117 78 d 4
117 10 e 0
118 119 a 1
118 119 b 1
118 33 c 0
118 96 d 2
118 83 e 2
119 120 a 1
119 120 b 1
119 32 c 3
119 4 d 1
119 73 e 0
120 121 a 1
120 121 b 1
120 90 c 3
120 17 d 1
120 40 e 1
121 122 a 1
121 122 b 1
121 101 c 3
121 104 d 4
121 74 e 0
122 123 a 1
122 123 b 1
122 81 c 1
122 79 d 4
122 8 e 3
123 124 a 1
123 124 b 1
123 104 c 3
123 10 d 1
124 125 a 1
124 125 b 1
124 124 e 1
125 126 a 1
125 126 b 1
125 107 c 4
125 102 d 0
125 89 e 2
126 127 a 1
126 127 b 1
126 106 c 4
126 93 d 4
126 118 e 2
127 128 a 1
127 128 b 1
127 121 c 1
127 119 d 1
127 39 e 1
128 128 a 0
128 128 b 0
128 40 c 2
128 5 d 1
128 19 e 3

32 128 600 5 5 0
1 2 a 1
1 2 b 1
1 68 c 0
1 12 d 0
1 76 e 2
2 3 a 1
2 3 b 1
2 118 c 4
2 58 d 0
2 93 e 0
3 4 a 1
3 4 b 1
3 124 c 3
3 112 d 3
3 44 e 2
4 5 a 1
4 5 b 1
4 121 c 4
4 93 d 4
4 20 e 2
5 6 a 1
5 6 b 1
5 70 c 3
5 72 d 1
5 40 e 0
6 7 a 1
6 7 b 1
6 104 c 4
6 51 d 1
6 92 e 0
7 8 a 1
7 8 b 1
7 44 c 3
7 53 d 2
7 60 e 3
8 9 a 1
8 9 b 1
8 48 c 3
8 8 d 1
8 119 e 1
9 10 a 1
9 10 b 1
9 6 c 4
9 50 d 0
9 32 e 2
10 11 a 1
10 11 b 1
10 19 c 2
10 15 e 2
11 12 a 1
11 12 b 1
11 20 c 2
11 115 d 2
12 13 a 1
12 13 b 1
12 111 c 0
12 103 e 3
13 14 a 1
13 14 b 1
13 2 c 0
13 72 d 1
13 75 e 2
14 15 a 1
14 15 b 1
14 22 d 2
14 64 e 4
15 16 a 1
15 16 b 1
15 58 c 3
15 3 d 4
15 2 e 4
16 17 a 1
16 17 b 1
16 90 c 4
16 83 d 3
16 22 e 2
17 18 a 1
17 18 b 1
17 94 c 4
17 45 d 1
18 19 a 1
18 19 b 1
18 20 c 3
18 99 d 2
18 27 e 1
19 20 a 1
19 20 b 1
19 34 c 3
19 10 d 1
19 65 e 3
20 21 a 1
20 21 b 1
20 26 c 2
20 83 d 2
20 54 e 3
21 22 a 1
21 22 b 1
21 45 c 2
21 46 d 2
21 11 e 0
22 23 a 1
22 23 b 1
22 24 d 1
22 75 e 1
23 24 a 1
23 24 b 1
23 78 c 0
23 10 d 1
23 36 e 3
24 25 a 1
24 25 b 1
24 76 c 0
24 77 d 0
24 82 e 4
25 26 a 1
25 26 b 1
25 64 c 0
25 113 d 1
25 59 e 2
26 27 a 1
26 27 b 1
26 124 c 4
26 79 d 0
26 81 e 0
27 28 a 1
27 28 b 1
27 28 c 2
27 88 e 1
28 29 a 1
28 29 b 1
28 96 c 3
28 102 d 0
28 68 e 1
29 30 a 1
29 30 b 1
29 107 c 0
29 75 d 4
29 72 e 4
30 31 a 1
30 31 b 1
30 101 c 1
30 34 d 1
30 47 e 4
31 32 a 1
31 32 b 1
31 73 c 0
31 64 d 1
31 82 e 1
32 33 a 1
32 33 b 1
32 48 c 3
32 50 d 3
32 74 e 3
33 34 a 1
33 34 b 1
33 84 c 3
33 29 d 2
33 25 e 2
34 35 a 1
34 35 b 1
34 92 c 0
34 47 d 2
34 123 e 3
35 36 a 1
35 36 b 1
35 7 c 3
35 1 d 3
36 37 a 1
36 37 b 1
36 40 c 4
36 116 d 4
36 16 e 1
37 38 a 1
37 38 b 1
37 1 c 0
37 57 d 0
37 88 e 2
38 39 a 1
38 39 b 1
38 112 c 4
38 12 e 0
39 40 a 1
39 40 b 1
39 70 c 2
39 25 d 1
39 97 e 0
40 41 a 1
40 41 b 1
40 123 e 1
41 42 a 1
41 42 b 1
41 110 c 0
41 100 d 3
41 120 e 1
42 43 a 1
42 43 b 1
42 65 c 4
42 83 d 0
42 95 e 4
43 44 a 1
43 44 b 1
43 109 c 2
43 42 d 2
43 109 e 1
44 45 a 1
44 45 b 1
44 14 c 1
44 24 d 4
44 15 e 1
45 46 a 1
45 46 b 1
45 66 c 4
45 70 d 2
46 47 a 1
46 47 b 1
46 71 c 3
46 22 d 3
46 81 e 2
47 48 a 1
47 48 b 1
47 73 c 0
47 46 d 0
47 76 e 4
48 49 a 1
48 49 b 1
48 27 d 0
48 44 e 0
49 50 a 1
49 50 b 1
49 7 c 3
49 16 d 3
49 81 e 3
50 51 a 1
50 51 b 1
50 120 c 0
50 105 d 2
50 20 e 0
51 52 a 1
51 52 b 1
51 96 c 3
51 10 d 0
52 53 a 1
52 53 b 1
52 125 c 4
52 46 d 3
52 123 e 3
53 54 a 1
53 54 b 1
53 15 c 1
53 14 d 3
53 83 e 3
54 55 a 1
54 55 b 1
54 125 c 4
54 107 d 4
54 56 e 0
55 56 a 1
55 56 b 1
55 91 c 0
55 118 d 4
55 24 e 0
56 57 a 1
56 57 b 1
56 46 c 3
56 99 d 4
56 121 e 2
57 58 a 1
57 58 b 1
57 96 c 4
57 111 d 4
57 27 e 1
58 59 a 1
58 59 b 1
58 28 c 2
58 76 d 0
59 60 a 1
59 60 b 1
59 104 c 2
59 44 d 1
59 61 e 3
60 61 a 1
60 61 b 1
60 84 c 0
60 52 d 3
60 35 e 4
61 62 a 1
61 62 b 1
61 127 c 1
61 58 d 2
61 105 e 3
62 63 a 1
62 63 b 1
62 48 c 3
62 38 d 3
62 104 e 4
63 64 a 1
63 64 b 1
63 64 c 2
63 35 d 3
63 6 e 1
64 65 a 1
64 65 b 1
64 37 c 1
64 4 d 2
64 49 e 3
65 66 a 1
65 66 b 1
65 109 c 2
65 1 d 2
65 112 e 0
66 67 a 1
66 67 b 1
66 28 c 2
66 56 d 2
67 68 a 1
67 68 b 1
67 24 c 4
67 114 d 1
67 77 e 1
68 69 a 1
68 69 b 1
68 127 e 2
69 70 a 1
69 70 b 1
69 114 c 0
69 114 d 4
70 71 a 1
70 71 b 1
70 85 c 1
70 100 d 3
70 28 e 4
71 72 a 1
71 72 b 1
71 6 c 0
71 49 e 4
72 73 a 1
72 73 b 1
72 122 c 2
72 111 d 0
72 23 e 0
73 74 a 1
73 74 b 1
73 59 e 0
74 75 a 1
74 75 b 1
74 77 c 2
74 101 d 2
74 55 e 1
75 76 a 1
75 76 b 1
75 34 c 0
75 89 d 1
75 8 e 4
76 77 a 1
76 77 b 1
76 41 c 2
76 14 d 0
76 96 e 3
77 78 a 1
77 78 b 1
77 106 c 3
77 19 d 2
77 41 e 4
78 79 a 1
78 79 b 1
78 126 c 1
78 28 d 2
78 79 e 1
79 80 a 1
79 80 b 1
79 112 d 2
79 66 e 3
80 81 a 1
80 81 b 1
80 5 c 4
80 19 d 3
80 126 e 0
81 82 a 1
81 82 b 1
81 102 c 0
81 10 d 1
81 72 e 0
82 83 a 1
82 83 b 1
82 125 c 0
82 51 d 3
82 28 e 3
83 84 a 1
83 84 b 1
83 66 c 0
83 70 d 4
83 57 e 2
84 85 a 1
84 85 b 1
84 47 c 2
84 8 d 1
84 100 e 1
85 86 a 1
85 86 b 1
85 124 c 0
85 114 e 4
86 87 a 1
86 87 b 1
86 35 c 0
86 5 d 2
86 82 e 3
87 88 a 1
87 88 b 1
87 74 e 0
88 89 a 1
88 89 b 1
88 115 c 1
88 82 d 1
88 69 e 1
89 90 a 1
89 90 b 1
89 61 d 2
89 49 e 2
90 91 a 1
90 91 b 1
90 54 d 1
90 120 e 3
91 92 a 1
91 92 b 1
91 85 c 1
91 124 d 0
91 15 e 4
92 93 a 1
92 93 b 1
92 117 c 4
92 92 d 1
92 115 e 1
93 94 a 1
93 94 b 1
93 87 c 2
93 74 d 0
93 32 e 4
94 95 a 1
94 95 b 1
94 44 c 1
94 21 d 0
94 55 e 1
95 96 a 1
95 96 b 1
95 112 c 1
95 52 d 1
95 23 e 0
96 97 a 1
96 97 b 1
96 73 c 4
96 70 d 0
96 115 e 4
97 98 a 1
97 98 b 1
97 62 c 1
97 107 e 0
98 99 a 1
98 99 b 1
98 67 d 3
98 88 e 0
99 100 a 1
99 100 b 1
99 27 c 3
99 6 d 4
99 58 e 0
100 101 a 1
100 101 b 1
100 9 c 1
100 14 d 3
100 110 e 0
101 102 a 1
101 102 b 1
101 51 c 2
101 126 e 0
102 103 a 1
102 103 b 1
102 104 d 3
102 102 e 2
103 104 a 1
103 104 b 1
103 34 c 3
103 34 d 3
104 105 a 1
104 105 b 1
104 101 c 0
104 69 d 0
104 79 e 4
105 106 a 1
105 106 b 1
105 14 c 2
105 85 d 0
105 41 e 4
106 107 a 1
106 107 b 1
106 99 c 4
106 1 d 1
106 20 e 2
107 108 a 1
107 108 b 1
107 44 d 3
107 63 e 4
108 109 a 1
108 109 b 1
108 101 c 1
108 7 d 4
109 110 a 1
109 110 b 1
109 119 c 3
109 7 d 3
110 111 a 1
110 111 b 1
110 61 c 2
110 107 d 0
110 33 e 1
111 112 a 1
111 112 b 1
111 67 c 3
111 52 d 3
111 34 e 1
112 113 a 1
112 113 b 1
112 116 c 1
112 2 d 0
112 127 e 1
113 114 a 1
113 114 b 1
113 38 c 4
113 75 d 4
113 90 e 1
114 115 a 1
114 115 b 1
114 15 c 2
114 42 d 0
114 115 e 4
115 116 a 1
115 116 b 1
115 56 c 4
115 53 d 0
115 98 e 4
116 117 a 1
116 117 b 1
116 116 c 2
116 73 d 0
117 118 a 1
117 118 b 1
117 108 c 1
117 117 d 3
118 119 a 1
118 119 b 1
118 39 c 0
118 57 d 4
118 43 e 1
119 120 a 1
119 120 b 1
119 88 c 4
119 10 d 1
119 102 e 0
120 121 a 1
120 121 b 1
120 36 c 0
120 121 d 4
120 79 e 2
121 122 a 1
121 122 b 1
121 105 d 0
121 40 e 2
122 123 a 1
122 123 b 1
122 84 c 2
122 22 d 3
123 124 a 1
123 124 b 1
123 85 c 4
123 66 d 0
123 37 e 2
124 125 a 1
124 125 b 1
124 98 c 2
124 89 d 3
124 10 e 0
125 126 a 1
125 126 b 1
125 8 c 2
125 92 d 0
125 39 e 2
126 127 a 1
126 127 b 1
126 50 c 4
126 11 d 4
126 16 e 3
127 128 a 1
127 128 b 1
127 106 c 0
127 22 d 3
127 103 e 0
128 128 a 0
128 128 b 0
128 97 c 3
128 106 d 1
128 85 e 0

33 128 587 5 5 0
1 2 a 1
1 2 b 1
1 53 c 4
1 117 e 0
2 3 a 1
2 3 b 1
2 116 c 3
2 127 d 0
2 18 e 4
3 4 a 1
3 4 b 1
3 87 d 4
4 5 a 1
4 5 b 1
4 18 e 3
5 6 a 1
5 6 b 1
5 62 c 0
5 70 d 2
5 43 e 2
6 7 a 1
6 7 b 1
6 70 c 1
6 12 d 3
6 112 e 0
7 8 a 1
7 8 b 1
7 9 d 1
7 77 e 3
8 9 a 1
8 9 b 1
8 35 c 3
8 111 d 3
9 10 a 1
9 10 b 1
9 68 c 1
9 5 d 1
9 85 e 0
10 11 a 1
10 11 b 1
10 35 d 3
10 91 e 3
11 12 a 1
11 12 b 1
11 74 c 2
11 29 d 3
11 43 e 1
12 13 a 1
12 13 b 1
12 10 c 4
12 83 d 1
12 103 e 2
13 14 a 1
13 14 b 1
13 94 c 1
13 125 d 2
13 10 e 2
14 15 a 1
14 15 b 1
14 7 c 0
14 73 d 1
14 31 e 1
15 16 a 1
15 16 b 1
15 74 c 0
15 98 d 4
15 99 e 2
16 17 a 1
16 17 b 1
16 49 c 3
16 120 d 3
16 76 e 2
17 18 a 1
17 18 b 1
17 14 d 4
17 25 e 3
18 19 a 1
18 19 b 1
18 107 c 4
18 63 d 1
18 93 e 2
19 20 a 1
19 20 b 1
19 90 d 0
19 104 e 2
20 21 a 1
20 21 b 1
20 7 c 0
20 101 d 2
20 11 e 2
21 22 a 1
21 22 b 1
21 51 c 1
21 90 d 3
21 35 e 2
22 23 a 1
22 23 b 1
22 1 c 0
22 76 d 1
22 123 e 3
23 24 a 1
23 24 b 1
23 90 c 4
23 57 d 2
23 121 e 2
24 25 a 1
24 25 b 1
24 2 c 1
24 124 d 2
24 111 e 1
25 26 a 1
25 26 b 1
25 74 c 1
25 61 e 2
26 27 a 1
26 27 b 1
26 23 d 1
26 119 e 0
27 28 a 1
27 28 b 1
27 6 d 4
28 29 a 1
28 29 b 1
28 76 c 0
28 12 d 1
28 86 e 3
29 30 a 1
29 30 b 1
29 35 d 4
29 110 e 3
30 31 a 1
30 31 b 1
30 8 c 2
30 91 d 2
30 26 e 3
31 32 a 1
31 32 b 1
31 115 c 1
31 92 d 2
31 58 e 3
32 33 a 1
32 33 b 1
32 120 c 0
32 86 d 0
32 46 e 0
33 34 a 1
33 34 b 1
33 76 c 3
33 45 e 0
34 35 a 1
34 35 b 1
34 101 d 3
35 36 a 1
35 36 b 1
35 25 c 0
35 88 d 3
35 36 e 3
36 37 a 1
36 37 b 1
36 83 c 4
36 84 d 3
37 38 a 1
37 38 b 1
37 41 c 0
37 90 e 1
38 39 a 1
38 39 b 1
38 11 c 4
38 122 d 4
38 111 e 1
39 40 a 1
39 40 b 1
39 97 c 1
39 76 d 1
39 83 e 1
40 41 a 1
40 41 b 1
40 82 c 2
40 22 d 2
40 49 e 2
41 42 a 1
41 42 b 1
41 105 c 1
41 49 d 0
41 54 e 4
42 43 a 1
42 43 b 1
42 55 d 1
42 4 e 3
43 44 a 1
43 44 b 1
43 88 c 1
43 114 e 2
44 45 a 1
44 45 b 1
44 41 c 3
44 107 d 2
44 60 e 1
45 46 a 1
45 46 b 1
45 90 c 4
45 76 d 2
45 35 e 4
46 47 a 1
46 47 b 1
46 65 c 2
46 30 d 2
46 47 e 0
47 48 a 1
47 48 b 1
47 26 c 4
47 103 d 3
47 70 e 2
48 49 a 1
48 49 b 1
48 110 c 4
48 39 d 2
48 59 e 2
49 50 a 1
49 50 b 1
49 52 c 2
49 78 d 3
49 107 e 1
50 51 a 1
50 51 b 1
50 99 d 3
50 87 e 2
51 52 a 1
51 52 b 1
51 35 c 1
51 91 d 4
51 1 e 2
52 53 a 1
52 53 b 1
52 7 c 3
52 50 d 1
52 1 e 3
53 54 a 1
53 54 b 1
53 26 c 4
53 8 d 0
53 44 e 2
54 55 a 1
54 55 b 1
54 26 c 2
54 1 d 0
54 81 e 2
55 56 a 1
55 56 b 1
55 22 d 3
55 12 e 4
56 57 a 1
56 57 b 1
56 88 c 3
56 42 d 2
56 105 e 0
57 58 a 1
57 58 b 1
57 82 c 3
57 31 d 0
57 123 e 1
58 59 a 1
58 59 b 1
58 103 c 3
58 115 e 3
59 60 a 1
59 60 b 1
59 12 c 1
59 6 d 2
59 91 e 0
60 61 a 1
60 61 b 1
60 55 c 2
60 73 d 4
60 48 e 0
61 62 a 1
61 62 b 1
61 86 c 2
61 81 d 4
61 109 e 3
62 63 a 1
62 63 b 1
62 78 c 4
62 36 d 2
63 64 a 1
63 64 b 1
63 122 c 4
63 109 d 0
64 65 a 1
64 65 b 1
64 60 c 0
64 83 d 0
64 2 e 1
65 66 a 1
65 66 b 1
65 66 c 4
65 110 d 0
65 4 e 3
66 67 a 1
66 67 b 1
66 24 c 1
66 103 d 2
66 35 e 0
67 68 a 1
67 68 b 1
67 89 c 2
67 49 d 4
67 82 e 3
68 69 a 1
68 69 b 1
68 106 c 3
68 5 e 4
69 70 a 1
69 70 b 1
69 67 c 1
69 30 d 1
69 63 e 1
70 71 a 1
70 71 b 1
70 72 d 4
70 84 e 2
71 72 a 1
71 72 b 1
71 1 c 2
71 87 d 3
71 60 e 2
72 73 a 1
72 73 b 1
72 52 c 3
72 80 d 3
72 9 e 1
73 74 a 1
73 74 b 1
73 8 c 2
73 76 d 2
73 62 e 4
74 75 a 1
74 75 b 1
74 14 c 0
74 127 d 1
75 76 a 1
75 76 b 1
75 48 c 3
75 82 d 1
76 77 a 1
76 77 b 1
76 42 c 1
76 106 d 0
77 78 a 1
77 78 b 1
77 79 c 2
77 50 d 4
77 85 e 3
78 79 a 1
78 79 b 1
78 109 d 4
78 118 e 3
79 80 a 1
79 80 b 1
79 19 c 2
79 59 d 2
79 77 e 4
80 81 a 1
80 81 b 1
80 50 c 1
80 11 d 0
80 87 e 4
81 82 a 1
81 82 b 1
81 70 d 1
81 26 e 1
82 83 a 1
82 83 b 1
82 5 c 4
82 101 d 0
82 4 e 4
83 84 a 1
83 84 b 1
83 32 e 3
84 85 a 1
84 85 b 1
84 58 c 2
84 33 d 0
84 46 e 0
85 86 a 1
85 86 b 1
85 95 c 2
85 78 d 1
85 13 e 1
86 87 a 1
86 87 b 1
86 126 d 3
86 95 e 1
87 88 a 1
87 88 b 1
87 16 c 0
87 11 d 0
87 12 e 3
88 89 a 1
88 89 b 1
88 116 c 3
88 14 d 4
88 124 e 2
89 90 a 1
89 90 b 1
89 30 c 0
89 78 e 3
90 91 a 1
90 91 b 1
90 103 c 4
90 98 d 4
90 115 e 0
91 92 a 1
91 92 b 1
91 118 c 2
91 39 d 2
91 44 e 1
92 93 a 1
92 93 b 1
92 15 c 3
92 117 d 0
92 55 e 3
93 94 a 1
93 94 b 1
93 96 d 1
94 95 a 1
94 95 b 1
94 18 c 0
94 123 d 3
94 32 e 2
95 96 a 1
95 96 b 1
95 19 e 3
96 97 a 1
96 97 b 1
96 67 c 3
96 113 d 2
96 70 e 3
97 98 a 1
97 98 b 1
97 17 c 1
97 4 d 4
97 35 e 1
98 99 a 1
98 99 b 1
98 6 c 0
98 42 d 3
98 8 e 4
99 100 a 1
99 100 b 1
99 62 c 3
99 39 d 3
99 111 e 2
100 101 a 1
100 101 b 1
100 26 d 0
100 63 e 4
101 102 a 1
101 102 b 1
101 25 c 1
101 19 d 3
101 24 e 4
102 103 a 1
102 103 b 1
102 73 c 2
102 105 e 0
103 104 a 1
103 104 b 1
103 110 c 0
103 10 e 1
104 105 a 1
104 105 b 1
104 112 c 0
104 93 d 3
104 28 e 2
105 106 a 1
105 106 b 1
105 118 c 4
105 55 d 3
105 88 e 2
106 107 a 1
106 107 b 1
106 72 c 3
106 14 d 4
106 44 e 3
107 108 a 1
107 108 b 1
107 104 c 1
107 48 d 3
108 109 a 1
108 109 b 1
108 28 c 4
108 3 d 3
108 69 e 1
109 110 a 1
109 110 b 1
109 87 c 3
109 75 d 3
110 111 a 1
110 111 b 1
110 15 c 2
110 61 d 4
110 67 e 2
111 112 a 1
111 112 b 1
111 56 c 4
111 92 d 3
111 17 e 2
112 113 a 1
112 113 b 1
112 27 c 1
112 124 d 0
112 119 e 3
113 114 a 1
113 114 b 1
113 35 c 4
113 28 d 2
113 116 e 4
114 115 a 1
114 115 b 1
114 107 c 1
114 37 d 2
114 27 e 1
115 116 a 1
115 116 b 1
115 2 c 0
115 38 d 4
116 117 a 1
116 117 b 1
116 8 d 4
116 59 e 3
117 118 a 1
117 118 b 1
117 34 c 0
117 89 d 3
117 123 e 0
118 119 a 1
118 119 b 1
118 121 c 3
118 87 d 1
118 99 e 2
119 120 a 1
119 120 b 1
119 57 c 2
119 24 d 2
119 20 e 4
120 121 a 1
120 121 b 1
120 111 e 3
121 122 a 1
121 122 b 1
121 13 c 3
121 36 d 3
121 47 e 3
122 123 a 1
122 123 b 1
122 40 c 4
122 48 d 1
123 124 a 1
123 124 b 1
123 50 c 1
123 69 d 4
123 55 e 0
124 125 a 1
124 125 b 1
124 22 d 0
124 67 e 0
125 126 a 1
125 126 b 1
125 14 c 3
125 14 d 0
125 107 e 1
126 127 a 1
126 127 b 1
126 41 c 1
126 23 d 2
126 15 e 1
127 128 a 1
127 128 b 1
127 24 c 2
127 118 d 4
127 99 e 0
128 128 a 0
128 128 b 0
128 19 c 3
128 15 d 0
128 36 e 1

34 128 610 5 5 0
1 2 a 1
1 2 b 1
1 23 c 0
1 32 d 2
1 32 e 1
2 3 a 1
2 3 b 1
2 80 c 2
2 4 e 0
3 4 a 1
3 4 b 1
3 56 c 3
3 95 d 3
3 56 e 2
4 5 a 1
4 5 b 1
4 75 d 1
4 91 e 4
5 6 a 1
5 6 b 1
5 10 c 3
5 104 e 2
6 7 a 1
6 7 b 1
6 9 c 2
6 84 d 4
6 82 e 0
7 8 a 1
7 8 b 1
7 69 c 4
7 120 d 2
7 119 e 1
8 9 a 1
8 9 b 1
8 5 c 0
8 71 e 0
9 10 a 1
9 10 b 1
9 86 c 1
9 53 e 0
10 11 a 1
10 11 b 1
10 47 c 0
10 39 e 4
11 12 a 1
11 12 b 1
11 103 c 3
11 104 d 1
11 97 e 2
12 13 a 1
12 13 b 1
12 106 c 4
12 66 d 2
12 80 e 1
13 14 a 1
13 14 b 1
13 56 c 2
13 4 d 1
14 15 a 1
14 15 b 1
14 108 c 2
14 26 d 0
14 59 e 0
15 16 a 1
15 16 b 1
15 88 c 1
15 80 d 1
15 108 e 1
16 17 a 1
16 17 b 1
16 29 c 1
16 95 d 4
17 18 a 1
17 18 b 1
17 46 c 2
17 42 d 3
17 126 e 4
18 19 a 1
18 19 b 1
18 96 c 4
18 30 d 2
18 104 e 3
19 20 a 1
19 20 b 1
19 47 c 4
19 62 d 4
19 58 e 2
20 21 a 1
20 21 b 1
20 72 c 1
20 7 e 3
21 22 a 1
21 22 b 1
21 122 c 4
21 78 d 3
21 6 e 1
22 23 a 1
22 23 b 1
22 94 c 1
22 110 d 0
22 105 e 2
23 24 a 1
23 24 b 1
23 41 c 0
23 9 e 4
24 25 a 1
24 25 b 1
24 37 c 4
24 26 d 3
24 4 e 0
25 26 a 1
25 26 b 1
25 83 c 2
25 65 d 0
25 2 e 3
26 27 a 1
26 27 b 1
26 111 c 3
26 79 d 4
26 116 e 2
27 28 a 1
27 28 b 1
27 47 c 1
27 57 d 2
27 101 e 3
28 29 a 1
28 29 b 1
28 60 c 3
28 66 d 3
29 30 a 1
29 30 b 1
29 106 c 2
29 89 d 4
29 71 e 1
30 31 a 1
30 31 b 1
30 65 c 4
30 105 d 4
30 126 e 3
31 32 a 1
31 32 b 1
31 28 c 0
31 15 d 4
31 72 e 1
32 33 a 1
32 33 b 1
32 84 c 2
32 88 d 4
32 101 e 2
33 34 a 1
33 34 b 1
33 119 c 1
33 33 d 4
33 5 e 3
34 35 a 1
34 35 b 1
34 39 c 1
34 56 d 4
34 90 e 2
35 36 a 1
35 36 b 1
35 63 c 2
35 69 d 3
35 68 e 0
36 37 a 1
36 37 b 1
36 46 d 0
37 38 a 1
37 38 b 1
37 116 c 4
37 112 d 4
37 115 e 2
38 39 a 1
38 39 b 1
38 104 c 1
38 80 d 2
38 109 e 3
39 40 a 1
39 40 b 1
39 82 c 1
39 4 d 0
39 116 e 3
40 41 a 1
40 41 b 1
40 106 d 2
40 121 e 1
41 42 a 1
41 42 b 1
41 35 c 2
41 78 d 2
42 43 a 1
42 43 b 1
42 11 c 4
42 35 d 4
42 91 e 2
43 44 a 1
43 44 b 1
43 73 c 3
43 31 e 1
44 45 a 1
44 45 b 1
44 32 d 1
44 53 e 4
45 46 a 1
45 46 b 1
45 122 c 1
45 104 d 4
45 92 e 2
46 47 a 1
46 47 b 1
46 4 c 4
46 122 d 3
46 84 e 1
47 48 a 1
47 48 b 1
47 114 c 1
47 22 d 3
47 113 e 2
48 49 a 1
48 49 b 1
48 51 c 1
48 83 d 4
48 54 e 4
49 50 a 1
49 50 b 1
49 30 d 0
49 103 e 3
50 51 a 1
50 51 b 1
50 78 c 3
50 42 d 2
50 32 e 2
51 52 a 1
51 52 b 1
51 68 c 4
51 57 d 4
51 29 e 0
52 53 a 1
52 53 b 1
52 110 c 3
52 56 d 1
52 47 e 1
53 54 a 1
53 54 b 1
53 44 c 1
53 87 d 0
53 26 e 3
54 55 a 1
54 55 b 1
54 7 c 4
54 1 d 4
54 3 e 1
55 56 a 1
55 56 b 1
55 28 c 4
55 1 e 1
56 57 a 1
56 57 b 1
56 125 d 2
56 24 e 1
57 58 a 1
57 58 b 1
57 7 c 1
57 39 d 0
57 34 e 2
58 59 a 1
58 59 b 1
58 111 c 4
58 110 d 2
58 56 e 4
59 60 a 1
59 60 b 1
59 33 c 3
59 117 d 1
59 7 e 1
60 61 a 1
60 61 b 1
60 85 c 1
60 71 d 0
60 85 e 2
61 62 a 1
61 62 b 1
61 93 c 4
61 126 d 1
61 112 e 0
62 63 a 1
62 63 b 1
62 125 c 1
62 99 d 4
62 90 e 4
63 64 a 1
63 64 b 1
63 75 c 0
63 68 d 1
63 87 e 3
64 65 a 1
64 65 b 1
64 119 c 2
64 92 d 1
65 66 a 1
65 66 b 1
65 58 c 2
65 124 d 3
65 67 e 2
66 67 a 1
66 67 b 1
66 106 c 3
66 12 d 3
66 106 e 2
67 68 a 1
67 68 b 1
67 54 c 0
67 4 d 4
67 41 e 2
68 69 a 1
68 69 b 1
68 42 c 4
68 103 d 0
68 76 e 2
69 70 a 1
69 70 b 1
69 57 c 1
69 14 d 3
69 46 e 2
70 71 a 1
70 71 b 1
70 89 c 4
70 67 d 1
70 81 e 0
71 72 a 1
71 72 b 1
71 121 c 1
71 82 d 0
71 70 e 3
72 73 a 1
72 73 b 1
72 76 c 0
72 125 d 2
73 74 a 1
73 74 b 1
73 70 c 0
73 30 d 3
73 51 e 3
74 75 a 1
74 75 b 1
74 28 c 3
74 94 d 1
75 76 a 1
75 76 b 1
75 21 c 0
75 62 e 2
76 77 a 1
76 77 b 1
76 83 c 2
76 72 d 2
76 66 e 2
77 78 a 1
77 78 b 1
77 119 c 1
77 56 d 1
77 33 e 0
78 79 a 1
78 79 b 1
78 79 c 0
78 120 d 2
78 110 e 2
79 80 a 1
79 80 b 1
79 68 c 4
79 27 d 4
79 44 e 0
80 81 a 1
80 81 b 1
80 36 c 3
80 92 d 1
80 113 e 4
81 82 a 1
81 82 b 1
81 50 c 0
81 101 d 2
81 60 e 2
82 83 a 1
82 83 b 1
82 51 c 3
82 97 d 1
83 84 a 1
83 84 b 1
83 100 c 0
83 52 d 1
83 80 e 0
84 85 a 1
84 85 b 1
84 126 c 1
84 114 d 3
84 98 e 3
85 86 a 1
85 86 b 1
85 126 c 4
85 32 d 0
85 61 e 0
86 87 a 1
86 87 b 1
86 85 c 3
86 112 d 1
86 42 e 0
87 88 a 1
87 88 b 1
87 77 c 4
87 25 d 4
87 101 e 1
88 89 a 1
88 89 b 1
88 82 c 1
88 17 d 3
88 72 e 3
89 90 a 1
89 90 b 1
89 21 c 2
89 23 d 4
89 64 e 4
90 91 a 1
90 91 b 1
90 32 c 3
90 126 d 0
90 25 e 1
91 92 a 1
91 92 b 1
91 87 c 4
91 35 d 2
91 51 e 0
92 93 a 1
92 93 b 1
92 30 c 4
92 127 d 2
92 10 e 3
93 94 a 1
93 94 b 1
93 122 c 0
93 15 d 4
93 127 e 0
94 95 a 1
94 95 b 1
94 11 c 0
94 106 e 4
95 96 a 1
95 96 b 1
95 17 c 3
95 1 d 4
95 18 e 0
96 97 a 1
96 97 b 1
96 88 c 3
96 68 d 3
96 102 e 4
97 98 a 1
97 98 b 1
97 52 c 4
97 94 d 0
97 74 e 0
98 99 a 1
98 99 b 1
98 73 c 4
98 37 d 0
98 102 e 1
99 100 a 1
99 100 b 1
99 53 c 3
99 124 d 0
99 126 e 3
100 101 a 1
100 101 b 1
100 51 d 0
100 105 e 0
101 102 a 1
101 102 b 1
101 50 c 2
101 115 d 3
101 51 e 3
102 103 a 1
102 103 b 1
102 83 c 3
102 104 d 4
102 95 e 1
103 104 a 1
103 104 b 1
103 23 c 4
103 69 d 1
103 44 e 1
104 105 a 1
104 105 b 1
104 60 c 1
104 55 d 1
104 100 e 1
105 106 a 1
105 106 b 1
105 56 c 3
105 19 d 0
105 118 e 3
106 107 a 1
106 107 b 1
106 83 c 3
106 86 d 4
106 98 e 2
107 108 a 1
107 108 b 1
107 86 c 0
107 26 d 1
107 52 e 2
108 109 a 1
108 109 b 1
108 12 c 4
108 29 d 2
108 76 e 1
109 110 a 1
109 110 b 1
109 36 c 0
109 21 d 2
109 70 e 0
110 111 a 1
110 111 b 1
110 58 c 4
110 46 d 0
110 16 e 3
111 112 a 1
111 112 b 1
111 122 c 4
111 10 d 1
112 113 a 1
112 113 b 1
112 89 c 3
112 4 d 1
112 78 e 1
113 114 a 1
113 114 b 1
113 99 c 4
113 17 d 0
113 41 e 3
114 115 a 1
114 115 b 1
114 84 d 4
114 40 e 1
115 116 a 1
115 116 b 1
115 36 c 1
115 95 d 4
115 82 e 3
116 117 a 1
116 117 b 1
116 119 c 3
116 123 d 2
116 68 e 0
117 118 a 1
117 118 b 1
117 74 c 3
117 67 d 2
117 76 e 4
118 119 a 1
118 119 b 1
118 121 c 3
118 50 d 2
118 112 e 2
119 120 a 1
119 120 b 1
119 109 c 3
119 10 e 1
120 121 a 1
120 121 b 1
120 88 c 2
120 50 d 2
120 9 e 1
121 122 a 1
121 122 b 1
121 54 c 1
121 98 d 3
121 102 e 4
122 123 a 1
122 123 b 1
122 34 c 2
122 98 d 2
122 1 e 3
123 124 a 1
123 124 b 1
123 82 c 1
123 111 d 4
123 57 e 2
124 125 a 1
124 125 b 1
124 64 c 0
124 102 d 0
124 17 e 0
125 126 a 1
125 126 b 1
125 74 c 1
125 34 d 2
125 19 e 0
126 127 a 1
126 127 b 1
126 9 c 3
126 27 d 2
126 58 e 3
127 128 a 1
127 128 b 1
127 20 c 0
127 105 d 1
127 107 e 0
128 128 a 0
128 128 b 0
128 114 c 4
128 44 d 2
128 61 e 2

35 128 580 5 5 0
1 2 a 1
1 2 b 1
1 74 c 1
1 18 d 3
1 68 e 0
2 3 a 1
2 3 b 1
2 84 e 1
3 4 a 1
3 4 b 1
3 1 c 1
3 19 d 3
3 101 e 0
4 5 a 1
4 5 b 1
4 114 c 4
4 19 d 1
4 59 e 2
5 6 a 1
5 6 b 1
5 7 c 2
5 14 d 4
5 61 e 2
6 7 a 1
6 7 b 1
6 31 c 3
6 19 d 1
6 76 e 3
7 8 a 1
7 8 b 1
7 33 c 1
7 50 d 0
7 95 e 2
8 9 a 1
8 9 b 1
8 101 c 2
8 1 d 0
8 36 e 0
9 10 a 1
9 10 b 1
9 126 c 3
9 79 d 1
10 11 a 1
10 11 b 1
10 39 d 1
10 95 e 3
11 12 a 1
11 12 b 1
11 107 c 1
11 117 d 4
11 100 e 4
12 13 a 1
12 13 b 1
12 69 c 1
12 103 d 2
12 41 e 4
13 14 a 1
13 14 b 1
13 8 c 2
13 24 d 0
13 57 e 1
14 15 a 1
14 15 b 1
14 99 c 1
14 85 d 3
14 96 e 0
15 16 a 1
15 16 b 1
15 12 d 0
15 80 e 3
16 17 a 1
16 17 b 1
16 3 c 4
16 42 d 3
16 109 e 3
17 18 a 1
17 18 b 1
17 123 c 2
17 64 d 3
17 123 e 0
18 19 a 1
18 19 b 1
18 55 c 0
18 93 d 2
18 78 e 1
19 20 a 1
19 20 b 1
19 101 c 3
19 70 d 1
19 35 e 0
20 21 a 1
20 21 b 1
20 90 c 4
20 28 e 4
21 22 a 1
21 22 b 1
21 99 c 1
21 67 d 0
21 87 e 1
22 23 a 1
22 23 b 1
22 33 c 1
22 58 d 3
22 49 e 0
23 24 a 1
23 24 b 1
23 47 c 1
23 27 d 0
23 107 e 4
24 25 a 1
24 25 b 1
24 1 c 1
24 13 e 4
25 26 a 1
25 26 b 1
25 79 d 2
25 103 e 4
26 27 a 1
26 27 b 1
26 21 c 1
26 5 d 1
26 37 e 1
27 28 a 1
27 28 b 1
27 36 d 3
27 62 e 2
28 29 a 1
28 29 b 1
28 125 e 0
29 30 a 1
29 30 b 1
29 63 c 4
29 79 d 1
29 120 e 3
30 31 a 1
30 31 b 1
30 121 d 4
30 99 e 3
31 32 a 1
31 32 b 1
31 115 c 1
31 24 d 1
31 63 e 4
32 33 a 1
32 33 b 1
32 82 c 0
32 87 d 4
33 34 a 1
33 34 b 1
33 52 d 1
33 41 e 3
34 35 a 1
34 35 b 1
34 112 e 0
35 36 a 1
35 36 b 1
35 88 c 3
35 125 d 3
35 121 e 2
36 37 a 1
36 37 b 1
36 101 c 4
36 84 d 1
37 38 a 1
37 38 b 1
37 26 c 0
37 76 e 1
38 39 a 1
38 39 b 1
38 85 c 0
38 74 d 4
38 53 e 1
39 40 a 1
39 40 b 1
39 109 c 1
39 120 d 0
39 127 e 1
40 41 a 1
40 41 b 1
40 47 c 0
41 42 a 1
41 42 b 1
41 24 d 2
41 29 e 0
42 43 a 1
42 43 b 1
42 57 c 3
42 120 d 0
42 16 e 2
43 44 a 1
43 44 b 1
43 111 c 2
43 38 d 2
43 32 e 4
44 45 a 1
44 45 b 1
44 47 c 2
44 85 d 4
44 66 e 4
45 46 a 1
45 46 b 1
45 80 c 0
45 118 d 2
45 102 e 4
46 47 a 1
46 47 b 1
46 74 c 1
46 46 d 0
46 33 e 1
47 48 a 1
47 48 b 1
47 62 c 4
47 125 d 3
48 49 a 1
48 49 b 1
48 67 c 4
48 88 d 0
48 5 e 0
49 50 a 1
49 50 b 1
49 67 c 4
49 86 e 0
50 51 a 1
50 51 b 1
50 46 c 0
50 25 d 2
50 12 e 0
51 52 a 1
51 52 b 1
51 48 c 4
51 104 d 3
51 44 e 1
52 53 a 1
52 53 b 1
52 90 d 2
52 118 e 4
53 54 a 1
53 54 b 1
53 34 c 0
53 58 d 4
53 96 e 1
54 55 a 1
54 55 b 1
54 80 c 4
54 105 d 0
55 56 a 1
55 56 b 1
55 92 d 3
55 98 e 4
56 57 a 1
56 57 b 1
56 71 d 2
56 13 e 4
57 58 a 1
57 58 b 1
57 81 c 1
57 46 d 3
57 60 e 2
58 59 a 1
58 59 b 1
58 76 d 4
58 21 e 1
59 60 a 1
59 60 b 1
59 104 c 1
59 81 d 1
59 72 e 0
60 61 a 1
60 61 b 1
60 100 c 4
60 46 e 1
61 62 a 1
61 62 b 1
61 89 c 0
62 63 a 1
62 63 b 1
62 8 c 4
62 48 d 2
62 99 e 2
63 64 a 1
63 64 b 1
63 62 c 0
63 110 e 0
64 65 a 1
64 65 b 1
64 93 c 1
64 93 d 3
65 66 a 1
65 66 b 1
65 127 d 4
65 117 e 4
66 67 a 1
66 67 b 1
66 32 d 0
66 81 e 2
67 68 a 1
67 68 b 1
67 82 c 3
67 88 d 3
68 69 a 1
68 69 b 1
68 10 c 1
68 18 d 2
68 75 e 2
69 70 a 1
69 70 b 1
69 77 c 2
69 65 d 2
69 111 e 3
70 71 a 1
70 71 b 1
70 27 c 0
70 124 d 1
70 17 e 1
71 72 a 1
71 72 b 1
71 69 c 3
71 83 d 2
71 89 e 4
72 73 a 1
72 73 b 1
72 72 c 4
72 18 d 4
72 38 e 4
73 74 a 1
73 74 b 1
73 95 c 4
73 12 d 3
73 74 e 0
74 75 a 1
74 75 b 1
74 40 c 2
74 45 d 2
74 39 e 0
75 76 a 1
75 76 b 1
75 51 c 3
75 63 d 3
75 22 e 4
76 77 a 1
76 77 b 1
76 80 c 2
76 23 d 0
76 27 e 1
77 78 a 1
77 78 b 1
77 20 e 3
78 79 a 1
78 79 b 1
78 35 c 1
78 115 d 2
79 80 a 1
79 80 b 1
79 70 c 1
79 12 d 0
79 127 e 0
80 81 a 1
80 81 b 1
80 57 c 0
80 100 d 1
80 88 e 3
81 82 a 1
81 82 b 1
81 76 c 1
81 16 d 1
82 83 a 1
82 83 b 1
82 93 c 2
82 36 d 2
82 16 e 3
83 84 a 1
83 84 b 1
83 26 c 4
83 20 d 3
83 71 e 0
84 85 a 1
84 85 b 1
84 38 c 0
84 59 d 0
84 93 e 2
85 86 a 1
85 86 b 1
85 17 c 3
86 87 a 1
86 87 b 1
86 117 c 0
86 122 d 0
86 85 e 0
87 88 a 1
87 88 b 1
87 23 c 0
87 28 d 3
87 13 e 3
88 89 a 1
88 89 b 1
88 76 c 1
88 31 e 2
89 90 a 1
89 90 b 1
89 66 c 2
89 94 d 0
89 33 e 1
90 91 a 1
90 91 b 1
90 116 c 0
90 81 d 3
91 92 a 1
91 92 b 1
91 91 c 3
91 121 d 3
91 38 e 1
92 93 a 1
92 93 b 1
92 29 c 0
92 20 d 0
92 65 e 4
93 94 a 1
93 94 b 1
93 47 c 1
93 22 d 1
93 40 e 3
94 95 a 1
94 95 b 1
94 24 c 1
94 1 d 1
94 4 e 1
95 96 a 1
95 96 b 1
95 125 d 2
95 87 e 1
96 97 a 1
96 97 b 1
96 94 d 4
96 14 e 3
97 98 a 1
97 98 b 1
97 30 d 2
97 40 e 0
98 99 a 1
98 99 b 1
98 36 c 4
98 9 d 2
98 127 e 0
99 100 a 1
99 100 b 1
99 43 c 0
99 90 d 2
100 101 a 1
100 101 b 1
100 38 d 2
100 55 e 4
101 102 a 1
101 102 b 1
101 90 c 4
101 90 e 1
102 103 a 1
102 103 b 1
102 54 c 0
102 107 d 2
102 1 e 2
103 104 a 1
103 104 b 1
103 97 c 3
103 62 d 0
103 62 e 4
104 105 a 1
104 105 b 1
104 78 c 1
104 112 d 4
104 56 e 2
105 106 a 1
105 106 b 1
105 54 c 2
106 107 a 1
106 107 b 1
106 73 c 2
106 105 d 0
107 108 a 1
107 108 b 1
107 55 c 1
107 90 d 4
107 45 e 2
108 109 a 1
108 109 b 1
108 40 c 2
108 77 d 0
108 82 e 3
109 110 a 1
109 110 b 1
109 102 c 2
109 91 d 0
109 10 e 4
110 111 a 1
110 111 b 1
110 94 c 1
110 125 d 1
111 112 a 1
111 112 b 1
111 78 c 1
111 100 d 3
111 119 e 1
112 113 a 1
112 113 b 1
112 38 c 1
112 39 d 1
112 117 e 4
113 114 a 1
113 114 b 1
113 81 c 2
113 59 d 3
113 85 e 4
114 115 a 1
114 115 b 1
114 18 c 1
114 79 d 0
114 2 e 1
115 116 a 1
115 116 b 1
115 44 c 3
115 99 e 1
116 117 a 1
116 117 b 1
116 90 c 3
116 24 d 4
117 118 a 1
117 118 b 1
117 77 c 0
117 88 d 3
117 74 e 1
118 119 a 1
118 119 b 1
118 109 c 3
118 121 d 2
119 120 a 1
119 120 b 1
119 82 c 3
119 12 d 0
120 121 a 1
120 121 b 1
120 97 d 1
120 2 e 2
121 122 a 1
121 122 b 1
121 43 c 4
121 36 d 0
122 123 a 1
122 123 b 1
122 23 c 0
122 44 d 1
122 11 e 2
123 124 a 1
123 124 b 1
123 18 c 3
123 105 d 3
123 90 e 4
124 125 a 1
124 125 b 1
124 109 c 1
124 21 d 0
124 26 e 0
125 126 a 1
125 126 b 1
125 35 c 2
125 40 d 3
125 2 e 0
126 127 a 1
126 127 b 1
126 80 c 2
126 100 d 4
126 40 e 4
127 128 a 1
127 128 b 1
127 120 c 4
127 124 d 1
127 21 e 3
128 128 a 0
128 128 b 0
128 32 c 2
128 88 d 1
128 69 e 3

36 128 611 5 5 0
1 2 a 1
1 2 b 1
1 66 c 3
1 55 d 3
1 16 e 3
2 3 a 1
2 3 b 1
2 115 c 1
2 120 d 0
2 59 e 2
3 4 a 1
3 4 b 1
3 49 c 3
3 75 d 0
3 70 e 3
4 5 a 1
4 5 b 1
4 52 c 3
4 28 d 4
4 35 e 0
5 6 a 1
5 6 b 1
5 24 c 3
5 35 d 2
5 74 e 0
6 7 a 1
6 7 b 1
6 126 c 3
6 29 d 3
6 99 e 1
7 8 a 1
7 8 b 1
7 107 d 1
7 16 e 3
8 9 a 1
8 9 b 1
8 39 c 3
8 4 d 0
8 29 e 2
9 10 a 1
9 10 b 1
9 65 c 0
9 100 d 4
9 57 e 4
10 11 a 1
10 11 b 1
10 12 c 3
10 31 d 0
11 12 a 1
11 12 b 1
11 64 c 2
11 17 d 4
11 3 e 1
12 13 a 1
12 13 b 1
12 28 c 1
12 38 d 0
13 14 a 1
13 14 b 1
13 52 c 1
13 58 d 2
13 110 e 1
14 15 a 1
14 15 b 1
14 53 d 2
14 40 e 1
15 16 a 1
15 16 b 1
15 27 c 4
15 53 d 2
15 34 e 3
16 17 a 1
16 17 b 1
16 127 c 3
16 85 d 2
16 112 e 1
17 18 a 1
17 18 b 1
17 45 c 0
17 20 d 4
18 19 a 1
18 19 b 1
18 102 d 1
18 67 e 0
19 20 a 1
19 20 b 1
19 110 c 0
19 7 d 1
19 121 e 0
20 21 a 1
20 21 b 1
20 66 c 2
20 117 d 4
20 52 e 2
21 22 a 1
21 22 b 1
21 51 c 3
21 90 d 0
21 101 e 2
22 23 a 1
22 23 b 1
22 90 c 2
22 39 e 1
23 24 a 1
23 24 b 1
23 17 c 2
23 95 d 1
23 124 e 4
24 25 a 1
24 25 b 1
24 101 c 3
24 125 d 0
24 96 e 0
25 26 a 1
25 26 b 1
25 81 d 1
25 69 e 4
26 27 a 1
26 27 b 1
26 48 c 4
26 16 d 3
26 84 e 4
27 28 a 1
27 28 b 1
27 70 c 3
27 50 d 2
27 16 e 1
28 29 a 1
28 29 b 1
28 118 c 1
28 85 d 3
29 30 a 1
29 30 b 1
29 82 c 2
29 77 d 2
29 48 e 2
30 31 a 1
30 31 b 1
30 43 c 4
30 110 d 0
30 85 e 1
31 32 a 1
31 32 b 1
31 65 c 4
31 53 d 0
31 34 e 2
32 33 a 1
32 33 b 1
32 55 c 1
32 49 d 1
32 112 e 1
33 34 a 1
33 34 b 1
33 25 c 4
33 120 d 4
33 58 e 3
34 35 a 1
34 35 b 1
34 85 c 3
34 113 d 1
34 36 e 3
35 36 a 1
35 36 b 1
35 108 c 0
35 39 d 4
35 118 e 2
36 37 a 1
36 37 b 1
36 83 d 1
36 83 e 4
37 38 a 1
37 38 b 1
37 78 c 2
37 123 d 2
38 39 a 1
38 39 b 1
38 66 c 0
38 27 d 0
38 104 e 2
39 40 a 1
39 40 b 1
39 63 c 1
39 123 d 2
39 32 e 0
40 41 a 1
40 41 b 1
40 109 c 2
40 21 d 2
40 119 e 4
41 42 a 1
41 42 b 1
41 39 c 4
41 21 e 3
42 43 a 1
42 43 b 1
42 76 c 2
42 20 d 2
42 111 e 0
43 44 a 1
43 44 b 1
43 63 c 2
43 29 d 4
43 14 e 2
44 45 a 1
44 45 b 1
44 105 c 2
44 62 d 1
44 48 e 4
45 46 a 1
45 46 b 1
45 77 c 2
45 113 e 1
46 47 a 1
46 47 b 1
46 85 c 4
46 42 d 2
46 8 e 2
47 48 a 1
47 48 b 1
47 40 c 2
47 18 d 3
47 18 e 3
48 49 a 1
48 49 b 1
48 9 c 4
48 111 d 2
48 56 e 4
49 50 a 1
49 50 b 1
49 3 c 2
49 10 d 3
49 55 e 1
50 51 a 1
50 51 b 1
50 106 c 2
50 29 d 3
50 114 e 0
51 52 a 1
51 52 b 1
51 100 c 0
51 10 d 2
51 94 e 4
52 53 a 1
52 53 b 1
52 3 c 0
52 21 d 3
52 56 e 3
53 54 a 1
53 54 b 1
53 107 c 3
53 109 d 4
53 4 e 2
54 55 a 1
54 55 b 1
54 10 c 2
54 7 d 3
54 40 e 0
55 56 a 1
55 56 b 1
55 91 c 0
55 66 d 3
55 72 e 2
56 57 a 1
56 57 b 1
56 124 c 2
56 38 d 4
56 109 e 3
57 58 a 1
57 58 b 1
57 120 c 0
57 101 d 3
57 13 e 0
58 59 a 1
58 59 b 1
58 4 d 3
58 67 e 0
59 60 a 1
59 60 b 1
59 124 c 0
59 1 d 1
59 85 e 0
60 61 a 1
60 61 b 1
60 30 c 3
60 61 d 4
60 45 e 1
61 62 a 1
61 62 b 1
61 10 c 2
61 24 d 4
61 99 e 0
62 63 a 1
62 63 b 1
62 11 c 0
62 34 d 0
62 94 e 2
63 64 a 1
63 64 b 1
63 121 d 0
63 82 e 1
64 65 a 1
64 65 b 1
64 91 d 4
64 42 e 1
65 66 a 1
65 66 b 1
65 5 c 4
65 92 d 3
65 52 e 0
66 67 a 1
66 67 b 1
66 28 d 4
66 88 e 3
67 68 a 1
67 68 b 1
67 115 c 3
67 54 d 3
67 32 e 1
68 69 a 1
68 69 b 1
68 82 c 4
68 96 d 4
68 3 e 0
69 70 a 1
69 70 b 1
69 89 c 2
69 31 d 1
69 81 e 1
70 71 a 1
70 71 b 1
70 121 c 1
70 18 d 2
70 92 e 0
71 72 a 1
71 72 b 1
71 14 c 3
71 36 d 2
71 19 e 0
72 73 a 1
72 73 b 1
72 32 d 4
72 44 e 0
73 74 a 1
73 74 b 1
73 76 c 1
73 99 d 0
73 10 e 0
74 75 a 1
74 75 b 1
74 4 c 0
74 1 d 1
74 110 e 0
75 76 a 1
75 76 b 1
75 58 c 0
75 99 d 3
75 117 e 4
76 77 a 1
76 77 b 1
76 83 c 2
76 42 d 1
76 18 e 4
77 78 a 1
77 78 b 1
77 16 c 1
77 4 d 4
77 55 e 4
78 79 a 1
78 79 b 1
78 20 c 0
78 108 d 2
78 22 e 1
79 80 a 1
79 80 b 1
79 15 c 4
79 74 d 4
79 57 e 3
80 81 a 1
80 81 b 1
80 73 c 0
80 116 d 4
80 61 e 1
81 82 a 1
81 82 b 1
81 66 c 2
81 57 d 3
81 12 e 4
82 83 a 1
82 83 b 1
82 56 c 2
82 73 d 2
82 71 e 4
83 84 a 1
83 84 b 1
83 123 c 4
83 48 d 4
83 1 e 2
84 85 a 1
84 85 b 1
84 94 c 4
84 11 d 2
84 35 e 0
85 86 a 1
85 86 b 1
85 74 c 1
85 38 d 0
85 113 e 1
86 87 a 1
86 87 b 1
86 4 c 3
86 5 d 2
86 56 e 3
87 88 a 1
87 88 b 1
87 30 c 0
87 65 d 4
88 89 a 1
88 89 b 1
88 42 c 2
88 74 d 4
88 1 e 4
89 90 a 1
89 90 b 1
89 63 c 0
89 55 d 4
90 91 a 1
90 91 b 1
90 112 c 4
90 120 d 3
90 104 e 1
91 92 a 1
91 92 b 1
91 36 c 3
91 85 d 3
91 32 e 3
92 93 a 1
92 93 b 1
92 22 c 0
92 97 d 3
92 127 e 4
93 94 a 1
93 94 b 1
93 86 d 2
93 30 e 2
94 95 a 1
94 95 b 1
94 113 c 4
94 71 d 4
94 80 e 2
95 96 a 1
95 96 b 1
95 5 c 0
95 123 d 1
95 66 e 1
96 97 a 1
96 97 b 1
96 52 c 3
96 46 d 0
96 51 e 0
97 98 a 1
97 98 b 1
97 111 c 2
97 84 d 2
97 85 e 1
98 99 a 1
98 99 b 1
98 49 c 2
98 103 e 2
99 100 a 1
99 100 b 1
99 125 c 1
99 105 d 0
99 120 e 4
100 101 a 1
100 101 b 1
100 40 c 3
100 20 d 2
100 69 e 0
101 102 a 1
101 102 b 1
101 13 c 1
101 7 d 2
101 45 e 3
102 103 a 1
102 103 b 1
102 94 c 3
102 14 d 1
102 51 e 1
103 104 a 1
103 104 b 1
103 2 c 3
103 113 d 0
103 80 e 0
104 105 a 1
104 105 b 1
104 114 c 2
104 39 d 0
104 19 e 0
105 106 a 1
105 106 b 1
105 54 c 1
105 34 d 2
105 61 e 4
106 107 a 1
106 107 b 1
106 7 d 0
106 59 e 2
107 108 a 1
107 108 b 1
107 22 c 4
107 77 d 2
107 23 e 2
108 109 a 1
108 109 b 1
108 14 c 1
108 30 d 4
108 37 e 0
109 110 a 1
109 110 b 1
109 27 c 3
109 113 d 4
109 8 e 2
110 111 a 1
110 111 b 1
110 10 c 4
110 28 d 0
110 43 e 4
111 112 a 1
111 112 b 1
111 67 c 2
111 38 d 0
111 7 e 3
112 113 a 1
112 113 b 1
112 31 c 0
112 84 d 3
112 123 e 1
113 114 a 1
113 114 b 1
113 114 c 0
113 62 d 0
113 66 e 1
114 115 a 1
114 115 b 1
114 1 c 3
114 113 d 4
114 122 e 3
115 116 a 1
115 116 b 1
115 68 c 3
115 43 d 2
115 106 e 1
116 117 a 1
116 117 b 1
116 57 d 4
116 20 e 3
117 118 a 1
117 118 b 1
117 66 d 2
117 34 e 0
118 119 a 1
118 119 b 1
118 70 c 3
118 119 d 0
118 116 e 1
119 120 a 1
119 120 b 1
119 80 c 1
119 123 d 2
119 41 e 3
120 121 a 1
120 121 b 1
120 9 c 0
120 105 d 1
120 109 e 4
121 122 a 1
121 122 b 1
121 105 c 1
121 45 e 2
122 123 a 1
122 123 b 1
122 122 c 2
122 33 d 4
122 105 e 0
123 124 a 1
123 124 b 1
123 123 c 4
123 34 d 0
123 76 e 1
124 125 a 1
124 125 b 1
124 69 c 3
124 14 d 0
124 108 e 0
125 126 a 1
125 126 b 1
125 121 d 4
125 48 e 0
126 127 a 1
126 127 b 1
126 126 c 1
126 44 d 0
126 11 e 3
127 128 a 1
127 128 b 1
127 13 c 4
127 33 d 1
127 1 e 2
128 128 a 0
128 128 b 0
128 44 d 0

37 128 590 5 5 0
1 2 a 1
1 2 b 1
1 60 c 4
1 29 d 3
1 61 e 2
2 3 a 1
2 3 b 1
2 45 c 1
2 54 d 3
2 2 e 0
3 4 a 1
3 4 b 1
3 89 c 3
3 39 d 2
3 60 e 1
4 5 a 1
4 5 b 1
4 11 c 3
4 84 d 3
4 104 e 4
5 6 a 1
5 6 b 1
5 32 c 2
5 26 e 4
6 7 a 1
6 7 b 1
6 19 c 0
6 82 e 3
7 8 a 1
7 8 b 1
7 10 c 2
7 14 d 3
7 99 e 3
8 9 a 1
8 9 b 1
8 126 c 3
8 106 d 4
8 8 e 1
9 10 a 1
9 10 b 1
9 93 c 2
9 88 d 2
9 105 e 3
10 11 a 1
10 11 b 1
10 50 c 4
10 39 d 1
11 12 a 1
11 12 b 1
11 34 c 3
11 99 d 0
11 124 e 2
12 13 a 1
12 13 b 1
12 127 c 1
12 91 d 3
13 14 a 1
13 14 b 1
13 60 c 0
13 30 d 0
13 39 e 2
14 15 a 1
14 15 b 1
14 68 c 3
14 51 d 2
14 121 e 3
15 16 a 1
15 16 b 1
15 98 c 2
15 15 d 2
15 117 e 3
16 17 a 1
16 17 b 1
16 82 c 2
16 21 d 0
17 18 a 1
17 18 b 1
17 11 c 1
17 40 d 1
17 23 e 3
18 19 a 1
18 19 b 1
18 56 c 1
18 93 d 4
18 82 e 3
19 20 a 1
19 20 b 1
19 9 c 4
19 104 d 2
19 91 e 0
20 21 a 1
20 21 b 1
20 126 d 4
20 79 e 2
21 22 a 1
21 22 b 1
21 1 c 0
21 41 d 0
22 23 a 1
22 23 b 1
22 47 d 1
22 96 e 1
23 24 a 1
23 24 b 1
23 92 c 3
23 63 d 0
23 126 e 3
24 25 a 1
24 25 b 1
24 14 c 4
24 89 d 2
24 53 e 3
25 26 a 1
25 26 b 1
25 101 d 4
25 62 e 3
26 27 a 1
26 27 b 1
26 99 c 1
26 57 d 3
27 28 a 1
27 28 b 1
27 75 c 1
27 60 d 2
27 78 e 3
28 29 a 1
28 29 b 1
28 116 c 1
28 2 d 3
28 10 e 4
29 30 a 1
29 30 b 1
29 119 c 0
29 111 d 3
29 80 e 0
30 31 a 1
30 31 b 1
30 27 c 4
30 104 d 4
30 36 e 2
31 32 a 1
31 32 b 1
31 56 c 0
31 104 d 4
31 47 e 4
32 33 a 1
32 33 b 1
32 33 c 3
32 16 d 1
32 35 e 0
33 34 a 1
33 34 b 1
33 31 c 2
33 126 d 3
33 59 e 3
34 35 a 1
34 35 b 1
34 110 c 1
34 112 d 3
34 81 e 2
35 36 a 1
35 36 b 1
35 63 c 4
35 35 d 4
35 8 e 3
36 37 a 1
36 37 b 1
36 29 c 1
36 99 d 2
37 38 a 1
37 38 b 1
37 112 c 1
37 78 d 4
37 62 e 2
38 39 a 1
38 39 b 1
38 58 d 0
38 76 e 3
39 40 a 1
39 40 b 1
39 8 c 4
39 110 d 4
39 88 e 3
40 41 a 1
40 41 b 1
40 72 c 2
40 114 d 1
40 36 e 4
41 42 a 1
41 42 b 1
41 35 d 2
41 21 e 3
42 43 a 1
42 43 b 1
42 27 d 3
42 68 e 3
43 44 a 1
43 44 b 1
43 36 c 4
43 62 d 1
43 78 e 2
44 45 a 1
44 45 b 1
44 53 c 4
44 48 d 3
44 117 e 0
45 46 a 1
45 46 b 1
45 58 c 1
45 31 d 3
46 47 a 1
46 47 b 1
46 5 c 1
46 42 d 4
47 48 a 1
47 48 b 1
47 88 c 0
47 17 d 3
47 95 e 2
48 49 a 1
48 49 b 1
48 95 c 1
48 84 d 4
48 48 e 0
49 50 a 1
49 50 b 1
49 114 d 0
49 7 e 3
50 51 a 1
50 51 b 1
50 120 c 0
50 6 d 2
50 73 e 3
51 52 a 1
51 52 b 1
51 68 c 3
51 30 d 2
51 56 e 3
52 53 a 1
52 53 b 1
52 27 c 2
52 13 d 0
52 63 e 4
53 54 a 1
53 54 b 1
53 23 c 4
53 127 d 0
53 68 e 0
54 55 a 1
54 55 b 1
54 22 c 2
54 9 d 0
54 63 e 1
55 56 a 1
55 56 b 1
55 73 c 1
55 32 d 3
55 26 e 3
56 57 a 1
56 57 b 1
56 125 e 0
57 58 a 1
57 58 b 1
57 106 c 1
57 48 d 4
57 44 e 3
58 59 a 1
58 59 b 1
58 64 c 0
58 116 d 4
58 30 e 0
59 60 a 1
59 60 b 1
59 50 c 4
59 119 d 4
59 19 e 0
60 61 a 1
60 61 b 1
60 70 d 4
60 79 e 3
61 62 a 1
61 62 b 1
61 96 c 0
61 32 d 3
61 28 e 3
62 63 a 1
62 63 b 1
62 32 c 3
62 119 d 2
62 21 e 0
63 64 a 1
63 64 b 1
63 16 c 1
63 46 d 3
63 113 e 3
64 65 a 1
64 65 b 1
64 94 c 3
64 80 d 3
64 125 e 0
65 66 a 1
65 66 b 1
65 105 c 4
65 82 d 4
65 108 e 2
66 67 a 1
66 67 b 1
66 3 c 1
66 79 e 3
67 68 a 1
67 68 b 1
67 19 c 0
67 58 d 1
67 53 e 3
68 69 a 1
68 69 b 1
68 17 c 1
68 20 d 1
68 47 e 3
69 70 a 1
69 70 b 1
69 15 c 1
69 49 d 2
69 2 e 4
70 71 a 1
70 71 b 1
70 104 c 0
70 22 e 4
71 72 a 1
71 72 b 1
71 73 c 1
71 4 d 0
71 45 e 0
72 73 a 1
72 73 b 1
72 85 c 0
72 45 d 2
72 24 e 2
73 74 a 1
73 74 b 1
73 104 c 2
73 4 e 0
74 75 a 1
74 75 b 1
74 22 c 1
74 91 d 2
74 37 e 2
75 76 a 1
75 76 b 1
75 30 c 4
75 60 e 2
76 77 a 1
76 77 b 1
76 52 c 4
76 105 d 2
76 22 e 1
77 78 a 1
77 78 b 1
77 74 c 4
77 50 d 3
77 27 e 3
78 79 a 1
78 79 b 1
78 86 c 4
78 67 e 0
79 80 a 1
79 80 b 1
79 101 c 2
79 60 d 3
79 112 e 3
80 81 a 1
80 81 b 1
80 84 d 1
80 37 e 2
81 82 a 1
81 82 b 1
81 54 c 1
81 19 d 0
81 119 e 4
82 83 a 1
82 83 b 1
82 16 c 4
82 110 e 0
83 84 a 1
83 84 b 1
83 92 d 1
83 95 e 3
84 85 a 1
84 85 b 1
84 35 c 1
85 86 a 1
85 86 b 1
85 61 c 0
85 28 d 1
85 117 e 0
86 87 a 1
86 87 b 1
86 95 d 0
86 76 e 2
87 88 a 1
87 88 b 1
87 74 c 4
87 16 d 4
88 89 a 1
88 89 b 1
88 81 c 3
88 51 e 2
89 90 a 1
89 90 b 1
89 6 c 0
89 74 e 3
90 91 a 1
90 91 b 1
90 23 c 4
90 81 e 3
91 92 a 1
91 92 b 1
91 24 c 1
91 95 d 4
91 92 e 1
92 93 a 1
92 93 b 1
92 21 d 4
92 68 e 0
93 94 a 1
93 94 b 1
93 5 c 0
93 34 d 0
93 74 e 3
94 95 a 1
94 95 b 1
94 124 c 3
94 51 d 3
94 22 e 1
95 96 a 1
95 96 b 1
95 108 d 2
95 54 e 2
96 97 a 1
96 97 b 1
96 16 c 4
96 78 d 1
96 43 e 0
97 98 a 1
97 98 b 1
97 59 c 2
97 62 d 4
98 99 a 1
98 99 b 1
98 28 c 4
98 26 d 4
98 41 e 4
99 100 a 1
99 100 b 1
99 52 d 2
99 103 e 3
100 101 a 1
100 101 b 1
100 112 c 2
100 83 d 2
100 125 e 2
101 102 a 1
101 102 b 1
101 84 c 2
101 20 d 4
101 8 e 2
102 103 a 1
102 103 b 1
102 122 c 3
102 121 e 3
103 104 a 1
103 104 b 1
103 98 d 2
104 105 a 1
104 105 b 1
104 98 c 4
104 109 d 2
104 80 e 1
105 106 a 1
105 106 b 1
105 103 c 1
105 44 d 1
105 76 e 2
106 107 a 1
106 107 b 1
106 81 c 0
106 112 d 2
106 77 e 2
107 108 a 1
107 108 b 1
107 58 c 3
107 108 d 0
107 29 e 1
108 109 a 1
108 109 b 1
108 28 c 2
108 96 d 0
108 77 e 4
109 110 a 1
109 110 b 1
109 75 d 0
110 111 a 1
110 111 b 1
110 82 c 3
110 46 d 1
110 22 e 4
111 112 a 1
111 112 b 1
111 108 d 3
112 113 a 1
112 113 b 1
112 45 c 0
112 127 d 4
113 114 a 1
113 114 b 1
113 34 c 4
113 50 d 0
113 42 e 4
114 115 a 1
114 115 b 1
114 101 c 2
114 66 d 3
114 32 e 0
115 116 a 1
115 116 b 1
115 90 c 4
115 101 d 2
115 70 e 4
116 117 a 1
116 117 b 1
116 126 c 4
116 12 d 0
117 118 a 1
117 118 b 1
117 15 c 3
117 37 d 2
117 116 e 2
118 119 a 1
118 119 b 1
118 117 c 1
118 17 d 1
118 126 e 1
119 120 a 1
119 120 b 1
119 39 c 1
119 74 d 2
120 121 a 1
120 121 b 1
120 60 c 3
120 100 d 4
120 42 e 3
121 122 a 1
121 122 b 1
121 5 c 1
121 108 d 3
121 72 e 0
122 123 a 1
122 123 b 1
122 77 c 3
122 6 d 3
122 125 e 3
123 124 a 1
123 124 b 1
123 66 c 2
123 110 d 3
123 87 e 1
124 125 a 1
124 125 b 1
124 25 c 3
124 113 d 4
124 73 e 1
125 126 a 1
125 126 b 1
125 6 d 1
125 45 e 0
126 127 a 1
126 127 b 1
126 113 c 3
126 34 d 1
126 39 e 4
127 128 a 1
127 128 b 1
127 117 c 1
127 49 d 2
127 58 e 4
128 128 a 0
128 128 b 0
128 14 c 3
128 97 d 4
128 2 e 3

38 128 603 5 5 0
1 2 a 1
1 2 b 1
1 111 c 4
1 60 d 2
1 124 e 4
2 3 a 1
2 3 b 1
2 71 c 3
2 65 d 0
2 18 e 4
3 4 a 1
3 4 b 1
3 29 c 0
3 12 d 2
3 83 e 3
4 5 a 1
4 5 b 1
4 28 c 0
4 15 d 1
5 6 a 1
5 6 b 1
5 13 d 0
5 1 e 3
6 7 a 1
6 7 b 1
6 40 c 2
6 63 d 0
6 65 e 0
7 8 a 1
7 8 b 1
7 88 c 2
7 57 d 2
7 10 e 1
8 9 a 1
8 9 b 1
8 105 c 2
8 120 d 3
8 57 e 0
9 10 a 1
9 10 b 1
9 111 c 3
9 36 d 3
9 34 e 1
10 11 a 1
10 11 b 1
10 19 c 1
10 1 d 4
10 21 e 4
11 12 a 1
11 12 b 1
11 12 c 4
11 99 d 2
11 118 e 1
12 13 a 1
12 13 b 1
12 35 c 2
12 23 d 2
12 3 e 2
13 14 a 1
13 14 b 1
13 115 c 3
13 127 d 4
13 84 e 2
14 15 a 1
14 15 b 1
14 105 c 4
14 55 d 1
14 97 e 3
15 16 a 1
15 16 b 1
15 8 c 3
15 55 d 0
15 17 e 1
16 17 a 1
16 17 b 1
16 72 c 1
16 107 d 1
16 57 e 4
17 18 a 1
17 18 b 1
17 19 c 2
17 10 e 3
18 19 a 1
18 19 b 1
18 61 c 4
18 91 d 4
18 111 e 0
19 20 a 1
19 20 b 1
19 100 c 1
19 115 d 1
20 21 a 1
20 21 b 1
20 75 c 1
20 50 d 0
21 22 a 1
21 22 b 1
21 68 c 3
21 107 d 4
21 38 e 2
22 23 a 1
22 23 b 1
22 32 c 2
22 14 d 2
22 82 e 2
23 24 a 1
23 24 b 1
23 43 c 3
23 81 d 1
23 67 e 2
24 25 a 1
24 25 b 1
24 108 c 2
24 125 d 2
24 41 e 3
25 26 a 1
25 26 b 1
25 44 c 2
25 42 d 2
25 116 e 1
26 27 a 1
26 27 b 1
26 34 c 1
26 77 d 3
26 1 e 3
27 28 a 1
27 28 b 1
27 48 c 2
27 116 d 0
27 123 e 1
28 29 a 1
28 29 b 1
28 90 c 0
28 122 d 0
28 104 e 0
29 30 a 1
29 30 b 1
29 25 c 2
29 122 d 3
30 31 a 1
30 31 b 1
30 29 c 3
30 39 d 0
30 110 e 0
31 32 a 1
31 32 b 1
31 86 c 2
31 71 d 1
31 105 e 1
32 33 a 1
32 33 b 1
32 59 c 4
32 90 d 0
32 49 e 3
33 34 a 1
33 34 b 1
33 25 c 4
33 81 d 3
33 9 e 0
34 35 a 1
34 35 b 1
34 94 c 3
34 84 d 3
34 54 e 3
35 36 a 1
35 36 b 1
35 120 c 2
35 4 e 1
36 37 a 1
36 37 b 1
36 111 c 4
36 73 d 1
36 89 e 0
37 38 a 1
37 38 b 1
37 86 d 3
37 72 e 2
38 39 a 1
38 39 b 1
38 39 c 2
38 5 d 0
39 40 a 1
39 40 b 1
39 30 c 3
39 50 d 1
39 52 e 3
40 41 a 1
40 41 b 1
40 56 c 4
40 105 d 3
40 122 e 3
41 42 a 1
41 42 b 1
41 39 c 4
41 111 d 0
42 43 a 1
42 43 b 1
42 53 c 0
42 98 d 1
42 57 e 4
43 44 a 1
43 44 b 1
43 119 c 3
43 53 d 1
43 85 e 3
44 45 a 1
44 45 b 1
44 86 c 4
44 122 d 3
44 109 e 0
45 46 a 1
45 46 b 1
45 90 c 0
45 88 e 0
46 47 a 1
46 47 b 1
46 11 c 3
46 37 d 2
47 48 a 1
47 48 b 1
47 98 c 1
47 67 e 2
48 49 a 1
48 49 b 1
48 24 c 1
48 11 d 3
49 50 a 1
49 50 b 1
49 44 c 0
49 83 d 3
49 66 e 2
50 51 a 1
50 51 b 1
50 65 c 1
50 40 e 4
51 52 a 1
51 52 b 1
51 50 c 2
51 5 d 4
51 41 e 3
52 53 a 1
52 53 b 1
52 12 d 2
52 33 e 3
53 54 a 1
53 54 b 1
53 32 c 2
53 50 e 1
54 55 a 1
54 55 b 1
54 17 c 1
54 119 d 3
54 44 e 1
55 56 a 1
55 56 b 1
55 23 d 0
55 63 e 2
56 57 a 1
56 57 b 1
56 77 c 2
56 113 d 0
56 126 e 0
57 58 a 1
57 58 b 1
57 81 c 4
57 16 d 1
57 42 e 0
58 59 a 1
58 59 b 1
58 65 c 1
58 127 d 3
58 59 e 4
59 60 a 1
59 60 b 1
59 50 d 2
59 90 e 4
60 61 a 1
60 61 b 1
60 14 c 2
60 80 d 2
61 62 a 1
61 62 b 1
61 74 c 4
61 62 e 4
62 63 a 1
62 63 b 1
62 59 c 2
62 123 d 0
62 106 e 1
63 64 a 1
63 64 b 1
63 70 c 4
63 88 d 0
63 91 e 1
64 65 a 1
64 65 b 1
64 88 c 2
64 63 d 0
64 103 e 3
65 66 a 1
65 66 b 1
65 12 c 2
65 66 d 3
65 87 e 4
66 67 a 1
66 67 b 1
66 83 c 3
66 36 d 3
66 92 e 0
67 68 a 1
67 68 b 1
67 118 c 0
67 8 d 0
67 76 e 0
68 69 a 1
68 69 b 1
68 96 c 4
68 9 d 3
68 105 e 2
69 70 a 1
69 70 b 1
69 83 d 1
69 52 e 4
70 71 a 1
70 71 b 1
70 62 c 2
70 29 d 3
70 29 e 3
71 72 a 1
71 72 b 1
71 14 c 3
71 122 d 2
71 118 e 1
72 73 a 1
72 73 b 1
72 109 c 2
72 84 d 1
72 16 e 2
73 74 a 1
73 74 b 1
73 43 d 2
73 27 e 3
74 75 a 1
74 75 b 1
74 97 c 4
74 45 d 0
74 21 e 1
75 76 a 1
75 76 b 1
75 124 c 4
75 77 d 4
75 2 e 1
76 77 a 1
76 77 b 1
76 83 d 3
76 107 e 0
77 78 a 1
77 78 b 1
77 62 c 2
77 59 d 2
77 35 e 2
78 79 a 1
78 79 b 1
78 98 c 4
78 36 d 3
78 37 e 4
79 80 a 1
79 80 b 1
79 91 c 0
79 71 d 4
79 97 e 3
80 81 a 1
80 81 b 1
80 35 c 4
80 30 d 2
81 82 a 1
81 82 b 1
81 59 c 3
81 29 d 4
81 36 e 0
82 83 a 1
82 83 b 1
82 35 c 2
82 114 d 2
82 112 e 2
83 84 a 1
83 84 b 1
83 91 c 1
83 81 d 2
83 69 e 4
84 85 a 1
84 85 b 1
84 72 c 1
84 85 d 3
84 97 e 4
85 86 a 1
85 86 b 1
85 19 c 1
85 106 e 4
86 87 a 1
86 87 b 1
86 65 c 1
86 33 d 4
86 48 e 3
87 88 a 1
87 88 b 1
87 41 c 4
87 18 d 3
87 48 e 1
88 89 a 1
88 89 b 1
88 96 c 2
88 22 d 3
88 99 e 4
89 90 a 1
89 90 b 1
89 53 c 1
89 49 d 4
89 30 e 0
90 91 a 1
90 91 b 1
90 85 c 2
90 14 d 4
90 58 e 2
91 92 a 1
91 92 b 1
91 56 c 2
91 101 d 4
91 25 e 0
92 93 a 1
92 93 b 1
92 26 c 4
92 61 d 4
92 122 e 4
93 94 a 1
93 94 b 1
93 71 c 0
93 45 d 3
93 62 e 1
94 95 a 1
94 95 b 1
94 32 c 1
94 42 d 3
94 56 e 0
95 96 a 1
95 96 b 1
95 44 c 4
95 15 d 0
95 57 e 3
96 97 a 1
96 97 b 1
96 72 c 1
97 98 a 1
97 98 b 1
97 52 c 3
97 20 d 2
97 21 e 1
98 99 a 1
98 99 b 1
98 75 c 4
98 64 d 1
98 99 e 4
99 100 a 1
99 100 b 1
99 103 c 2
99 115 d 1
99 101 e 3
100 101 a 1
100 101 b 1
100 64 c 4
100 102 d 4
100 25 e 1
101 102 a 1
101 102 b 1
101 50 c 0
101 40 d 4
101 31 e 0
102 103 a 1
102 103 b 1
102 109 c 4
102 22 d 0
102 104 e 4
103 104 a 1
103 104 b 1
103 105 c 4
103 83 d 2
103 43 e 3
104 105 a 1
104 105 b 1
104 30 c 2
104 111 d 2
105 106 a 1
105 106 b 1
105 45 c 3
105 98 e 2
106 107 a 1
106 107 b 1
106 90 d 2
106 68 e 3
107 108 a 1
107 108 b 1
107 86 c 3
107 86 d 3
107 88 e 2
108 109 a 1
108 109 b 1
108 78 c 4
108 21 d 3
108 102 e 2
109 110 a 1
109 110 b 1
109 39 c 1
109 21 d 2
109 88 e 1
110 111 a 1
110 111 b 1
110 72 c 0
110 103 d 1
110 111 e 0
111 112 a 1
111 112 b 1
111 59 c 0
111 93 d 1
111 107 e 3
112 113 a 1
112 113 b 1
112 39 c 0
112 89 d 3
112 94 e 2
113 114 a 1
113 114 b 1
113 57 c 4
113 69 d 1
113 61 e 3
114 115 a 1
114 115 b 1
114 56 c 1
114 121 d 2
114 107 e 0
115 116 a 1
115 116 b 1
115 66 c 4
115 60 d 1
115 15 e 0
116 117 a 1
116 117 b 1
116 80 c 2
116 106 d 0
116 116 e 3
117 118 a 1
117 118 b 1
117 6 c 2
117 31 e 4
118 119 a 1
118 119 b 1
118 56 c 1
118 54 d 3
118 19 e 4
119 120 a 1
119 120 b 1
119 93 c 2
119 82 d 4
120 121 a 1
120 121 b 1
120 109 c 1
120 113 d 1
120 122 e 3
121 122 a 1
121 122 b 1
121 44 c 1
122 123 a 1
122 123 b 1
122 116 c 4
122 115 d 2
122 76 e 3
123 124 a 1
123 124 b 1
123 26 c 0
123 66 d 0
123 3 e 2
124 125 a 1
124 125 b 1
124 78 c 0
124 91 d 4
124 61 e 0
125 126 a 1
125 126 b 1
125 43 c 2
125 54 d 3
125 59 e 2
126 127 a 1
126 127 b 1
126 52 c 1
126 123 d 1
127 128 a 1
127 128 b 1
127 76 d 2
127 109 e 3
128 128 a 0
128 128 b 0
128 58 c 3
128 79 d 2
128 113 e 2

39 128 595 5 5 0
1 2 a 1
1 2 b 1
1 29 c 1
1 82 d 4
1 112 e 2
2 3 a 1
2 3 b 1
2 113 c 4
2 82 d 3
2 100 e 4
3 4 a 1
3 4 b 1
3 115 c 3
3 60 e 3
4 5 a 1
4 5 b 1
4 72 c 1
4 21 d 4
4 62 e 1
5 6 a 1
5 6 b 1
5 8 c 3
5 35 d 2
5 82 e 2
6 7 a 1
6 7 b 1
6 49 d 3
6 124 e 3
7 8 a 1
7 8 b 1
7 36 c 3
7 76 e 0
8 9 a 1
8 9 b 1
8 38 c 0
8 62 d 4
8 22 e 3
9 10 a 1
9 10 b 1
9 101 c 2
9 4 d 1
9 98 e 3
10 11 a 1
10 11 b 1
10 68 c 2
10 97 d 0
10 73 e 2
11 12 a 1
11 12 b 1
11 115 d 4
11 93 e 0
12 13 a 1
12 13 b 1
12 95 c 2
12 54 e 4
13 14 a 1
13 14 b 1
13 92 c 2
13 14 e 0
14 15 a 1
14 15 b 1
14 74 c 2
14 119 d 0
15 16 a 1
15 16 b 1
15 59 c 4
15 102 d 2
15 121 e 0
16 17 a 1
16 17 b 1
16 35 c 2
16 21 d 1
16 30 e 2
17 18 a 1
17 18 b 1
17 115 c 0
17 14 d 2
17 80 e 1
18 19 a 1
18 19 b 1
18 44 c 4
18 73 d 2
18 116 e 2
19 20 a 1
19 20 b 1
19 39 d 1
19 60 e 4
20 21 a 1
20 21 b 1
20 12 c 1
20 37 d 3
20 67 e 2
21 22 a 1
21 22 b 1
21 120 c 3
21 80 e 0
22 23 a 1
22 23 b 1
22 54 c 1
22 49 d 3
22 86 e 0
23 24 a 1
23 24 b 1
23 15 c 0
23 122 d 2
23 30 e 4
24 25 a 1
24 25 b 1
24 123 c 1
24 52 d 3
24 79 e 2
25 26 a 1
25 26 b 1
25 27 c 0
25 44 d 0
25 53 e 4
26 27 a 1
26 27 b 1
26 69 c 4
26 65 d 3
26 16 e 0
27 28 a 1
27 28 b 1
27 18 c 0
27 60 d 2
27 9 e 0
28 29 a 1
28 29 b 1
28 52 c 3
28 60 d 2
28 33 e 4
29 30 a 1
29 30 b 1
29 54 c 4
29 53 d 4
29 119 e 3
30 31 a 1
30 31 b 1
30 17 c 3
30 97 d 2
30 15 e 1
31 32 a 1
31 32 b 1
31 103 c 0
31 115 d 0
31 95 e 1
32 33 a 1
32 33 b 1
33 34 a 1
33 34 b 1
33 24 c 4
33 36 d 0
33 66 e 4
34 35 a 1
34 35 b 1
34 58 c 4
34 25 d 1
35 36 a 1
35 36 b 1
35 127 c 4
35 112 e 2
36 37 a 1
36 37 b 1
36 1 d 0
36 39 e 2
37 38 a 1
37 38 b 1
37 73 c 4
37 105 d 2
37 8 e 4
38 39 a 1
38 39 b 1
38 117 c 2
38 41 d 0
38 70 e 2
39 40 a 1
39 40 b 1
39 98 c 2
39 70 d 2
39 21 e 2
40 41 a 1
40 41 b 1
40 107 c 0
40 39 d 3
40 6 e 2
41 42 a 1
41 42 b 1
41 59 c 1
41 75 d 2
41 124 e 3
42 43 a 1
42 43 b 1
42 120 c 1
42 86 d 4
42 68 e 0
43 44 a 1
43 44 b 1
43 32 c 0
43 93 d 2
43 15 e 4
44 45 a 1
44 45 b 1
44 64 c 3
44 56 d 0
44 107 e 2
45 46 a 1
45 46 b 1
45 12 c 2
45 104 d 1
46 47 a 1
46 47 b 1
46 32 c 0
46 126 d 2
46 96 e 2
47 48 a 1
47 48 b 1
47 43 c 3
47 98 d 1
47 9 e 2
48 49 a 1
48 49 b 1
48 101 c 2
48 18 d 0
48 22 e 1
49 50 a 1
49 50 b 1
49 12 c 0
49 59 d 4
49 113 e 4
50 51 a 1
50 51 b 1
50 22 c 1
50 107 e 0
51 52 a 1
51 52 b 1
51 46 c 4
51 98 e 1
52 53 a 1
52 53 b 1
52 113 c 3
52 104 d 4
52 36 e 3
53 54 a 1
53 54 b 1
53 114 c 1
53 95 d 0
53 56 e 0
54 55 a 1
54 55 b 1
54 48 c 0
54 9 d 3
54 118 e 2
55 56 a 1
55 56 b 1
55 99 e 1
56 57 a 1
56 57 b 1
56 82 c 2
56 38 d 0
56 11 e 2
57 58 a 1
57 58 b 1
57 117 d 4
57 48 e 4
58 59 a 1
58 59 b 1
58 32 c 0
58 107 d 2
59 60 a 1
59 60 b 1
59 35 c 0
59 24 d 4
60 61 a 1
60 61 b 1
60 38 c 4
60 28 d 2
60 122 e 4
61 62 a 1
61 62 b 1
61 84 d 1
61 82 e 3
62 63 a 1
62 63 b 1
62 114 c 4
62 78 d 2
62 46 e 1
63 64 a 1
63 64 b 1
63 79 c 0
63 8 d 4
63 45 e 2
64 65 a 1
64 65 b 1
64 79 c 0
64 108 d 1
64 23 e 2
65 66 a 1
65 66 b 1
65 80 d 0
66 67 a 1
66 67 b 1
66 92 c 2
66 106 d 1
66 52 e 0
67 68 a 1
67 68 b 1
67 17 c 1
67 33 d 1
67 19 e 1
68 69 a 1
68 69 b 1
68 76 c 0
68 80 d 2
68 119 e 1
69 70 a 1
69 70 b 1
69 110 c 3
69 53 d 0
69 63 e 1
70 71 a 1
70 71 b 1
70 94 c 0
70 98 d 4
70 94 e 3
71 72 a 1
71 72 b 1
71 16 c 0
71 116 d 1
71 107 e 3
72 73 a 1
72 73 b 1
72 28 c 2
72 42 d 1
72 90 e 0
73 74 a 1
73 74 b 1
73 121 c 0
73 11 d 2
73 14 e 1
74 75 a 1
74 75 b 1
74 33 c 4
74 43 d 1
74 69 e 2
75 76 a 1
75 76 b 1
75 18 c 4
75 73 d 1
75 18 e 0
76 77 a 1
76 77 b 1
76 76 c 0
76 12 d 2
76 6 e 4
77 78 a 1
77 78 b 1
77 90 c 4
77 125 d 0
77 70 e 3
78 79 a 1
78 79 b 1
78 94 d 3
78 94 e 0
79 80 a 1
79 80 b 1
79 78 c 4
79 18 d 4
79 119 e 0
80 81 a 1
80 81 b 1
80 103 c 1
80 40 d 4
80 47 e 2
81 82 a 1
81 82 b 1
81 111 c 0
81 1 d 1
81 4 e 1
82 83 a 1
82 83 b 1
82 64 c 2
82 110 d 2
82 112 e 3
83 84 a 1
83 84 b 1
83 114 c 2
83 101 d 1
83 68 e 1
84 85 a 1
84 85 b 1
84 77 c 3
84 113 e 0
85 86 a 1
85 86 b 1
85 62 d 3
85 7 e 3
86 87 a 1
86 87 b 1
86 88 c 4
86 43 d 2
86 38 e 1
87 88 a 1
87 88 b 1
87 65 c 1
87 38 d 1
87 89 e 3
88 89 a 1
88 89 b 1
88 94 c 1
88 87 d 0
88 5 e 4
89 90 a 1
89 90 b 1
89 47 c 3
89 64 d 1
89 60 e 0
90 91 a 1
90 91 b 1
90 21 c 4
90 77 d 1
90 125 e 0
91 92 a 1
91 92 b 1
91 9 c 4
91 120 e 2
92 93 a 1
92 93 b 1
92 83 c 1
92 73 d 0
92 83 e 2
93 94 a 1
93 94 b 1
93 17 c 1
93 27 d 2
93 96 e 0
94 95 a 1
94 95 b 1
94 84 c 0
94 34 d 0
94 121 e 0
95 96 a 1
95 96 b 1
95 100 c 2
95 53 d 3
95 59 e 2
96 97 a 1
96 97 b 1
96 7 c 3
96 4 d 0
96 40 e 3
97 98 a 1
97 98 b 1
97 102 c 0
97 6 d 0
97 82 e 2
98 99 a 1
98 99 b 1
98 119 c 1
98 21 e 1
99 100 a 1
99 100 b 1
99 49 c 0
99 18 d 0
99 5 e 3
100 101 a 1
100 101 b 1
100 104 c 2
100 96 d 2
100 86 e 3
101 102 a 1
101 102 b 1
101 64 c 3
101 102 d 2
101 52 e 3
102 103 a 1
102 103 b 1
102 84 c 3
102 69 d 1
102 28 e 0
103 104 a 1
103 104 b 1
103 70 c 2
103 94 d 3
104 105 a 1
104 105 b 1
104 113 c 4
104 26 d 1
104 94 e 0
105 106 a 1
105 106 b 1
105 78 d 2
105 44 e 2
106 107 a 1
106 107 b 1
106 101 c 0
106 1 d 1
106 119 e 4
107 108 a 1
107 108 b 1
107 88 e 3
108 109 a 1
108 109 b 1
108 71 c 4
108 101 d 2
108 98 e 1
109 110 a 1
109 110 b 1
109 116 c 3
109 97 d 1
109 123 e 4
110 111 a 1
110 111 b 1
110 7 c 4
110 123 d 4
110 80 e 3
111 112 a 1
111 112 b 1
111 25 c 0
111 87 d 1
112 113 a 1
112 113 b 1
112 45 c 3
112 38 d 4
113 114 a 1
113 114 b 1
113 24 c 4
113 70 d 4
113 8 e 0
114 115 a 1
114 115 b 1
114 88 c 3
114 77 d 3
114 66 e 2
115 116 a 1
115 116 b 1
115 4 c 0
115 54 d 1
115 100 e 4
116 117 a 1
116 117 b 1
116 67 c 0
116 32 d 2
116 19 e 4
117 118 a 1
117 118 b 1
117 124 e 0
118 119 a 1
118 119 b 1
118 95 c 2
118 16 d 4
118 15 e 1
119 120 a 1
119 120 b 1
119 83 c 3
119 120 e 0
120 121 a 1
120 121 b 1
120 41 c 2
120 2 d 2
120 106 e 0
121 122 a 1
121 122 b 1
121 122 c 4
121 81 d 1
121 10 e 0
122 123 a 1
122 123 b 1
122 4 c 0
122 125 d 4
122 17 e 3
123 124 a 1
123 124 b 1
123 16 c 3
123 92 e 2
124 125 a 1
124 125 b 1
124 84 d 2
124 55 e 0
125 126 a 1
125 126 b 1
125 85 c 0
125 100 d 1
125 61 e 2
126 127 a 1
126 127 b 1
126 105 e 4
127 128 a 1
127 128 b 1
127 60 c 0
127 21 d 0
127 41 e 4
128 128 a 0
128 128 b 0
128 84 c 4
128 115 e 0

40 128 598 5 5 0
1 2 a 1
1 2 b 1
1 96 d 4
1 65 e 2
2 3 a 1
2 3 b 1
2 55 c 1
2 80 d 4
2 76 e 1
3 4 a 1
3 4 b 1
3 90 c 0
3 116 d 4
3 113 e 2
4 5 a 1
4 5 b 1
4 117 c 1
4 110 d 2
4 76 e 1
5 6 a 1
5 6 b 1
5 62 c 0
5 87 d 2
5 83 e 4
6 7 a 1
6 7 b 1
6 116 c 1
6 55 d 4
6 21 e 2
7 8 a 1
7 8 b 1
7 113 c 3
7 101 d 4
7 98 e 0
8 9 a 1
8 9 b 1
8 110 c 0
8 54 d 2
8 1 e 0
9 10 a 1
9 10 b 1
9 77 c 3
9 115 d 1
9 1 e 0
10 11 a 1
10 11 b 1
10 28 c 3
10 117 d 4
10 53 e 1
11 12 a 1
11 12 b 1
11 86 d 1
11 29 e 0
12 13 a 1
12 13 b 1
12 51 c 2
12 51 d 0
12 125 e 4
13 14 a 1
13 14 b 1
13 40 c 0
13 7 d 0
13 120 e 0
14 15 a 1
14 15 b 1
14 111 c 3
14 36 d 0
14 2 e 3
15 16 a 1
15 16 b 1
15 82 c 3
15 57 d 2
15 16 e 3
16 17 a 1
16 17 b 1
16 16 c 0
16 13 d 0
16 75 e 1
17 18 a 1
17 18 b 1
17 10 c 2
17 46 d 2
17 72 e 0
18 19 a 1
18 19 b 1
18 87 c 2
18 36 d 1
18 15 e 0
19 20 a 1
19 20 b 1
19 42 c 4
20 21 a 1
20 21 b 1
20 8 c 1
20 93 d 4
20 31 e 4
21 22 a 1
21 22 b 1
21 13 c 1
21 27 d 1
21 10 e 4
22 23 a 1
22 23 b 1
22 121 c 1
23 24 a 1
23 24 b 1
23 68 c 2
23 107 d 0
23 89 e 4
24 25 a 1
24 25 b 1
24 84 c 0
24 84 d 0
24 37 e 1
25 26 a 1
25 26 b 1
25 103 c 1
25 75 d 2
25 122 e 3
26 27 a 1
26 27 b 1
26 22 c 0
26 93 d 4
26 95 e 2
27 28 a 1
27 28 b 1
27 60 c 2
27 13 d 0
27 126 e 3
28 29 a 1
28 29 b 1
28 114 d 2
28 114 e 2
29 30 a 1
29 30 b 1
29 23 c 1
29 45 d 4
29 67 e 2
30 31 a 1
30 31 b 1
30 101 c 4
30 108 d 2
30 32 e 3
31 32 a 1
31 32 b 1
31 123 c 3
31 13 d 2
31 107 e 1
32 33 a 1
32 33 b 1
32 83 d 2
32 39 e 2
33 34 a 1
33 34 b 1
33 40 c 0
33 53 d 2
33 18 e 1
34 35 a 1
34 35 b 1
34 16 c 4
34 2 d 2
34 124 e 3
35 36 a 1
35 36 b 1
35 82 c 1
35 59 d 1
35 93 e 4
36 37 a 1
36 37 b 1
36 104 d 1
36 124 e 3
37 38 a 1
37 38 b 1
37 31 c 4
37 104 d 0
37 34 e 4
38 39 a 1
38 39 b 1
38 24 c 3
38 109 d 4
38 80 e 1
39 40 a 1
39 40 b 1
39 107 c 0
39 14 d 2
39 34 e 2
40 41 a 1
40 41 b 1
40 104 c 4
40 1 d 0
40 79 e 4
41 42 a 1
41 42 b 1
41 125 c 2
41 120 d 2
41 93 e 1
42 43 a 1
42 43 b 1
42 79 c 2
42 108 d 1
43 44 a 1
43 44 b 1
43 56 c 1
43 24 d 1
43 54 e 1
44 45 a 1
44 45 b 1
44 25 c 0
44 114 d 1
44 16 e 3
45 46 a 1
45 46 b 1
45 51 c 1
45 6 d 1
45 86 e 2
46 47 a 1
46 47 b 1
46 42 c 2
46 54 d 0
47 48 a 1
47 48 b 1
47 98 d 3
47 25 e 2
48 49 a 1
48 49 b 1
48 51 c 3
48 119 d 3
48 95 e 4
49 50 a 1
49 50 b 1
49 99 c 1
49 90 d 3
49 124 e 3
50 51 a 1
50 51 b 1
50 38 c 4
51 52 a 1
51 52 b 1
51 3 c 4
51 2 d 4
52 53 a 1
52 53 b 1
52 121 c 1
52 80 e 2
53 54 a 1
53 54 b 1
53 91 c 1
53 37 d 0
53 95 e 0
54 55 a 1
54 55 b 1
54 52 c 2
54 38 d 1
54 38 e 2
55 56 a 1
55 56 b 1
55 80 c 1
56 57 a 1
56 57 b 1
56 103 c 3
56 7 d 1
56 28 e 2
57 58 a 1
57 58 b 1
57 18 c 3
58 59 a 1
58 59 b 1
58 111 c 4
58 121 d 4
58 58 e 2
59 60 a 1
59 60 b 1
59 50 c 4
59 121 d 3
59 120 e 0
60 61 a 1
60 61 b 1
60 52 c 0
60 60 d 3
60 102 e 0
61 62 a 1
61 62 b 1
61 113 c 4
61 59 d 2
61 34 e 4
62 63 a 1
62 63 b 1
62 96 c 3
62 88 d 0
62 100 e 0
63 64 a 1
63 64 b 1
63 101 c 3
64 65 a 1
64 65 b 1
64 82 d 1
65 66 a 1
65 66 b 1
65 31 c 1
65 108 d 0
65 108 e 4
66 67 a 1
66 67 b 1
66 92 c 2
66 81 e 1
67 68 a 1
67 68 b 1
67 47 c 2
67 41 d 1
67 2 e 0
68 69 a 1
68 69 b 1
68 30 c 2
68 62 d 3
68 109 e 2
69 70 a 1
69 70 b 1
69 124 c 4
69 51 d 2
69 109 e 2
70 71 a 1
70 71 b 1
70 14 c 2
70 39 d 2
70 103 e 0
71 72 a 1
71 72 b 1
71 60 c 1
71 12 e 3
72 73 a 1
72 73 b 1
72 14 c 3
72 8 d 2
72 42 e 4
73 74 a 1
73 74 b 1
73 63 c 4
73 103 d 4
73 48 e 2
74 75 a 1
74 75 b 1
74 39 c 2
74 84 d 3
74 107 e 4
75 76 a 1
75 76 b 1
75 67 c 3
75 110 d 4
75 81 e 1
76 77 a 1
76 77 b 1
76 43 c 2
76 107 d 3
76 65 e 2
77 78 a 1
77 78 b 1
77 48 c 0
77 67 e 0
78 79 a 1
78 79 b 1
78 94 c 2
78 79 d 3
78 41 e 1
79 80 a 1
79 80 b 1
79 78 e 1
80 81 a 1
80 81 b 1
80 65 c 1
80 92 d 3
80 62 e 4
81 82 a 1
81 82 b 1
81 1 c 0
81 17 d 1
81 109 e 2
82 83 a 1
82 83 b 1
82 105 c 1
82 40 d 3
82 2 e 2
83 84 a 1
83 84 b 1
83 35 c 3
83 93 e 3
84 85 a 1
84 85 b 1
84 69 c 2
84 47 d 4
84 27 e 3
85 86 a 1
85 86 b 1
85 97 c 4
85 24 d 1
85 3 e 2
86 87 a 1
86 87 b 1
86 37 c 1
86 72 d 3
86 25 e 4
87 88 a 1
87 88 b 1
87 80 c 3
87 75 e 0
88 89 a 1
88 89 b 1
88 41 c 4
88 13 d 3
88 35 e 4
89 90 a 1
89 90 b 1
89 88 c 2
89 28 d 3
89 70 e 2
90 91 a 1
90 91 b 1
90 92 c 4
90 104 d 3
90 41 e 4
91 92 a 1
91 92 b 1
91 102 c 0
91 123 d 1
91 98 e 0
92 93 a 1
92 93 b 1
92 12 c 1
92 91 d 2
92 72 e 3
93 94 a 1
93 94 b 1
93 93 c 4
93 113 d 3
93 101 e 2
94 95 a 1
94 95 b 1
94 46 c 3
94 24 d 2
94 34 e 2
95 96 a 1
95 96 b 1
95 95 c 3
95 58 d 1
95 33 e 0
96 97 a 1
96 97 b 1
96 126 c 3
96 16 d 2
96 13 e 2
97 98 a 1
97 98 b 1
97 112 c 0
97 46 d 2
97 124 e 3
98 99 a 1
98 99 b 1
98 4 c 1
98 39 d 1
98 101 e 0
99 100 a 1
99 100 b 1
99 91 d 3
99 123 e 0
100 101 a 1
100 101 b 1
100 91 c 3
100 76 d 3
101 102 a 1
101 102 b 1
101 84 c 1
101 123 d 4
102 103 a 1
102 103 b 1
102 65 c 3
102 7 d 3
102 101 e 0
103 104 a 1
103 104 b 1
103 107 c 2
103 101 d 4
103 39 e 1
104 105 a 1
104 105 b 1
104 29 c 3
104 125 d 4
104 36 e 0
105 106 a 1
105 106 b 1
105 77 c 2
105 86 d 3
105 17 e 1
106 107 a 1
106 107 b 1
106 71 c 4
106 113 d 4
107 108 a 1
107 108 b 1
107 57 c 1
107 119 d 3
107 63 e 4
108 109 a 1
108 109 b 1
108 92 c 2
108 24 d 3
108 117 e 2
109 110 a 1
109 110 b 1
109 2 c 1
109 113 d 3
109 51 e 2
110 111 a 1
110 111 b 1
110 2 c 0
110 10 d 4
110 36 e 0
111 112 a 1
111 112 b 1
111 92 c 4
111 118 d 1
112 113 a 1
112 113 b 1
112 71 d 1
112 28 e 4
113 114 a 1
113 114 b 1
113 28 c 3
113 61 d 4
113 113 e 3
114 115 a 1
114 115 b 1
114 35 c 0
114 90 d 1
114 59 e 3
115 116 a 1
115 116 b 1
115 15 e 1
116 117 a 1
116 117 b 1
116 107 c 3
116 8 d 0
116 102 e 4
117 118 a 1
117 118 b 1
117 47 c 1
117 107 d 4
117 82 e 2
118 119 a 1
118 119 b 1
118 126 c 0
118 117 d 2
119 120 a 1
119 120 b 1
119 7 c 0
119 107 d 0
119 55 e 2
120 121 a 1
120 121 b 1
120 127 c 2
120 53 d 2
121 122 a 1
121 122 b 1
121 120 c 0
121 88 d 3
121 124 e 4
122 123 a 1
122 123 b 1
122 37 c 0
122 7 d 4
122 93 e 3
123 124 a 1
123 124 b 1
123 52 c 3
123 112 d 2
123 38 e 4
124 125 a 1
124 125 b 1
124 15 c 2
124 78 d 3
124 39 e 2
125 126 a 1
125 126 b 1
125 28 c 2
125 126 d 1
125 9 e 0
126 127 a 1
126 127 b 1
126 35 d 3
126 4 e 0
127 128 a 1
127 128 b 1
127 44 c 2
127 31 d 2
127 112 e 2
128 128 a 0
128 128 b 0
128 8 c 2
128 8 d 0
128 69 e 0

41 128 597 5 5 0
1 2 a 1
1 2 b 1
1 14 c 2
1 115 d 4
1 61 e 3
2 3 a 1
2 3 b 1
2 126 c 3
2 106 d 0
3 4 a 1
3 4 b 1
3 124 e 2
4 5 a 1
4 5 b 1
4 83 c 1
4 97 d 2
4 109 e 3
5 6 a 1
5 6 b 1
5 94 c 1
5 33 d 2
5 113 e 3
6 7 a 1
6 7 b 1
6 122 d 0
7 8 a 1
7 8 b 1
7 42 c 0
7 23 d 4
8 9 a 1
8 9 b 1
8 111 c 0
8 54 d 1
8 97 e 4
9 10 a 1
9 10 b 1
9 19 c 4
9 71 d 3
9 75 e 3
10 11 a 1
10 11 b 1
10 28 c 4
10 127 d 3
10 87 e 2
11 12 a 1
11 12 b 1
11 122 c 3
11 93 d 1
11 15 e 1
12 13 a 1
12 13 b 1
12 87 c 1
12 9 d 4
12 45 e 2
13 14 a 1
13 14 b 1
13 123 c 0
13 12 d 0
13 47 e 3
14 15 a 1
14 15 b 1
14 34 c 4
14 86 d 0
14 3 e 0
15 16 a 1
15 16 b 1
15 93 c 0
15 60 d 4
15 55 e 4
16 17 a 1
16 17 b 1
16 54 c 4
16 34 d 4
16 120 e 0
17 18 a 1
17 18 b 1
17 31 c 2
17 18 d 2
18 19 a 1
18 19 b 1
18 116 c 1
18 100 d 0
18 23 e 3
19 20 a 1
19 20 b 1
19 93 c 0
19 20 d 1
19 85 e 4
20 21 a 1
20 21 b 1
20 107 c 2
20 1 d 4
20 98 e 2
21 22 a 1
21 22 b 1
21 125 c 4
21 77 d 2
21 34 e 0
22 23 a 1
22 23 b 1
22 126 d 0
22 61 e 3
23 24 a 1
23 24 b 1
23 6 c 0
23 125 d 2
23 48 e 2
24 25 a 1
24 25 b 1
24 89 c 0
24 44 d 4
25 26 a 1
25 26 b 1
25 78 c 2
25 65 d 0
25 104 e 0
26 27 a 1
26 27 b 1
26 33 d 2
26 63 e 3
27 28 a 1
27 28 b 1
27 12 c 4
27 94 d 4
28 29 a 1
28 29 b 1
28 69 c 1
28 69 d 1
28 8 e 0
29 30 a 1
29 30 b 1
29 111 c 0
29 38 d 2
29 41 e 0
30 31 a 1
30 31 b 1
30 106 c 1
30 1 e 4
31 32 a 1
31 32 b 1
31 87 c 0
31 6 d 1
31 127 e 0
32 33 a 1
32 33 b 1
32 70 d 1
32 69 e 2
33 34 a 1
33 34 b 1
33 96 c 0
33 92 e 0
34 35 a 1
34 35 b 1
34 107 c 2
35 36 a 1
35 36 b 1
35 89 c 4
35 103 d 4
35 116 e 0
36 37 a 1
36 37 b 1
36 89 c 4
36 121 e 3
37 38 a 1
37 38 b 1
37 10 c 1
37 110 d 0
37 41 e 4
38 39 a 1
38 39 b 1
38 34 c 2
38 109 d 3
38 110 e 4
39 40 a 1
39 40 b 1
39 111 c 3
39 54 d 4
39 13 e 4
40 41 a 1
40 41 b 1
40 32 c 1
40 32 d 1
40 18 e 4
41 42 a 1
41 42 b 1
41 19 c 0
41 36 d 2
41 38 e 0
42 43 a 1
42 43 b 1
42 118 c 1
42 127 d 3
42 110 e 1
43 44 a 1
43 44 b 1
43 104 c 4
43 40 d 2
43 123 e 1
44 45 a 1
44 45 b 1
44 17 c 3
44 11 d 4
44 11 e 0
45 46 a 1
45 46 b 1
45 123 c 2
45 127 d 0
45 54 e 2
46 47 a 1
46 47 b 1
46 76 c 2
46 32 e 0
47 48 a 1
47 48 b 1
47 70 c 2
47 13 d 2
47 16 e 1
48 49 a 1
48 49 b 1
48 17 c 2
48 7 d 3
48 65 e 1
49 50 a 1
49 50 b 1
49 28 c 1
49 109 d 3
49 90 e 4
50 51 a 1
50 51 b 1
50 69 c 2
50 84 d 3
50 23 e 1
51 52 a 1
51 52 b 1
51 6 c 4
51 14 d 4
51 117 e 3
52 53 a 1
52 53 b 1
52 95 c 4
52 81 d 2
53 54 a 1
53 54 b 1
53 46 c 0
53 119 d 1
54 55 a 1
54 55 b 1
54 49 c 4
54 2 d 4
54 9 e 4
55 56 a 1
55 56 b 1
55 60 c 1
55 15 d 1
55 74 e 2
56 57 a 1
56 57 b 1
56 91 c 0
56 12 e 2
57 58 a 1
57 58 b 1
57 33 c 1
57 28 e 3
58 59 a 1
58 59 b 1
58 43 c 4
58 106 d 0
58 85 e 3
59 60 a 1
59 60 b 1
59 4 c 2
59 32 d 0
60 61 a 1
60 61 b 1
60 26 c 4
60 122 d 4
60 20 e 4
61 62 a 1
61 62 b 1
61 96 c 4
61 74 d 2
61 2 e 2
62 63 a 1
62 63 b 1
62 14 c 3
62 93 d 2
62 66 e 0
63 64 a 1
63 64 b 1
63 58 c 4
63 36 d 3
63 46 e 4
64 65 a 1
64 65 b 1
64 55 c 2
64 116 d 1
64 122 e 2
65 66 a 1
65 66 b 1
65 1 c 4
65 98 d 2
65 94 e 3
66 67 a 1
66 67 b 1
66 13 c 2
66 68 d 0
66 126 e 1
67 68 a 1
67 68 b 1
67 2 c 0
67 58 d 3
67 74 e 4
68 69 a 1
68 69 b 1
68 39 c 4
68 89 d 3
68 84 e 1
69 70 a 1
69 70 b 1
69 84 c 1
69 89 d 1
69 77 e 1
70 71 a 1
70 71 b 1
70 103 c 3
70 77 d 4
70 12 e 0
71 72 a 1
71 72 b 1
71 37 c 1
71 46 d 0
71 85 e 1
72 73 a 1
72 73 b 1
72 9 c 0
72 110 d 3
72 124 e 2
73 74 a 1
73 74 b 1
73 106 c 0
73 40 d 0
74 75 a 1
74 75 b 1
74 98 c 4
74 58 d 0
74 12 e 3
75 76 a 1
75 76 b 1
75 88 d 2
75 19 e 4
76 77 a 1
76 77 b 1
76 71 c 0
76 4 d 3
76 26 e 2
77 78 a 1
77 78 b 1
77 34 c 4
77 96 e 3
78 79 a 1
78 79 b 1
78 127 c 4
78 74 d 3
78 109 e 1
79 80 a 1
79 80 b 1
79 44 c 1
79 69 d 1
79 86 e 4
80 81 a 1
80 81 b 1
80 16 c 3
80 31 d 0
80 124 e 1
81 82 a 1
81 82 b 1
81 87 c 0
81 72 d 0
81 116 e 0
82 83 a 1
82 83 b 1
82 43 c 4
82 85 d 1
82 119 e 2
83 84 a 1
83 84 b 1
83 111 c 0
83 32 d 0
83 104 e 4
84 85 a 1
84 85 b 1
84 3 c 2
84 118 d 4
84 51 e 1
85 86 a 1
85 86 b 1
85 91 c 3
85 119 d 4
85 76 e 3
86 87 a 1
86 87 b 1
86 67 c 4
86 97 d 3
86 53 e 2
87 88 a 1
87 88 b 1
87 15 c 1
87 107 d 1
87 94 e 0
88 89 a 1
88 89 b 1
88 72 c 2
88 40 d 2
88 31 e 2
89 90 a 1
89 90 b 1
89 65 c 3
89 89 e 0
90 91 a 1
90 91 b 1
90 38 c 0
90 98 d 4
90 3 e 4
91 92 a 1
91 92 b 1
91 71 c 1
91 96 d 2
91 72 e 1
92 93 a 1
92 93 b 1
92 113 c 0
92 4 d 3
92 47 e 0
93 94 a 1
93 94 b 1
93 71 c 4
93 29 e 0
94 95 a 1
94 95 b 1
94 122 c 2
94 117 d 3
94 113 e 0
95 96 a 1
95 96 b 1
95 95 c 0
95 46 e 2
96 97 a 1
96 97 b 1
96 56 c 2
96 63 d 1
96 71 e 4
97 98 a 1
97 98 b 1
97 97 c 1
97 2 d 2
97 63 e 1
98 99 a 1
98 99 b 1
98 95 c 1
98 24 d 4
98 116 e 2
99 100 a 1
99 100 b 1
99 23 c 4
99 80 d 1
99 116 e 4
100 101 a 1
100 101 b 1
100 80 c 1
100 15 d 0
100 59 e 3
101 102 a 1
101 102 b 1
101 9 c 2
101 46 d 2
101 45 e 3
102 103 a 1
102 103 b 1
102 22 d 2
102 1 e 3
103 104 a 1
103 104 b 1
103 3 c 0
103 40 d 0
103 74 e 0
104 105 a 1
104 105 b 1
104 56 c 3
104 19 d 1
104 5 e 1
105 106 a 1
105 106 b 1
105 65 c 4
105 53 d 1
105 68 e 4
106 107 a 1
106 107 b 1
106 77 c 3
106 56 d 2
106 121 e 2
107 108 a 1
107 108 b 1
107 87 c 3
107 50 d 0
107 116 e 4
108 109 a 1
108 109 b 1
108 126 c 2
108 119 d 1
108 47 e 2
109 110 a 1
109 110 b 1
109 3 c 3
109 21 d 3
109 104 e 1
110 111 a 1
110 111 b 1
110 54 c 0
110 68 d 1
110 62 e 3
111 112 a 1
111 112 b 1
111 78 d 0
111 120 e 3
112 113 a 1
112 113 b 1
112 20 c 0
112 114 e 2
113 114 a 1
113 114 b 1
113 111 c 1
113 96 d 2
113 53 e 4
114 115 a 1
114 115 b 1
114 89 c 2
114 60 d 1
114 49 e 1
115 116 a 1
115 116 b 1
115 47 c 1
115 61 d 4
115 4 e 1
116 117 a 1
116 117 b 1
116 62 c 0
116 70 d 2
116 13 e 1
117 118 a 1
117 118 b 1
117 61 c 1
117 14 d 0
117 48 e 3
118 119 a 1
118 119 b 1
118 7 c 3
118 117 d 0
118 11 e 1
119 120 a 1
119 120 b 1
119 114 c 0
119 55 d 3
119 116 e 0
120 121 a 1
120 121 b 1
120 81 c 3
120 103 d 4
120 103 e 2
121 122 a 1
121 122 b 1
121 7 e 1
122 123 a 1
122 123 b 1
122 23 c 4
122 54 e 0
123 124 a 1
123 124 b 1
123 69 d 3
124 125 a 1
124 125 b 1
124 89 c 3
125 126 a 1
125 126 b 1
125 46 d 3
125 51 e 2
126 127 a 1
126 127 b 1
126 19 c 2
126 53 d 0
126 68 e 0
127 128 a 1
127 128 b 1
127 97 d 1
128 128 a 0
128 128 b 0
128 90 d 1
128 63 e 3

42 128 604 5 5 0
1 2 a 1
1 2 b 1
1 89 d 3
1 3 e 2
2 3 a 1
2 3 b 1
2 23 c 3
2 36 d 0
2 34 e 1
3 4 a 1
3 4 b 1
3 54 c 4
3 125 d 1
4 5 a 1
4 5 b 1
4 73 c 0
4 38 d 3
4 65 e 2
5 6 a 1
5 6 b 1
5 76 c 3
5 124 d 0
5 23 e 2
6 7 a 1
6 7 b 1
6 96 c 4
6 122 e 2
7 8 a 1
7 8 b 1
7 12 c 1
7 42 d 2
7 33 e 3
8 9 a 1
8 9 b 1
8 96 c 4
8 24 d 1
8 94 e 2
9 10 a 1
9 10 b 1
9 117 c 4
9 8 d 2
9 11 e 4
10 11 a 1
10 11 b 1
10 18 c 1
10 9 d 4
10 73 e 1
11 12 a 1
11 12 b 1
11 34 d 3
11 40 e 1
12 13 a 1
12 13 b 1
12 61 d 2
12 11 e 1
13 14 a 1
13 14 b 1
13 94 c 1
13 46 d 0
13 39 e 0
14 15 a 1
14 15 b 1
14 35 c 2
14 58 d 4
14 32 e 3
15 16 a 1
15 16 b 1
15 23 c 2
15 97 d 4
15 93 e 2
16 17 a 1
16 17 b 1
16 25 c 0
16 45 d 3
16 32 e 3
17 18 a 1
17 18 b 1
17 68 d 4
17 64 e 0
18 19 a 1
18 19 b 1
18 34 c 2
18 8 d 3
19 20 a 1
19 20 b 1
19 6 c 1
19 103 d 3
19 89 e 4
20 21 a 1
20 21 b 1
20 107 c 2
20 118 d 0
20 78 e 2
21 22 a 1
21 22 b 1
21 53 c 3
21 6 d 3
21 22 e 3
22 23 a 1
22 23 b 1
22 1 c 1
22 51 d 3
22 112 e 1
23 24 a 1
23 24 b 1
23 106 c 4
23 7 d 4
23 35 e 0
24 25 a 1
24 25 b 1
24 119 c 0
24 85 d 1
24 96 e 0
25 26 a 1
25 26 b 1
25 111 c 4
25 66 d 1
25 58 e 2
26 27 a 1
26 27 b 1
26 81 c 3
26 26 d 2
26 69 e 3
27 28 a 1
27 28 b 1
27 98 c 3
27 69 d 1
27 71 e 3
28 29 a 1
28 29 b 1
28 23 c 2
28 125 d 3
28 9 e 3
29 30 a 1
29 30 b 1
29 96 c 3
29 11 d 4
29 62 e 4
30 31 a 1
30 31 b 1
30 90 c 3
30 65 d 4
30 96 e 3
31 32 a 1
31 32 b 1
31 20 c 1
31 117 d 2
31 87 e 4
32 33 a 1
32 33 b 1
32 105 c 4
32 99 d 2
32 40 e 0
33 34 a 1
33 34 b 1
33 90 c 4
33 123 d 0
33 80 e 0
34 35 a 1
34 35 b 1
34 16 c 1
34 74 d 1
34 5 e 0
35 36 a 1
35 36 b 1
35 116 c 3
35 99 e 3
36 37 a 1
36 37 b 1
36 61 c 4
36 126 d 4
37 38 a 1
37 38 b 1
37 28 c 4
37 127 d 2
37 115 e 3
38 39 a 1
38 39 b 1
38 58 c 1
38 117 d 1
38 73 e 1
39 40 a 1
39 40 b 1
39 2 c 0
39 101 d 3
39 99 e 3
40 41 a 1
40 41 b 1
40 94 c 2
40 81 d 1
40 113 e 3
41 42 a 1
41 42 b 1
41 34 c 3
41 55 d 1
41 50 e 0
42 43 a 1
42 43 b 1
42 79 c 0
42 26 d 4
42 14 e 4
43 44 a 1
43 44 b 1
43 100 c 3
43 72 d 3
43 63 e 2
44 45 a 1
44 45 b 1
44 102 c 3
44 97 d 4
44 5 e 3
45 46 a 1
45 46 b 1
45 89 c 4
45 54 d 0
45 68 e 3
46 47 a 1
46 47 b 1
46 122 c 0
46 107 d 1
46 120 e 0
47 48 a 1
47 48 b 1
47 48 c 3
47 3 d 3
47 6 e 4
48 49 a 1
48 49 b 1
48 7 c 1
48 78 d 2
48 122 e 2
49 50 a 1
49 50 b 1
49 127 c 3
49 36 d 2
49 47 e 1
50 51 a 1
50 51 b 1
50 56 d 4
51 52 a 1
51 52 b 1
51 3 c 4
51 46 d 0
51 127 e 3
52 53 a 1
52 53 b 1
52 114 c 3
52 108 d 4
52 28 e 3
53 54 a 1
53 54 b 1
53 75 c 1
53 123 d 3
53 6 e 3
54 55 a 1
54 55 b 1
54 67 c 0
54 17 d 1
54 18 e 0
55 56 a 1
55 56 b 1
55 4 c 1
55 66 d 1
55 41 e 2
56 57 a 1
56 57 b 1
56 17 c 2
56 32 d 0
56 107 e 2
57 58 a 1
57 58 b 1
57 42 c 0
57 53 d 3
57 18 e 1
58 59 a 1
58 59 b 1
58 102 c 3
58 99 d 1
58 24 e 1
59 60 a 1
59 60 b 1
59 52 d 1
59 125 e 2
60 61 a 1
60 61 b 1
60 13 c 3
60 53 d 0
60 23 e 1
61 62 a 1
61 62 b 1
61 92 c 4
61 19 d 3
61 71 e 4
62 63 a 1
62 63 b 1
62 110 c 2
63 64 a 1
63 64 b 1
63 75 c 1
63 45 d 4
63 5 e 3
64 65 a 1
64 65 b 1
64 25 c 2
64 104 d 3
64 46 e 0
65 66 a 1
65 66 b 1
65 24 c 3
65 15 d 3
65 103 e 4
66 67 a 1
66 67 b 1
66 81 c 2
66 114 d 0
66 50 e 0
67 68 a 1
67 68 b 1
67 103 c 2
67 22 d 3
67 125 e 0
68 69 a 1
68 69 b 1
68 103 c 3
68 126 d 1
68 79 e 2
69 70 a 1
69 70 b 1
69 12 c 4
69 56 d 3
69 32 e 3
70 71 a 1
70 71 b 1
70 1 c 4
70 21 d 3
70 9 e 3
71 72 a 1
71 72 b 1
71 72 c 2
71 54 d 2
71 78 e 1
72 73 a 1
72 73 b 1
72 50 e 0
73 74 a 1
73 74 b 1
73 60 c 4
73 102 d 0
73 104 e 0
74 75 a 1
74 75 b 1
74 3 c 1
74 112 d 0
74 116 e 1
75 76 a 1
75 76 b 1
75 116 c 0
75 37 d 4
75 81 e 0
76 77 a 1
76 77 b 1
76 33 c 0
76 49 d 0
76 126 e 2
77 78 a 1
77 78 b 1
77 30 c 2
77 112 d 4
77 3 e 3
78 79 a 1
78 79 b 1
78 26 c 2
78 43 d 3
78 104 e 3
79 80 a 1
79 80 b 1
79 21 c 1
79 8 d 1
79 31 e 3
80 81 a 1
80 81 b 1
80 82 c 2
80 106 d 0
81 82 a 1
81 82 b 1
81 59 c 1
81 19 e 4
82 83 a 1
82 83 b 1
82 17 c 3
82 12 d 3
82 113 e 1
83 84 a 1
83 84 b 1
83 75 c 1
83 14 d 3
84 85 a 1
84 85 b 1
84 47 c 4
84 48 d 1
84 117 e 2
85 86 a 1
85 86 b 1
85 50 c 3
85 34 d 0
85 85 e 2
86 87 a 1
86 87 b 1
86 78 c 3
86 127 d 0
86 105 e 3
87 88 a 1
87 88 b 1
87 74 c 0
87 55 d 2
88 89 a 1
88 89 b 1
88 13 c 3
88 19 d 1
88 60 e 4
89 90 a 1
89 90 b 1
89 60 c 4
89 75 d 2
89 46 e 2
90 91 a 1
90 91 b 1
90 33 c 3
90 84 d 4
90 19 e 3
91 92 a 1
91 92 b 1
91 70 c 0
91 48 d 1
92 93 a 1
92 93 b 1
92 61 c 3
92 39 d 0
93 94 a 1
93 94 b 1
93 32 c 2
93 102 d 3
93 43 e 3
94 95 a 1
94 95 b 1
94 11 c 1
94 93 d 2
94 99 e 2
95 96 a 1
95 96 b 1
95 87 c 1
95 67 d 2
95 72 e 4
96 97 a 1
96 97 b 1
96 71 c 1
96 1 d 2
96 103 e 3
97 98 a 1
97 98 b 1
97 82 c 4
97 118 d 4
98 99 a 1
98 99 b 1
98 112 c 3
98 31 d 4
98 54 e 1
99 100 a 1
99 100 b 1
99 23 c 4
99 36 d 0
100 101 a 1
100 101 b 1
100 91 c 3
100 37 d 2
101 102 a 1
101 102 b 1
101 38 c 4
101 46 d 2
101 27 e 1
102 103 a 1
102 103 b 1
102 59 c 1
102 47 d 2
102 94 e 0
103 104 a 1
103 104 b 1
103 52 c 1
103 40 d 2
103 69 e 0
104 105 a 1
104 105 b 1
104 18 c 0
104 19 e 4
105 106 a 1
105 106 b 1
105 97 c 0
105 83 d 3
105 83 e 0
106 107 a 1
106 107 b 1
106 3 c 4
106 109 d 4
106 49 e 2
107 108 a 1
107 108 b 1
107 97 d 1
108 109 a 1
108 109 b 1
108 77 c 3
108 3 d 2
108 52 e 2
109 110 a 1
109 110 b 1
109 30 c 0
109 18 e 1
110 111 a 1
110 111 b 1
110 52 c 1
110 15 d 2
110 57 e 4
111 112 a 1
111 112 b 1
111 94 c 2
111 60 d 0
111 37 e 1
112 113 a 1
112 113 b 1
112 115 c 1
112 106 d 3
112 106 e 0
113 114 a 1
113 114 b 1
113 121 c 4
113 53 d 2
113 90 e 2
114 115 a 1
114 115 b 1
114 6 d 0
114 119 e 2
115 116 a 1
115 116 b 1
115 18 d 0
116 117 a 1
116 117 b 1
116 108 c 0
116 14 d 1
116 124 e 1
117 118 a 1
117 118 b 1
117 29 c 1
117 76 d 2
117 85 e 0
118 119 a 1
118 119 b 1
118 60 c 2
118 28 d 2
118 66 e 1
119 120 a 1
119 120 b 1
119 40 c 3
119 22 e 3
120 121 a 1
120 121 b 1
120 86 c 4
121 122 a 1
121 122 b 1
121 11 c 4
121 34 d 1
121 115 e 2
122 123 a 1
122 123 b 1
122 17 c 2
122 116 d 1
122 55 e 1
123 124 a 1
123 124 b 1
123 104 c 1
123 14 d 3
123 89 e 2
124 125 a 1
124 125 b 1
124 3 c 4
124 101 d 4
124 5 e 4
125 126 a 1
125 126 b 1
125 94 c 1
125 62 d 4
125 126 e 2
126 127 a 1
126 127 b 1
126 18 c 4
126 33 d 2
127 128 a 1
127 128 b 1
127 94 c 4
127 35 d 4
127 5 e 0
128 128 a 0
128 128 b 0
128 47 c 4
128 77 d 1
128 111 e 0

43 128 596 5 5 0
1 2 a 1
1 2 b 1
1 49 c 3
1 39 d 4
1 80 e 2
2 3 a 1
2 3 b 1
2 3 d 0
2 25 e 0
3 4 a 1
3 4 b 1
3 46 c 0
3 50 d 0
3 126 e 0
4 5 a 1
4 5 b 1
4 2 c 4
4 8 d 0
4 10 e 4
5 6 a 1
5 6 b 1
5 24 c 0
5 33 d 0
5 87 e 1
6 7 a 1
6 7 b 1
6 61 c 0
6 100 d 0
6 113 e 1
7 8 a 1
7 8 b 1
7 74 c 4
7 65 d 4
7 78 e 4
8 9 a 1
8 9 b 1
8 107 c 0
8 122 d 2
8 78 e 4
9 10 a 1
9 10 b 1
9 42 c 0
9 52 d 0
9 123 e 0
10 11 a 1
10 11 b 1
10 76 c 2
10 125 d 1
10 118 e 2
11 12 a 1
11 12 b 1
11 79 e 4
12 13 a 1
12 13 b 1
12 48 c 3
12 89 e 4
13 14 a 1
13 14 b 1
13 34 c 2
13 21 d 3
13 73 e 1
14 15 a 1
14 15 b 1
14 95 c 1
14 127 d 4
14 113 e 1
15 16 a 1
15 16 b 1
15 117 d 2
15 6 e 3
16 17 a 1
16 17 b 1
16 44 c 0
16 35 d 3
16 103 e 0
17 18 a 1
17 18 b 1
17 77 d 0
17 113 e 2
18 19 a 1
18 19 b 1
18 117 d 3
18 76 e 4
19 20 a 1
19 20 b 1
19 67 c 0
19 84 d 4
19 103 e 4
20 21 a 1
20 21 b 1
20 113 c 4
20 100 d 4
20 75 e 4
21 22 a 1
21 22 b 1
21 8 c 0
21 72 d 2
21 101 e 4
22 23 a 1
22 23 b 1
22 48 c 1
22 96 d 4
22 61 e 0
23 24 a 1
23 24 b 1
23 118 c 4
23 110 d 0
23 104 e 0
24 25 a 1
24 25 b 1
24 42 c 1
24 79 d 1
24 85 e 3
25 26 a 1
25 26 b 1
25 19 c 0
25 111 d 1
25 114 e 1
26 27 a 1
26 27 b 1
26 44 c 0
26 60 d 3
26 1 e 0
27 28 a 1
27 28 b 1
27 30 c 1
27 93 d 3
27 104 e 1
28 29 a 1
28 29 b 1
28 91 c 2
28 74 d 0
28 96 e 0
29 30 a 1
29 30 b 1
29 54 c 4
29 32 d 0
29 56 e 3
30 31 a 1
30 31 b 1
30 98 c 4
30 9 d 0
30 71 e 2
31 32 a 1
31 32 b 1
31 118 c 3
31 112 d 0
31 105 e 2
32 33 a 1
32 33 b 1
32 37 c 1
32 125 d 4
32 2 e 2
33 34 a 1
33 34 b 1
33 23 c 2
33 62 d 4
33 38 e 0
34 35 a 1
34 35 b 1
34 47 c 4
34 40 d 2
34 21 e 2
35 36 a 1
35 36 b 1
35 26 c 3
35 15 d 3
35 70 e 4
36 37 a 1
36 37 b 1
36 123 c 3
36 38 d 4
36 86 e 1
37 38 a 1
37 38 b 1
37 107 d 1
37 70 e 0
38 39 a 1
38 39 b 1
38 85 d 4
39 40 a 1
39 40 b 1
39 86 c 2
39 118 e 2
40 41 a 1
40 41 b 1
40 80 c 0
40 103 d 4
41 42 a 1
41 42 b 1
41 80 c 3
41 61 d 3
41 42 e 0
42 43 a 1
42 43 b 1
42 21 c 2
42 34 d 0
43 44 a 1
43 44 b 1
43 122 c 3
43 101 d 2
43 45 e 3
44 45 a 1
44 45 b 1
44 2 c 0
44 80 d 2
44 13 e 4
45 46 a 1
45 46 b 1
45 24 c 3
45 11 d 4
45 12 e 1
46 47 a 1
46 47 b 1
46 69 c 3
46 15 d 0
46 56 e 0
47 48 a 1
47 48 b 1
47 94 c 0
47 107 d 0
47 91 e 2
48 49 a 1
48 49 b 1
48 102 c 3
48 12 d 4
48 77 e 2
49 50 a 1
49 50 b 1
49 76 c 4
49 29 d 4
49 101 e 4
50 51 a 1
50 51 b 1
50 115 c 4
50 55 d 3
50 116 e 2
51 52 a 1
51 52 b 1
51 70 c 1
51 61 d 0
51 56 e 1
52 53 a 1
52 53 b 1
52 12 c 3
52 58 d 3
52 47 e 0
53 54 a 1
53 54 b 1
53 36 c 1
53 43 d 1
53 125 e 4
54 55 a 1
54 55 b 1
54 46 d 4
54 100 e 3
55 56 a 1
55 56 b 1
55 25 c 2
55 66 d 1
55 67 e 0
56 57 a 1
56 57 b 1
56 13 c 4
56 37 d 1
56 56 e 3
57 58 a 1
57 58 b 1
57 20 c 3
57 2 d 4
57 3 e 0
58 59 a 1
58 59 b 1
58 87 c 0
58 53 d 0
59 60 a 1
59 60 b 1
59 47 d 0
59 85 e 0
60 61 a 1
60 61 b 1
60 85 c 0
60 59 e 4
61 62 a 1
61 62 b 1
61 55 c 1
61 46 d 0
61 9 e 3
62 63 a 1
62 63 b 1
62 107 c 1
62 12 d 0
62 14 e 0
63 64 a 1
63 64 b 1
63 98 c 1
63 61 d 1
63 79 e 4
64 65 a 1
64 65 b 1
64 7 c 1
64 39 d 0
64 94 e 3
65 66 a 1
65 66 b 1
65 43 c 4
65 63 d 2
65 60 e 1
66 67 a 1
66 67 b 1
66 13 c 1
66 127 d 0
66 116 e 2
67 68 a 1
67 68 b 1
67 45 c 2
67 23 d 2
67 16 e 2
68 69 a 1
68 69 b 1
68 80 c 0
68 72 d 1
68 70 e 2
69 70 a 1
69 70 b 1
69 47 d 1
69 116 e 4
70 71 a 1
70 71 b 1
70 55 c 0
70 18 d 1
70 48 e 4
71 72 a 1
71 72 b 1
71 99 c 3
71 68 e 3
72 73 a 1
72 73 b 1
72 77 c 2
72 102 d 0
72 1 e 4
73 74 a 1
73 74 b 1
73 94 c 1
73 70 d 3
73 91 e 3
74 75 a 1
74 75 b 1
74 52 c 4
74 11 d 0
74 113 e 1
75 76 a 1
75 76 b 1
75 105 c 4
75 46 d 3
75 13 e 4
76 77 a 1
76 77 b 1
76 65 c 1
76 50 d 2
76 102 e 1
77 78 a 1
77 78 b 1
77 66 c 1
77 124 d 1
77 39 e 0
78 79 a 1
78 79 b 1
78 60 c 0
78 65 d 2
78 85 e 0
79 80 a 1
79 80 b 1
79 127 c 2
79 121 d 3
80 81 a 1
80 81 b 1
80 94 c 1
80 7 d 1
80 24 e 0
81 82 a 1
81 82 b 1
81 98 c 0
81 109 d 1
82 83 a 1
82 83 b 1
82 69 c 1
82 76 d 4
82 115 e 2
83 84 a 1
83 84 b 1
83 82 c 2
83 120 d 3
83 81 e 3
84 85 a 1
84 85 b 1
84 112 c 2
84 73 d 3
84 21 e 0
85 86 a 1
85 86 b 1
85 57 c 1
85 113 e 4
86 87 a 1
86 87 b 1
86 118 c 0
86 97 d 3
87 88 a 1
87 88 b 1
87 103 c 2
87 17 d 1
87 118 e 4
88 89 a 1
88 89 b 1
88 11 c 0
88 32 d 0
88 116 e 1
89 90 a 1
89 90 b 1
89 121 c 2
89 56 d 2
89 2 e 0
90 91 a 1
90 91 b 1
90 39 c 2
90 110 d 3
90 94 e 1
91 92 a 1
91 92 b 1
91 39 c 4
92 93 a 1
92 93 b 1
92 7 c 2
92 37 d 4
92 30 e 0
93 94 a 1
93 94 b 1
93 78 c 3
93 49 e 3
94 95 a 1
94 95 b 1
94 80 c 0
94 99 d 4
94 124 e 1
95 96 a 1
95 96 b 1
95 104 c 0
95 29 d 0
95 94 e 4
96 97 a 1
96 97 b 1
96 119 d 0
97 98 a 1
97 98 b 1
97 87 d 1
97 31 e 2
98 99 a 1
98 99 b 1
98 43 c 4
98 32 d 4
98 52 e 2
99 100 a 1
99 100 b 1
99 124 c 0
99 44 d 1
99 80 e 3
100 101 a 1
100 101 b 1
100 97 d 1
100 88 e 2
101 102 a 1
101 102 b 1
101 32 c 4
101 44 d 3
101 93 e 1
102 103 a 1
102 103 b 1
102 97 c 1
102 21 d 4
102 24 e 0
103 104 a 1
103 104 b 1
103 112 c 2
103 50 e 0
104 105 a 1
104 105 b 1
104 39 c 3
104 116 d 3
105 106 a 1
105 106 b 1
105 19 c 3
105 7 e 4
106 107 a 1
106 107 b 1
106 47 c 2
106 10 d 3
106 58 e 0
107 108 a 1
107 108 b 1
107 90 d 1
107 30 e 4
108 109 a 1
108 109 b 1
108 108 c 4
109 110 a 1
109 110 b 1
109 68 c 1
109 12 d 1
109 31 e 2
110 111 a 1
110 111 b 1
110 93 d 2
110 75 e 1
111 112 a 1
111 112 b 1
111 116 c 4
111 96 d 2
111 25 e 0
112 113 a 1
112 113 b 1
112 113 c 4
112 126 d 0
112 31 e 1
113 114 a 1
113 114 b 1
113 119 c 0
113 6 d 3
113 53 e 2
114 115 a 1
114 115 b 1
114 12 c 3
114 47 d 4
114 6 e 2
115 116 a 1
115 116 b 1
115 124 c 1
115 61 e 0
116 117 a 1
116 117 b 1
116 93 c 0
116 125 d 2
116 73 e 3
117 118 a 1
117 118 b 1
117 124 c 4
117 125 d 0
117 19 e 2
118 119 a 1
118 119 b 1
118 41 c 3
118 3 d 3
118 122 e 0
119 120 a 1
119 120 b 1
119 33 c 2
119 104 e 1
120 121 a 1
120 121 b 1
120 76 c 1
120 82 d 2
120 113 e 0
121 122 a 1
121 122 b 1
121 46 c 0
122 123 a 1
122 123 b 1
122 86 c 3
122 120 d 4
122 95 e 2
123 124 a 1
123 124 b 1
123 45 c 0
123 112 d 1
123 12 e 4
124 125 a 1
124 125 b 1
124 105 c 3
124 52 e 4
125 126 a 1
125 126 b 1
125 99 c 3
125 22 d 3
126 127 a 1
126 127 b 1
126 108 c 2
126 104 d 0
126 37 e 1
127 128 a 1
127 128 b 1
127 84 c 3
127 11 d 0
127 72 e 1
128 128 a 0
128 128 b 0
128 104 c 4
128 7 e 0

44 128 605 5 5 0
1 2 a 1
1 2 b 1
1 85 c 4
1 82 d 4
1 30 e 4
2 3 a 1
2 3 b 1
2 19 c 0
2 74 d 4
2 119 e 0
3 4 a 1
3 4 b 1
3 92 c 1
3 120 d 1
3 3 e 4
4 5 a 1
4 5 b 1
4 12 d 4
5 6 a 1
5 6 b 1
5 122 c 0
5 57 d 4
5 35 e 1
6 7 a 1
6 7 b 1
6 49 c 4
6 31 d 1
6 78 e 0
7 8 a 1
7 8 b 1
7 48 c 1
7 34 d 3
7 1 e 0
8 9 a 1
8 9 b 1
8 23 c 1
8 45 d 0
8 10 e 1
9 10 a 1
9 10 b 1
9 60 c 0
9 31 d 2
9 34 e 2
10 11 a 1
10 11 b 1
10 73 c 2
10 81 d 2
10 4 e 4
11 12 a 1
11 12 b 1
11 57 c 4
11 36 e 2
12 13 a 1
12 13 b 1
12 96 c 3
12 37 d 2
12 21 e 0
13 14 a 1
13 14 b 1
13 68 c 4
13 21 d 1
13 41 e 4
14 15 a 1
14 15 b 1
14 86 c 2
14 48 d 1
14 35 e 4
15 16 a 1
15 16 b 1
15 1 c 4
15 72 d 2
15 33 e 1
16 17 a 1
16 17 b 1
16 44 c 3
16 86 d 3
16 75 e 3
17 18 a 1
17 18 b 1
17 88 c 4
17 99 d 0
17 81 e 0
18 19 a 1
18 19 b 1
18 105 c 2
18 100 d 1
18 115 e 3
19 20 a 1
19 20 b 1
19 68 c 2
19 81 d 2
19 58 e 3
20 21 a 1
20 21 b 1
20 22 c 0
20 94 e 1
21 22 a 1
21 22 b 1
21 93 c 1
21 85 d 4
21 117 e 3
22 23 a 1
22 23 b 1
22 60 c 0
22 60 d 1
22 114 e 1
23 24 a 1
23 24 b 1
23 120 c 4
23 14 e 1
24 25 a 1
24 25 b 1
24 33 c 2
24 82 d 2
24 121 e 2
25 26 a 1
25 26 b 1
25 90 c 3
25 47 d 4
26 27 a 1
26 27 b 1
26 125 c 1
26 81 d 3
26 79 e 4
27 28 a 1
27 28 b 1
27 98 c 2
27 10 d 4
27 74 e 3
28 29 a 1
28 29 b 1
28 33 c 3
28 10 d 1
28 57 e 1
29 30 a 1
29 30 b 1
29 67 c 1
29 74 d 4
29 34 e 2
30 31 a 1
30 31 b 1
30 40 c 4
30 111 e 0
31 32 a 1
31 32 b 1
31 50 c 3
31 42 d 1
31 24 e 3
32 33 a 1
32 33 b 1
32 62 c 4
32 58 e 0
33 34 a 1
33 34 b 1
33 13 c 4
33 63 d 1
33 56 e 3
34 35 a 1
34 35 b 1
34 112 c 1
34 102 d 3
34 100 e 1
35 36 a 1
35 36 b 1
35 20 c 3
35 5 d 4
35 39 e 0
36 37 a 1
36 37 b 1
36 115 c 2
36 52 d 4
36 19 e 4
37 38 a 1
37 38 b 1
37 60 c 0
37 1 d 0
37 24 e 4
38 39 a 1
38 39 b 1
38 79 c 2
38 85 d 0
38 91 e 0
39 40 a 1
39 40 b 1
39 92 c 2
39 9 d 1
40 41 a 1
40 41 b 1
40 127 c 1
40 83 d 1
40 80 e 3
41 42 a 1
41 42 b 1
41 98 c 0
41 21 d 3
41 10 e 4
42 43 a 1
42 43 b 1
42 10 c 2
42 29 d 1
42 28 e 3
43 44 a 1
43 44 b 1
43 39 c 3
43 66 d 1
43 100 e 0
44 45 a 1
44 45 b 1
44 122 c 3
44 107 d 4
44 124 e 1
45 46 a 1
45 46 b 1
45 98 c 0
45 50 d 3
45 77 e 0
46 47 a 1
46 47 b 1
46 80 c 1
46 104 d 3
47 48 a 1
47 48 b 1
47 105 c 1
47 49 d 0
47 109 e 1
48 49 a 1
48 49 b 1
48 102 c 0
48 16 d 3
49 50 a 1
49 50 b 1
49 58 c 3
49 74 d 0
49 62 e 2
50 51 a 1
50 51 b 1
50 117 c 1
50 79 d 4
50 49 e 1
51 52 a 1
51 52 b 1
51 16 c 1
51 17 d 3
51 109 e 4
52 53 a 1
52 53 b 1
52 69 c 3
52 61 d 3
52 113 e 2
53 54 a 1
53 54 b 1
53 116 d 1
54 55 a 1
54 55 b 1
54 121 c 2
54 94 d 0
54 104 e 2
55 56 a 1
55 56 b 1
55 19 d 0
55 28 e 3
56 57 a 1
56 57 b 1
56 20 c 1
56 7 d 0
56 23 e 0
57 58 a 1
57 58 b 1
57 80 c 3
57 44 d 1
57 111 e 2
58 59 a 1
58 59 b 1
58 15 c 0
58 70 d 3
58 12 e 3
59 60 a 1
59 60 b 1
59 86 c 0
59 65 d 1
59 77 e 4
60 61 a 1
60 61 b 1
60 2 c 3
60 88 d 1
61 62 a 1
61 62 b 1
61 31 c 2
61 63 d 3
61 62 e 1
62 63 a 1
62 63 b 1
62 85 d 4
62 82 e 3
63 64 a 1
63 64 b 1
63 28 c 2
63 5 d 0
63 81 e 0
64 65 a 1
64 65 b 1
64 109 e 1
65 66 a 1
65 66 b 1
65 47 c 2
65 62 d 2
65 110 e 3
66 67 a 1
66 67 b 1
66 85 c 2
66 83 d 0
66 8 e 2
67 68 a 1
67 68 b 1
67 120 c 2
67 117 d 2
68 69 a 1
68 69 b 1
68 124 c 0
68 104 d 4
68 29 e 3
69 70 a 1
69 70 b 1
69 87 c 3
69 109 d 1
69 118 e 4
70 71 a 1
70 71 b 1
70 89 c 4
70 51 d 0
70 123 e 2
71 72 a 1
71 72 b 1
71 5 d 0
71 118 e 4
72 73 a 1
72 73 b 1
72 106 c 0
72 19 d 4
72 99 e 0
73 74 a 1
73 74 b 1
73 6 c 4
73 118 d 1
73 125 e 4
74 75 a 1
74 75 b 1
74 81 c 4
74 10 d 2
74 109 e 1
75 76 a 1
75 76 b 1
75 103 c 0
75 12 d 1
75 57 e 0
76 77 a 1
76 77 b 1
76 47 c 2
76 117 d 3
76 25 e 2
77 78 a 1
77 78 b 1
77 47 d 1
77 59 e 0
78 79 a 1
78 79 b 1
78 59 c 0
78 72 d 0
78 8 e 0
79 80 a 1
79 80 b 1
79 80 c 2
79 34 d 2
79 113 e 4
80 81 a 1
80 81 b 1
80 12 c 1
80 115 d 4
80 106 e 4
81 82 a 1
81 82 b 1
81 47 c 2
81 72 d 3
81 63 e 1
82 83 a 1
82 83 b 1
82 75 c 1
82 37 d 2
82 91 e 2
83 84 a 1
83 84 b 1
83 118 c 2
83 62 d 3
84 85 a 1
84 85 b 1
84 58 c 0
84 74 d 4
84 123 e 2
85 86 a 1
85 86 b 1
85 113 c 2
85 15 d 0
85 64 e 4
86 87 a 1
86 87 b 1
86 90 d 1
86 114 e 4
87 88 a 1
87 88 b 1
87 32 d 4
87 45 e 3
88 89 a 1
88 89 b 1
88 85 c 4
88 121 d 4
88 75 e 4
89 90 a 1
89 90 b 1
89 125 c 2
89 83 d 3
89 109 e 4
90 91 a 1
90 91 b 1
90 121 c 3
90 56 d 4
90 109 e 3
91 92 a 1
91 92 b 1
91 104 c 0
91 96 d 2
92 93 a 1
92 93 b 1
92 21 c 3
92 27 d 3
92 112 e 2
93 94 a 1
93 94 b 1
93 78 d 4
93 62 e 4
94 95 a 1
94 95 b 1
94 73 c 0
94 92 d 2
94 73 e 4
95 96 a 1
95 96 b 1
95 9 c 1
95 42 d 4
95 120 e 2
96 97 a 1
96 97 b 1
96 97 c 2
96 19 d 2
96 5 e 1
97 98 a 1
97 98 b 1
97 118 c 2
97 84 d 3
97 91 e 3
98 99 a 1
98 99 b 1
98 2 d 2
98 21 e 1
99 100 a 1
99 100 b 1
99 110 c 3
99 29 d 1
99 126 e 4
100 101 a 1
100 101 b 1
100 79 c 4
100 110 d 4
100 57 e 3
101 102 a 1
101 102 b 1
101 110 c 4
101 99 d 2
101 43 e 4
102 103 a 1
102 103 b 1
102 43 c 4
102 84 e 1
103 104 a 1
103 104 b 1
103 119 c 2
103 56 d 1
103 3 e 3
104 105 a 1
104 105 b 1
104 2 d 3
104 90 e 2
105 106 a 1
105 106 b 1
105 64 c 2
105 57 d 4
105 41 e 2
106 107 a 1
106 107 b 1
106 94 c 4
106 43 d 0
106 55 e 2
107 108 a 1
107 108 b 1
107 39 c 3
107 103 d 1
108 109 a 1
108 109 b 1
108 55 c 0
108 68 d 1
108 19 e 0
109 110 a 1
109 110 b 1
109 125 c 0
109 18 d 0
109 73 e 2
110 111 a 1
110 111 b 1
110 79 c 1
110 124 d 2
110 53 e 2
111 112 a 1
111 112 b 1
111 10 c 4
111 98 e 4
112 113 a 1
112 113 b 1
112 64 c 4
112 8 d 0
112 41 e 0
113 114 a 1
113 114 b 1
113 62 c 1
113 25 d 0
113 10 e 4
114 115 a 1
114 115 b 1
114 101 d 2
114 4 e 4
115 116 a 1
115 116 b 1
115 104 c 1
115 117 d 3
115 30 e 0
116 117 a 1
116 117 b 1
116 19 c 2
116 64 d 4
116 100 e 4
117 118 a 1
117 118 b 1
117 99 c 2
117 85 e 4
118 119 a 1
118 119 b 1
118 122 c 2
118 4 d 4
118 8 e 4
119 120 a 1
119 120 b 1
119 48 c 3
119 95 e 2
120 121 a 1
120 121 b 1
120 80 c 0
120 89 d 2
120 103 e 0
121 122 a 1
121 122 b 1
121 50 c 1
121 38 d 1
121 6 e 4
122 123 a 1
122 123 b 1
122 44 c 2
122 60 d 4
122 97 e 0
123 124 a 1
123 124 b 1
123 106 c 4
123 12 d 3
123 44 e 4
124 125 a 1
124 125 b 1
124 1 c 2
124 56 d 2
124 115 e 2
125 126 a 1
125 126 b 1
125 97 c 3
125 80 d 0
125 87 e 2
126 127 a 1
126 127 b 1
126 6 c 1
126 13 d 4
126 97 e 4
127 128 a 1
127 128 b 1
127 44 c 2
127 122 d 3
127 17 e 2
128 128 a 0
128 128 b 0
128 16 c 2
128 38 e 0

45 128 591 5 5 0
1 2 a 1
1 2 b 1
1 28 d 1
1 20 e 0
2 3 a 1
2 3 b 1
2 4 c 1
2 120 d 2
2 100 e 3
3 4 a 1
3 4 b 1
3 68 c 4
3 69 d 1
3 96 e 1
4 5 a 1
4 5 b 1
4 34 c 2
4 114 d 3
4 25 e 2
5 6 a 1
5 6 b 1
5 71 d 3
5 78 e 1
6 7 a 1
6 7 b 1
6 40 c 4
6 105 d 3
6 113 e 3
7 8 a 1
7 8 b 1
7 50 c 1
7 38 e 1
8 9 a 1
8 9 b 1
8 2 e 3
9 10 a 1
9 10 b 1
9 53 c 0
9 47 d 4
9 125 e 2
10 11 a 1
10 11 b 1
10 86 c 3
10 89 d 4
10 42 e 4
11 12 a 1
11 12 b 1
11 78 c 0
11 105 d 2
11 52 e 1
12 13 a 1
12 13 b 1
12 123 c 1
12 104 e 1
13 14 a 1
13 14 b 1
13 94 d 0
13 50 e 0
14 15 a 1
14 15 b 1
14 47 c 0
14 121 d 0
14 85 e 1
15 16 a 1
15 16 b 1
15 15 d 1
16 17 a 1
16 17 b 1
16 70 c 4
16 86 d 3
16 35 e 1
17 18 a 1
17 18 b 1
17 24 c 3
17 69 d 3
17 118 e 2
18 19 a 1
18 19 b 1
18 21 c 4
19 20 a 1
19 20 b 1
19 77 c 1
19 84 d 2
20 21 a 1
20 21 b 1
20 116 c 1
20 108 d 1
20 51 e 1
21 22 a 1
21 22 b 1
21 32 c 1
21 58 d 0
21 99 e 2
22 23 a 1
22 23 b 1
22 28 c 0
22 70 d 2
22 6 e 0
23 24 a 1
23 24 b 1
23 7 c 0
23 32 d 0
23 55 e 4
24 25 a 1
24 25 b 1
24 40 c 0
24 92 d 0
25 26 a 1
25 26 b 1
25 50 c 4
25 125 d 4
25 13 e 0
26 27 a 1
26 27 b 1
26 79 c 0
26 16 d 4
26 92 e 1
27 28 a 1
27 28 b 1
27 46 c 3
27 42 d 0
27 80 e 2
28 29 a 1
28 29 b 1
28 85 c 3
28 79 d 1
28 33 e 0
29 30 a 1
29 30 b 1
29 106 c 2
29 98 d 2
29 102 e 1
30 31 a 1
30 31 b 1
30 124 c 1
30 117 d 4
30 114 e 0
31 32 a 1
31 32 b 1
31 99 c 2
31 59 d 4
31 74 e 0
32 33 a 1
32 33 b 1
32 23 c 3
32 23 d 4
32 115 e 4
33 34 a 1
33 34 b 1
33 43 c 3
33 67 e 0
34 35 a 1
34 35 b 1
34 120 c 0
34 91 d 0
34 83 e 1
35 36 a 1
35 36 b 1
35 38 c 0
35 118 d 3
35 105 e 0
36 37 a 1
36 37 b 1
36 104 c 0
36 28 e 2
37 38 a 1
37 38 b 1
37 123 c 0
37 62 d 1
37 51 e 1
38 39 a 1
38 39 b 1
38 57 c 2
38 94 d 2
39 40 a 1
39 40 b 1
39 36 c 4
39 96 d 4
40 41 a 1
40 41 b 1
40 40 c 0
40 104 d 3
40 45 e 4
41 42 a 1
41 42 b 1
41 59 c 0
41 91 d 3
41 46 e 2
42 43 a 1
42 43 b 1
42 103 c 1
42 69 d 1
43 44 a 1
43 44 b 1
43 31 d 3
43 48 e 3
44 45 a 1
44 45 b 1
44 86 c 0
44 4 d 1
44 78 e 3
45 46 a 1
45 46 b 1
45 97 c 1
45 58 e 3
46 47 a 1
46 47 b 1
46 3 c 2
46 56 d 3
46 27 e 2
47 48 a 1
47 48 b 1
47 46 c 2
47 49 d 0
47 36 e 2
48 49 a 1
48 49 b 1
48 104 c 0
48 102 d 0
48 31 e 3
49 50 a 1
49 50 b 1
49 71 c 2
49 26 e 4
50 51 a 1
50 51 b 1
50 3 c 2
50 55 d 1
50 58 e 4
51 52 a 1
51 52 b 1
51 108 d 0
52 53 a 1
52 53 b 1
52 68 c 4
52 83 d 4
53 54 a 1
53 54 b 1
53 68 c 2
53 93 d 4
54 55 a 1
54 55 b 1
54 69 c 3
54 24 d 0
54 102 e 2
55 56 a 1
55 56 b 1
55 40 c 2
55 89 d 0
55 84 e 0
56 57 a 1
56 57 b 1
56 114 c 3
56 105 d 2
56 6 e 0
57 58 a 1
57 58 b 1
57 41 c 2
57 23 d 1
57 57 e 3
58 59 a 1
58 59 b 1
58 26 c 2
58 32 d 3
58 83 e 2
59 60 a 1
59 60 b 1
59 99 d 2
60 61 a 1
60 61 b 1
60 16 c 2
60 27 d 0
60 32 e 3
61 62 a 1
61 62 b 1
61 63 c 2
61 115 d 4
62 63 a 1
62 63 b 1
62 73 c 2
62 79 d 4
63 64 a 1
63 64 b 1
63 80 c 3
63 70 d 3
63 71 e 3
64 65 a 1
64 65 b 1
64 26 c 3
64 43 d 2
64 110 e 3
65 66 a 1
65 66 b 1
65 78 c 2
65 41 d 3
65 49 e 3
66 67 a 1
66 67 b 1
66 7 c 4
66 62 d 3
66 97 e 4
67 68 a 1
67 68 b 1
67 100 c 0
67 110 d 0
67 5 e 3
68 69 a 1
68 69 b 1
68 81 c 0
68 58 d 3
68 108 e 0
69 70 a 1
69 70 b 1
69 43 c 0
69 126 d 4
69 45 e 1
70 71 a 1
70 71 b 1
70 69 c 3
70 86 d 1
71 72 a 1
71 72 b 1
71 32 c 0
71 101 d 4
71 37 e 3
72 73 a 1
72 73 b 1
72 49 c 1
72 75 d 4
73 74 a 1
73 74 b 1
73 113 c 4
73 100 e 2
74 75 a 1
74 75 b 1
74 65 c 0
74 22 d 4
74 31 e 4
75 76 a 1
75 76 b 1
75 32 c 0
75 36 d 3
75 67 e 0
76 77 a 1
76 77 b 1
76 77 c 1
76 96 d 3
76 82 e 0
77 78 a 1
77 78 b 1
77 62 c 3
77 46 d 0
77 61 e 1
78 79 a 1
78 79 b 1
78 70 c 3
78 13 d 0
78 24 e 1
79 80 a 1
79 80 b 1
79 30 c 1
79 6 d 3
79 47 e 3
80 81 a 1
80 81 b 1
80 81 c 0
80 48 d 3
80 98 e 0
81 82 a 1
81 82 b 1
81 99 c 4
81 100 d 2
81 96 e 1
82 83 a 1
82 83 b 1
82 7 c 1
82 59 d 0
82 50 e 1
83 84 a 1
83 84 b 1
83 56 c 4
83 59 e 0
84 85 a 1
84 85 b 1
84 39 c 1
84 77 d 2
84 18 e 4
85 86 a 1
85 86 b 1
85 90 c 0
85 43 d 2
85 20 e 4
86 87 a 1
86 87 b 1
86 7 c 0
86 48 d 0
86 103 e 2
87 88 a 1
87 88 b 1
87 90 c 1
87 85 e 1
88 89 a 1
88 89 b 1
88 104 c 3
88 85 d 3
88 54 e 4
89 90 a 1
89 90 b 1
89 6 c 0
89 127 d 2
89 98 e 3
90 91 a 1
90 91 b 1
90 88 c 2
90 79 d 3
91 92 a 1
91 92 b 1
91 117 c 1
91 32 d 2
91 99 e 3
92 93 a 1
92 93 b 1
92 7 c 1
92 19 d 4
92 75 e 3
93 94 a 1
93 94 b 1
93 43 d 2
93 27 e 1
94 95 a 1
94 95 b 1
94 79 c 1
94 87 d 2
94 126 e 1
95 96 a 1
95 96 b 1
95 59 c 0
95 111 d 3
95 40 e 3
96 97 a 1
96 97 b 1
96 89 c 0
96 95 e 0
97 98 a 1
97 98 b 1
97 81 c 1
97 51 d 2
97 65 e 2
98 99 a 1
98 99 b 1
98 126 c 0
98 25 d 0
98 45 e 1
99 100 a 1
99 100 b 1
99 5 d 0
99 16 e 4
100 101 a 1
100 101 b 1
100 83 c 3
100 20 d 4
100 83 e 4
101 102 a 1
101 102 b 1
101 8 c 1
101 71 d 0
101 118 e 0
102 103 a 1
102 103 b 1
102 35 c 1
102 21 d 0
102 123 e 1
103 104 a 1
103 104 b 1
103 2 c 1
103 41 d 1
103 86 e 4
104 105 a 1
104 105 b 1
104 111 d 3
105 106 a 1
105 106 b 1
105 32 c 0
105 124 d 2
105 4 e 4
106 107 a 1
106 107 b 1
106 36 c 0
106 89 e 3
107 108 a 1
107 108 b 1
107 111 c 0
107 41 d 0
107 98 e 2
108 109 a 1
108 109 b 1
108 37 c 3
108 32 d 2
108 122 e 0
109 110 a 1
109 110 b 1
109 71 c 4
109 102 d 1
109 24 e 0
110 111 a 1
110 111 b 1
110 54 c 4
110 109 d 0
111 112 a 1
111 112 b 1
111 63 c 2
111 116 d 1
112 113 a 1
112 113 b 1
112 9 c 3
113 114 a 1
113 114 b 1
113 113 c 4
113 35 d 4
113 70 e 0
114 115 a 1
114 115 b 1
114 79 c 0
114 62 d 4
114 77 e 2
115 116 a 1
115 116 b 1
115 50 c 0
115 37 d 1
115 109 e 0
116 117 a 1
116 117 b 1
116 80 c 3
116 62 d 3
116 22 e 0
117 118 a 1
117 118 b 1
117 48 c 2
117 103 d 3
118 119 a 1
118 119 b 1
118 126 c 4
118 123 d 1
118 105 e 1
119 120 a 1
119 120 b 1
119 113 c 3
119 88 d 0
119 56 e 4
120 121 a 1
120 121 b 1
120 90 e 0
121 122 a 1
121 122 b 1
121 96 c 3
121 94 d 4
121 27 e 3
122 123 a 1
122 123 b 1
122 81 c 1
122 52 d 1
122 55 e 3
123 124 a 1
123 124 b 1
123 78 c 4
123 113 d 4
123 32 e 4
124 125 a 1
124 125 b 1
124 91 d 0
124 12 e 3
125 126 a 1
125 126 b 1
125 100 c 1
125 85 d 0
125 56 e 2
126 127 a 1
126 127 b 1
126 63 c 0
126 14 d 3
126 67 e 1
127 128 a 1
127 128 b 1
127 87 c 2
127 2 d 4
127 1 e 1
128 128 a 0
128 128 b 0
128 67 c 4
128 74 d 0
128 111 e 2

46 128 592 5 5 0
1 2 a 1
1 2 b 1
1 97 c 0
1 6 d 4
1 13 e 2
2 3 a 1
2 3 b 1
2 76 c 1
2 63 d 1
2 96 e 1
3 4 a 1
3 4 b 1
3 77 c 3
3 99 d 2
3 88 e 4
4 5 a 1
4 5 b 1
4 127 c 3
4 117 d 4
4 98 e 0
5 6 a 1
5 6 b 1
5 110 d 1
6 7 a 1
6 7 b 1
6 70 c 2
6 108 d 0
6 75 e 4
7 8 a 1
7 8 b 1
7 63 c 2
7 77 d 1
7 31 e 3
8 9 a 1
8 9 b 1
8 44 c 3
8 125 d 3
8 110 e 0
9 10 a 1
9 10 b 1
9 49 c 4
9 32 d 3
9 82 e 3
10 11 a 1
10 11 b 1
10 15 c 3
10 112 d 1
10 112 e 3
11 12 a 1
11 12 b 1
11 92 c 1
11 67 d 1
11 105 e 2
12 13 a 1
12 13 b 1
12 97 c 4
12 15 d 2
12 63 e 4
13 14 a 1
13 14 b 1
13 79 c 1
13 30 d 3
13 53 e 0
14 15 a 1
14 15 b 1
14 112 c 4
14 30 d 4
14 94 e 0
15 16 a 1
15 16 b 1
15 26 c 3
15 53 d 4
15 21 e 0
16 17 a 1
16 17 b 1
16 46 d 2
16 1 e 1
17 18 a 1
17 18 b 1
17 17 d 4
17 25 e 0
18 19 a 1
18 19 b 1
18 127 c 3
18 75 d 0
18 50 e 3
19 20 a 1
19 20 b 1
19 117 c 2
19 94 d 1
19 50 e 4
20 21 a 1
20 21 b 1
20 45 c 0
20 24 d 3
20 120 e 2
21 22 a 1
21 22 b 1
21 99 c 1
21 68 d 4
21 64 e 2
22 23 a 1
22 23 b 1
22 121 c 4
22 32 e 4
23 24 a 1
23 24 b 1
23 55 c 2
23 46 e 2
24 25 a 1
24 25 b 1
24 35 c 2
24 4 d 1
24 121 e 4
25 26 a 1
25 26 b 1
25 1 d 1
25 61 e 0
26 27 a 1
26 27 b 1
26 60 c 4
26 56 d 3
26 6 e 2
27 28 a 1
27 28 b 1
27 88 d 0
27 21 e 2
28 29 a 1
28 29 b 1
28 33 d 1
29 30 a 1
29 30 b 1
29 102 c 4
29 72 d 2
29 96 e 4
30 31 a 1
30 31 b 1
30 33 c 3
30 79 d 1
31 32 a 1
31 32 b 1
31 125 c 3
31 9 e 2
32 33 a 1
32 33 b 1
32 59 d 2
32 68 e 1
33 34 a 1
33 34 b 1
33 58 c 1
33 86 d 2
33 65 e 1
34 35 a 1
34 35 b 1
34 70 c 0
34 16 e 2
35 36 a 1
35 36 b 1
35 4 c 2
35 44 d 0
35 75 e 0
36 37 a 1
36 37 b 1
36 118 c 1
36 77 d 3
36 103 e 0
37 38 a 1
37 38 b 1
37 18 c 1
37 100 d 3
37 7 e 0
38 39 a 1
38 39 b 1
38 87 c 0
38 89 d 3
38 101 e 1
39 40 a 1
39 40 b 1
39 109 c 4
39 43 d 0
40 41 a 1
40 41 b 1
40 66 c 2
40 78 d 3
40 102 e 1
41 42 a 1
41 42 b 1
41 43 c 2
41 78 d 1
41 124 e 1
42 43 a 1
42 43 b 1
42 40 c 2
42 1 d 2
42 56 e 2
43 44 a 1
43 44 b 1
43 24 d 4
43 87 e 3
44 45 a 1
44 45 b 1
44 116 c 4
44 28 d 3
44 112 e 4
45 46 a 1
45 46 b 1
45 66 c 2
45 69 d 0
45 46 e 1
46 47 a 1
46 47 b 1
46 79 c 3
46 86 e 3
47 48 a 1
47 48 b 1
47 89 c 4
47 82 d 3
47 63 e 4
48 49 a 1
48 49 b 1
48 114 c 0
48 44 d 1
48 27 e 3
49 50 a 1
49 50 b 1
49 12 c 3
49 70 d 3
49 24 e 1
50 51 a 1
50 51 b 1
50 67 c 0
50 4 d 4
50 7 e 0
51 52 a 1
51 52 b 1
51 102 c 3
51 17 d 0
51 82 e 4
52 53 a 1
52 53 b 1
52 111 c 1
52 32 d 1
52 93 e 0
53 54 a 1
53 54 b 1
53 126 c 3
53 96 e 0
54 55 a 1
54 55 b 1
54 35 c 3
54 118 d 0
54 9 e 1
55 56 a 1
55 56 b 1
55 55 c 4
55 113 d 2
55 95 e 4
56 57 a 1
56 57 b 1
56 48 c 2
56 93 d 3
56 33 e 4
57 58 a 1
57 58 b 1
57 14 d 1
57 122 e 4
58 59 a 1
58 59 b 1
58 53 c 3
58 122 d 0
58 25 e 2
59 60 a 1
59 60 b 1
59 33 c 2
59 79 d 4
59 20 e 1
60 61 a 1
60 61 b 1
60 120 c 1
60 82 e 0
61 62 a 1
61 62 b 1
61 59 c 1
61 119 d 1
61 67 e 3
62 63 a 1
62 63 b 1
62 93 e 2
63 64 a 1
63 64 b 1
63 88 c 1
63 47 d 2
63 42 e 1
64 65 a 1
64 65 b 1
64 102 d 3
64 35 e 3
65 66 a 1
65 66 b 1
65 44 d 0
65 4 e 0
66 67 a 1
66 67 b 1
66 13 c 3
66 67 d 1
66 91 e 4
67 68 a 1
67 68 b 1
67 65 c 1
67 26 d 1
67 29 e 0
68 69 a 1
68 69 b 1
68 113 c 4
68 65 d 1
69 70 a 1
69 70 b 1
69 103 c 1
69 82 d 2
69 73 e 4
70 71 a 1
70 71 b 1
70 29 c 4
70 114 d 0
70 38 e 4
71 72 a 1
71 72 b 1
71 45 c 4
71 116 e 3
72 73 a 1
72 73 b 1
72 117 c 4
72 35 d 0
72 43 e 0
73 74 a 1
73 74 b 1
73 89 c 3
73 85 d 1
73 126 e 1
74 75 a 1
74 75 b 1
74 3 c 0
74 94 d 4
74 55 e 3
75 76 a 1
75 76 b 1
75 20 c 0
75 30 d 0
75 119 e 0
76 77 a 1
76 77 b 1
76 67 c 0
76 79 d 1
77 78 a 1
77 78 b 1
77 19 c 2
77 1 e 2
78 79 a 1
78 79 b 1
78 24 c 0
78 107 d 3
78 26 e 3
79 80 a 1
79 80 b 1
79 29 d 4
79 19 e 4
80 81 a 1
80 81 b 1
80 78 c 2
80 86 d 3
80 119 e 2
81 82 a 1
81 82 b 1
81 73 c 4
81 103 d 2
81 44 e 4
82 83 a 1
82 83 b 1
82 65 c 3
82 87 d 1
83 84 a 1
83 84 b 1
83 73 c 0
83 104 d 0
83 68 e 1
84 85 a 1
84 85 b 1
84 65 c 0
84 23 d 0
85 86 a 1
85 86 b 1
85 26 d 2
85 13 e 1
86 87 a 1
86 87 b 1
86 32 c 2
86 23 d 0
86 26 e 0
87 88 a 1
87 88 b 1
87 85 c 3
87 117 d 0
87 65 e 2
88 89 a 1
88 89 b 1
88 22 c 0
88 77 e 0
89 90 a 1
89 90 b 1
89 62 c 3
89 76 d 3
89 79 e 4
90 91 a 1
90 91 b 1
90 25 c 1
90 50 e 4
91 92 a 1
91 92 b 1
91 106 c 3
91 101 d 4
91 99 e 2
92 93 a 1
92 93 b 1
92 102 d 0
92 13 e 0
93 94 a 1
93 94 b 1
93 90 c 4
93 41 d 4
93 85 e 3
94 95 a 1
94 95 b 1
94 79 c 3
94 108 d 2
94 115 e 4
95 96 a 1
95 96 b 1
95 56 d 4
95 82 e 2
96 97 a 1
96 97 b 1
96 25 c 0
97 98 a 1
97 98 b 1
97 83 c 1
97 104 d 2
97 79 e 4
98 99 a 1
98 99 b 1
98 56 c 1
98 86 d 0
98 5 e 1
99 100 a 1
99 100 b 1
99 11 c 2
99 33 d 1
99 1 e 2
100 101 a 1
100 101 b 1
100 90 c 3
100 100 d 0
100 74 e 4
101 102 a 1
101 102 b 1
101 26 c 0
101 60 d 3
102 103 a 1
102 103 b 1
102 14 c 2
102 10 d 1
102 79 e 3
103 104 a 1
103 104 b 1
103 34 c 0
103 68 d 4
104 105 a 1
104 105 b 1
104 5 c 3
104 13 d 0
104 54 e 0
105 106 a 1
105 106 b 1
105 2 c 3
105 40 d 4
105 66 e 4
106 107 a 1
106 107 b 1
106 60 c 2
106 47 e 4
107 108 a 1
107 108 b 1
107 123 c 3
107 85 d 2
107 70 e 3
108 109 a 1
108 109 b 1
108 13 c 3
108 67 d 0
108 81 e 2
109 110 a 1
109 110 b 1
109 49 c 0
109 110 d 4
110 111 a 1
110 111 b 1
110 115 c 2
110 41 d 1
110 69 e 3
111 112 a 1
111 112 b 1
111 112 c 4
111 114 d 0
111 114 e 3
112 113 a 1
112 113 b 1
112 24 c 4
112 71 d 1
112 103 e 0
113 114 a 1
113 114 b 1
113 30 c 0
113 84 e 4
114 115 a 1
114 115 b 1
114 97 d 3
114 40 e 4
115 116 a 1
115 116 b 1
115 111 d 2
115 67 e 2
116 117 a 1
116 117 b 1
116 2 c 2
116 16 d 0
116 8 e 0
117 118 a 1
117 118 b 1
117 85 c 2
117 55 d 1
117 43 e 1
118 119 a 1
118 119 b 1
118 125 c 4
118 116 e 2
119 120 a 1
119 120 b 1
119 45 c 1
119 3 d 0
119 37 e 4
120 121 a 1
120 121 b 1
120 33 c 2
120 42 d 4
121 122 a 1
121 122 b 1
121 36 c 4
121 14 d 0
121 48 e 1
122 123 a 1
122 123 b 1
122 101 c 2
122 45 d 2
122 72 e 0
123 124 a 1
123 124 b 1
123 35 c 4
123 56 d 3
123 123 e 0
124 125 a 1
124 125 b 1
124 87 c 4
124 22 d 2
124 46 e 1
125 126 a 1
125 126 b 1
125 4 c 0
125 104 d 1
125 41 e 0
126 127 a 1
126 127 b 1
126 127 c 3
126 22 d 2
126 66 e 4
127 128 a 1
127 128 b 1
127 34 c 3
127 120 d 4
127 39 e 1
128 128 a 0
128 128 b 0
128 79 d 4
128 75 e 1

47 128 591 5 5 0
1 2 a 1
1 2 b 1
1 106 c 1
1 61 d 1
1 8 e 3
2 3 a 1
2 3 b 1
2 125 c 0
2 15 d 1
2 45 e 0
3 4 a 1
3 4 b 1
3 44 c 2
3 15 d 2
3 20 e 0
4 5 a 1
4 5 b 1
4 116 c 4
4 23 d 0
4 29 e 0
5 6 a 1
5 6 b 1
5 40 c 3
5 115 d 2
5 64 e 4
6 7 a 1
6 7 b 1
6 97 c 4
6 96 d 4
7 8 a 1
7 8 b 1
7 70 c 2
7 99 d 3
7 60 e 1
8 9 a 1
8 9 b 1
8 123 c 0
8 23 d 4
8 40 e 2
9 10 a 1
9 10 b 1
9 64 c 1
9 45 d 0
9 96 e 1
10 11 a 1
10 11 b 1
10 14 c 0
10 36 d 4
10 62 e 0
11 12 a 1
11 12 b 1
11 70 c 2
11 38 d 1
11 95 e 2
12 13 a 1
12 13 b 1
12 50 d 0
12 120 e 4
13 14 a 1
13 14 b 1
13 88 d 3
13 20 e 1
14 15 a 1
14 15 b 1
14 11 c 2
14 70 d 3
14 103 e 0
15 16 a 1
15 16 b 1
15 74 c 2
15 52 d 2
15 77 e 1
16 17 a 1
16 17 b 1
16 39 c 0
16 71 d 2
16 12 e 1
17 18 a 1
17 18 b 1
17 99 d 3
17 77 e 2
18 19 a 1
18 19 b 1
18 13 c 4
18 41 e 2
19 20 a 1
19 20 b 1
19 113 c 4
19 86 d 0
20 21 a 1
20 21 b 1
20 24 c 3
20 109 d 1
20 85 e 0
21 22 a 1
21 22 b 1
21 105 c 3
21 32 e 3
22 23 a 1
22 23 b 1
22 125 d 1
22 81 e 1
23 24 a 1
23 24 b 1
23 48 c 3
23 121 d 3
24 25 a 1
24 25 b 1
24 1 c 0
24 34 d 4
24 57 e 1
25 26 a 1
25 26 b 1
25 18 c 2
25 57 d 3
26 27 a 1
26 27 b 1
26 25 c 0
26 9 d 4
26 72 e 2
27 28 a 1
27 28 b 1
27 36 c 0
27 12 d 0
27 79 e 0
28 29 a 1
28 29 b 1
29 30 a 1
29 30 b 1
29 85 c 3
29 37 d 4
29 31 e 2
30 31 a 1
30 31 b 1
30 50 c 4
30 99 d 4
30 5 e 4
31 32 a 1
31 32 b 1
31 96 c 4
31 11 d 3
31 74 e 0
32 33 a 1
32 33 b 1
32 48 d 1
32 99 e 4
33 34 a 1
33 34 b 1
33 30 c 1
33 104 d 0
33 77 e 1
34 35 a 1
34 35 b 1
34 113 c 0
34 58 d 4
34 26 e 2
35 36 a 1
35 36 b 1
35 100 c 4
35 80 d 4
35 73 e 0
36 37 a 1
36 37 b 1
36 19 c 4
36 111 d 1
36 78 e 4
37 38 a 1
37 38 b 1
37 127 d 2
37 12 e 2
38 39 a 1
38 39 b 1
38 7 c 2
38 7 d 1
38 80 e 3
39 40 a 1
39 40 b 1
39 84 c 1
39 29 e 1
40 41 a 1
40 41 b 1
40 111 c 2
40 31 d 0
40 68 e 0
41 42 a 1
41 42 b 1
41 73 c 3
41 98 d 2
42 43 a 1
42 43 b 1
42 61 e 4
43 44 a 1
43 44 b 1
43 54 c 0
43 1 d 4
43 52 e 2
44 45 a 1
44 45 b 1
44 11 c 2
44 100 d 2
44 21 e 0
45 46 a 1
45 46 b 1
45 15 c 3
45 70 d 2
45 70 e 4
46 47 a 1
46 47 b 1
46 119 e 4
47 48 a 1
47 48 b 1
47 77 d 4
47 21 e 1
48 49 a 1
48 49 b 1
48 48 d 4
49 50 a 1
49 50 b 1
49 71 c 0
49 69 d 1
49 82 e 4
50 51 a 1
50 51 b 1
50 48 c 4
50 104 d 1
50 120 e 1
51 52 a 1
51 52 b 1
51 44 c 0
51 126 d 0
51 116 e 1
52 53 a 1
52 53 b 1
52 17 d 3
52 100 e 1
53 54 a 1
53 54 b 1
53 110 c 3
53 103 e 2
54 55 a 1
54 55 b 1
54 127 c 1
54 26 d 1
54 108 e 0
55 56 a 1
55 56 b 1
55 46 c 1
55 107 d 2
55 59 e 1
56 57 a 1
56 57 b 1
56 94 c 0
56 44 d 1
56 91 e 0
57 58 a 1
57 58 b 1
58 59 a 1
58 59 b 1
58 53 c 2
58 35 d 3
58 61 e 4
59 60 a 1
59 60 b 1
59 79 c 3
59 22 d 3
59 111 e 3
60 61 a 1
60 61 b 1
60 89 c 2
60 122 d 0
60 43 e 0
61 62 a 1
61 62 b 1
61 101 c 2
61 81 d 3
61 122 e 0
62 63 a 1
62 63 b 1
62 56 c 1
62 38 d 0
62 17 e 1
63 64 a 1
63 64 b 1
63 49 c 3
63 66 d 0
63 91 e 1
64 65 a 1
64 65 b 1
64 123 c 4
64 70 d 0
64 67 e 0
65 66 a 1
65 66 b 1
65 5 c 3
65 82 d 1
65 55 e 4
66 67 a 1
66 67 b 1
66 73 c 4
66 19 d 3
66 3 e 0
67 68 a 1
67 68 b 1
67 1 c 2
67 52 d 4
67 104 e 1
68 69 a 1
68 69 b 1
68 81 c 2
68 37 d 0
68 24 e 4
69 70 a 1
69 70 b 1
69 65 c 2
69 31 d 1
69 23 e 4
70 71 a 1
70 71 b 1
70 125 c 1
70 87 d 3
70 87 e 2
71 72 a 1
71 72 b 1
71 9 c 4
71 88 d 0
71 90 e 4
72 73 a 1
72 73 b 1
72 58 e 3
73 74 a 1
73 74 b 1
73 67 c 3
73 30 d 2
73 21 e 3
74 75 a 1
74 75 b 1
74 9 c 4
74 20 d 4
74 53 e 0
75 76 a 1
75 76 b 1
75 100 c 1
75 15 d 2
75 125 e 4
76 77 a 1
76 77 b 1
76 27 c 1
76 59 d 3
76 38 e 0
77 78 a 1
77 78 b 1
77 62 c 3
77 45 d 3
77 81 e 4
78 79 a 1
78 79 b 1
78 35 c 3
78 110 d 3
78 42 e 0
79 80 a 1
79 80 b 1
79 26 e 4
80 81 a 1
80 81 b 1
80 117 c 4
80 63 d 4
80 67 e 4
81 82 a 1
81 82 b 1
81 112 c 3
81 43 d 3
81 64 e 0
82 83 a 1
82 83 b 1
82 47 d 4
82 117 e 3
83 84 a 1
83 84 b 1
83 1 c 4
83 111 d 1
83 29 e 0
84 85 a 1
84 85 b 1
84 125 c 3
84 95 e 0
85 86 a 1
85 86 b 1
85 48 c 1
85 78 e 1
86 87 a 1
86 87 b 1
86 119 c 0
86 107 d 2
86 75 e 4
87 88 a 1
87 88 b 1
87 47 c 4
87 36 d 2
87 98 e 3
88 89 a 1
88 89 b 1
88 65 e 1
89 90 a 1
89 90 b 1
89 78 c 3
89 21 d 4
89 125 e 2
90 91 a 1
90 91 b 1
90 40 d 4
90 100 e 2
91 92 a 1
91 92 b 1
91 116 c 4
91 54 d 3
91 97 e 1
92 93 a 1
92 93 b 1
92 54 c 3
92 79 d 1
92 52 e 1
93 94 a 1
93 94 b 1
93 20 c 1
93 53 d 2
93 52 e 4
94 95 a 1
94 95 b 1
94 17 c 0
94 38 d 1
94 86 e 3
95 96 a 1
95 96 b 1
95 78 c 0
95 81 d 2
95 70 e 0
96 97 a 1
96 97 b 1
96 13 c 4
96 17 d 0
96 80 e 1
97 98 a 1
97 98 b 1
97 112 c 2
97 114 d 0
97 52 e 3
98 99 a 1
98 99 b 1
98 121 c 1
98 81 d 0
98 97 e 3
99 100 a 1
99 100 b 1
99 33 c 2
99 120 d 2
99 3 e 0
100 101 a 1
100 101 b 1
100 20 c 2
100 65 d 4
100 96 e 2
101 102 a 1
101 102 b 1
101 29 e 2
102 103 a 1
102 103 b 1
102 115 c 4
102 32 d 4
102 38 e 3
103 104 a 1
103 104 b 1
103 33 c 0
103 113 e 4
104 105 a 1
104 105 b 1
104 112 c 1
104 116 d 4
104 127 e 2
105 106 a 1
105 106 b 1
105 100 c 0
105 70 d 2
105 10 e 4
106 107 a 1
106 107 b 1
106 99 c 3
106 37 d 4
106 122 e 4
107 108 a 1
107 108 b 1
107 116 c 2
107 36 d 1
107 47 e 1
108 109 a 1
108 109 b 1
108 126 c 3
108 74 d 3
108 42 e 1
109 110 a 1
109 110 b 1
109 82 c 1
109 31 d 2
109 76 e 0
110 111 a 1
110 111 b 1
110 31 c 2
110 94 d 1
110 122 e 1
111 112 a 1
111 112 b 1
111 61 c 1
111 107 d 1
111 116 e 2
112 113 a 1
112 113 b 1
112 65 c 3
112 90 d 4
112 68 e 3
113 114 a 1
113 114 b 1
113 112 c 4
113 102 d 2
113 84 e 3
114 115 a 1
114 115 b 1
114 9 c 4
114 123 d 2
114 39 e 2
115 116 a 1
115 116 b 1
115 25 d 0
116 117 a 1
116 117 b 1
116 6 d 0
117 118 a 1
117 118 b 1
117 38 c 2
117 69 d 2
117 33 e 3
118 119 a 1
118 119 b 1
118 18 c 3
118 91 d 3
118 29 e 0
119 120 a 1
119 120 b 1
119 30 d 2
119 99 e 0
120 121 a 1
120 121 b 1
120 72 c 1
120 56 d 0
120 17 e 3
121 122 a 1
121 122 b 1
121 33 c 3
121 93 e 1
122 123 a 1
122 123 b 1
122 65 c 3
122 54 d 2
122 73 e 2
123 124 a 1
123 124 b 1
123 14 c 4
123 46 d 2
123 127 e 0
124 125 a 1
124 125 b 1
124 70 c 4
124 8 d 1
124 4 e 4
125 126 a 1
125 126 b 1
125 27 c 0
125 95 d 4
125 103 e 4
126 127 a 1
126 127 b 1
126 63 c 0
126 10 d 4
126 112 e 1
127 128 a 1
127 128 b 1
127 85 c 0
127 55 d 3
127 26 e 4
128 128 a 0
128 128 b 0
128 18 d 0
128 88 e 1

48 128 593 5 5 0
1 2 a 1
1 2 b 1
1 102 c 2
1 64 d 0
1 32 e 1
2 3 a 1
2 3 b 1
2 57 c 4
2 29 d 4
2 66 e 2
3 4 a 1
3 4 b 1
3 74 c 3
3 19 d 0
3 39 e 1
4 5 a 1
4 5 b 1
4 8 c 2
4 118 d 4
4 19 e 1
5 6 a 1
5 6 b 1
5 58 d 1
5 13 e 2
6 7 a 1
6 7 b 1
6 36 c 2
6 66 d 2
7 8 a 1
7 8 b 1
7 43 d 2
8 9 a 1
8 9 b 1
8 49 c 2
8 127 d 4
8 10 e 3
9 10 a 1
9 10 b 1
9 76 c 2
9 126 d 3
9 68 e 4
10 11 a 1
10 11 b 1
10 32 c 1
10 49 d 1
10 53 e 3
11 12 a 1
11 12 b 1
11 52 c 1
11 55 d 2
12 13 a 1
12 13 b 1
12 61 c 4
12 93 d 2
12 48 e 3
13 14 a 1
13 14 b 1
13 126 c 0
13 74 d 4
14 15 a 1
14 15 b 1
14 74 c 0
14 63 e 0
15 16 a 1
15 16 b 1
15 91 c 4
15 126 d 2
15 121 e 1
16 17 a 1
16 17 b 1
16 79 d 1
16 60 e 0
17 18 a 1
17 18 b 1
17 83 c 0
18 19 a 1
18 19 b 1
18 127 d 1
18 7 e 2
19 20 a 1
19 20 b 1
19 106 c 3
19 57 d 1
19 54 e 3
20 21 a 1
20 21 b 1
20 50 c 2
21 22 a 1
21 22 b 1
21 15 c 0
21 18 e 2
22 23 a 1
22 23 b 1
22 40 c 0
22 57 d 4
23 24 a 1
23 24 b 1
23 22 c 0
23 102 e 3
24 25 a 1
24 25 b 1
24 53 d 3
24 17 e 4
25 26 a 1
25 26 b 1
25 120 c 2
25 59 d 3
25 97 e 2
26 27 a 1
26 27 b 1
26 43 c 4
26 54 d 4
26 24 e 2
27 28 a 1
27 28 b 1
27 13 c 3
27 107 d 4
27 127 e 2
28 29 a 1
28 29 b 1
28 84 c 4
28 99 d 2
28 40 e 0
29 30 a 1
29 30 b 1
29 80 c 1
29 45 d 1
29 90 e 4
30 31 a 1
30 31 b 1
30 42 d 1
30 23 e 3
31 32 a 1
31 32 b 1
31 59 d 0
31 109 e 1
32 33 a 1
32 33 b 1
32 115 c 4
32 37 d 1
32 91 e 4
33 34 a 1
33 34 b 1
33 52 c 4
33 114 d 2
33 69 e 3
34 35 a 1
34 35 b 1
34 16 c 0
34 61 d 3
34 120 e 0
35 36 a 1
35 36 b 1
35 44 c 4
35 72 d 2
35 83 e 2
36 37 a 1
36 37 b 1
36 42 d 4
36 89 e 1
37 38 a 1
37 38 b 1
37 70 c 1
37 37 d 2
37 83 e 0
38 39 a 1
38 39 b 1
38 35 c 3
38 19 d 2
38 119 e 1
39 40 a 1
39 40 b 1
39 124 c 1
39 48 d 1
39 123 e 4
40 41 a 1
40 41 b 1
40 5 c 4
40 86 d 3
40 22 e 2
41 42 a 1
41 42 b 1
41 56 c 3
41 41 d 4
41 122 e 2
42 43 a 1
42 43 b 1
42 19 c 2
42 104 d 0
42 63 e 4
43 44 a 1
43 44 b 1
43 95 c 0
43 52 d 1
44 45 a 1
44 45 b 1
44 24 c 4
44 52 d 1
44 112 e 1
45 46 a 1
45 46 b 1
45 62 c 3
45 100 d 3
45 24 e 2
46 47 a 1
46 47 b 1
46 55 c 1
46 67 d 0
46 86 e 1
47 48 a 1
47 48 b 1
47 83 c 3
47 67 d 3
47 117 e 3
48 49 a 1
48 49 b 1
48 92 d 0
48 33 e 2
49 50 a 1
49 50 b 1
49 67 c 1
49 15 d 1
49 26 e 0
50 51 a 1
50 51 b 1
50 86 c 4
50 109 d 3
50 120 e 4
51 52 a 1
51 52 b 1
51 23 c 1
51 95 d 1
51 101 e 4
52 53 a 1
52 53 b 1
52 114 c 4
52 12 d 1
52 3 e 3
53 54 a 1
53 54 b 1
53 19 c 0
53 7 d 3
53 113 e 2
54 55 a 1
54 55 b 1
54 5 c 2
54 29 d 2
54 93 e 2
55 56 a 1
55 56 b 1
55 87 c 2
55 63 d 1
55 91 e 0
56 57 a 1
56 57 b 1
56 91 c 0
56 12 d 2
56 59 e 3
57 58 a 1
57 58 b 1
57 34 c 1
57 10 d 4
57 60 e 3
58 59 a 1
58 59 b 1
58 71 c 1
58 71 d 3
58 103 e 1
59 60 a 1
59 60 b 1
59 92 c 2
59 50 d 1
59 12 e 4
60 61 a 1
60 61 b 1
60 42 c 0
60 120 d 0
60 44 e 3
61 62 a 1
61 62 b 1
61 59 c 3
62 63 a 1
62 63 b 1
62 21 c 4
62 17 e 1
63 64 a 1
63 64 b 1
63 122 c 0
63 24 d 3
63 91 e 4
64 65 a 1
64 65 b 1
64 126 c 0
64 87 e 1
65 66 a 1
65 66 b 1
65 82 c 2
65 103 e 0
66 67 a 1
66 67 b 1
66 105 c 1
66 120 d 1
66 41 e 0
67 68 a 1
67 68 b 1
67 11 c 4
67 103 d 0
67 39 e 1
68 69 a 1
68 69 b 1
68 91 c 1
68 45 d 1
68 8 e 2
69 70 a 1
69 70 b 1
69 56 c 0
69 79 d 3
69 29 e 0
70 71 a 1
70 71 b 1
70 47 c 0
70 125 d 2
70 4 e 4
71 72 a 1
71 72 b 1
71 55 c 3
71 41 d 3
71 88 e 2
72 73 a 1
72 73 b 1
72 46 c 3
72 94 d 3
72 10 e 3
73 74 a 1
73 74 b 1
73 16 c 3
73 69 d 4
73 54 e 0
74 75 a 1
74 75 b 1
74 110 c 1
74 98 d 4
75 76 a 1
75 76 b 1
75 34 c 0
75 84 d 0
75 113 e 1
76 77 a 1
76 77 b 1
76 83 c 0
76 47 d 3
76 29 e 3
77 78 a 1
77 78 b 1
77 42 c 1
77 112 d 0
77 82 e 0
78 79 a 1
78 79 b 1
78 42 c 4
78 17 d 3
78 127 e 1
79 80 a 1
79 80 b 1
79 106 d 3
80 81 a 1
80 81 b 1
80 57 c 0
80 111 d 0
80 64 e 1
81 82 a 1
81 82 b 1
81 8 c 1
81 60 d 2
81 101 e 2
82 83 a 1
82 83 b 1
82 11 d 0
82 20 e 2
83 84 a 1
83 84 b 1
83 6 c 3
83 114 e 3
84 85 a 1
84 85 b 1
84 97 c 3
84 22 e 2
85 86 a 1
85 86 b 1
85 65 c 4
85 11 d 3
85 87 e 4
86 87 a 1
86 87 b 1
86 9 c 4
86 66 d 2
86 126 e 3
87 88 a 1
87 88 b 1
87 115 c 1
87 119 d 0
87 112 e 1
88 89 a 1
88 89 b 1
88 34 c 4
88 22 d 0
88 72 e 0
89 90 a 1
89 90 b 1
89 52 c 3
89 74 d 2
89 8 e 4
90 91 a 1
90 91 b 1
90 36 c 4
90 96 d 0
91 92 a 1
91 92 b 1
91 85 c 4
91 96 d 3
91 60 e 2
92 93 a 1
92 93 b 1
92 73 c 2
92 84 d 3
92 114 e 1
93 94 a 1
93 94 b 1
93 47 d 1
93 102 e 1
94 95 a 1
94 95 b 1
94 56 c 0
94 45 d 0
95 96 a 1
95 96 b 1
95 90 c 2
95 116 d 3
95 47 e 3
96 97 a 1
96 97 b 1
96 96 c 3
96 99 d 0
96 47 e 1
97 98 a 1
97 98 b 1
97 77 c 0
97 92 d 3
97 113 e 1
98 99 a 1
98 99 b 1
98 82 d 2
98 2 e 1
99 100 a 1
99 100 b 1
99 122 c 2
99 116 d 3
99 20 e 1
100 101 a 1
100 101 b 1
100 83 c 1
100 13 d 2
100 78 e 3
101 102 a 1
101 102 b 1
101 23 c 1
101 18 e 0
102 103 a 1
102 103 b 1
102 103 c 1
102 95 d 3
102 73 e 3
103 104 a 1
103 104 b 1
103 49 e 1
104 105 a 1
104 105 b 1
104 53 c 4
104 105 d 0
104 13 e 4
105 106 a 1
105 106 b 1
105 69 c 0
105 127 d 1
105 76 e 4
106 107 a 1
106 107 b 1
106 122 c 1
106 51 d 3
106 46 e 4
107 108 a 1
107 108 b 1
107 110 c 4
107 101 d 4
107 110 e 0
108 109 a 1
108 109 b 1
108 81 c 4
108 117 d 3
109 110 a 1
109 110 b 1
109 9 c 4
109 96 d 0
109 41 e 2
110 111 a 1
110 111 b 1
110 81 c 4
110 47 d 1
110 22 e 0
111 112 a 1
111 112 b 1
111 21 c 4
111 16 d 0
111 19 e 4
112 113 a 1
112 113 b 1
112 69 c 0
112 53 d 0
113 114 a 1
113 114 b 1
113 88 c 3
113 21 d 1
113 77 e 3
114 115 a 1
114 115 b 1
114 40 d 4
114 78 e 4
115 116 a 1
115 116 b 1
115 30 c 2
115 40 d 1
115 61 e 3
116 117 a 1
116 117 b 1
116 125 c 4
116 25 d 3
116 45 e 4
117 118 a 1
117 118 b 1
117 17 c 2
117 55 d 2
117 95 e 4
118 119 a 1
118 119 b 1
118 84 c 1
118 14 d 2
118 63 e 4
119 120 a 1
119 120 b 1
119 71 c 0
119 75 d 0
119 18 e 0
120 121 a 1
120 121 b 1
120 120 c 4
120 79 d 4
121 122 a 1
121 122 b 1
121 31 c 4
121 53 d 2
121 121 e 2
122 123 a 1
122 123 b 1
122 4 c 0
122 10 d 2
122 59 e 4
123 124 a 1
123 124 b 1
123 34 c 0
123 27 d 4
123 89 e 4
124 125 a 1
124 125 b 1
124 126 d 2
124 126 e 1
125 126 a 1
125 126 b 1
125 92 d 1
125 23 e 0
126 127 a 1
126 127 b 1
126 112 c 1
126 98 d 1
126 51 e 3
127 128 a 1
127 128 b 1
127 7 d 3
127 4 e 2
128 128 a 0
128 128 b 0
128 72 c 4
128 84 d 2
128 12 e 1

49 128 591 5 5 0
1 2 a 1
1 2 b 1
1 118 c 2
1 54 d 1
1 28 e 3
2 3 a 1
2 3 b 1
2 94 c 4
2 52 d 1
2 90 e 1
3 4 a 1
3 4 b 1
3 108 c 4
3 3 d 2
3 64 e 1
4 5 a 1
4 5 b 1
4 5 c 0
4 112 d 4
5 6 a 1
5 6 b 1
5 76 c 0
5 3 e 1
6 7 a 1
6 7 b 1
6 88 c 0
6 127 d 0
6 96 e 1
7 8 a 1
7 8 b 1
7 40 d 3
7 72 e 1
8 9 a 1
8 9 b 1
8 102 c 2
8 100 d 3
8 61 e 4
9 10 a 1
9 10 b 1
9 92 c 0
9 67 d 1
9 108 e 3
10 11 a 1
10 11 b 1
10 24 c 3
10 127 d 4
10 72 e 3
11 12 a 1
11 12 b 1
11 116 c 0
11 63 d 1
11 78 e 2
12 13 a 1
12 13 b 1
12 59 c 1
12 44 d 2
12 38 e 1
13 14 a 1
13 14 b 1
13 59 c 3
13 94 d 0
13 31 e 1
14 15 a 1
14 15 b 1
14 108 c 3
14 43 d 4
14 40 e 4
15 16 a 1
15 16 b 1
15 110 c 0
15 84 d 1
15 62 e 0
16 17 a 1
16 17 b 1
16 37 c 2
16 53 d 2
16 75 e 1
17 18 a 1
17 18 b 1
17 38 c 4
17 40 d 4
17 27 e 3
18 19 a 1
18 19 b 1
18 92 d 2
18 51 e 2
19 20 a 1
19 20 b 1
19 84 c 4
19 56 d 0
20 21 a 1
20 21 b 1
20 118 d 2
21 22 a 1
21 22 b 1
21 81 d 3
21 63 e 1
22 23 a 1
22 23 b 1
22 2 c 0
22 55 d 4
22 110 e 2
23 24 a 1
23 24 b 1
23 6 c 0
23 20 d 2
24 25 a 1
24 25 b 1
24 30 c 0
24 82 d 3
24 11 e 2
25 26 a 1
25 26 b 1
25 77 c 3
25 18 d 0
25 86 e 3
26 27 a 1
26 27 b 1
26 12 c 3
26 106 d 3
26 82 e 2
27 28 a 1
27 28 b 1
27 28 c 1
27 25 d 4
27 54 e 0
28 29 a 1
28 29 b 1
28 42 c 0
28 118 d 2
29 30 a 1
29 30 b 1
29 1 c 0
29 96 d 1
29 2 e 1
30 31 a 1
30 31 b 1
30 72 d 3
30 126 e 4
31 32 a 1
31 32 b 1
31 30 c 3
31 70 e 3
32 33 a 1
32 33 b 1
32 117 c 4
32 24 d 1
32 48 e 4
33 34 a 1
33 34 b 1
33 8 c 2
33 14 d 0
33 79 e 0
34 35 a 1
34 35 b 1
34 79 c 4
34 57 d 3
34 20 e 1
35 36 a 1
35 36 b 1
35 124 c 3
35 81 d 0
35 39 e 4
36 37 a 1
36 37 b 1
36 105 c 2
36 107 d 0
36 74 e 3
37 38 a 1
37 38 b 1
37 91 c 3
37 96 d 0
37 91 e 2
38 39 a 1
38 39 b 1
38 41 c 0
38 126 d 1
38 76 e 2
39 40 a 1
39 40 b 1
39 15 c 4
39 82 e 1
40 41 a 1
40 41 b 1
40 5 c 3
40 42 d 4
40 17 e 4
41 42 a 1
41 42 b 1
41 99 c 0
41 11 d 2
42 43 a 1
42 43 b 1
42 102 c 3
43 44 a 1
43 44 b 1
43 23 c 1
43 25 d 2
43 56 e 2
44 45 a 1
44 45 b 1
44 90 e 0
45 46 a 1
45 46 b 1
45 50 c 0
45 65 d 4
45 116 e 3
46 47 a 1
46 47 b 1
46 8 c 2
46 49 d 0
46 113 e 1
47 48 a 1
47 48 b 1
47 14 c 0
47 35 d 3
47 50 e 2
48 49 a 1
48 49 b 1
48 39 c 1
48 44 d 4
48 125 e 0
49 50 a 1
49 50 b 1
49 52 d 1
50 51 a 1
50 51 b 1
50 62 c 0
50 113 d 1
50 38 e 2
51 52 a 1
51 52 b 1
51 44 c 2
51 119 d 1
52 53 a 1
52 53 b 1
52 103 c 2
52 86 d 1
52 49 e 4
53 54 a 1
53 54 b 1
53 125 c 1
53 11 d 1
53 78 e 1
54 55 a 1
54 55 b 1
54 6 c 0
54 94 d 3
54 79 e 2
55 56 a 1
55 56 b 1
55 81 c 2
55 16 d 1
55 61 e 4
56 57 a 1
56 57 b 1
56 80 c 4
56 90 e 1
57 58 a 1
57 58 b 1
57 62 c 3
57 24 d 1
57 96 e 2
58 59 a 1
58 59 b 1
58 3 c 2
58 12 d 0
58 49 e 0
59 60 a 1
59 60 b 1
59 111 c 1
59 7 d 3
59 19 e 1
60 61 a 1
60 61 b 1
60 41 d 1
60 62 e 4
61 62 a 1
61 62 b 1
61 73 c 2
61 42 d 3
61 118 e 2
62 63 a 1
62 63 b 1
62 110 c 4
62 36 d 3
63 64 a 1
63 64 b 1
63 85 c 2
63 7 d 1
63 119 e 1
64 65 a 1
64 65 b 1
64 13 c 0
64 115 d 0
64 104 e 3
65 66 a 1
65 66 b 1
65 114 c 3
65 56 d 2
65 65 e 2
66 67 a 1
66 67 b 1
66 10 c 0
66 77 e 4
67 68 a 1
67 68 b 1
67 106 c 2
67 119 d 0
68 69 a 1
68 69 b 1
68 36 c 4
68 16 e 4
69 70 a 1
69 70 b 1
69 127 c 0
69 36 d 2
69 76 e 4
70 71 a 1
70 71 b 1
70 101 c 3
70 104 e 1
71 72 a 1
71 72 b 1
71 104 c 0
71 109 d 2
72 73 a 1
72 73 b 1
72 18 c 1
72 71 d 2
72 113 e 2
73 74 a 1
73 74 b 1
73 58 c 4
73 61 d 3
73 55 e 3
74 75 a 1
74 75 b 1
74 50 c 4
74 27 d 1
74 108 e 1
75 76 a 1
75 76 b 1
75 27 c 0
75 28 d 3
75 18 e 1
76 77 a 1
76 77 b 1
76 36 c 1
76 65 d 4
76 89 e 0
77 78 a 1
77 78 b 1
77 123 c 3
77 29 d 1
77 42 e 4
78 79 a 1
78 79 b 1
78 17 d 3
78 68 e 3
79 80 a 1
79 80 b 1
79 13 d 4
79 93 e 1
80 81 a 1
80 81 b 1
80 73 c 0
80 84 d 3
80 85 e 1
81 82 a 1
81 82 b 1
81 32 c 3
82 83 a 1
82 83 b 1
82 110 c 2
82 106 d 0
82 119 e 3
83 84 a 1
83 84 b 1
83 91 d 0
84 85 a 1
84 85 b 1
84 56 c 2
84 108 e 3
85 86 a 1
85 86 b 1
85 99 c 0
85 119 d 4
85 110 e 0
86 87 a 1
86 87 b 1
86 39 c 1
86 59 d 2
86 100 e 1
87 88 a 1
87 88 b 1
87 85 c 2
87 20 e 2
88 89 a 1
88 89 b 1
88 109 c 3
88 42 d 2
88 34 e 0
89 90 a 1
89 90 b 1
89 98 c 2
89 88 d 3
89 94 e 3
90 91 a 1
90 91 b 1
90 74 c 0
90 22 d 3
90 125 e 4
91 92 a 1
91 92 b 1
91 109 c 1
91 59 d 2
91 107 e 0
92 93 a 1
92 93 b 1
92 1 c 4
92 5 d 0
92 26 e 4
93 94 a 1
93 94 b 1
93 110 c 4
93 124 d 3
93 45 e 0
94 95 a 1
94 95 b 1
94 25 c 0
94 54 d 1
94 24 e 1
95 96 a 1
95 96 b 1
95 11 c 0
95 85 d 0
95 43 e 2
96 97 a 1
96 97 b 1
96 13 d 3
97 98 a 1
97 98 b 1
97 107 c 4
97 101 d 2
97 95 e 1
98 99 a 1
98 99 b 1
98 24 e 4
99 100 a 1
99 100 b 1
99 61 c 4
99 119 d 2
99 86 e 4
100 101 a 1
100 101 b 1
100 48 c 0
100 20 d 4
101 102 a 1
101 102 b 1
101 89 c 0
101 53 d 2
101 59 e 3
102 103 a 1
102 103 b 1
102 71 c 1
102 12 d 0
102 69 e 2
103 104 a 1
103 104 b 1
103 123 d 2
103 17 e 1
104 105 a 1
104 105 b 1
104 7 c 1
104 89 d 0
104 82 e 2
105 106 a 1
105 106 b 1
105 92 c 0
105 106 d 2
105 83 e 3
106 107 a 1
106 107 b 1
106 21 c 3
106 40 e 1
107 108 a 1
107 108 b 1
107 53 c 4
107 32 d 0
107 46 e 3
108 109 a 1
108 109 b 1
108 124 c 4
108 88 d 2
109 110 a 1
109 110 b 1
109 71 c 3
109 26 d 0
109 74 e 3
110 111 a 1
110 111 b 1
110 75 d 2
110 110 e 1
111 112 a 1
111 112 b 1
111 96 c 0
111 122 d 3
111 43 e 3
112 113 a 1
112 113 b 1
112 96 c 0
112 64 d 3
112 102 e 3
113 114 a 1
113 114 b 1
113 115 c 2
113 43 d 4
113 43 e 0
114 115 a 1
114 115 b 1
114 85 c 3
114 94 d 3
114 45 e 0
115 116 a 1
115 116 b 1
115 63 c 1
115 11 d 0
115 49 e 3
116 117 a 1
116 117 b 1
116 6 c 2
116 116 d 2
116 106 e 4
117 118 a 1
117 118 b 1
117 1 c 3
117 85 d 1
117 23 e 0
118 119 a 1
118 119 b 1
118 104 c 3
118 126 d 4
118 31 e 4
119 120 a 1
119 120 b 1
119 86 c 4
119 85 d 2
119 10 e 1
120 121 a 1
120 121 b 1
120 18 c 4
120 105 d 1
120 1 e 4
121 122 a 1
121 122 b 1
121 64 c 2
121 4 d 3
121 54 e 0
122 123 a 1
122 123 b 1
122 99 d 1
122 80 e 1
123 124 a 1
123 124 b 1
123 28 c 4
123 44 d 0
123 92 e 1
124 125 a 1
124 125 b 1
124 24 c 1
124 49 d 2
124 83 e 2
125 126 a 1
125 126 b 1
125 84 c 3
125 95 d 3
125 18 e 2
126 127 a 1
126 127 b 1
126 64 c 0
126 11 d 0
126 60 e 2
127 128 a 1
127 128 b 1
127 107 c 1
127 44 d 3
127 90 e 1
128 128 a 0
128 128 b 0
128 29 e 3

50 128 606 5 5 0
1 2 a 1
1 2 b 1
1 70 c 1
1 84 d 1
1 91 e 0
2 3 a 1
2 3 b 1
2 10 c 2
2 67 d 0
2 29 e 0
3 4 a 1
3 4 b 1
3 86 c 0
3 99 d 1
3 70 e 1
4 5 a 1
4 5 b 1
4 54 c 0
4 34 d 4
4 113 e 4
5 6 a 1
5 6 b 1
5 71 c 0
5 15 d 3
5 25 e 2
6 7 a 1
6 7 b 1
6 93 d 4
6 1 e 3
7 8 a 1
7 8 b 1
7 95 c 3
7 106 d 0
7 37 e 4
8 9 a 1
8 9 b 1
8 90 c 4
8 91 d 0
8 4 e 1
9 10 a 1
9 10 b 1
9 17 c 4
9 6 d 3
9 98 e 2
10 11 a 1
10 11 b 1
10 42 c 2
10 119 e 1
11 12 a 1
11 12 b 1
11 63 c 3
11 6 d 0
11 44 e 2
12 13 a 1
12 13 b 1
12 18 c 2
12 98 d 4
12 115 e 4
13 14 a 1
13 14 b 1
13 109 c 1
14 15 a 1
14 15 b 1
14 94 c 1
14 94 d 3
14 90 e 2
15 16 a 1
15 16 b 1
15 34 c 1
15 125 d 3
15 19 e 0
16 17 a 1
16 17 b 1
16 50 c 0
16 18 d 1
16 23 e 4
17 18 a 1
17 18 b 1
17 113 c 2
17 26 d 2
18 19 a 1
18 19 b 1
18 14 c 1
18 37 d 2
18 35 e 2
19 20 a 1
19 20 b 1
19 121 c 4
19 87 d 0
19 80 e 0
20 21 a 1
20 21 b 1
20 10 c 3
20 97 e 4
21 22 a 1
21 22 b 1
21 42 d 4
21 18 e 4
22 23 a 1
22 23 b 1
22 17 c 2
22 16 d 4
22 5 e 0
23 24 a 1
23 24 b 1
23 54 c 2
23 123 e 2
24 25 a 1
24 25 b 1
24 12 c 3
24 46 d 3
24 62 e 3
25 26 a 1
25 26 b 1
25 61 c 4
25 88 d 3
25 32 e 4
26 27 a 1
26 27 b 1
26 30 c 1
26 4 d 4
26 68 e 4
27 28 a 1
27 28 b 1
27 48 c 3
27 76 d 1
27 85 e 2
28 29 a 1
28 29 b 1
28 119 c 3
28 46 d 0
28 109 e 3
29 30 a 1
29 30 b 1
29 56 c 2
29 17 d 4
29 38 e 1
30 31 a 1
30 31 b 1
30 125 c 1
30 85 d 3
30 21 e 3
31 32 a 1
31 32 b 1
31 44 c 3
32 33 a 1
32 33 b 1
32 55 c 3
32 83 d 1
32 54 e 2
33 34 a 1
33 34 b 1
33 112 c 3
33 46 d 2
33 61 e 2
34 35 a 1
34 35 b 1
34 108 d 0
34 54 e 2
35 36 a 1
35 36 b 1
35 20 c 1
35 20 d 1
35 120 e 3
36 37 a 1
36 37 b 1
36 97 c 1
36 111 d 2
36 26 e 4
37 38 a 1
37 38 b 1
37 40 c 3
37 92 d 2
37 29 e 0
38 39 a 1
38 39 b 1
38 103 c 0
38 14 d 0
38 106 e 2
39 40 a 1
39 40 b 1
39 68 d 4
40 41 a 1
40 41 b 1
40 50 c 2
40 47 d 1
40 28 e 2
41 42 a 1
41 42 b 1
41 109 c 3
41 53 d 3
41 64 e 3
42 43 a 1
42 43 b 1
42 58 c 2
42 48 d 2
42 120 e 2
43 44 a 1
43 44 b 1
43 121 c 0
43 108 d 2
43 84 e 0
44 45 a 1
44 45 b 1
44 26 c 2
44 93 d 3
44 100 e 0
45 46 a 1
45 46 b 1
45 42 c 1
45 121 d 4
45 67 e 3
46 47 a 1
46 47 b 1
46 72 c 0
46 52 d 1
46 98 e 4
47 48 a 1
47 48 b 1
47 57 c 4
47 50 d 0
47 90 e 0
48 49 a 1
48 49 b 1
48 9 c 0
48 71 d 3
48 25 e 3
49 50 a 1
49 50 b 1
49 124 c 2
49 58 d 4
49 62 e 0
50 51 a 1
50 51 b 1
50 12 c 0
50 49 d 1
50 25 e 3
51 52 a 1
51 52 b 1
51 123 c 1
51 7 d 4
51 91 e 3
52 53 a 1
52 53 b 1
52 36 c 3
52 1 d 4
53 54 a 1
53 54 b 1
53 119 c 4
53 26 d 2
53 7 e 4
54 55 a 1
54 55 b 1
54 118 c 0
54 11 d 1
54 4 e 4
55 56 a 1
55 56 b 1
55 96 c 1
55 49 e 3
56 57 a 1
56 57 b 1
56 18 c 2
56 7 d 3
56 34 e 1
57 58 a 1
57 58 b 1
57 75 c 2
57 34 d 2
57 82 e 4
58 59 a 1
58 59 b 1
58 5 c 3
58 51 e 2
59 60 a 1
59 60 b 1
59 26 c 4
59 29 d 2
59 126 e 0
60 61 a 1
60 61 b 1
60 27 c 2
60 66 d 4
60 71 e 3
61 62 a 1
61 62 b 1
61 94 c 4
61 19 d 4
61 70 e 0
62 63 a 1
62 63 b 1
62 107 c 2
62 82 d 4
62 105 e 3
63 64 a 1
63 64 b 1
63 127 d 0
64 65 a 1
64 65 b 1
64 1 c 3
64 59 d 0
64 99 e 2
65 66 a 1
65 66 b 1
65 25 c 2
65 61 d 4
65 103 e 4
66 67 a 1
66 67 b 1
66 13 d 0
66 48 e 2
67 68 a 1
67 68 b 1
67 2 d 1
67 126 e 2
68 69 a 1
68 69 b 1
68 71 c 2
68 66 d 1
68 52 e 0
69 70 a 1
69 70 b 1
69 16 c 0
69 100 d 4
69 119 e 4
70 71 a 1
70 71 b 1
70 71 c 4
70 5 d 1
70 22 e 3
71 72 a 1
71 72 b 1
71 96 c 2
71 117 d 2
71 46 e 1
72 73 a 1
72 73 b 1
72 30 c 4
72 53 d 2
72 73 e 1
73 74 a 1
73 74 b 1
73 114 c 3
73 32 d 3
73 25 e 0
74 75 a 1
74 75 b 1
74 4 d 0
74 107 e 0
75 76 a 1
75 76 b 1
75 36 c 4
75 35 d 1
76 77 a 1
76 77 b 1
76 103 d 1
76 3 e 3
77 78 a 1
77 78 b 1
77 105 d 2
77 111 e 0
78 79 a 1
78 79 b 1
78 80 c 3
78 123 d 4
78 10 e 4
79 80 a 1
79 80 b 1
79 52 c 1
79 71 d 2
79 127 e 4
80 81 a 1
80 81 b 1
80 111 c 1
80 73 d 0
80 101 e 1
81 82 a 1
81 82 b 1
81 37 c 2
81 86 e 1
82 83 a 1
82 83 b 1
82 2 c 0
82 23 d 2
82 81 e 4
83 84 a 1
83 84 b 1
83 23 c 1
83 13 d 1
83 38 e 1
84 85 a 1
84 85 b 1
84 55 c 1
84 20 d 2
84 51 e 0
85 86 a 1
85 86 b 1
85 5 c 4
85 107 d 2
85 16 e 3
86 87 a 1
86 87 b 1
86 20 c 1
86 112 d 2
86 35 e 2
87 88 a 1
87 88 b 1
87 8 c 3
87 81 d 0
87 36 e 0
88 89 a 1
88 89 b 1
88 107 d 4
88 51 e 2
89 90 a 1
89 90 b 1
89 7 c 1
89 6 d 2
89 71 e 1
90 91 a 1
90 91 b 1
90 31 c 2
90 120 d 3
90 98 e 4
91 92 a 1
91 92 b 1
91 9 c 3
91 26 d 1
91 94 e 2
92 93 a 1
92 93 b 1
92 87 c 0
92 16 d 2
92 119 e 1
93 94 a 1
93 94 b 1
93 13 c 4
93 124 d 1
93 126 e 2
94 95 a 1
94 95 b 1
94 64 d 3
94 42 e 1
95 96 a 1
95 96 b 1
95 85 c 0
95 52 d 0
95 59 e 3
96 97 a 1
96 97 b 1
96 52 c 4
96 118 d 2
96 37 e 3
97 98 a 1
97 98 b 1
97 59 c 2
97 71 d 3
97 105 e 3
98 99 a 1
98 99 b 1
98 123 c 0
98 92 d 3
98 117 e 3
99 100 a 1
99 100 b 1
99 36 c 2
99 107 d 2
100 101 a 1
100 101 b 1
100 77 c 2
100 63 d 2
100 1 e 2
101 102 a 1
101 102 b 1
101 46 c 1
101 87 d 3
101 97 e 3
102 103 a 1
102 103 b 1
102 20 c 2
102 81 d 1
102 122 e 1
103 104 a 1
103 104 b 1
103 95 c 3
103 73 d 2
103 113 e 4
104 105 a 1
104 105 b 1
104 7 c 0
104 24 d 0
104 59 e 0
105 106 a 1
105 106 b 1
105 124 d 0
106 107 a 1
106 107 b 1
106 43 c 4
106 25 d 3
107 108 a 1
107 108 b 1
107 98 c 4
107 3 d 0
108 109 a 1
108 109 b 1
108 22 c 3
108 91 d 1
108 88 e 0
109 110 a 1
109 110 b 1
109 1 c 4
109 74 d 2
109 108 e 2
110 111 a 1
110 111 b 1
110 107 c 4
110 8 d 2
110 115 e 3
111 112 a 1
111 112 b 1
111 101 c 0
111 110 d 3
111 66 e 3
112 113 a 1
112 113 b 1
112 76 c 0
112 7 d 3
112 104 e 1
113 114 a 1
113 114 b 1
113 7 c 2
113 116 d 2
113 87 e 1
114 115 a 1
114 115 b 1
114 58 c 0
114 20 d 1
115 116 a 1
115 116 b 1
115 14 c 4
115 118 d 0
115 8 e 1
116 117 a 1
116 117 b 1
116 11 d 0
116 119 e 3
117 118 a 1
117 118 b 1
117 91 c 0
117 54 d 3
117 67 e 0
118 119 a 1
118 119 b 1
118 119 c 2
118 32 d 1
118 87 e 4
119 120 a 1
119 120 b 1
119 59 c 3
119 111 d 0
119 10 e 4
120 121 a 1
120 121 b 1
120 43 c 0
120 71 d 2
120 52 e 4
121 122 a 1
121 122 b 1
121 40 c 2
121 64 d 4
121 92 e 0
122 123 a 1
122 123 b 1
122 76 c 2
122 82 d 1
122 111 e 0
123 124 a 1
123 124 b 1
123 40 c 2
123 41 d 2
123 111 e 2
124 125 a 1
124 125 b 1
124 101 c 4
124 30 d 1
124 105 e 2
125 126 a 1
125 126 b 1
125 106 c 1
125 45 d 1
125 77 e 1
126 127 a 1
126 127 b 1
126 72 c 3
126 13 d 0
126 26 e 0
127 128 a 1
127 128 b 1
127 47 c 3
127 55 d 3
127 6 e 0
128 128 a 0
128 128 b 0
128 91 c 1
128 12 d 0
128 69 e 2

51 128 606 5 5 0
1 2 a 1
1 2 b 1
1 53 c 2
1 42 d 3
1 101 e 4
2 3 a 1
2 3 b 1
2 124 c 1
2 31 d 1
2 64 e 2
3 4 a 1
3 4 b 1
3 95 c 1
3 36 d 2
3 15 e 3
4 5 a 1
4 5 b 1
4 42 c 0
4 6 d 4
4 50 e 3
5 6 a 1
5 6 b 1
5 85 c 0
5 15 d 4
5 50 e 3
6 7 a 1
6 7 b 1
6 97 c 2
6 56 e 0
7 8 a 1
7 8 b 1
7 115 d 3
7 83 e 3
8 9 a 1
8 9 b 1
8 5 c 3
8 60 d 1
8 3 e 1
9 10 a 1
9 10 b 1
9 99 c 4
9 22 d 3
9 58 e 4
10 11 a 1
10 11 b 1
10 91 c 4
10 69 d 1
10 41 e 2
11 12 a 1
11 12 b 1
11 9 c 4
11 36 d 0
12 13 a 1
12 13 b 1
12 62 c 1
12 7 d 1
12 113 e 0
13 14 a 1
13 14 b 1
13 85 c 1
13 116 e 2
14 15 a 1
14 15 b 1
14 100 d 1
14 54 e 0
15 16 a 1
15 16 b 1
15 120 c 4
15 25 d 1
15 111 e 3
16 17 a 1
16 17 b 1
16 91 c 1
16 95 d 2
17 18 a 1
17 18 b 1
17 53 c 0
17 64 d 2
17 101 e 4
18 19 a 1
18 19 b 1
18 47 c 1
18 25 d 3
18 47 e 2
19 20 a 1
19 20 b 1
19 29 c 4
19 41 d 3
19 28 e 0
20 21 a 1
20 21 b 1
20 17 c 0
20 81 e 1
21 22 a 1
21 22 b 1
21 70 c 0
21 72 d 4
22 23 a 1
22 23 b 1
22 72 c 2
22 83 d 1
22 71 e 4
23 24 a 1
23 24 b 1
23 20 c 3
23 45 d 2
23 46 e 1
24 25 a 1
24 25 b 1
24 70 c 4
24 82 e 0
25 26 a 1
25 26 b 1
25 72 c 3
25 102 d 4
25 90 e 0
26 27 a 1
26 27 b 1
26 103 c 0
26 51 d 3
26 126 e 1
27 28 a 1
27 28 b 1
27 109 c 4
27 125 d 0
28 29 a 1
28 29 b 1
28 27 c 0
28 47 d 0
28 104 e 4
29 30 a 1
29 30 b 1
29 112 c 0
29 59 d 4
29 94 e 0
30 31 a 1
30 31 b 1
30 109 c 3
30 117 d 2
30 11 e 4
31 32 a 1
31 32 b 1
31 114 c 0
31 40 e 1
32 33 a 1
32 33 b 1
32 7 c 4
32 56 d 3
32 40 e 2
33 34 a 1
33 34 b 1
33 100 c 4
33 114 d 4
33 24 e 1
34 35 a 1
34 35 b 1
34 2 c 0
34 79 d 0
34 5 e 3
35 36 a 1
35 36 b 1
35 97 c 0
35 76 d 2
35 114 e 2
36 37 a 1
36 37 b 1
36 37 c 1
36 62 d 1
36 67 e 4
37 38 a 1
37 38 b 1
37 117 c 1
37 6 d 0
37 12 e 0
38 39 a 1
38 39 b 1
38 70 d 2
38 101 e 3
39 40 a 1
39 40 b 1
39 14 c 3
39 79 d 0
39 107 e 4
40 41 a 1
40 41 b 1
40 95 c 2
40 113 d 4
40 117 e 1
41 42 a 1
41 42 b 1
41 120 c 3
41 58 d 4
41 93 e 2
42 43 a 1
42 43 b 1
42 94 c 2
42 125 d 2
42 21 e 0
43 44 a 1
43 44 b 1
43 15 c 1
43 52 d 3
43 50 e 1
44 45 a 1
44 45 b 1
44 85 c 4
44 82 d 2
44 92 e 1
45 46 a 1
45 46 b 1
45 13 c 3
45 27 d 0
45 11 e 4
46 47 a 1
46 47 b 1
46 57 c 2
46 24 d 3
46 35 e 4
47 48 a 1
47 48 b 1
47 23 d 4
47 6 e 1
48 49 a 1
48 49 b 1
48 66 c 2
48 18 e 3
49 50 a 1
49 50 b 1
49 10 c 3
49 47 e 4
50 51 a 1
50 51 b 1
50 14 c 4
50 86 d 3
50 32 e 1
51 52 a 1
51 52 b 1
51 68 c 3
51 57 d 2
51 66 e 1
52 53 a 1
52 53 b 1
52 39 c 4
52 86 d 2
52 107 e 4
53 54 a 1
53 54 b 1
53 48 c 4
53 19 d 3
53 127 e 1
54 55 a 1
54 55 b 1
54 116 c 1
54 40 d 1
54 16 e 1
55 56 a 1
55 56 b 1
55 94 c 2
55 24 d 0
55 33 e 2
56 57 a 1
56 57 b 1
56 98 c 0
56 19 d 4
56 114 e 3
57 58 a 1
57 58 b 1
57 125 d 1
57 30 e 1
58 59 a 1
58 59 b 1
58 13 c 2
58 62 d 2
58 16 e 4
59 60 a 1
59 60 b 1
59 91 c 2
59 95 d 1
59 30 e 1
60 61 a 1
60 61 b 1
60 13 c 1
60 90 d 2
60 2 e 4
61 62 a 1
61 62 b 1
61 122 c 1
61 38 d 1
61 127 e 4
62 63 a 1
62 63 b 1
62 72 c 2
62 73 d 3
62 73 e 4
63 64 a 1
63 64 b 1
63 89 c 0
63 83 e 4
64 65 a 1
64 65 b 1
64 18 c 2
64 30 d 2
64 61 e 1
65 66 a 1
65 66 b 1
65 11 c 4
65 83 d 0
66 67 a 1
66 67 b 1
66 13 c 1
66 114 d 0
66 48 e 0
67 68 a 1
67 68 b 1
67 125 c 0
67 66 d 0
67 98 e 4
68 69 a 1
68 69 b 1
68 53 c 3
68 45 e 4
69 70 a 1
69 70 b 1
69 2 c 1
69 16 d 2
70 71 a 1
70 71 b 1
70 39 c 4
70 82 d 3
70 52 e 4
71 72 a 1
71 72 b 1
71 74 c 3
71 77 d 0
71 20 e 3
72 73 a 1
72 73 b 1
72 6 c 0
72 122 d 2
72 106 e 4
73 74 a 1
73 74 b 1
73 122 c 2
73 37 d 3
73 38 e 4
74 75 a 1
74 75 b 1
74 44 c 4
74 93 d 0
74 122 e 0
75 76 a 1
75 76 b 1
75 115 c 3
75 60 d 3
75 121 e 3
76 77 a 1
76 77 b 1
76 71 c 1
76 115 d 2
77 78 a 1
77 78 b 1
77 103 c 2
77 103 d 3
78 79 a 1
78 79 b 1
78 69 c 3
78 54 d 4
78 43 e 1
79 80 a 1
79 80 b 1
79 42 c 1
79 51 d 0
79 94 e 2
80 81 a 1
80 81 b 1
80 68 c 3
80 96 d 1
80 41 e 3
81 82 a 1
81 82 b 1
81 30 c 3
81 102 d 2
82 83 a 1
82 83 b 1
82 55 c 2
82 95 d 0
82 37 e 1
83 84 a 1
83 84 b 1
83 118 c 0
83 45 d 4
83 42 e 1
84 85 a 1
84 85 b 1
84 91 c 0
84 103 d 2
84 6 e 2
85 86 a 1
85 86 b 1
85 56 c 4
85 31 d 2
85 72 e 3
86 87 a 1
86 87 b 1
86 83 c 4
86 60 d 3
86 56 e 4
87 88 a 1
87 88 b 1
87 118 c 1
87 23 d 3
87 90 e 3
88 89 a 1
88 89 b 1
88 91 c 4
88 25 d 0
88 62 e 3
89 90 a 1
89 90 b 1
89 84 c 3
89 53 d 0
89 118 e 1
90 91 a 1
90 91 b 1
90 11 c 3
90 102 d 3
90 41 e 3
91 92 a 1
91 92 b 1
91 115 c 4
91 53 d 2
91 35 e 3
92 93 a 1
92 93 b 1
92 112 c 1
92 9 d 3
92 51 e 4
93 94 a 1
93 94 b 1
93 5 c 1
93 61 d 1
93 56 e 2
94 95 a 1
94 95 b 1
94 109 c 1
94 117 d 2
94 83 e 4
95 96 a 1
95 96 b 1
95 6 c 4
95 58 d 0
95 108 e 3
96 97 a 1
96 97 b 1
96 17 d 4
96 21 e 4
97 98 a 1
97 98 b 1
97 94 c 1
97 112 d 4
97 23 e 2
98 99 a 1
98 99 b 1
98 15 c 0
98 15 e 2
99 100 a 1
99 100 b 1
99 102 c 2
99 31 d 1
99 48 e 4
100 101 a 1
100 101 b 1
100 64 c 0
100 115 d 2
100 79 e 4
101 102 a 1
101 102 b 1
101 76 c 1
101 106 d 3
101 114 e 3
102 103 a 1
102 103 b 1
102 102 c 3
102 7 d 4
102 94 e 3
103 104 a 1
103 104 b 1
103 98 c 0
103 114 d 2
103 74 e 3
104 105 a 1
104 105 b 1
104 111 c 1
104 118 d 2
104 118 e 0
105 106 a 1
105 106 b 1
105 2 c 1
105 28 d 2
105 58 e 0
106 107 a 1
106 107 b 1
106 126 c 3
106 38 d 2
106 38 e 1
107 108 a 1
107 108 b 1
107 49 c 2
107 87 d 4
107 126 e 1
108 109 a 1
108 109 b 1
108 43 d 3
109 110 a 1
109 110 b 1
110 111 a 1
110 111 b 1
110 84 c 3
110 115 d 2
110 91 e 3
111 112 a 1
111 112 b 1
111 91 c 4
111 15 d 3
111 29 e 0
112 113 a 1
112 113 b 1
112 30 c 2
112 93 d 1
112 4 e 0
113 114 a 1
113 114 b 1
113 95 c 0
113 47 d 4
113 22 e 3
114 115 a 1
114 115 b 1
114 9 c 0
114 79 d 4
114 54 e 2
115 116 a 1
115 116 b 1
115 37 c 3
115 72 d 2
115 77 e 0
116 117 a 1
116 117 b 1
116 10 c 4
116 126 d 0
117 118 a 1
117 118 b 1
117 36 d 4
117 29 e 0
118 119 a 1
118 119 b 1
118 49 c 0
118 71 d 0
119 120 a 1
119 120 b 1
119 91 c 4
119 104 d 0
119 43 e 3
120 121 a 1
120 121 b 1
120 56 c 4
120 33 d 1
120 47 e 2
121 122 a 1
121 122 b 1
121 113 c 1
121 41 d 4
121 115 e 4
122 123 a 1
122 123 b 1
122 123 c 4
122 103 d 1
122 75 e 3
123 124 a 1
123 124 b 1
123 76 c 1
123 76 d 3
123 3 e 1
124 125 a 1
124 125 b 1
124 104 c 0
124 108 d 2
124 122 e 4
125 126 a 1
125 126 b 1
125 73 c 3
125 126 d 1
125 49 e 1
126 127 a 1
126 127 b 1
126 79 d 2
126 20 e 4
127 128 a 1
127 128 b 1
127 16 c 0
127 56 d 2
127 103 e 3
128 128 a 0
128 128 b 0
128 75 c 2
128 94 d 4
128 43 e 4

52 128 594 5 5 0
1 2 a 1
1 2 b 1
1 10 d 3
1 115 e 3
2 3 a 1
2 3 b 1
2 114 c 2
2 78 d 0
2 63 e 1
3 4 a 1
3 4 b 1
3 13 d 0
3 105 e 1
4 5 a 1
4 5 b 1
4 83 c 2
4 103 d 0
4 109 e 0
5 6 a 1
5 6 b 1
5 122 d 1
5 83 e 3
6 7 a 1
6 7 b 1
6 98 c 4
6 61 d 0
6 79 e 0
7 8 a 1
7 8 b 1
7 12 c 2
7 56 d 1
7 114 e 1
8 9 a 1
8 9 b 1
8 100 c 0
8 85 e 3
9 10 a 1
9 10 b 1
9 55 c 3
9 12 d 3
10 11 a 1
10 11 b 1
10 81 c 4
10 16 d 3
10 115 e 1
11 12 a 1
11 12 b 1
11 12 c 4
11 10 d 1
11 22 e 3
12 13 a 1
12 13 b 1
12 59 c 1
12 48 d 2
13 14 a 1
13 14 b 1
13 17 c 0
13 72 d 1
13 15 e 3
14 15 a 1
14 15 b 1
14 64 c 3
14 69 d 1
14 103 e 3
15 16 a 1
15 16 b 1
15 51 c 2
15 36 d 4
15 110 e 0
16 17 a 1
16 17 b 1
16 53 c 3
16 94 e 1
17 18 a 1
17 18 b 1
17 25 c 2
17 56 e 0
18 19 a 1
18 19 b 1
18 63 c 1
18 38 d 2
18 114 e 0
19 20 a 1
19 20 b 1
19 10 c 0
19 23 e 1
20 21 a 1
20 21 b 1
20 18 c 3
20 18 d 3
20 22 e 0
21 22 a 1
21 22 b 1
21 60 c 3
21 71 e 0
22 23 a 1
22 23 b 1
22 73 c 0
22 12 d 3
22 115 e 3
23 24 a 1
23 24 b 1
23 23 c 1
23 18 d 2
23 92 e 4
24 25 a 1
24 25 b 1
24 78 c 4
24 39 d 0
24 116 e 2
25 26 a 1
25 26 b 1
25 61 c 1
25 118 d 4
25 24 e 1
26 27 a 1
26 27 b 1
26 52 c 0
26 31 d 3
26 79 e 2
27 28 a 1
27 28 b 1
27 56 c 0
27 114 d 0
27 122 e 1
28 29 a 1
28 29 b 1
28 28 e 3
29 30 a 1
29 30 b 1
29 78 c 4
29 78 d 4
29 55 e 4
30 31 a 1
30 31 b 1
30 19 c 1
30 21 d 0
30 9 e 0
31 32 a 1
31 32 b 1
31 51 d 1
31 44 e 1
32 33 a 1
32 33 b 1
32 71 c 2
33 34 a 1
33 34 b 1
33 93 c 0
33 55 d 4
34 35 a 1
34 35 b 1
34 115 c 0
34 85 d 3
34 107 e 0
35 36 a 1
35 36 b 1
35 101 c 2
35 99 d 2
35 46 e 0
36 37 a 1
36 37 b 1
36 17 c 1
36 83 d 0
36 102 e 1
37 38 a 1
37 38 b 1
37 21 c 1
37 85 d 2
37 115 e 1
38 39 a 1
38 39 b 1
38 58 c 4
38 118 d 2
38 53 e 1
39 40 a 1
39 40 b 1
39 71 c 3
39 4 d 0
39 58 e 0
40 41 a 1
40 41 b 1
40 5 c 2
40 28 d 0
40 51 e 2
41 42 a 1
41 42 b 1
41 66 c 0
41 17 d 4
41 126 e 0
42 43 a 1
42 43 b 1
42 75 c 1
42 83 d 1
42 122 e 2
43 44 a 1
43 44 b 1
43 71 c 4
43 48 d 1
43 55 e 3
44 45 a 1
44 45 b 1
44 1 c 4
44 69 d 2
44 21 e 1
45 46 a 1
45 46 b 1
45 52 c 2
45 18 e 3
46 47 a 1
46 47 b 1
46 45 c 2
46 3 d 4
47 48 a 1
47 48 b 1
47 96 d 3
48 49 a 1
48 49 b 1
48 103 c 3
48 73 d 4
48 73 e 4
49 50 a 1
49 50 b 1
49 101 c 3
49 23 d 3
49 13 e 4
50 51 a 1
50 51 b 1
50 48 c 3
50 11 d 3
50 46 e 3
51 52 a 1
51 52 b 1
51 40 c 1
51 95 d 4
51 69 e 3
52 53 a 1
52 53 b 1
52 73 c 2
52 20 d 0
52 123 e 4
53 54 a 1
53 54 b 1
53 84 c 2
53 79 d 1
53 95 e 4
54 55 a 1
54 55 b 1
54 16 c 1
54 114 e 1
55 56 a 1
55 56 b 1
55 39 c 3
55 16 d 1
55 46 e 1
56 57 a 1
56 57 b 1
56 6 c 4
56 93 d 4
57 58 a 1
57 58 b 1
57 85 c 3
57 17 d 4
57 117 e 1
58 59 a 1
58 59 b 1
58 68 c 3
58 36 d 1
58 71 e 2
59 60 a 1
59 60 b 1
59 16 c 3
59 72 d 0
59 122 e 3
60 61 a 1
60 61 b 1
60 48 c 3
60 27 d 0
60 41 e 0
61 62 a 1
61 62 b 1
61 58 c 0
61 41 d 0
61 89 e 1
62 63 a 1
62 63 b 1
62 105 c 4
62 124 d 2
62 68 e 4
63 64 a 1
63 64 b 1
63 122 e 2
64 65 a 1
64 65 b 1
64 24 c 3
64 6 d 1
65 66 a 1
65 66 b 1
65 14 c 1
65 49 d 0
65 84 e 4
66 67 a 1
66 67 b 1
66 77 c 4
66 35 d 2
67 68 a 1
67 68 b 1
67 125 c 2
67 110 d 2
67 15 e 4
68 69 a 1
68 69 b 1
68 44 c 1
68 25 d 3
69 70 a 1
69 70 b 1
69 46 c 3
69 77 d 3
69 81 e 0
70 71 a 1
70 71 b 1
70 59 c 3
70 14 d 0
70 127 e 4
71 72 a 1
71 72 b 1
71 55 c 2
71 119 d 1
71 23 e 0
72 73 a 1
72 73 b 1
72 84 c 3
72 37 d 2
72 49 e 0
73 74 a 1
73 74 b 1
73 49 c 1
73 122 d 4
73 71 e 2
74 75 a 1
74 75 b 1
74 111 d 4
74 87 e 0
75 76 a 1
75 76 b 1
75 103 c 4
75 38 e 2
76 77 a 1
76 77 b 1
76 44 c 1
76 8 d 1
77 78 a 1
77 78 b 1
77 35 c 0
77 95 d 2
77 110 e 2
78 79 a 1
78 79 b 1
78 74 c 1
78 103 e 1
79 80 a 1
79 80 b 1
79 63 c 1
79 126 d 4
80 81 a 1
80 81 b 1
80 35 c 4
80 60 d 0
80 115 e 2
81 82 a 1
81 82 b 1
81 8 c 3
81 47 d 2
81 72 e 2
82 83 a 1
82 83 b 1
82 13 c 2
82 57 d 4
82 126 e 4
83 84 a 1
83 84 b 1
83 49 c 4
83 76 d 3
83 78 e 1
84 85 a 1
84 85 b 1
84 14 c 4
84 20 d 0
84 4 e 4
85 86 a 1
85 86 b 1
85 20 d 1
85 56 e 2
86 87 a 1
86 87 b 1
86 125 c 3
86 69 d 4
86 93 e 1
87 88 a 1
87 88 b 1
87 87 c 4
87 93 d 0
87 83 e 0
88 89 a 1
88 89 b 1
88 126 c 0
88 61 d 3
88 80 e 1
89 90 a 1
89 90 b 1
89 107 c 0
89 34 d 0
89 96 e 3
90 91 a 1
90 91 b 1
90 78 c 0
90 31 d 0
90 3 e 0
91 92 a 1
91 92 b 1
91 74 c 3
91 29 d 1
91 96 e 2
92 93 a 1
92 93 b 1
92 44 d 0
92 93 e 0
93 94 a 1
93 94 b 1
93 102 c 1
93 93 d 2
93 96 e 0
94 95 a 1
94 95 b 1
94 9 d 2
94 82 e 1
95 96 a 1
95 96 b 1
95 23 d 4
95 94 e 1
96 97 a 1
96 97 b 1
96 73 c 0
96 81 d 2
96 127 e 4
97 98 a 1
97 98 b 1
97 109 c 3
97 12 d 3
97 123 e 2
98 99 a 1
98 99 b 1
98 45 c 3
98 44 e 0
99 100 a 1
99 100 b 1
99 56 c 2
99 72 d 3
99 18 e 0
100 101 a 1
100 101 b 1
100 36 c 2
100 75 d 3
100 124 e 3
101 102 a 1
101 102 b 1
101 20 c 3
101 50 d 4
101 120 e 2
102 103 a 1
102 103 b 1
102 24 c 1
102 97 d 4
102 76 e 4
103 104 a 1
103 104 b 1
103 88 c 0
103 15 d 2
104 105 a 1
104 105 b 1
104 1 c 2
104 42 d 2
104 23 e 0
105 106 a 1
105 106 b 1
105 62 d 1
105 34 e 0
106 107 a 1
106 107 b 1
106 80 c 2
106 77 d 0
106 36 e 1
107 108 a 1
107 108 b 1
107 79 d 2
107 12 e 0
108 109 a 1
108 109 b 1
108 17 c 1
108 45 e 3
109 110 a 1
109 110 b 1
109 53 c 0
109 81 d 1
109 102 e 2
110 111 a 1
110 111 b 1
110 100 c 0
110 28 d 1
110 6 e 3
111 112 a 1
111 112 b 1
111 88 c 4
111 48 d 3
111 110 e 3
112 113 a 1
112 113 b 1
112 91 c 4
112 79 d 4
113 114 a 1
113 114 b 1
113 36 c 1
113 119 d 4
113 2 e 4
114 115 a 1
114 115 b 1
114 23 c 4
114 111 d 2
114 101 e 3
115 116 a 1
115 116 b 1
115 108 d 0
116 117 a 1
116 117 b 1
116 78 c 0
116 4 d 1
116 104 e 4
117 118 a 1
117 118 b 1
117 84 c 0
117 126 d 0
117 36 e 4
118 119 a 1
118 119 b 1
118 79 c 4
118 112 d 2
118 77 e 4
119 120 a 1
119 120 b 1
119 46 c 0
119 97 d 1
119 65 e 3
120 121 a 1
120 121 b 1
120 64 c 4
120 93 d 2
120 109 e 3
121 122 a 1
121 122 b 1
121 125 c 4
121 84 d 0
121 125 e 3
122 123 a 1
122 123 b 1
122 31 c 1
122 2 d 3
122 91 e 4
123 124 a 1
123 124 b 1
123 123 c 0
123 87 d 1
123 114 e 2
124 125 a 1
124 125 b 1
124 20 c 3
124 54 d 2
125 126 a 1
125 126 b 1
125 94 c 4
125 91 d 0
125 7 e 2
126 127 a 1
126 127 b 1
126 47 c 0
126 21 d 0
126 47 e 1
127 128 a 1
127 128 b 1
127 123 c 0
127 11 d 1
127 61 e 2
128 128 a 0
128 128 b 0
128 2 c 4
128 47 d 3

53 128 596 5 5 0
1 2 a 1
1 2 b 1
1 47 c 1
1 1 d 1
1 61 e 4
2 3 a 1
2 3 b 1
2 99 c 0
2 127 d 4
2 41 e 4
3 4 a 1
3 4 b 1
3 28 c 2
3 100 e 0
4 5 a 1
4 5 b 1
4 76 c 2
4 15 d 0
4 127 e 3
5 6 a 1
5 6 b 1
5 32 c 2
5 127 d 0
5 94 e 2
6 7 a 1
6 7 b 1
6 44 c 0
6 40 d 1
6 55 e 2
7 8 a 1
7 8 b 1
7 1 c 2
7 7 d 0
7 34 e 4
8 9 a 1
8 9 b 1
8 23 c 3
8 110 d 2
8 46 e 3
9 10 a 1
9 10 b 1
9 56 c 0
9 30 d 3
9 102 e 0
10 11 a 1
10 11 b 1
10 94 c 0
10 44 d 4
10 5 e 3
11 12 a 1
11 12 b 1
11 64 c 2
11 65 d 4
11 125 e 2
12 13 a 1
12 13 b 1
12 109 c 2
12 127 e 3
13 14 a 1
13 14 b 1
13 14 d 4
13 91 e 2
14 15 a 1
14 15 b 1
14 32 c 4
14 76 d 2
14 39 e 2
15 16 a 1
15 16 b 1
15 114 c 3
15 88 e 4
16 17 a 1
16 17 b 1
16 14 c 4
16 80 d 4
16 78 e 0
17 18 a 1
17 18 b 1
17 2 c 0
17 107 d 4
18 19 a 1
18 19 b 1
18 126 c 4
18 124 d 4
18 21 e 3
19 20 a 1
19 20 b 1
19 108 c 1
19 35 d 0
19 116 e 2
20 21 a 1
20 21 b 1
20 18 c 3
20 85 d 0
21 22 a 1
21 22 b 1
21 18 c 4
21 124 d 1
21 47 e 2
22 23 a 1
22 23 b 1
22 55 c 0
22 95 d 1
22 33 e 0
23 24 a 1
23 24 b 1
23 100 c 2
23 120 d 3
23 39 e 3
24 25 a 1
24 25 b 1
24 58 c 0
24 63 d 1
25 26 a 1
25 26 b 1
25 83 d 0
25 113 e 3
26 27 a 1
26 27 b 1
26 34 c 1
26 120 d 3
26 94 e 1
27 28 a 1
27 28 b 1
27 44 c 0
27 52 e 2
28 29 a 1
28 29 b 1
28 54 c 0
28 40 d 1
28 52 e 3
29 30 a 1
29 30 b 1
29 12 c 1
30 31 a 1
30 31 b 1
30 52 c 0
30 85 d 3
30 106 e 0
31 32 a 1
31 32 b 1
31 79 c 1
31 45 e 0
32 33 a 1
32 33 b 1
32 112 c 4
32 13 d 0
32 99 e 2
33 34 a 1
33 34 b 1
33 27 c 0
33 86 d 3
33 66 e 0
34 35 a 1
34 35 b 1
34 98 c 1
34 86 e 1
35 36 a 1
35 36 b 1
35 79 c 2
35 109 d 2
35 7 e 2
36 37 a 1
36 37 b 1
36 104 c 3
36 114 d 0
36 2 e 1
37 38 a 1
37 38 b 1
37 120 c 0
37 70 d 1
37 5 e 2
38 39 a 1
38 39 b 1
38 106 c 3
38 7 d 1
38 1 e 0
39 40 a 1
39 40 b 1
39 55 c 3
39 73 d 2
39 112 e 0
40 41 a 1
40 41 b 1
40 60 c 4
40 39 d 0
40 20 e 1
41 42 a 1
41 42 b 1
41 77 c 1
41 60 e 3
42 43 a 1
42 43 b 1
42 56 c 4
42 93 d 0
43 44 a 1
43 44 b 1
43 81 c 0
43 123 d 1
43 111 e 2
44 45 a 1
44 45 b 1
44 94 c 4
44 121 d 2
44 79 e 4
45 46 a 1
45 46 b 1
45 7 c 3
45 33 d 2
45 119 e 0
46 47 a 1
46 47 b 1
46 29 c 1
46 71 d 4
46 75 e 3
47 48 a 1
47 48 b 1
47 48 c 1
47 114 d 1
47 71 e 2
48 49 a 1
48 49 b 1
48 50 c 4
48 67 d 3
48 52 e 3
49 50 a 1
49 50 b 1
49 12 d 2
50 51 a 1
50 51 b 1
50 108 c 4
50 41 d 2
50 45 e 4
51 52 a 1
51 52 b 1
51 53 c 3
51 97 d 0
51 33 e 2
52 53 a 1
52 53 b 1
52 68 c 0
52 117 d 0
52 17 e 0
53 54 a 1
53 54 b 1
53 37 c 3
53 85 d 3
53 47 e 4
54 55 a 1
54 55 b 1
54 88 c 4
54 14 d 2
55 56 a 1
55 56 b 1
55 16 c 1
55 96 d 0
55 54 e 3
56 57 a 1
56 57 b 1
56 96 c 4
56 46 d 0
56 92 e 1
57 58 a 1
57 58 b 1
57 26 c 3
57 92 d 2
57 93 e 0
58 59 a 1
58 59 b 1
58 43 d 2
58 3 e 3
59 60 a 1
59 60 b 1
59 46 c 0
59 33 d 1
59 124 e 1
60 61 a 1
60 61 b 1
60 13 c 0
60 94 d 0
60 14 e 2
61 62 a 1
61 62 b 1
61 52 c 1
61 104 d 0
61 46 e 2
62 63 a 1
62 63 b 1
62 48 d 4
62 98 e 2
63 64 a 1
63 64 b 1
63 38 c 2
63 87 d 3
63 67 e 4
64 65 a 1
64 65 b 1
64 89 c 3
64 72 d 4
64 2 e 1
65 66 a 1
65 66 b 1
65 105 c 4
65 41 d 2
65 7 e 2
66 67 a 1
66 67 b 1
66 22 c 4
66 106 d 2
66 6 e 4
67 68 a 1
67 68 b 1
67 119 c 3
67 19 d 1
67 104 e 1
68 69 a 1
68 69 b 1
68 53 c 4
68 38 d 3
69 70 a 1
69 70 b 1
69 106 c 2
69 4 d 0
70 71 a 1
70 71 b 1
70 35 c 4
70 88 d 4
70 15 e 1
71 72 a 1
71 72 b 1
71 99 c 3
71 8 d 3
71 77 e 3
72 73 a 1
72 73 b 1
72 115 c 0
72 126 d 0
72 50 e 0
73 74 a 1
73 74 b 1
73 83 c 2
73 110 d 0
73 48 e 1
74 75 a 1
74 75 b 1
74 68 c 3
74 81 d 1
74 57 e 0
75 76 a 1
75 76 b 1
75 52 c 1
75 57 d 2
75 56 e 1
76 77 a 1
76 77 b 1
76 91 c 3
76 112 d 2
76 77 e 0
77 78 a 1
77 78 b 1
77 103 c 2
77 49 d 3
77 72 e 1
78 79 a 1
78 79 b 1
78 20 d 1
78 3 e 3
79 80 a 1
79 80 b 1
79 112 d 2
79 62 e 0
80 81 a 1
80 81 b 1
80 2 c 1
80 12 d 1
80 76 e 0
81 82 a 1
81 82 b 1
81 97 c 3
81 109 e 4
82 83 a 1
82 83 b 1
82 66 c 4
82 91 d 1
82 60 e 4
83 84 a 1
83 84 b 1
83 65 c 4
83 109 d 2
83 32 e 3
84 85 a 1
84 85 b 1
84 119 c 2
84 80 d 1
84 13 e 2
85 86 a 1
85 86 b 1
85 61 c 1
85 45 d 1
85 81 e 3
86 87 a 1
86 87 b 1
86 31 c 0
86 81 d 2
86 38 e 3
87 88 a 1
87 88 b 1
87 113 c 2
87 50 d 1
87 110 e 4
88 89 a 1
88 89 b 1
88 60 c 2
88 83 d 4
88 36 e 1
89 90 a 1
89 90 b 1
89 98 c 0
89 124 d 0
89 58 e 3
90 91 a 1
90 91 b 1
90 47 c 1
90 41 d 3
90 86 e 2
91 92 a 1
91 92 b 1
91 51 d 4
91 79 e 3
92 93 a 1
92 93 b 1
92 65 c 1
92 34 d 4
92 53 e 0
93 94 a 1
93 94 b 1
93 94 c 0
93 86 e 3
94 95 a 1
94 95 b 1
94 75 d 4
94 80 e 2
95 96 a 1
95 96 b 1
95 92 c 4
95 81 d 0
95 26 e 3
96 97 a 1
96 97 b 1
96 25 c 3
96 79 d 2
96 83 e 3
97 98 a 1
97 98 b 1
97 29 c 2
97 68 d 4
97 96 e 3
98 99 a 1
98 99 b 1
98 121 d 3
98 106 e 1
99 100 a 1
99 100 b 1
99 103 c 3
99 64 d 4
100 101 a 1
100 101 b 1
100 106 c 4
100 101 e 1
101 102 a 1
101 102 b 1
101 24 c 4
101 96 d 0
101 113 e 1
102 103 a 1
102 103 b 1
102 46 c 4
102 26 e 1
103 104 a 1
103 104 b 1
103 62 c 4
103 29 d 3
103 52 e 0
104 105 a 1
104 105 b 1
104 78 c 1
104 46 d 4
104 80 e 0
105 106 a 1
105 106 b 1
105 2 c 3
105 11 d 2
105 76 e 0
106 107 a 1
106 107 b 1
106 116 c 2
106 23 d 3
106 102 e 1
107 108 a 1
107 108 b 1
108 109 a 1
108 109 b 1
108 121 e 1
109 110 a 1
109 110 b 1
109 117 c 0
109 28 d 2
109 12 e 4
110 111 a 1
110 111 b 1
110 50 c 1
110 94 d 4
111 112 a 1
111 112 b 1
111 92 c 3
111 102 d 4
111 72 e 1
112 113 a 1
112 113 b 1
112 66 c 0
112 54 d 4
112 85 e 3
113 114 a 1
113 114 b 1
113 98 c 2
113 41 d 0
113 56 e 4
114 115 a 1
114 115 b 1
114 99 c 0
114 100 d 1
114 57 e 4
115 116 a 1
115 116 b 1
115 105 c 4
115 11 d 0
116 117 a 1
116 117 b 1
116 66 c 0
116 105 d 0
116 53 e 4
117 118 a 1
117 118 b 1
117 65 e 3
118 119 a 1
118 119 b 1
118 50 c 0
118 124 d 2
118 33 e 2
119 120 a 1
119 120 b 1
119 37 c 1
119 126 d 1
120 121 a 1
120 121 b 1
120 89 c 4
120 122 d 4
120 112 e 4
121 122 a 1
121 122 b 1
121 101 c 1
121 47 d 4
121 67 e 3
122 123 a 1
122 123 b 1
122 70 c 1
122 121 d 4
122 82 e 4
123 124 a 1
123 124 b 1
123 12 c 2
123 98 d 1
123 54 e 4
124 125 a 1
124 125 b 1
124 109 c 0
124 91 d 3
124 68 e 3
125 126 a 1
125 126 b 1
125 109 c 2
125 55 e 2
126 127 a 1
126 127 b 1
126 93 c 4
126 88 d 3
126 109 e 4
127 128 a 1
127 128 b 1
127 79 d 0
127 75 e 1
128 128 a 0
128 128 b 0
128 88 c 4
128 24 d 4
128 64 e 1

54 128 603 5 5 0
1 2 a 1
1 2 b 1
1 43 c 1
1 34 d 0
1 57 e 0
2 3 a 1
2 3 b 1
2 126 c 4
2 115 d 1
2 112 e 2
3 4 a 1
3 4 b 1
3 29 c 4
3 116 d 3
3 3 e 0
4 5 a 1
4 5 b 1
4 35 c 4
4 22 d 1
4 41 e 3
5 6 a 1
5 6 b 1
5 94 c 4
5 44 d 1
5 52 e 3
6 7 a 1
6 7 b 1
6 42 c 1
6 18 d 1
6 3 e 0
7 8 a 1
7 8 b 1
7 109 c 2
7 52 d 4
7 107 e 1
8 9 a 1
8 9 b 1
8 99 c 3
8 10 d 2
8 88 e 3
9 10 a 1
9 10 b 1
9 20 c 2
9 57 d 2
9 34 e 3
10 11 a 1
10 11 b 1
10 40 c 1
10 114 d 0
10 1 e 2
11 12 a 1
11 12 b 1
11 74 c 2
11 115 d 2
11 86 e 3
12 13 a 1
12 13 b 1
12 33 c 0
12 62 d 0
12 78 e 4
13 14 a 1
13 14 b 1
13 27 e 2
14 15 a 1
14 15 b 1
14 95 c 0
14 37 d 4
14 28 e 0
15 16 a 1
15 16 b 1
15 27 c 1
15 41 d 3
15 18 e 3
16 17 a 1
16 17 b 1
16 66 c 3
16 19 d 2
16 71 e 1
17 18 a 1
17 18 b 1
17 13 c 3
17 30 d 3
17 35 e 4
18 19 a 1
18 19 b 1
18 103 c 4
18 12 d 0
18 84 e 1
19 20 a 1
19 20 b 1
19 96 c 3
19 26 d 2
19 50 e 4
20 21 a 1
20 21 b 1
20 110 c 1
20 21 d 3
20 18 e 2
21 22 a 1
21 22 b 1
21 79 c 3
21 66 d 3
21 20 e 2
22 23 a 1
22 23 b 1
22 79 c 1
22 85 d 1
22 17 e 0
23 24 a 1
23 24 b 1
23 31 d 1
23 19 e 1
24 25 a 1
24 25 b 1
24 39 c 3
24 103 d 1
24 98 e 3
25 26 a 1
25 26 b 1
25 42 c 1
25 94 d 0
25 31 e 2
26 27 a 1
26 27 b 1
26 88 c 1
26 22 d 3
26 6 e 1
27 28 a 1
27 28 b 1
27 4 c 1
27 126 d 1
27 116 e 4
28 29 a 1
28 29 b 1
28 70 d 4
29 30 a 1
29 30 b 1
29 64 c 1
29 74 d 2
29 102 e 3
30 31 a 1
30 31 b 1
30 19 c 0
30 3 d 3
30 31 e 4
31 32 a 1
31 32 b 1
31 73 c 0
31 60 d 4
31 49 e 0
32 33 a 1
32 33 b 1
32 86 c 1
32 14 d 3
32 7 e 4
33 34 a 1
33 34 b 1
33 45 c 1
33 58 d 2
34 35 a 1
34 35 b 1
34 6 c 0
34 120 d 4
34 51 e 1
35 36 a 1
35 36 b 1
35 5 c 3
35 22 d 1
35 100 e 0
36 37 a 1
36 37 b 1
36 127 c 3
36 58 e 0
37 38 a 1
37 38 b 1
37 34 c 1
37 74 d 3
37 57 e 0
38 39 a 1
38 39 b 1
38 23 c 4
38 42 d 2
39 40 a 1
39 40 b 1
39 55 c 2
39 86 d 0
39 42 e 4
40 41 a 1
40 41 b 1
40 84 c 2
40 54 d 3
40 18 e 0
41 42 a 1
41 42 b 1
41 125 c 1
41 96 d 1
41 25 e 1
42 43 a 1
42 43 b 1
42 105 c 3
42 84 d 1
42 51 e 3
43 44 a 1
43 44 b 1
43 126 c 2
43 108 d 4
43 17 e 0
44 45 a 1
44 45 b 1
44 23 c 3
44 79 d 3
44 18 e 2
45 46 a 1
45 46 b 1
45 62 c 4
45 17 d 2
45 92 e 2
46 47 a 1
46 47 b 1
46 127 c 3
46 32 d 0
46 45 e 1
47 48 a 1
47 48 b 1
47 12 c 1
47 70 d 4
47 14 e 3
48 49 a 1
48 49 b 1
48 51 c 4
48 73 d 4
48 62 e 3
49 50 a 1
49 50 b 1
49 37 d 4
49 120 e 4
50 51 a 1
50 51 b 1
50 116 c 2
50 5 d 1
50 67 e 0
51 52 a 1
51 52 b 1
51 125 c 3
51 15 d 4
51 76 e 2
52 53 a 1
52 53 b 1
52 34 c 0
52 70 e 2
53 54 a 1
53 54 b 1
53 32 d 1
53 4 e 3
54 55 a 1
54 55 b 1
54 66 c 4
54 33 d 1
54 29 e 4
55 56 a 1
55 56 b 1
55 36 c 1
55 59 d 4
55 81 e 0
56 57 a 1
56 57 b 1
56 115 c 3
56 108 d 4
56 71 e 0
57 58 a 1
57 58 b 1
57 93 e 0
58 59 a 1
58 59 b 1
58 102 d 0
58 12 e 4
59 60 a 1
59 60 b 1
59 124 c 0
59 4 d 3
59 46 e 4
60 61 a 1
60 61 b 1
60 44 c 3
60 7 d 3
60 86 e 0
61 62 a 1
61 62 b 1
61 59 c 2
61 29 d 0
61 78 e 0
62 63 a 1
62 63 b 1
62 11 c 4
62 46 d 1
62 111 e 4
63 64 a 1
63 64 b 1
63 52 c 0
63 105 d 2
64 65 a 1
64 65 b 1
64 103 c 2
64 101 d 1
64 114 e 3
65 66 a 1
65 66 b 1
65 19 e 0
66 67 a 1
66 67 b 1
66 68 d 4
66 124 e 3
67 68 a 1
67 68 b 1
67 49 c 0
67 7 d 2
67 75 e 3
68 69 a 1
68 69 b 1
68 68 c 1
68 71 d 1
68 24 e 2
69 70 a 1
69 70 b 1
69 112 c 4
69 22 e 3
70 71 a 1
70 71 b 1
70 120 c 0
70 81 d 3
70 61 e 2
71 72 a 1
71 72 b 1
71 116 c 0
71 40 d 4
71 55 e 3
72 73 a 1
72 73 b 1
72 63 c 0
72 25 d 4
72 81 e 3
73 74 a 1
73 74 b 1
73 82 c 1
73 53 d 1
74 75 a 1
74 75 b 1
74 73 c 2
74 87 d 0
75 76 a 1
75 76 b 1
75 26 c 2
75 78 d 3
75 83 e 4
76 77 a 1
76 77 b 1
76 47 c 1
76 101 d 0
76 85 e 3
77 78 a 1
77 78 b 1
77 103 c 3
77 52 d 2
77 117 e 1
78 79 a 1
78 79 b 1
78 20 c 2
78 36 d 4
78 46 e 0
79 80 a 1
79 80 b 1
79 67 c 1
79 35 e 4
80 81 a 1
80 81 b 1
80 3 c 1
80 104 d 3
81 82 a 1
81 82 b 1
81 64 c 0
81 34 d 4
81 50 e 3
82 83 a 1
82 83 b 1
82 125 c 4
82 107 d 2
83 84 a 1
83 84 b 1
83 95 c 4
83 15 d 4
83 61 e 0
84 85 a 1
84 85 b 1
84 11 c 0
84 65 d 2
84 91 e 0
85 86 a 1
85 86 b 1
85 36 c 3
85 105 d 0
85 18 e 3
86 87 a 1
86 87 b 1
86 80 c 3
86 117 d 4
86 3 e 1
87 88 a 1
87 88 b 1
87 111 c 1
87 83 d 1
87 63 e 1
88 89 a 1
88 89 b 1
88 26 c 2
88 96 d 2
89 90 a 1
89 90 b 1
89 57 c 3
89 101 d 1
89 64 e 3
90 91 a 1
90 91 b 1
90 127 c 2
90 29 d 2
90 121 e 2
91 92 a 1
91 92 b 1
91 80 c 4
91 68 d 2
91 118 e 1
92 93 a 1
92 93 b 1
92 23 c 4
92 6 d 1
92 21 e 0
93 94 a 1
93 94 b 1
93 27 c 3
93 65 d 1
93 36 e 4
94 95 a 1
94 95 b 1
94 107 d 3
94 46 e 0
95 96 a 1
95 96 b 1
95 4 c 3
95 54 d 0
95 4 e 0
96 97 a 1
96 97 b 1
96 25 c 2
96 103 d 4
96 46 e 4
97 98 a 1
97 98 b 1
97 9 c 1
97 30 d 4
97 41 e 1
98 99 a 1
98 99 b 1
98 55 c 1
98 113 d 3
99 100 a 1
99 100 b 1
99 15 c 4
99 126 d 4
99 98 e 4
100 101 a 1
100 101 b 1
100 36 c 4
100 88 d 4
100 29 e 1
101 102 a 1
101 102 b 1
101 103 d 3
101 60 e 2
102 103 a 1
102 103 b 1
102 44 c 4
102 88 d 2
102 10 e 0
103 104 a 1
103 104 b 1
103 10 c 0
103 57 e 1
104 105 a 1
104 105 b 1
104 125 c 2
104 96 d 2
104 26 e 3
105 106 a 1
105 106 b 1
105 2 c 3
105 45 d 3
105 82 e 2
106 107 a 1
106 107 b 1
106 80 c 2
106 78 d 1
106 7 e 3
107 108 a 1
107 108 b 1
107 116 c 3
107 30 d 3
107 18 e 2
108 109 a 1
108 109 b 1
108 75 c 3
108 45 e 3
109 110 a 1
109 110 b 1
109 45 c 4
109 27 d 3
109 29 e 3
110 111 a 1
110 111 b 1
110 45 c 3
110 120 d 3
110 110 e 0
111 112 a 1
111 112 b 1
111 45 c 3
111 106 d 2
111 60 e 4
112 113 a 1
112 113 b 1
112 50 c 1
112 31 d 3
112 99 e 1
113 114 a 1
113 114 b 1
113 24 c 2
113 63 d 3
113 79 e 0
114 115 a 1
114 115 b 1
114 23 c 4
114 9 d 4
114 13 e 3
115 116 a 1
115 116 b 1
115 120 c 3
115 8 e 4
116 117 a 1
116 117 b 1
116 91 c 0
116 12 e 0
117 118 a 1
117 118 b 1
117 95 c 2
117 114 d 2
117 56 e 4
118 119 a 1
118 119 b 1
118 73 c 0
118 18 d 4
118 110 e 3
119 120 a 1
119 120 b 1
119 127 c 3
119 34 e 1
120 121 a 1
120 121 b 1
120 11 d 3
120 91 e 0
121 122 a 1
121 122 b 1
121 106 c 2
121 24 d 2
121 66 e 4
122 123 a 1
122 123 b 1
122 120 d 1
122 3 e 4
123 124 a 1
123 124 b 1
123 35 c 4
123 69 d 3
123 100 e 3
124 125 a 1
124 125 b 1
124 118 c 4
124 55 d 0
124 104 e 1
125 126 a 1
125 126 b 1
125 67 c 1
125 74 e 4
126 127 a 1
126 127 b 1
126 11 d 0
126 30 e 2
127 128 a 1
127 128 b 1
127 27 c 0
127 63 d 0
127 76 e 4
128 128 a 0
128 128 b 0
128 18 c 4
128 93 d 1
128 35 e 2

55 128 613 5 5 0
1 2 a 1
1 2 b 1
1 99 c 3
1 21 d 3
1 85 e 4
2 3 a 1
2 3 b 1
2 118 c 2
2 57 d 2
2 32 e 3
3 4 a 1
3 4 b 1
3 45 c 2
3 126 d 3
3 41 e 3
4 5 a 1
4 5 b 1
4 108 c 4
4 49 d 0
4 27 e 4
5 6 a 1
5 6 b 1
5 52 c 1
5 61 d 1
5 5 e 1
6 7 a 1
6 7 b 1
6 22 c 3
6 45 d 2
6 97 e 1
7 8 a 1
7 8 b 1
7 12 c 4
7 26 d 1
7 8 e 0
8 9 a 1
8 9 b 1
8 123 c 0
8 20 d 3
8 55 e 3
9 10 a 1
9 10 b 1
9 17 c 2
9 50 d 1
9 41 e 1
10 11 a 1
10 11 b 1
10 77 c 4
10 66 d 0
10 95 e 1
11 12 a 1
11 12 b 1
11 25 c 4
11 34 d 2
11 114 e 0
12 13 a 1
12 13 b 1
12 97 c 1
12 19 d 2
12 35 e 2
13 14 a 1
13 14 b 1
13 127 c 1
13 5 d 3
14 15 a 1
14 15 b 1
14 126 d 3
14 17 e 3
15 16 a 1
15 16 b 1
15 75 c 1
15 30 d 2
15 123 e 4
16 17 a 1
16 17 b 1
16 6 c 4
16 56 d 4
16 97 e 4
17 18 a 1
17 18 b 1
17 43 c 0
17 90 d 1
17 6 e 3
18 19 a 1
18 19 b 1
18 72 c 3
18 108 e 1
19 20 a 1
19 20 b 1
19 7 c 3
19 118 d 1
19 52 e 4
20 21 a 1
20 21 b 1
20 32 c 0
20 77 d 2
20 75 e 3
21 22 a 1
21 22 b 1
21 112 c 3
21 12 d 2
21 99 e 3
22 23 a 1
22 23 b 1
22 69 c 3
22 116 d 3
22 90 e 2
23 24 a 1
23 24 b 1
23 118 c 1
24 25 a 1
24 25 b 1
24 20 c 2
24 127 d 2
24 56 e 1
25 26 a 1
25 26 b 1
25 66 c 4
25 77 d 0
25 56 e 4
26 27 a 1
26 27 b 1
26 45 c 0
26 40 d 2
26 109 e 2
27 28 a 1
27 28 b 1
27 90 c 4
27 35 d 0
27 23 e 2
28 29 a 1
28 29 b 1
28 44 c 0
28 15 e 1
29 30 a 1
29 30 b 1
29 38 c 3
29 69 d 0
29 79 e 1
30 31 a 1
30 31 b 1
30 81 c 2
30 91 d 2
30 28 e 3
31 32 a 1
31 32 b 1
31 46 c 0
31 95 d 4
32 33 a 1
32 33 b 1
32 71 c 4
32 58 d 2
32 67 e 1
33 34 a 1
33 34 b 1
33 64 c 2
33 35 d 3
33 108 e 3
34 35 a 1
34 35 b 1
34 1 c 0
34 48 d 0
34 63 e 4
35 36 a 1
35 36 b 1
35 116 c 0
35 41 d 4
36 37 a 1
36 37 b 1
36 14 c 2
36 43 d 2
36 122 e 3
37 38 a 1
37 38 b 1
37 47 c 2
37 14 d 0
37 64 e 2
38 39 a 1
38 39 b 1
38 40 c 1
38 46 d 2
38 127 e 3
39 40 a 1
39 40 b 1
39 61 c 2
39 94 d 2
39 104 e 3
40 41 a 1
40 41 b 1
40 110 c 4
40 100 d 0
40 123 e 1
41 42 a 1
41 42 b 1
41 13 c 0
41 20 d 4
41 125 e 2
42 43 a 1
42 43 b 1
42 45 c 0
42 114 d 0
42 61 e 2
43 44 a 1
43 44 b 1
43 107 c 1
43 126 e 4
44 45 a 1
44 45 b 1
44 3 c 4
44 116 d 2
44 84 e 2
45 46 a 1
45 46 b 1
45 76 d 2
45 45 e 3
46 47 a 1
46 47 b 1
46 52 c 0
46 54 d 1
46 65 e 0
47 48 a 1
47 48 b 1
47 9 c 2
47 24 d 2
47 77 e 3
48 49 a 1
48 49 b 1
48 17 c 3
48 90 d 2
48 63 e 0
49 50 a 1
49 50 b 1
49 73 c 4
49 105 d 0
49 25 e 1
50 51 a 1
50 51 b 1
50 89 c 1
50 7 d 0
50 45 e 2
51 52 a 1
51 52 b 1
51 59 c 4
51 81 d 2
51 94 e 4
52 53 a 1
52 53 b 1
52 81 c 4
52 76 d 1
52 6 e 3
53 54 a 1
53 54 b 1
53 58 c 0
53 32 d 3
53 66 e 4
54 55 a 1
54 55 b 1
54 69 c 4
54 109 d 0
54 92 e 3
55 56 a 1
55 56 b 1
55 68 c 2
55 10 d 2
55 12 e 0
56 57 a 1
56 57 b 1
56 119 c 4
56 50 d 4
56 45 e 3
57 58 a 1
57 58 b 1
57 12 c 0
57 96 d 3
57 126 e 2
58 59 a 1
58 59 b 1
58 111 c 1
58 84 d 3
58 127 e 3
59 60 a 1
59 60 b 1
59 66 c 0
59 67 d 4
59 121 e 3
60 61 a 1
60 61 b 1
60 22 c 0
60 15 d 3
60 18 e 2
61 62 a 1
61 62 b 1
61 86 c 1
61 109 d 2
62 63 a 1
62 63 b 1
62 47 c 1
62 50 d 3
62 41 e 2
63 64 a 1
63 64 b 1
63 89 c 2
63 72 d 2
63 126 e 1
64 65 a 1
64 65 b 1
64 22 c 1
64 67 d 3
64 94 e 1
65 66 a 1
65 66 b 1
65 111 c 1
65 86 d 4
65 30 e 4
66 67 a 1
66 67 b 1
66 28 c 2
66 6 d 4
66 12 e 2
67 68 a 1
67 68 b 1
67 55 c 3
67 33 d 0
67 95 e 4
68 69 a 1
68 69 b 1
68 67 c 3
68 82 d 0
68 123 e 3
69 70 a 1
69 70 b 1
69 78 c 2
69 24 d 1
69 48 e 4
70 71 a 1
70 71 b 1
70 20 c 1
70 25 d 4
70 23 e 4
71 72 a 1
71 72 b 1
71 127 c 0
71 49 d 1
71 90 e 4
72 73 a 1
72 73 b 1
72 51 c 0
72 79 d 4
72 54 e 3
73 74 a 1
73 74 b 1
73 123 c 4
73 28 d 4
73 79 e 3
74 75 a 1
74 75 b 1
74 17 c 2
74 61 d 3
74 108 e 2
75 76 a 1
75 76 b 1
75 121 c 0
75 38 d 2
75 72 e 3
76 77 a 1
76 77 b 1
76 81 c 2
76 15 d 1
76 20 e 4
77 78 a 1
77 78 b 1
77 64 c 2
77 75 d 0
77 96 e 3
78 79 a 1
78 79 b 1
78 24 c 4
78 49 e 3
79 80 a 1
79 80 b 1
79 112 c 4
79 20 d 4
79 104 e 2
80 81 a 1
80 81 b 1
80 108 c 0
80 78 d 0
80 102 e 2
81 82 a 1
81 82 b 1
81 26 c 1
81 49 d 4
81 13 e 4
82 83 a 1
82 83 b 1
82 73 c 4
82 125 e 0
83 84 a 1
83 84 b 1
83 19 d 3
83 107 e 1
84 85 a 1
84 85 b 1
84 1 c 0
84 55 d 3
85 86 a 1
85 86 b 1
85 26 d 2
85 26 e 1
86 87 a 1
86 87 b 1
86 12 c 0
86 91 d 3
86 9 e 0
87 88 a 1
87 88 b 1
87 115 c 0
88 89 a 1
88 89 b 1
88 64 c 1
88 13 d 4
88 57 e 3
89 90 a 1
89 90 b 1
89 25 c 4
89 90 d 0
89 61 e 0
90 91 a 1
90 91 b 1
90 17 c 1
90 86 e 2
91 92 a 1
91 92 b 1
91 101 c 4
91 11 d 4
91 45 e 0
92 93 a 1
92 93 b 1
92 57 c 0
92 124 d 0
92 87 e 4
93 94 a 1
93 94 b 1
93 34 c 1
93 126 d 4
93 91 e 0
94 95 a 1
94 95 b 1
94 78 c 1
94 118 d 2
94 61 e 2
95 96 a 1
95 96 b 1
95 127 c 0
95 103 d 1
95 63 e 4
96 97 a 1
96 97 b 1
96 56 c 0
96 63 d 2
96 38 e 1
97 98 a 1
97 98 b 1
97 40 c 0
97 100 d 3
97 112 e 3
98 99 a 1
98 99 b 1
98 50 c 4
98 97 d 2
98 65 e 4
99 100 a 1
99 100 b 1
99 77 c 3
99 65 d 3
99 114 e 3
100 101 a 1
100 101 b 1
100 89 c 3
100 105 d 1
100 38 e 1
101 102 a 1
101 102 b 1
101 82 c 3
101 74 d 3
101 81 e 0
102 103 a 1
102 103 b 1
102 108 c 2
102 81 d 2
102 27 e 0
103 104 a 1
103 104 b 1
103 54 c 2
103 31 d 3
103 65 e 0
104 105 a 1
104 105 b 1
104 85 c 3
104 46 d 3
104 2 e 3
105 106 a 1
105 106 b 1
105 75 c 2
105 36 d 0
106 107 a 1
106 107 b 1
106 13 c 0
106 34 d 3
107 108 a 1
107 108 b 1
107 12 c 1
107 74 d 2
107 19 e 1
108 109 a 1
108 109 b 1
108 47 c 3
108 104 d 2
109 110 a 1
109 110 b 1
109 63 c 2
109 93 d 2
109 24 e 0
110 111 a 1
110 111 b 1
110 95 c 1
110 72 d 4
110 4 e 4
111 112 a 1
111 112 b 1
111 75 c 2
111 21 d 4
111 52 e 4
112 113 a 1
112 113 b 1
112 114 c 4
112 112 d 4
112 61 e 3
113 114 a 1
113 114 b 1
113 27 c 0
113 105 d 3
113 24 e 1
114 115 a 1
114 115 b 1
114 95 d 4
114 60 e 1
115 116 a 1
115 116 b 1
115 73 c 0
115 17 d 4
115 93 e 3
116 117 a 1
116 117 b 1
116 101 c 1
116 8 d 1
116 73 e 2
117 118 a 1
117 118 b 1
117 97 c 0
117 17 d 2
117 56 e 0
118 119 a 1
118 119 b 1
118 28 e 4
119 120 a 1
119 120 b 1
119 118 c 0
119 59 d 3
119 38 e 4
120 121 a 1
120 121 b 1
120 34 c 4
120 98 d 3
120 19 e 2
121 122 a 1
121 122 b 1
121 116 c 0
121 2 d 0
121 104 e 2
122 123 a 1
122 123 b 1
122 88 c 0
122 50 d 2
122 85 e 3
123 124 a 1
123 124 b 1
123 39 c 1
123 121 d 2
123 20 e 4
124 125 a 1
124 125 b 1
124 92 c 1
124 16 d 4
124 42 e 1
125 126 a 1
125 126 b 1
125 19 c 1
125 72 d 1
125 7 e 1
126 127 a 1
126 127 b 1
126 114 c 4
126 38 e 4
127 128 a 1
127 128 b 1
127 31 c 0
127 48 d 2
127 39 e 1
128 128 a 0
128 128 b 0
128 40 c 0
128 105 e 4

56 128 609 5 5 0
1 2 a 1
1 2 b 1
1 102 c 1
1 71 d 0
1 84 e 0
2 3 a 1
2 3 b 1
2 21 c 0
2 100 d 0
2 94 e 4
3 4 a 1
3 4 b 1
3 1 c 4
3 125 d 0
4 5 a 1
4 5 b 1
4 57 c 3
4 93 d 2
4 81 e 2
5 6 a 1
5 6 b 1
5 47 c 2
5 50 d 0
5 2 e 3
6 7 a 1
6 7 b 1
6 123 c 2
6 85 d 4
6 92 e 0
7 8 a 1
7 8 b 1
7 7 c 4
7 119 d 4
7 67 e 2
8 9 a 1
8 9 b 1
8 52 c 0
8 97 d 0
9 10 a 1
9 10 b 1
9 91 c 0
9 107 d 3
9 5 e 4
10 11 a 1
10 11 b 1
10 28 c 1
10 98 d 0
11 12 a 1
11 12 b 1
11 8 c 0
11 94 d 4
11 85 e 3
12 13 a 1
12 13 b 1
12 108 c 0
12 45 d 1
12 43 e 1
13 14 a 1
13 14 b 1
13 58 c 1
13 63 d 4
13 90 e 2
14 15 a 1
14 15 b 1
14 89 c 0
14 69 d 0
14 70 e 2
15 16 a 1
15 16 b 1
15 67 c 4
15 5 d 2
16 17 a 1
16 17 b 1
16 28 c 0
16 106 d 0
16 104 e 0
17 18 a 1
17 18 b 1
17 29 c 0
17 51 e 2
18 19 a 1
18 19 b 1
18 102 c 3
18 127 d 0
18 90 e 3
19 20 a 1
19 20 b 1
19 47 c 4
19 55 d 2
19 30 e 4
20 21 a 1
20 21 b 1
20 13 c 2
20 62 d 1
20 57 e 3
21 22 a 1
21 22 b 1
21 82 c 1
21 96 d 2
21 65 e 3
22 23 a 1
22 23 b 1
22 8 c 2
22 29 d 4
22 54 e 3
23 24 a 1
23 24 b 1
23 94 c 4
23 109 d 3
23 72 e 4
24 25 a 1
24 25 b 1
24 89 c 0
24 1 d 2
24 60 e 1
25 26 a 1
25 26 b 1
25 5 d 4
25 119 e 2
26 27 a 1
26 27 b 1
26 86 c 2
26 58 d 0
26 74 e 1
27 28 a 1
27 28 b 1
27 3 c 1
27 27 d 3
27 69 e 2
28 29 a 1
28 29 b 1
28 8 c 1
28 114 d 3
28 113 e 3
29 30 a 1
29 30 b 1
29 109 c 0
29 25 d 3
29 19 e 0
30 31 a 1
30 31 b 1
30 8 c 2
30 97 e 2
31 32 a 1
31 32 b 1
31 41 c 0
31 33 d 3
31 127 e 1
32 33 a 1
32 33 b 1
32 51 c 2
32 88 d 2
32 5 e 0
33 34 a 1
33 34 b 1
33 105 c 2
33 63 d 0
33 55 e 4
34 35 a 1
34 35 b 1
34 37 c 4
34 102 d 1
34 73 e 3
35 36 a 1
35 36 b 1
35 73 c 1
35 89 d 4
35 113 e 2
36 37 a 1
36 37 b 1
36 39 c 4
36 113 d 2
36 84 e 4
37 38 a 1
37 38 b 1
37 42 c 3
37 52 d 2
37 59 e 4
38 39 a 1
38 39 b 1
38 125 d 1
38 77 e 2
39 40 a 1
39 40 b 1
39 51 c 0
39 82 d 2
39 1 e 4
40 41 a 1
40 41 b 1
40 97 d 0
40 24 e 0
41 42 a 1
41 42 b 1
41 7 c 0
41 88 d 3
41 11 e 4
42 43 a 1
42 43 b 1
42 23 c 0
42 13 d 2
42 97 e 0
43 44 a 1
43 44 b 1
43 46 c 2
43 23 d 1
43 77 e 1
44 45 a 1
44 45 b 1
44 52 c 1
44 56 d 4
44 118 e 1
45 46 a 1
45 46 b 1
45 58 c 1
45 98 d 3
45 68 e 4
46 47 a 1
46 47 b 1
46 1 c 2
46 15 d 3
46 4 e 0
47 48 a 1
47 48 b 1
47 101 c 3
47 33 d 0
47 42 e 1
48 49 a 1
48 49 b 1
48 109 c 0
48 109 d 1
48 1 e 2
49 50 a 1
49 50 b 1
49 120 c 3
49 7 d 0
49 21 e 2
50 51 a 1
50 51 b 1
50 51 c 1
50 80 d 4
50 106 e 3
51 52 a 1
51 52 b 1
51 42 c 3
51 100 d 1
51 70 e 0
52 53 a 1
52 53 b 1
52 89 c 4
52 120 d 3
52 83 e 3
53 54 a 1
53 54 b 1
53 112 c 0
53 34 d 2
53 45 e 2
54 55 a 1
54 55 b 1
54 6 c 2
54 20 d 1
54 122 e 0
55 56 a 1
55 56 b 1
55 116 c 0
55 106 d 2
55 24 e 2
56 57 a 1
56 57 b 1
56 28 c 3
56 106 d 1
57 58 a 1
57 58 b 1
57 2 c 0
57 87 d 3
57 9 e 3
58 59 a 1
58 59 b 1
58 39 c 2
58 51 d 4
58 63 e 0
59 60 a 1
59 60 b 1
59 82 e 1
60 61 a 1
60 61 b 1
60 109 c 2
60 89 d 2
60 81 e 2
61 62 a 1
61 62 b 1
61 93 c 0
61 17 d 4
61 104 e 1
62 63 a 1
62 63 b 1
62 64 c 3
62 37 d 1
62 21 e 2
63 64 a 1
63 64 b 1
63 49 c 0
63 120 d 4
63 29 e 0
64 65 a 1
64 65 b 1
64 123 c 4
64 33 d 4
64 124 e 2
65 66 a 1
65 66 b 1
65 112 c 4
65 13 d 1
65 105 e 3
66 67 a 1
66 67 b 1
66 44 c 1
66 42 e 3
67 68 a 1
67 68 b 1
67 116 c 0
67 44 e 1
68 69 a 1
68 69 b 1
68 59 c 3
68 50 d 4
68 9 e 4
69 70 a 1
69 70 b 1
69 90 c 4
69 7 d 1
69 122 e 1
70 71 a 1
70 71 b 1
70 24 c 2
70 96 d 4
70 103 e 2
71 72 a 1
71 72 b 1
71 84 c 2
71 49 d 0
71 58 e 2
72 73 a 1
72 73 b 1
72 126 c 1
72 6 d 0
72 68 e 3
73 74 a 1
73 74 b 1
73 23 c 1
73 14 d 0
73 3 e 1
74 75 a 1
74 75 b 1
74 73 c 4
74 121 d 1
74 37 e 1
75 76 a 1
75 76 b 1
75 32 c 2
75 32 d 1
75 127 e 4
76 77 a 1
76 77 b 1
76 97 d 4
77 78 a 1
77 78 b 1
77 117 d 1
77 78 e 3
78 79 a 1
78 79 b 1
78 30 c 4
78 55 d 4
78 57 e 0
79 80 a 1
79 80 b 1
79 38 c 4
79 7 d 2
79 100 e 2
80 81 a 1
80 81 b 1
80 68 c 0
80 10 d 0
80 58 e 1
81 82 a 1
81 82 b 1
81 44 c 0
81 66 e 1
82 83 a 1
82 83 b 1
82 71 c 2
82 92 d 4
82 2 e 3
83 84 a 1
83 84 b 1
83 118 c 0
83 73 d 3
83 33 e 3
84 85 a 1
84 85 b 1
84 92 c 2
84 71 d 4
84 21 e 3
85 86 a 1
85 86 b 1
85 70 c 0
85 100 d 2
85 122 e 1
86 87 a 1
86 87 b 1
86 64 c 0
86 72 d 0
86 125 e 3
87 88 a 1
87 88 b 1
87 90 c 0
87 82 d 4
87 104 e 3
88 89 a 1
88 89 b 1
88 63 c 1
88 125 d 3
89 90 a 1
89 90 b 1
89 96 c 0
89 18 d 2
89 22 e 4
90 91 a 1
90 91 b 1
90 110 d 0
90 126 e 3
91 92 a 1
91 92 b 1
91 89 c 1
91 27 d 3
91 90 e 3
92 93 a 1
92 93 b 1
92 126 c 4
92 93 d 3
92 37 e 1
93 94 a 1
93 94 b 1
93 55 c 4
93 61 d 0
93 36 e 1
94 95 a 1
94 95 b 1
94 31 c 4
94 37 d 0
94 43 e 4
95 96 a 1
95 96 b 1
95 111 c 4
95 85 d 3
95 47 e 0
96 97 a 1
96 97 b 1
96 68 c 1
96 25 d 2
97 98 a 1
97 98 b 1
97 6 c 4
97 75 d 4
97 64 e 4
98 99 a 1
98 99 b 1
98 111 c 3
98 81 d 3
98 56 e 2
99 100 a 1
99 100 b 1
99 127 c 4
99 125 d 4
99 75 e 3
100 101 a 1
100 101 b 1
100 61 c 0
100 35 d 3
100 112 e 0
101 102 a 1
101 102 b 1
101 67 c 1
101 59 d 1
101 110 e 3
102 103 a 1
102 103 b 1
102 3 c 1
102 39 e 1
103 104 a 1
103 104 b 1
103 106 c 1
103 22 e 4
104 105 a 1
104 105 b 1
104 21 c 4
104 89 d 0
104 74 e 0
105 106 a 1
105 106 b 1
105 38 c 4
105 81 d 2
105 57 e 3
106 107 a 1
106 107 b 1
106 119 c 0
106 88 d 1
106 56 e 0
107 108 a 1
107 108 b 1
107 71 c 4
107 60 d 2
107 77 e 0
108 109 a 1
108 109 b 1
108 122 c 3
108 11 d 3
108 22 e 1
109 110 a 1
109 110 b 1
109 64 c 2
109 73 d 1
109 97 e 3
110 111 a 1
110 111 b 1
110 61 c 2
110 46 d 0
110 40 e 1
111 112 a 1
111 112 b 1
111 107 c 4
111 125 d 0
111 106 e 3
112 113 a 1
112 113 b 1
112 40 c 1
112 73 d 4
112 2 e 0
113 114 a 1
113 114 b 1
113 8 d 3
113 48 e 3
114 115 a 1
114 115 b 1
114 11 c 1
114 25 e 2
115 116 a 1
115 116 b 1
115 81 c 1
115 89 d 3
115 120 e 0
116 117 a 1
116 117 b 1
116 42 c 4
116 99 d 4
116 41 e 0
117 118 a 1
117 118 b 1
117 30 c 4
117 64 d 1
117 63 e 3
118 119 a 1
118 119 b 1
118 74 c 0
118 10 d 4
118 11 e 1
119 120 a 1
119 120 b 1
119 73 d 2
119 119 e 3
120 121 a 1
120 121 b 1
120 6 d 1
121 122 a 1
121 122 b 1
121 58 c 0
121 10 d 0
121 50 e 2
122 123 a 1
122 123 b 1
122 83 c 1
122 54 e 2
123 124 a 1
123 124 b 1
123 51 c 3
123 34 d 1
123 84 e 1
124 125 a 1
124 125 b 1
124 107 c 4
124 27 d 1
124 53 e 2
125 126 a 1
125 126 b 1
125 34 c 3
125 19 d 0
126 127 a 1
126 127 b 1
126 28 c 3
126 74 d 2
126 101 e 1
127 128 a 1
127 128 b 1
127 109 c 4
127 37 d 4
127 19 e 2
128 128 a 0
128 128 b 0
128 65 c 3
128 2 d 1

57 128 608 5 5 0
1 2 a 1
1 2 b 1
1 74 c 4
1 125 d 1
1 23 e 1
2 3 a 1
2 3 b 1
2 37 c 4
2 83 d 0
2 105 e 1
3 4 a 1
3 4 b 1
3 67 c 1
3 123 d 0
3 79 e 1
4 5 a 1
4 5 b 1
4 94 c 2
4 23 e 4
5 6 a 1
5 6 b 1
5 25 c 0
5 122 d 4
5 116 e 3
6 7 a 1
6 7 b 1
6 60 c 3
6 9 d 3
6 64 e 0
7 8 a 1
7 8 b 1
7 10 c 3
7 72 d 3
7 61 e 2
8 9 a 1
8 9 b 1
8 101 c 4
8 103 d 0
8 46 e 1
9 10 a 1
9 10 b 1
9 126 c 1
9 64 d 3
9 60 e 1
10 11 a 1
10 11 b 1
10 41 c 1
10 38 d 4
10 107 e 3
11 12 a 1
11 12 b 1
11 1 c 1
11 105 e 1
12 13 a 1
12 13 b 1
12 82 c 0
12 21 d 3
12 13 e 1
13 14 a 1
13 14 b 1
13 79 c 0
13 31 d 1
13 5 e 2
14 15 a 1
14 15 b 1
14 42 d 2
14 88 e 4
15 16 a 1
15 16 b 1
15 62 c 3
15 26 d 2
15 6 e 2
16 17 a 1
16 17 b 1
16 40 c 4
16 59 d 2
16 90 e 2
17 18 a 1
17 18 b 1
17 37 d 0
17 95 e 3
18 19 a 1
18 19 b 1
18 69 c 4
18 122 d 0
18 123 e 4
19 20 a 1
19 20 b 1
19 39 c 4
19 13 d 0
19 122 e 0
20 21 a 1
20 21 b 1
20 24 c 0
20 40 d 3
20 57 e 2
21 22 a 1
21 22 b 1
21 80 c 3
21 71 d 3
21 19 e 0
22 23 a 1
22 23 b 1
22 56 c 4
22 112 d 2
23 24 a 1
23 24 b 1
24 25 a 1
24 25 b 1
24 23 c 4
24 36 d 0
24 100 e 3
25 26 a 1
25 26 b 1
25 20 c 3
25 121 d 0
25 42 e 1
26 27 a 1
26 27 b 1
26 121 c 0
26 120 d 0
26 123 e 3
27 28 a 1
27 28 b 1
27 1 c 3
27 7 d 4
27 25 e 2
28 29 a 1
28 29 b 1
28 57 c 3
28 5 d 4
28 40 e 1
29 30 a 1
29 30 b 1
29 4 c 4
29 8 d 4
29 60 e 1
30 31 a 1
30 31 b 1
30 71 c 4
30 11 d 2
30 92 e 1
31 32 a 1
31 32 b 1
31 15 c 3
31 2 d 2
31 65 e 0
32 33 a 1
32 33 b 1
32 80 c 3
32 121 d 0
33 34 a 1
33 34 b 1
33 26 c 2
33 53 d 0
33 17 e 3
34 35 a 1
34 35 b 1
34 83 c 2
34 61 e 4
35 36 a 1
35 36 b 1
35 79 c 1
35 94 d 4
35 1 e 3
36 37 a 1
36 37 b 1
36 126 c 2
36 78 d 0
36 118 e 3
37 38 a 1
37 38 b 1
37 91 d 2
37 18 e 1
38 39 a 1
38 39 b 1
38 17 c 1
38 107 d 0
38 95 e 0
39 40 a 1
39 40 b 1
39 100 c 4
39 108 d 4
39 82 e 0
40 41 a 1
40 41 b 1
40 25 c 3
40 84 d 1
40 7 e 3
41 42 a 1
41 42 b 1
41 5 c 0
41 31 d 2
41 44 e 1
42 43 a 1
42 43 b 1
42 109 d 2
42 72 e 3
43 44 a 1
43 44 b 1
43 125 c 2
43 54 e 4
44 45 a 1
44 45 b 1
44 36 d 2
45 46 a 1
45 46 b 1
45 110 c 2
45 111 d 3
45 83 e 1
46 47 a 1
46 47 b 1
46 125 c 4
46 102 d 4
46 15 e 4
47 48 a 1
47 48 b 1
47 96 c 1
47 6 d 3
47 20 e 3
48 49 a 1
48 49 b 1
48 111 c 1
48 71 d 1
48 121 e 2
49 50 a 1
49 50 b 1
49 15 c 4
49 102 d 4
49 90 e 0
50 51 a 1
50 51 b 1
50 124 c 4
50 65 d 4
50 58 e 2
51 52 a 1
51 52 b 1
51 32 c 2
51 48 d 1
51 34 e 2
52 53 a 1
52 53 b 1
52 113 c 0
52 102 d 3
52 64 e 4
53 54 a 1
53 54 b 1
53 15 c 2
53 6 d 1
53 55 e 4
54 55 a 1
54 55 b 1
54 12 d 3
54 77 e 1
55 56 a 1
55 56 b 1
55 33 c 1
55 87 d 4
55 8 e 1
56 57 a 1
56 57 b 1
56 16 c 4
56 119 d 1
56 105 e 2
57 58 a 1
57 58 b 1
57 52 c 3
57 21 d 1
57 9 e 1
58 59 a 1
58 59 b 1
58 42 c 1
58 126 d 3
58 20 e 0
59 60 a 1
59 60 b 1
59 62 e 1
60 61 a 1
60 61 b 1
60 81 c 2
60 62 d 2
60 114 e 2
61 62 a 1
61 62 b 1
61 88 d 0
61 112 e 4
62 63 a 1
62 63 b 1
62 117 c 3
62 124 d 0
62 60 e 4
63 64 a 1
63 64 b 1
63 44 c 1
63 77 d 1
63 26 e 0
64 65 a 1
64 65 b 1
64 52 c 0
64 100 d 1
64 119 e 0
65 66 a 1
65 66 b 1
65 51 c 0
65 43 d 2
65 60 e 2
66 67 a 1
66 67 b 1
66 26 c 4
66 108 e 4
67 68 a 1
67 68 b 1
67 34 c 1
67 85 d 3
67 70 e 3
68 69 a 1
68 69 b 1
68 44 c 2
68 2 d 4
68 60 e 0
69 70 a 1
69 70 b 1
69 120 c 1
69 100 d 3
69 3 e 2
70 71 a 1
70 71 b 1
70 37 c 2
70 42 e 3
71 72 a 1
71 72 b 1
71 74 c 4
71 50 d 1
71 46 e 0
72 73 a 1
72 73 b 1
72 91 c 4
72 33 d 1
72 20 e 0
73 74 a 1
73 74 b 1
73 43 c 3
73 70 d 3
73 30 e 4
74 75 a 1
74 75 b 1
74 39 c 3
74 105 d 2
74 24 e 0
75 76 a 1
75 76 b 1
75 32 c 4
75 76 d 3
75 68 e 1
76 77 a 1
76 77 b 1
76 66 c 3
76 41 d 2
76 124 e 0
77 78 a 1
77 78 b 1
77 87 c 0
77 25 d 4
78 79 a 1
78 79 b 1
78 124 c 0
78 56 d 2
78 59 e 0
79 80 a 1
79 80 b 1
79 98 c 2
79 35 d 3
79 82 e 4
80 81 a 1
80 81 b 1
80 109 c 3
80 25 d 0
80 61 e 2
81 82 a 1
81 82 b 1
81 42 c 3
81 53 d 4
81 98 e 2
82 83 a 1
82 83 b 1
82 10 c 0
82 64 d 3
82 62 e 3
83 84 a 1
83 84 b 1
83 7 c 2
83 5 d 3
83 84 e 2
84 85 a 1
84 85 b 1
84 34 c 2
84 78 d 3
84 102 e 2
85 86 a 1
85 86 b 1
85 107 c 3
85 48 d 4
85 30 e 4
86 87 a 1
86 87 b 1
86 112 c 3
86 9 d 1
86 98 e 4
87 88 a 1
87 88 b 1
87 58 c 3
87 52 d 0
87 17 e 0
88 89 a 1
88 89 b 1
88 99 c 4
88 32 d 0
88 88 e 3
89 90 a 1
89 90 b 1
89 92 c 3
89 123 d 4
89 109 e 4
90 91 a 1
90 91 b 1
90 29 c 1
90 78 d 2
90 65 e 4
91 92 a 1
91 92 b 1
91 81 c 2
91 107 d 0
91 39 e 3
92 93 a 1
92 93 b 1
92 69 c 1
92 8 d 2
92 105 e 4
93 94 a 1
93 94 b 1
93 52 c 2
93 98 d 3
93 47 e 0
94 95 a 1
94 95 b 1
94 84 c 3
94 83 e 4
95 96 a 1
95 96 b 1
95 123 c 1
95 10 d 3
95 25 e 0
96 97 a 1
96 97 b 1
96 12 c 1
96 113 e 4
97 98 a 1
97 98 b 1
97 70 c 1
97 61 d 1
97 115 e 2
98 99 a 1
98 99 b 1
98 3 c 2
98 125 d 1
98 15 e 4
99 100 a 1
99 100 b 1
99 40 d 2
99 24 e 0
100 101 a 1
100 101 b 1
100 21 c 4
100 64 d 1
100 72 e 3
101 102 a 1
101 102 b 1
101 65 c 2
101 81 e 0
102 103 a 1
102 103 b 1
102 68 c 3
102 127 d 4
102 127 e 2
103 104 a 1
103 104 b 1
103 107 c 0
103 37 d 4
103 120 e 1
104 105 a 1
104 105 b 1
104 88 c 4
104 47 d 4
104 56 e 1
105 106 a 1
105 106 b 1
105 123 c 4
105 90 d 2
105 81 e 2
106 107 a 1
106 107 b 1
106 120 c 2
106 72 d 4
106 36 e 3
107 108 a 1
107 108 b 1
107 1 c 1
107 44 d 2
107 14 e 3
108 109 a 1
108 109 b 1
108 115 c 0
108 72 d 4
108 80 e 3
109 110 a 1
109 110 b 1
109 23 c 1
109 104 d 3
109 63 e 4
110 111 a 1
110 111 b 1
110 105 c 2
110 114 d 1
110 2 e 3
111 112 a 1
111 112 b 1
111 116 c 0
111 112 d 4
111 78 e 2
112 113 a 1
112 113 b 1
112 116 e 1
113 114 a 1
113 114 b 1
113 58 c 0
113 53 d 4
113 43 e 0
114 115 a 1
114 115 b 1
114 71 c 1
114 57 d 4
114 78 e 2
115 116 a 1
115 116 b 1
115 17 c 0
115 121 d 4
115 94 e 0
116 117 a 1
116 117 b 1
116 94 c 0
116 33 d 2
117 118 a 1
117 118 b 1
117 77 c 3
117 80 d 3
117 82 e 0
118 119 a 1
118 119 b 1
118 37 c 2
118 70 d 2
118 117 e 4
119 120 a 1
119 120 b 1
119 125 c 1
119 39 d 0
119 107 e 1
120 121 a 1
120 121 b 1
120 102 c 0
120 34 d 0
120 100 e 3
121 122 a 1
121 122 b 1
121 83 c 2
121 115 d 3
121 83 e 1
122 123 a 1
122 123 b 1
122 109 c 3
122 31 e 1
123 124 a 1
123 124 b 1
123 117 c 3
123 48 d 3
124 125 a 1
124 125 b 1
124 62 c 4
124 57 d 0
124 115 e 1
125 126 a 1
125 126 b 1
125 50 c 2
125 27 d 0
125 65 e 2
126 127 a 1
126 127 b 1
126 13 c 4
126 109 d 1
126 105 e 2
127 128 a 1
127 128 b 1
127 77 c 2
127 12 d 4
127 81 e 3
128 128 a 0
128 128 b 0
128 116 d 2
128 38 e 4

58 128 593 5 5 0
1 2 a 1
1 2 b 1
1 98 c 3
1 102 d 2
1 78 e 1
2 3 a 1
2 3 b 1
2 121 c 3
2 85 d 1
2 109 e 4
3 4 a 1
3 4 b 1
3 93 c 2
3 117 d 4
3 91 e 4
4 5 a 1
4 5 b 1
4 3 c 2
4 86 d 4
4 27 e 0
5 6 a 1
5 6 b 1
5 121 c 4
5 53 d 4
5 17 e 1
6 7 a 1
6 7 b 1
6 77 c 3
6 35 d 1
6 46 e 3
7 8 a 1
7 8 b 1
7 116 c 2
7 62 d 2
7 20 e 4
8 9 a 1
8 9 b 1
8 6 c 3
8 93 e 2
9 10 a 1
9 10 b 1
9 122 d 0
9 60 e 1
10 11 a 1
10 11 b 1
10 15 c 3
10 59 d 2
10 101 e 1
11 12 a 1
11 12 b 1
11 41 c 2
11 107 d 1
11 81 e 2
12 13 a 1
12 13 b 1
12 117 c 0
12 70 d 4
13 14 a 1
13 14 b 1
13 5 c 4
13 105 d 3
13 63 e 3
14 15 a 1
14 15 b 1
14 57 c 0
14 118 d 2
14 32 e 1
15 16 a 1
15 16 b 1
15 108 c 0
15 31 d 0
15 124 e 2
16 17 a 1
16 17 b 1
16 32 c 1
16 11 e 0
17 18 a 1
17 18 b 1
17 44 e 2
18 19 a 1
18 19 b 1
18 44 c 3
18 23 d 4
18 40 e 2
19 20 a 1
19 20 b 1
19 96 c 2
19 116 d 3
19 31 e 0
20 21 a 1
20 21 b 1
20 26 c 2
20 44 d 4
20 87 e 1
21 22 a 1
21 22 b 1
21 34 c 0
21 22 d 3
21 86 e 1
22 23 a 1
22 23 b 1
22 19 c 4
22 40 d 2
22 49 e 1
23 24 a 1
23 24 b 1
23 29 c 2
23 95 d 4
23 44 e 4
24 25 a 1
24 25 b 1
24 19 c 0
24 98 d 1
24 35 e 2
25 26 a 1
25 26 b 1
25 33 c 3
25 103 d 4
25 19 e 0
26 27 a 1
26 27 b 1
26 53 c 4
26 66 d 3
26 122 e 0
27 28 a 1
27 28 b 1
27 120 c 4
27 102 d 4
28 29 a 1
28 29 b 1
28 88 c 3
28 124 d 3
28 122 e 2
29 30 a 1
29 30 b 1
29 5 c 2
29 21 d 1
29 10 e 2
30 31 a 1
30 31 b 1
30 46 d 2
31 32 a 1
31 32 b 1
31 56 c 3
31 101 d 4
31 73 e 0
32 33 a 1
32 33 b 1
32 15 c 0
32 23 d 0
32 90 e 4
33 34 a 1
33 34 b 1
33 61 d 4
33 38 e 3
34 35 a 1
34 35 b 1
34 18 c 2
34 92 e 4
35 36 a 1
35 36 b 1
35 120 c 1
35 97 e 1
36 37 a 1
36 37 b 1
36 57 c 1
36 95 d 0
36 47 e 3
37 38 a 1
37 38 b 1
37 51 c 0
37 64 d 2
37 27 e 3
38 39 a 1
38 39 b 1
38 32 c 4
38 11 d 0
38 64 e 1
39 40 a 1
39 40 b 1
39 13 c 3
39 4 d 2
39 75 e 3
40 41 a 1
40 41 b 1
40 28 c 4
40 8 d 3
40 74 e 1
41 42 a 1
41 42 b 1
41 77 c 3
41 97 d 0
42 43 a 1
42 43 b 1
42 96 c 1
42 35 d 4
42 102 e 4
43 44 a 1
43 44 b 1
43 86 c 0
43 118 d 1
43 43 e 0
44 45 a 1
44 45 b 1
44 50 c 1
44 15 d 3
44 82 e 4
45 46 a 1
45 46 b 1
45 95 c 2
45 98 d 1
45 36 e 2
46 47 a 1
46 47 b 1
46 21 c 4
46 47 d 2
46 7 e 0
47 48 a 1
47 48 b 1
47 107 c 0
47 80 d 1
47 111 e 0
48 49 a 1
48 49 b 1
48 78 c 1
48 58 d 1
48 35 e 1
49 50 a 1
49 50 b 1
49 80 c 0
49 25 d 1
49 16 e 3
50 51 a 1
50 51 b 1
50 13 c 2
50 33 e 3
51 52 a 1
51 52 b 1
51 99 c 0
51 86 d 4
51 73 e 2
52 53 a 1
52 53 b 1
52 1 c 1
52 84 d 2
52 82 e 2
53 54 a 1
53 54 b 1
53 71 c 2
53 46 d 4
53 49 e 4
54 55 a 1
54 55 b 1
54 76 c 1
54 55 d 1
54 56 e 3
55 56 a 1
55 56 b 1
55 13 c 0
55 82 d 2
55 105 e 1
56 57 a 1
56 57 b 1
56 108 e 4
57 58 a 1
57 58 b 1
57 40 c 4
57 90 d 3
57 30 e 1
58 59 a 1
58 59 b 1
58 46 c 2
58 115 d 4
58 13 e 4
59 60 a 1
59 60 b 1
59 64 c 2
59 116 d 2
59 106 e 3
60 61 a 1
60 61 b 1
60 29 d 1
60 122 e 1
61 62 a 1
61 62 b 1
61 82 c 1
61 100 d 4
61 97 e 3
62 63 a 1
62 63 b 1
62 60 c 1
62 124 d 4
63 64 a 1
63 64 b 1
63 65 c 0
63 107 e 3
64 65 a 1
64 65 b 1
64 33 c 3
64 70 d 2
64 42 e 0
65 66 a 1
65 66 b 1
65 103 c 3
65 105 d 1
65 121 e 2
66 67 a 1
66 67 b 1
66 85 c 2
66 5 d 4
66 87 e 3
67 68 a 1
67 68 b 1
67 58 c 4
67 58 d 1
67 25 e 1
68 69 a 1
68 69 b 1
68 96 c 0
68 102 d 4
68 7 e 1
69 70 a 1
69 70 b 1
69 1 c 4
69 52 d 2
69 115 e 0
70 71 a 1
70 71 b 1
70 97 c 1
70 109 d 0
71 72 a 1
71 72 b 1
71 4 c 1
71 82 d 4
71 106 e 0
72 73 a 1
72 73 b 1
72 52 c 0
72 113 d 3
72 80 e 2
73 74 a 1
73 74 b 1
73 58 d 2
73 2 e 0
74 75 a 1
74 75 b 1
74 85 c 1
74 84 d 3
74 51 e 0
75 76 a 1
75 76 b 1
75 30 d 3
75 8 e 1
76 77 a 1
76 77 b 1
76 3 c 0
76 40 d 3
76 94 e 1
77 78 a 1
77 78 b 1
77 30 d 0
77 49 e 3
78 79 a 1
78 79 b 1
78 3 c 4
78 118 d 1
79 80 a 1
79 80 b 1
79 19 c 0
79 115 d 2
79 62 e 4
80 81 a 1
80 81 b 1
80 26 d 4
80 110 e 2
81 82 a 1
81 82 b 1
81 98 c 1
81 11 d 0
82 83 a 1
82 83 b 1
82 83 c 3
82 25 d 0
82 121 e 2
83 84 a 1
83 84 b 1
83 110 d 1
83 125 e 0
84 85 a 1
84 85 b 1
84 52 c 4
84 91 d 3
84 19 e 2
85 86 a 1
85 86 b 1
85 5 d 0
85 84 e 0
86 87 a 1
86 87 b 1
86 46 c 1
86 29 d 0
86 94 e 1
87 88 a 1
87 88 b 1
87 65 c 1
87 7 d 2
87 69 e 2
88 89 a 1
88 89 b 1
88 83 c 1
88 65 d 0
89 90 a 1
89 90 b 1
89 38 d 2
89 81 e 4
90 91 a 1
90 91 b 1
90 67 d 4
90 125 e 4
91 92 a 1
91 92 b 1
91 2 c 1
91 120 d 0
91 90 e 0
92 93 a 1
92 93 b 1
92 23 c 3
92 74 d 4
93 94 a 1
93 94 b 1
93 6 c 2
93 104 d 2
93 47 e 2
94 95 a 1
94 95 b 1
94 68 c 2
94 92 d 2
94 107 e 0
95 96 a 1
95 96 b 1
95 60 c 2
95 18 d 2
95 7 e 4
96 97 a 1
96 97 b 1
96 107 d 1
96 40 e 1
97 98 a 1
97 98 b 1
97 38 c 4
97 118 d 4
97 56 e 2
98 99 a 1
98 99 b 1
98 25 c 1
98 50 d 2
98 117 e 4
99 100 a 1
99 100 b 1
99 97 c 2
99 70 d 2
99 91 e 1
100 101 a 1
100 101 b 1
100 21 c 3
100 101 e 3
101 102 a 1
101 102 b 1
101 73 e 1
102 103 a 1
102 103 b 1
102 96 c 4
102 35 d 1
102 95 e 1
103 104 a 1
103 104 b 1
103 117 e 0
104 105 a 1
104 105 b 1
104 13 d 3
105 106 a 1
105 106 b 1
105 67 c 0
105 59 d 0
105 98 e 4
106 107 a 1
106 107 b 1
106 88 c 2
106 6 d 1
106 2 e 3
107 108 a 1
107 108 b 1
107 108 c 2
107 16 d 1
107 40 e 1
108 109 a 1
108 109 b 1
108 96 c 3
108 12 d 1
108 24 e 2
109 110 a 1
109 110 b 1
109 12 c 1
109 45 d 2
109 117 e 2
110 111 a 1
110 111 b 1
110 78 c 4
110 99 d 2
110 22 e 3
111 112 a 1
111 112 b 1
111 60 c 0
111 25 d 4
111 88 e 3
112 113 a 1
112 113 b 1
112 95 c 2
112 116 d 3
112 34 e 3
113 114 a 1
113 114 b 1
113 69 c 0
113 105 d 0
113 107 e 0
114 115 a 1
114 115 b 1
114 105 c 3
114 37 d 1
114 92 e 3
115 116 a 1
115 116 b 1
115 118 c 2
115 72 e 4
116 117 a 1
116 117 b 1
116 5 c 1
116 3 d 1
116 80 e 3
117 118 a 1
117 118 b 1
117 9 c 1
117 91 d 3
117 9 e 0
118 119 a 1
118 119 b 1
118 106 d 3
119 120 a 1
119 120 b 1
119 61 c 4
119 11 d 0
120 121 a 1
120 121 b 1
120 28 c 4
120 23 d 3
120 30 e 2
121 122 a 1
121 122 b 1
121 49 c 3
121 18 d 0
121 99 e 4
122 123 a 1
122 123 b 1
122 60 c 3
122 81 d 0
122 107 e 4
123 124 a 1
123 124 b 1
123 125 c 4
123 125 d 3
123 100 e 2
124 125 a 1
124 125 b 1
124 47 c 1
124 113 d 1
124 80 e 3
125 126 a 1
125 126 b 1
125 83 d 0
125 3 e 3
126 127 a 1
126 127 b 1
126 36 c 4
126 104 d 3
126 51 e 0
127 128 a 1
127 128 b 1
127 73 e 1
128 128 a 0
128 128 b 0
128 3 c 1
128 78 d 0
128 27 e 4

59 128 587 5 5 0
1 2 a 1
1 2 b 1
1 16 c 0
1 81 e 2
2 3 a 1
2 3 b 1
2 65 c 3
2 1 d 1
2 30 e 1
3 4 a 1
3 4 b 1
3 49 c 3
3 80 e 0
4 5 a 1
4 5 b 1
4 99 c 2
4 11 d 4
4 120 e 3
5 6 a 1
5 6 b 1
5 36 c 4
5 74 e 2
6 7 a 1
6 7 b 1
6 94 c 1
6 52 d 2
6 62 e 4
7 8 a 1
7 8 b 1
7 60 c 1
7 80 d 2
7 115 e 2
8 9 a 1
8 9 b 1
8 74 c 2
8 108 d 1
8 67 e 2
9 10 a 1
9 10 b 1
9 102 c 1
9 19 d 4
9 117 e 4
10 11 a 1
10 11 b 1
10 89 c 2
10 37 d 0
10 78 e 4
11 12 a 1
11 12 b 1
11 16 c 0
11 3 d 3
11 74 e 4
12 13 a 1
12 13 b 1
12 26 d 0
12 34 e 3
13 14 a 1
13 14 b 1
13 60 c 3
13 76 d 0
13 64 e 2
14 15 a 1
14 15 b 1
14 97 d 3
14 120 e 3
15 16 a 1
15 16 b 1
15 92 d 0
15 84 e 3
16 17 a 1
16 17 b 1
16 14 c 2
16 73 e 3
17 18 a 1
17 18 b 1
17 120 e 0
18 19 a 1
18 19 b 1
18 39 c 0
18 57 d 1
18 106 e 2
19 20 a 1
19 20 b 1
19 116 d 0
19 69 e 1
20 21 a 1
20 21 b 1
20 87 c 2
20 119 d 1
20 125 e 2
21 22 a 1
21 22 b 1
21 52 c 3
21 58 d 2
21 57 e 0
22 23 a 1
22 23 b 1
22 1 c 2
22 66 d 0
22 71 e 1
23 24 a 1
23 24 b 1
23 121 c 3
23 88 d 1
23 98 e 1
24 25 a 1
24 25 b 1
24 39 c 2
24 27 d 3
24 6 e 1
25 26 a 1
25 26 b 1
25 103 c 2
25 115 d 2
25 48 e 2
26 27 a 1
26 27 b 1
26 9 c 2
26 12 e 0
27 28 a 1
27 28 b 1
27 105 c 0
27 123 d 0
27 107 e 0
28 29 a 1
28 29 b 1
28 22 c 3
28 21 d 2
28 92 e 0
29 30 a 1
29 30 b 1
29 85 c 2
29 123 d 0
29 16 e 2
30 31 a 1
30 31 b 1
30 41 c 0
30 1 d 4
30 13 e 1
31 32 a 1
31 32 b 1
31 116 c 0
31 32 d 2
31 58 e 1
32 33 a 1
32 33 b 1
32 21 e 0
33 34 a 1
33 34 b 1
33 70 c 2
33 92 d 1
33 106 e 2
34 35 a 1
34 35 b 1
34 36 c 2
34 5 d 2
34 22 e 2
35 36 a 1
35 36 b 1
35 96 c 4
35 105 d 3
35 68 e 0
36 37 a 1
36 37 b 1
36 40 c 3
36 42 d 4
36 114 e 2
37 38 a 1
37 38 b 1
37 40 e 2
38 39 a 1
38 39 b 1
38 40 c 4
38 125 d 3
38 75 e 3
39 40 a 1
39 40 b 1
39 9 c 3
39 5 e 4
40 41 a 1
40 41 b 1
40 24 c 1
40 69 d 2
40 47 e 0
41 42 a 1
41 42 b 1
41 15 c 0
41 47 d 0
41 24 e 4
42 43 a 1
42 43 b 1
42 41 c 0
42 112 d 1
42 2 e 4
43 44 a 1
43 44 b 1
43 74 e 1
44 45 a 1
44 45 b 1
44 67 c 4
44 46 d 2
44 98 e 0
45 46 a 1
45 46 b 1
45 110 c 4
45 53 e 3
46 47 a 1
46 47 b 1
46 74 c 3
46 64 e 3
47 48 a 1
47 48 b 1
47 113 d 2
47 119 e 1
48 49 a 1
48 49 b 1
48 79 c 2
48 37 d 2
48 43 e 4
49 50 a 1
49 50 b 1
49 49 d 1
49 15 e 3
50 51 a 1
50 51 b 1
50 60 c 3
50 80 d 2
50 21 e 3
51 52 a 1
51 52 b 1
51 23 c 0
51 74 d 2
51 99 e 4
52 53 a 1
52 53 b 1
52 28 c 1
52 65 d 2
52 56 e 3
53 54 a 1
53 54 b 1
53 37 c 1
53 3 d 4
53 88 e 0
54 55 a 1
54 55 b 1
54 82 c 4
54 71 d 2
54 96 e 1
55 56 a 1
55 56 b 1
55 81 c 2
55 44 d 0
55 28 e 2
56 57 a 1
56 57 b 1
56 83 c 3
56 53 d 4
56 89 e 3
57 58 a 1
57 58 b 1
57 2 c 3
57 5 d 3
57 127 e 3
58 59 a 1
58 59 b 1
58 29 c 0
58 24 d 3
59 60 a 1
59 60 b 1
59 107 d 0
59 25 e 1
60 61 a 1
60 61 b 1
60 123 c 4
60 116 d 2
60 21 e 0
61 62 a 1
61 62 b 1
61 80 d 4
61 101 e 0
62 63 a 1
62 63 b 1
62 59 c 3
62 59 d 4
63 64 a 1
63 64 b 1
63 101 c 1
63 2 d 0
63 121 e 3
64 65 a 1
64 65 b 1
64 33 c 2
64 81 d 2
64 90 e 2
65 66 a 1
65 66 b 1
65 66 c 4
65 91 d 4
65 69 e 2
66 67 a 1
66 67 b 1
66 47 c 2
66 118 d 3
67 68 a 1
67 68 b 1
67 85 c 4
67 4 d 3
67 67 e 0
68 69 a 1
68 69 b 1
68 89 c 1
68 48 d 3
68 66 e 2
69 70 a 1
69 70 b 1
69 36 c 1
69 20 d 3
69 109 e 4
70 71 a 1
70 71 b 1
70 96 c 4
70 75 d 0
70 112 e 3
71 72 a 1
71 72 b 1
71 76 c 1
71 32 d 3
71 75 e 2
72 73 a 1
72 73 b 1
72 72 c 2
72 60 d 0
72 24 e 2
73 74 a 1
73 74 b 1
73 76 c 3
73 39 d 3
73 84 e 0
74 75 a 1
74 75 b 1
74 127 c 1
74 1 d 3
74 90 e 1
75 76 a 1
75 76 b 1
75 34 c 3
75 69 d 0
75 16 e 4
76 77 a 1
76 77 b 1
76 93 c 3
76 65 d 3
76 1 e 1
77 78 a 1
77 78 b 1
77 61 c 1
78 79 a 1
78 79 b 1
78 113 c 3
78 20 d 0
78 7 e 1
79 80 a 1
79 80 b 1
79 66 c 0
79 40 d 3
80 81 a 1
80 81 b 1
80 88 d 3
80 122 e 3
81 82 a 1
81 82 b 1
81 93 c 0
81 20 d 3
82 83 a 1
82 83 b 1
82 72 c 0
82 104 d 3
82 76 e 2
83 84 a 1
83 84 b 1
84 85 a 1
84 85 b 1
84 41 c 1
84 75 d 4
84 125 e 1
85 86 a 1
85 86 b 1
85 127 c 3
85 108 d 1
85 7 e 0
86 87 a 1
86 87 b 1
86 110 c 1
86 103 d 0
86 37 e 0
87 88 a 1
87 88 b 1
87 36 c 4
87 104 d 3
87 18 e 2
88 89 a 1
88 89 b 1
88 13 d 2
88 58 e 0
89 90 a 1
89 90 b 1
89 100 d 1
89 79 e 3
90 91 a 1
90 91 b 1
90 23 d 4
90 75 e 0
91 92 a 1
91 92 b 1
91 126 c 0
91 118 d 2
92 93 a 1
92 93 b 1
92 125 c 1
92 22 d 0
92 80 e 1
93 94 a 1
93 94 b 1
93 33 c 2
93 41 d 1
93 3 e 3
94 95 a 1
94 95 b 1
94 44 c 1
94 72 d 3
94 42 e 2
95 96 a 1
95 96 b 1
95 77 c 1
95 73 d 2
95 62 e 3
96 97 a 1
96 97 b 1
96 126 c 0
96 41 d 0
96 75 e 3
97 98 a 1
97 98 b 1
97 54 c 3
97 12 d 3
97 127 e 0
98 99 a 1
98 99 b 1
98 107 d 2
98 28 e 0
99 100 a 1
99 100 b 1
99 96 c 2
99 13 e 3
100 101 a 1
100 101 b 1
100 88 d 1
100 23 e 4
101 102 a 1
101 102 b 1
101 16 c 4
101 96 d 2
101 96 e 1
102 103 a 1
102 103 b 1
102 85 d 4
102 75 e 0
103 104 a 1
103 104 b 1
103 64 d 4
103 60 e 3
104 105 a 1
104 105 b 1
104 74 c 1
104 115 d 3
105 106 a 1
105 106 b 1
105 65 d 3
105 10 e 4
106 107 a 1
106 107 b 1
106 57 c 2
106 115 d 1
107 108 a 1
107 108 b 1
107 98 c 2
107 64 d 1
107 64 e 0
108 109 a 1
108 109 b 1
108 112 c 1
108 14 d 3
108 108 e 3
109 110 a 1
109 110 b 1
109 64 c 4
109 11 d 3
109 116 e 0
110 111 a 1
110 111 b 1
110 63 c 2
110 37 d 3
110 40 e 2
111 112 a 1
111 112 b 1
111 115 c 4
111 65 d 0
112 113 a 1
112 113 b 1
112 44 c 2
112 7 d 4
112 28 e 1
113 114 a 1
113 114 b 1
113 99 c 4
113 110 d 0
113 65 e 1
114 115 a 1
114 115 b 1
114 28 c 4
114 55 d 0
114 21 e 4
115 116 a 1
115 116 b 1
115 102 c 0
115 112 d 0
115 127 e 2
116 117 a 1
116 117 b 1
116 119 d 2
116 51 e 3
117 118 a 1
117 118 b 1
117 69 c 3
117 93 e 2
118 119 a 1
118 119 b 1
118 5 c 4
118 41 d 3
118 7 e 3
119 120 a 1
119 120 b 1
119 104 c 3
119 68 d 0
119 85 e 3
120 121 a 1
120 121 b 1
120 85 c 2
120 85 d 2
120 28 e 0
121 122 a 1
121 122 b 1
121 19 c 2
121 23 d 3
122 123 a 1
122 123 b 1
122 13 c 3
122 93 d 3
122 45 e 2
123 124 a 1
123 124 b 1
123 48 c 1
123 23 d 1
124 125 a 1
124 125 b 1
124 64 c 1
124 81 d 4
125 126 a 1
125 126 b 1
125 125 c 3
125 122 d 3
125 58 e 2
126 127 a 1
126 127 b 1
126 35 c 2
126 16 d 3
126 102 e 0
127 128 a 1
127 128 b 1
127 104 c 4
127 107 d 0
127 121 e 4
128 128 a 0
128 128 b 0
128 47 c 3
128 74 d 4
128 112 e 2

60 128 590 5 5 0
1 2 a 1
1 2 b 1
1 90 c 2
1 81 d 4
1 28 e 0
2 3 a 1
2 3 b 1
2 91 c 0
2 42 d 4
2 107 e 0
3 4 a 1
3 4 b 1
3 66 c 4
3 116 d 4
4 5 a 1
4 5 b 1
4 5 c 3
4 123 d 1
4 56 e 3
5 6 a 1
5 6 b 1
5 39 d 0
5 97 e 0
6 7 a 1
6 7 b 1
6 94 c 0
6 27 d 1
6 107 e 4
7 8 a 1
7 8 b 1
7 5 c 1
7 68 d 2
7 117 e 2
8 9 a 1
8 9 b 1
8 11 c 1
8 1 d 0
8 74 e 2
9 10 a 1
9 10 b 1
9 28 c 3
9 21 d 2
9 115 e 0
10 11 a 1
10 11 b 1
10 105 c 1
10 114 d 0
10 13 e 1
11 12 a 1
11 12 b 1
11 34 c 3
11 51 d 2
11 68 e 1
12 13 a 1
12 13 b 1
12 21 c 0
12 108 d 1
12 100 e 1
13 14 a 1
13 14 b 1
13 94 c 4
13 46 d 4
13 117 e 1
14 15 a 1
14 15 b 1
14 32 d 1
14 15 e 4
15 16 a 1
15 16 b 1
15 79 c 4
15 35 d 2
15 38 e 1
16 17 a 1
16 17 b 1
16 27 c 3
16 51 d 4
16 18 e 3
17 18 a 1
17 18 b 1
17 23 c 1
17 26 d 0
17 48 e 2
18 19 a 1
18 19 b 1
18 106 c 1
18 48 d 1
18 64 e 4
19 20 a 1
19 20 b 1
19 93 c 4
19 97 d 2
20 21 a 1
20 21 b 1
20 92 c 0
20 93 d 0
20 49 e 2
21 22 a 1
21 22 b 1
21 78 c 0
22 23 a 1
22 23 b 1
22 88 c 2
22 22 d 4
22 15 e 3
23 24 a 1
23 24 b 1
23 1 c 2
23 94 d 3
23 100 e 0
24 25 a 1
24 25 b 1
24 22 c 2
24 44 d 3
24 54 e 1
25 26 a 1
25 26 b 1
25 117 c 0
25 55 d 3
25 75 e 0
26 27 a 1
26 27 b 1
26 17 c 2
26 46 e 0
27 28 a 1
27 28 b 1
27 75 c 3
27 112 d 4
27 59 e 1
28 29 a 1
28 29 b 1
28 127 d 1
29 30 a 1
29 30 b 1
29 79 c 1
29 110 d 4
29 56 e 1
30 31 a 1
30 31 b 1
30 49 c 0
30 93 e 2
31 32 a 1
31 32 b 1
31 93 c 3
31 54 d 2
31 80 e 1
32 33 a 1
32 33 b 1
32 35 c 1
32 4 d 0
32 98 e 4
33 34 a 1
33 34 b 1
33 59 c 4
33 42 d 1
33 118 e 4
34 35 a 1
34 35 b 1
34 123 c 0
34 34 d 0
34 5 e 1
35 36 a 1
35 36 b 1
35 55 c 4
35 90 d 0
35 110 e 0
36 37 a 1
36 37 b 1
36 29 d 2
36 8 e 3
37 38 a 1
37 38 b 1
37 101 d 3
37 35 e 0
38 39 a 1
38 39 b 1
38 17 c 0
38 127 d 0
38 89 e 1
39 40 a 1
39 40 b 1
39 21 c 4
39 101 d 0
39 102 e 4
40 41 a 1
40 41 b 1
40 74 c 2
40 68 d 1
40 58 e 1
41 42 a 1
41 42 b 1
41 108 c 0
41 41 e 3
42 43 a 1
42 43 b 1
42 61 d 0
42 95 e 2
43 44 a 1
43 44 b 1
43 50 c 0
43 122 d 0
43 120 e 0
44 45 a 1
44 45 b 1
44 104 d 3
45 46 a 1
45 46 b 1
45 75 c 3
45 12 d 1
46 47 a 1
46 47 b 1
46 22 c 4
46 119 d 0
46 47 e 0
47 48 a 1
47 48 b 1
47 78 c 0
47 24 e 3
48 49 a 1
48 49 b 1
48 74 c 2
48 48 d 2
48 108 e 2
49 50 a 1
49 50 b 1
49 116 c 3
49 115 d 4
49 18 e 3
50 51 a 1
50 51 b 1
50 71 c 3
50 102 d 3
51 52 a 1
51 52 b 1
51 97 e 3
52 53 a 1
52 53 b 1
52 40 c 3
52 15 d 4
52 58 e 2
53 54 a 1
53 54 b 1
53 67 c 4
53 101 d 3
53 65 e 2
54 55 a 1
54 55 b 1
54 94 c 2
54 62 d 0
54 112 e 1
55 56 a 1
55 56 b 1
55 106 c 2
55 89 d 3
55 18 e 1
56 57 a 1
56 57 b 1
56 64 c 2
56 92 d 2
56 119 e 3
57 58 a 1
57 58 b 1
57 46 d 1
57 72 e 3
58 59 a 1
58 59 b 1
58 101 c 0
58 32 d 0
58 62 e 0
59 60 a 1
59 60 b 1
59 3 c 0
59 55 d 3
59 72 e 1
60 61 a 1
60 61 b 1
60 123 c 1
60 63 d 3
60 43 e 1
61 62 a 1
61 62 b 1
61 9 c 0
61 42 e 4
62 63 a 1
62 63 b 1
62 92 c 1
62 76 d 0
62 105 e 3
63 64 a 1
63 64 b 1
63 29 d 4
63 84 e 3
64 65 a 1
64 65 b 1
64 21 c 2
64 26 d 3
65 66 a 1
65 66 b 1
65 110 c 3
65 98 d 4
65 64 e 2
66 67 a 1
66 67 b 1
66 43 c 4
66 40 d 3
66 21 e 3
67 68 a 1
67 68 b 1
67 52 c 0
67 20 d 3
68 69 a 1
68 69 b 1
68 94 c 3
68 92 d 1
69 70 a 1
69 70 b 1
69 18 c 1
69 55 d 2
69 27 e 1
70 71 a 1
70 71 b 1
70 79 c 4
70 39 d 3
70 72 e 1
71 72 a 1
71 72 b 1
71 57 c 3
71 99 d 2
71 69 e 2
72 73 a 1
72 73 b 1
72 21 c 1
72 115 d 1
72 61 e 4
73 74 a 1
73 74 b 1
73 115 c 4
73 25 d 3
73 58 e 4
74 75 a 1
74 75 b 1
74 53 c 4
74 66 e 2
75 76 a 1
75 76 b 1
75 22 c 2
75 98 d 4
75 55 e 2
76 77 a 1
76 77 b 1
76 35 c 1
76 21 d 4
76 68 e 1
77 78 a 1
77 78 b 1
77 20 c 0
77 114 d 0
77 74 e 1
78 79 a 1
78 79 b 1
78 22 c 0
78 3 d 1
78 95 e 0
79 80 a 1
79 80 b 1
79 30 c 2
79 59 d 0
79 67 e 2
80 81 a 1
80 81 b 1
80 116 c 1
80 45 d 1
80 104 e 0
81 82 a 1
81 82 b 1
81 23 c 3
81 79 d 4
81 72 e 1
82 83 a 1
82 83 b 1
82 2 c 4
82 43 d 1
82 15 e 2
83 84 a 1
83 84 b 1
83 58 c 0
83 12 d 3
83 66 e 1
84 85 a 1
84 85 b 1
84 119 c 0
84 33 d 4
84 47 e 4
85 86 a 1
85 86 b 1
85 12 c 3
85 102 d 1
85 123 e 0
86 87 a 1
86 87 b 1
86 113 c 4
86 43 e 1
87 88 a 1
87 88 b 1
87 17 c 3
87 95 d 0
88 89 a 1
88 89 b 1
88 52 c 0
88 40 d 2
88 28 e 2
89 90 a 1
89 90 b 1
89 28 c 1
89 84 d 3
89 26 e 3
90 91 a 1
90 91 b 1
90 86 c 3
90 62 e 3
91 92 a 1
91 92 b 1
91 66 c 2
91 64 d 1
91 34 e 3
92 93 a 1
92 93 b 1
92 37 c 3
92 112 d 4
92 21 e 3
93 94 a 1
93 94 b 1
93 81 c 4
93 38 e 1
94 95 a 1
94 95 b 1
94 6 d 0
95 96 a 1
95 96 b 1
95 17 c 4
95 127 d 2
95 69 e 3
96 97 a 1
96 97 b 1
96 48 c 1
96 120 d 4
96 77 e 2
97 98 a 1
97 98 b 1
97 66 c 2
97 85 d 3
97 122 e 3
98 99 a 1
98 99 b 1
98 94 c 2
98 37 d 0
98 121 e 2
99 100 a 1
99 100 b 1
99 19 c 3
99 17 d 3
99 94 e 3
100 101 a 1
100 101 b 1
100 126 c 4
100 65 e 1
101 102 a 1
101 102 b 1
101 83 c 3
101 96 d 0
101 91 e 0
102 103 a 1
102 103 b 1
102 43 c 3
102 56 d 4
102 119 e 0
103 104 a 1
103 104 b 1
103 20 d 0
104 105 a 1
104 105 b 1
104 10 c 4
104 97 d 3
104 122 e 4
105 106 a 1
105 106 b 1
105 50 c 4
105 32 d 1
105 113 e 3
106 107 a 1
106 107 b 1
106 74 c 1
106 67 d 0
106 7 e 0
107 108 a 1
107 108 b 1
107 87 c 0
107 6 d 2
107 106 e 2
108 109 a 1
108 109 b 1
108 4 c 1
108 29 d 2
108 112 e 0
109 110 a 1
109 110 b 1
109 78 c 4
110 111 a 1
110 111 b 1
110 10 c 0
110 17 d 4
110 30 e 2
111 112 a 1
111 112 b 1
111 30 c 1
111 117 d 4
112 113 a 1
112 113 b 1
112 96 e 3
113 114 a 1
113 114 b 1
113 108 d 4
113 25 e 2
114 115 a 1
114 115 b 1
114 1 c 0
114 42 e 3
115 116 a 1
115 116 b 1
115 32 c 2
115 40 d 2
115 91 e 1
116 117 a 1
116 117 b 1
116 75 c 2
116 10 d 3
116 122 e 3
117 118 a 1
117 118 b 1
117 21 c 1
117 80 d 4
117 81 e 0
118 119 a 1
118 119 b 1
118 12 d 2
118 39 e 0
119 120 a 1
119 120 b 1
119 50 c 3
119 10 e 1
120 121 a 1
120 121 b 1
120 109 c 1
120 50 d 2
120 77 e 3
121 122 a 1
121 122 b 1
121 95 c 3
121 2 d 1
121 56 e 3
122 123 a 1
122 123 b 1
122 16 e 3
123 124 a 1
123 124 b 1
123 27 c 4
123 28 d 3
123 105 e 4
124 125 a 1
124 125 b 1
124 45 c 4
124 117 d 1
124 125 e 3
125 126 a 1
125 126 b 1
125 35 c 2
126 127 a 1
126 127 b 1
126 124 c 4
126 4 d 4
126 93 e 1
127 128 a 1
127 128 b 1
127 47 c 4
127 37 d 1
127 8 e 1
128 128 a 0
128 128 b 0
128 63 c 2
128 66 d 1
128 88 e 2

61 128 592 5 5 0
1 2 a 1
1 2 b 1
1 14 c 3
1 1 d 2
1 50 e 2
2 3 a 1
2 3 b 1
2 121 c 1
2 69 d 0
2 5 e 4
3 4 a 1
3 4 b 1
3 40 c 2
3 78 d 2
3 94 e 1
4 5 a 1
4 5 b 1
4 72 c 4
4 124 d 2
4 69 e 1
5 6 a 1
5 6 b 1
5 7 e 2
6 7 a 1
6 7 b 1
6 97 c 3
6 82 e 3
7 8 a 1
7 8 b 1
7 29 c 2
7 8 e 4
8 9 a 1
8 9 b 1
8 109 d 3
8 6 e 1
9 10 a 1
9 10 b 1
9 18 c 1
9 52 d 4
9 38 e 3
10 11 a 1
10 11 b 1
10 19 c 4
10 54 d 4
10 97 e 4
11 12 a 1
11 12 b 1
11 66 c 0
11 106 d 0
11 43 e 0
12 13 a 1
12 13 b 1
12 84 d 2
12 54 e 2
13 14 a 1
13 14 b 1
13 38 c 0
13 113 d 4
13 61 e 0
14 15 a 1
14 15 b 1
14 96 c 1
14 1 d 0
14 14 e 4
15 16 a 1
15 16 b 1
15 96 c 4
15 46 e 1
16 17 a 1
16 17 b 1
16 55 c 2
16 79 d 4
16 85 e 1
17 18 a 1
17 18 b 1
17 123 c 4
17 27 d 2
17 116 e 3
18 19 a 1
18 19 b 1
18 44 c 0
18 15 d 3
18 88 e 3
19 20 a 1
19 20 b 1
19 46 c 2
19 123 d 1
19 30 e 4
20 21 a 1
20 21 b 1
20 117 c 2
20 37 d 3
20 52 e 1
21 22 a 1
21 22 b 1
21 50 c 1
21 32 d 1
22 23 a 1
22 23 b 1
22 32 c 2
22 53 d 3
22 118 e 0
23 24 a 1
23 24 b 1
23 72 d 1
23 57 e 2
24 25 a 1
24 25 b 1
24 83 c 1
24 94 d 2
24 47 e 2
25 26 a 1
25 26 b 1
25 118 c 3
25 47 d 2
25 48 e 3
26 27 a 1
26 27 b 1
26 102 c 3
26 104 d 1
26 77 e 4
27 28 a 1
27 28 b 1
27 70 c 4
27 122 d 2
27 20 e 0
28 29 a 1
28 29 b 1
28 90 c 3
28 19 e 3
29 30 a 1
29 30 b 1
29 31 d 3
29 39 e 1
30 31 a 1
30 31 b 1
30 20 c 4
30 112 d 0
30 46 e 0
31 32 a 1
31 32 b 1
31 74 c 0
31 61 e 2
32 33 a 1
32 33 b 1
32 124 d 4
32 50 e 2
33 34 a 1
33 34 b 1
33 50 c 2
33 112 d 3
33 32 e 2
34 35 a 1
34 35 b 1
34 28 c 2
34 112 d 2
35 36 a 1
35 36 b 1
35 77 c 3
35 72 d 0
35 73 e 1
36 37 a 1
36 37 b 1
36 91 c 3
36 4 d 3
37 38 a 1
37 38 b 1
37 105 c 4
37 85 d 0
37 65 e 3
38 39 a 1
38 39 b 1
38 10 c 1
38 72 d 3
38 41 e 1
39 40 a 1
39 40 b 1
39 123 c 3
39 80 d 4
40 41 a 1
40 41 b 1
40 90 c 2
40 31 e 3
41 42 a 1
41 42 b 1
41 36 d 3
41 10 e 1
42 43 a 1
42 43 b 1
42 31 c 2
42 50 e 4
43 44 a 1
43 44 b 1
43 101 c 1
43 72 d 0
43 93 e 3
44 45 a 1
44 45 b 1
44 111 c 1
44 110 d 3
44 5 e 1
45 46 a 1
45 46 b 1
45 48 c 1
45 65 d 3
45 9 e 3
46 47 a 1
46 47 b 1
46 83 c 2
46 32 d 2
46 11 e 2
47 48 a 1
47 48 b 1
47 12 c 2
47 16 d 1
47 87 e 0
48 49 a 1
48 49 b 1
48 85 c 3
48 113 d 4
48 93 e 2
49 50 a 1
49 50 b 1
49 101 c 2
49 74 d 3
49 104 e 4
50 51 a 1
50 51 b 1
50 127 e 1
51 52 a 1
51 52 b 1
51 27 c 0
51 73 d 2
52 53 a 1
52 53 b 1
52 113 c 0
52 29 d 0
52 102 e 4
53 54 a 1
53 54 b 1
53 95 d 2
53 91 e 3
54 55 a 1
54 55 b 1
54 127 c 4
54 23 d 4
55 56 a 1
55 56 b 1
55 73 c 4
55 92 e 2
56 57 a 1
56 57 b 1
56 72 c 2
56 59 d 3
56 120 e 0
57 58 a 1
57 58 b 1
57 115 c 2
57 25 d 4
57 122 e 1
58 59 a 1
58 59 b 1
58 105 c 4
58 79 d 3
58 17 e 4
59 60 a 1
59 60 b 1
59 118 c 4
59 123 d 1
59 62 e 4
60 61 a 1
60 61 b 1
60 9 c 4
60 25 d 0
61 62 a 1
61 62 b 1
61 105 c 4
61 113 d 2
61 101 e 3
62 63 a 1
62 63 b 1
62 83 c 1
62 109 d 2
62 118 e 1
63 64 a 1
63 64 b 1
63 99 c 4
63 92 d 0
63 50 e 1
64 65 a 1
64 65 b 1
64 8 c 2
64 23 d 1
64 99 e 3
65 66 a 1
65 66 b 1
65 86 c 1
65 91 d 3
65 11 e 3
66 67 a 1
66 67 b 1
66 121 c 0
66 15 d 0
66 36 e 4
67 68 a 1
67 68 b 1
67 107 c 1
67 27 d 0
67 96 e 4
68 69 a 1
68 69 b 1
68 11 c 0
68 97 d 2
69 70 a 1
69 70 b 1
69 75 c 3
69 49 d 2
69 1 e 4
70 71 a 1
70 71 b 1
70 1 c 1
70 89 d 3
70 56 e 0
71 72 a 1
71 72 b 1
71 14 c 2
71 67 d 2
71 27 e 1
72 73 a 1
72 73 b 1
72 10 c 1
72 28 d 4
72 113 e 1
73 74 a 1
73 74 b 1
73 21 c 4
73 49 d 1
73 24 e 0
74 75 a 1
74 75 b 1
74 6 c 3
74 31 e 4
75 76 a 1
75 76 b 1
75 71 c 3
75 31 d 2
75 65 e 0
76 77 a 1
76 77 b 1
76 125 c 0
76 68 d 0
77 78 a 1
77 78 b 1
77 48 c 2
77 19 d 4
77 116 e 1
78 79 a 1
78 79 b 1
78 84 c 0
78 67 e 4
79 80 a 1
79 80 b 1
79 18 c 0
80 81 a 1
80 81 b 1
80 7 d 0
80 99 e 2
81 82 a 1
81 82 b 1
81 22 c 0
81 118 d 2
81 127 e 3
82 83 a 1
82 83 b 1
82 111 c 3
82 57 d 1
82 114 e 2
83 84 a 1
83 84 b 1
83 97 c 2
83 46 e 2
84 85 a 1
84 85 b 1
84 31 c 4
84 9 d 4
84 21 e 4
85 86 a 1
85 86 b 1
85 99 c 1
85 125 d 0
86 87 a 1
86 87 b 1
86 91 c 4
86 58 d 2
86 80 e 0
87 88 a 1
87 88 b 1
87 19 c 1
87 127 d 3
87 79 e 2
88 89 a 1
88 89 b 1
88 85 c 2
88 86 d 1
89 90 a 1
89 90 b 1
89 34 c 4
89 12 d 4
89 57 e 4
90 91 a 1
90 91 b 1
90 124 c 4
90 70 d 1
90 55 e 3
91 92 a 1
91 92 b 1
91 83 e 1
92 93 a 1
92 93 b 1
92 17 c 3
92 58 d 4
92 119 e 3
93 94 a 1
93 94 b 1
93 25 d 4
93 78 e 1
94 95 a 1
94 95 b 1
94 93 c 2
94 121 d 0
94 22 e 0
95 96 a 1
95 96 b 1
95 74 c 3
95 35 d 0
95 5 e 3
96 97 a 1
96 97 b 1
96 114 c 1
96 10 d 0
96 104 e 0
97 98 a 1
97 98 b 1
97 24 c 2
97 39 d 1
97 1 e 1
98 99 a 1
98 99 b 1
98 119 c 2
98 11 d 0
98 54 e 4
99 100 a 1
99 100 b 1
99 96 c 2
99 104 d 0
99 14 e 4
100 101 a 1
100 101 b 1
100 53 c 4
100 103 d 0
100 125 e 4
101 102 a 1
101 102 b 1
101 91 c 0
101 61 d 2
101 35 e 4
102 103 a 1
102 103 b 1
102 126 c 2
102 123 d 2
102 45 e 2
103 104 a 1
103 104 b 1
103 86 c 1
103 88 d 1
103 87 e 3
104 105 a 1
104 105 b 1
104 18 c 3
104 53 d 2
104 89 e 1
105 106 a 1
105 106 b 1
105 77 c 0
105 116 d 2
105 65 e 3
106 107 a 1
106 107 b 1
106 36 d 2
107 108 a 1
107 108 b 1
107 24 d 3
107 97 e 1
108 109 a 1
108 109 b 1
108 101 c 1
108 45 d 1
108 76 e 4
109 110 a 1
109 110 b 1
109 21 c 3
109 30 d 0
109 23 e 4
110 111 a 1
110 111 b 1
110 72 c 4
110 70 d 4
110 33 e 3
111 112 a 1
111 112 b 1
111 18 c 0
111 108 d 2
111 49 e 1
112 113 a 1
112 113 b 1
112 102 c 3
112 14 d 2
112 25 e 1
113 114 a 1
113 114 b 1
113 97 c 3
113 119 d 3
113 6 e 4
114 115 a 1
114 115 b 1
114 55 c 4
114 21 d 4
114 21 e 2
115 116 a 1
115 116 b 1
115 12 c 1
115 124 d 2
115 69 e 1
116 117 a 1
116 117 b 1
116 87 c 2
116 116 d 0
116 10 e 0
117 118 a 1
117 118 b 1
117 8 c 2
117 101 d 2
117 43 e 4
118 119 a 1
118 119 b 1
118 5 c 3
118 107 e 3
119 120 a 1
119 120 b 1
119 116 c 4
119 124 d 2
119 5 e 3
120 121 a 1
120 121 b 1
120 2 c 2
120 32 d 2
120 28 e 2
121 122 a 1
121 122 b 1
121 44 c 1
121 112 d 1
121 6 e 0
122 123 a 1
122 123 b 1
122 50 d 1
122 66 e 4
123 124 a 1
123 124 b 1
123 103 c 4
123 5 d 1
123 90 e 4
124 125 a 1
124 125 b 1
124 125 c 2
124 37 d 2
124 113 e 2
125 126 a 1
125 126 b 1
125 17 c 3
125 20 e 2
126 127 a 1
126 127 b 1
126 40 c 3
126 1 d 4
126 31 e 0
127 128 a 1
127 128 b 1
127 88 c 4
128 128 a 0
128 128 b 0
128 44 d 2
128 118 e 1

62 128 601 5 5 0
1 2 a 1
1 2 b 1
1 42 c 2
1 104 d 2
1 117 e 2
2 3 a 1
2 3 b 1
2 108 c 3
2 68 d 3
2 122 e 1
3 4 a 1
3 4 b 1
3 48 c 0
3 63 d 0
3 58 e 2
4 5 a 1
4 5 b 1
4 94 c 2
4 89 e 0
5 6 a 1
5 6 b 1
5 72 c 3
5 68 d 0
5 54 e 3
6 7 a 1
6 7 b 1
6 55 c 1
6 40 d 2
6 36 e 0
7 8 a 1
7 8 b 1
7 71 c 2
7 16 d 4
7 117 e 4
8 9 a 1
8 9 b 1
8 126 c 4
8 12 d 1
8 102 e 0
9 10 a 1
9 10 b 1
9 91 c 4
9 78 d 3
9 114 e 4
10 11 a 1
10 11 b 1
10 113 c 2
10 57 d 2
10 84 e 2
11 12 a 1
11 12 b 1
11 12 c 3
11 10 d 1
11 41 e 1
12 13 a 1
12 13 b 1
12 101 c 2
12 63 d 2
12 73 e 1
13 14 a 1
13 14 b 1
13 54 c 2
13 77 e 0
14 15 a 1
14 15 b 1
14 100 c 4
14 53 d 1
14 85 e 1
15 16 a 1
15 16 b 1
15 116 c 4
15 40 d 2
16 17 a 1
16 17 b 1
16 62 d 4
16 89 e 0
17 18 a 1
17 18 b 1
17 28 c 4
17 33 d 2
17 17 e 0
18 19 a 1
18 19 b 1
18 104 c 4
18 117 d 4
18 113 e 1
19 20 a 1
19 20 b 1
19 41 c 1
19 21 d 1
19 58 e 2
20 21 a 1
20 21 b 1
20 72 c 3
20 21 e 4
21 22 a 1
21 22 b 1
21 59 c 0
21 120 d 0
21 90 e 1
22 23 a 1
22 23 b 1
22 111 c 2
22 58 d 2
23 24 a 1
23 24 b 1
23 13 c 1
23 54 d 1
23 15 e 2
24 25 a 1
24 25 b 1
24 63 c 2
24 33 d 1
24 43 e 1
25 26 a 1
25 26 b 1
25 27 c 4
25 55 d 4
25 118 e 3
26 27 a 1
26 27 b 1
26 99 c 2
26 5 e 4
27 28 a 1
27 28 b 1
27 123 c 3
27 113 d 4
27 81 e 0
28 29 a 1
28 29 b 1
28 9 c 3
28 12 d 4
28 5 e 4
29 30 a 1
29 30 b 1
29 101 c 1
29 88 d 3
29 73 e 3
30 31 a 1
30 31 b 1
30 19 c 1
30 45 d 2
30 107 e 0
31 32 a 1
31 32 b 1
31 62 c 4
31 57 d 3
32 33 a 1
32 33 b 1
32 15 c 2
32 72 d 0
33 34 a 1
33 34 b 1
33 19 c 2
33 118 d 3
33 80 e 4
34 35 a 1
34 35 b 1
34 116 c 0
34 100 d 0
34 18 e 2
35 36 a 1
35 36 b 1
35 76 c 1
35 2 d 1
35 65 e 3
36 37 a 1
36 37 b 1
36 22 e 0
37 38 a 1
37 38 b 1
37 124 c 4
37 33 d 3
37 74 e 4
38 39 a 1
38 39 b 1
38 59 c 4
38 62 d 3
38 17 e 2
39 40 a 1
39 40 b 1
39 22 c 3
39 1 d 4
39 27 e 2
40 41 a 1
40 41 b 1
40 12 c 1
40 28 d 0
40 84 e 3
41 42 a 1
41 42 b 1
41 27 d 1
41 103 e 4
42 43 a 1
42 43 b 1
42 60 e 1
43 44 a 1
43 44 b 1
43 92 c 3
43 69 d 4
43 23 e 3
44 45 a 1
44 45 b 1
44 76 c 3
44 54 d 1
44 124 e 4
45 46 a 1
45 46 b 1
45 53 c 0
45 91 d 1
45 9 e 3
46 47 a 1
46 47 b 1
46 81 c 4
46 65 d 0
46 113 e 2
47 48 a 1
47 48 b 1
47 32 d 1
47 35 e 2
48 49 a 1
48 49 b 1
48 118 c 0
48 89 d 0
48 121 e 2
49 50 a 1
49 50 b 1
49 76 c 3
49 63 d 2
49 111 e 2
50 51 a 1
50 51 b 1
50 106 c 2
50 75 d 2
51 52 a 1
51 52 b 1
51 119 c 2
51 95 d 1
51 87 e 3
52 53 a 1
52 53 b 1
52 46 c 3
52 26 d 2
52 20 e 0
53 54 a 1
53 54 b 1
53 41 c 2
53 21 d 1
53 96 e 4
54 55 a 1
54 55 b 1
54 20 d 3
54 13 e 0
55 56 a 1
55 56 b 1
55 97 c 4
55 58 d 4
55 2 e 2
56 57 a 1
56 57 b 1
56 108 c 3
56 35 d 4
56 34 e 0
57 58 a 1
57 58 b 1
57 113 c 2
57 33 d 0
57 77 e 3
58 59 a 1
58 59 b 1
58 73 c 4
58 44 d 2
58 67 e 2
59 60 a 1
59 60 b 1
59 103 c 0
59 117 d 2
59 70 e 2
60 61 a 1
60 61 b 1
60 49 d 2
60 10 e 3
61 62 a 1
61 62 b 1
61 61 c 4
61 4 d 2
61 19 e 1
62 63 a 1
62 63 b 1
62 81 c 0
62 53 d 1
62 23 e 1
63 64 a 1
63 64 b 1
63 25 c 2
63 6 d 1
63 87 e 4
64 65 a 1
64 65 b 1
64 98 c 3
64 65 d 3
64 9 e 4
65 66 a 1
65 66 b 1
65 13 c 2
65 99 e 4
66 67 a 1
66 67 b 1
66 29 c 3
66 22 d 3
67 68 a 1
67 68 b 1
67 48 c 2
67 54 d 4
67 94 e 2
68 69 a 1
68 69 b 1
68 45 c 4
68 111 d 3
68 112 e 2
69 70 a 1
69 70 b 1
69 122 c 2
69 26 d 1
70 71 a 1
70 71 b 1
70 74 c 1
70 124 d 3
70 114 e 2
71 72 a 1
71 72 b 1
71 124 c 0
71 46 d 2
71 126 e 4
72 73 a 1
72 73 b 1
72 92 c 1
72 1 d 2
72 82 e 2
73 74 a 1
73 74 b 1
73 84 c 0
73 8 d 1
73 108 e 2
74 75 a 1
74 75 b 1
74 75 c 1
74 53 d 4
74 31 e 0
75 76 a 1
75 76 b 1
75 38 d 0
75 79 e 3
76 77 a 1
76 77 b 1
76 45 c 2
76 78 d 3
77 78 a 1
77 78 b 1
77 16 c 4
77 126 d 2
77 91 e 2
78 79 a 1
78 79 b 1
78 85 c 1
78 85 d 4
78 124 e 1
79 80 a 1
79 80 b 1
79 95 c 0
79 82 d 0
79 91 e 2
80 81 a 1
80 81 b 1
80 46 c 4
80 26 d 0
80 125 e 2
81 82 a 1
81 82 b 1
81 106 c 3
81 121 e 1
82 83 a 1
82 83 b 1
82 10 c 2
82 18 d 3
83 84 a 1
83 84 b 1
83 109 c 2
83 80 d 3
84 85 a 1
84 85 b 1
84 42 c 2
84 68 d 2
84 107 e 4
85 86 a 1
85 86 b 1
85 77 c 4
85 94 d 1
85 15 e 2
86 87 a 1
86 87 b 1
86 62 c 4
86 67 d 3
86 113 e 1
87 88 a 1
87 88 b 1
87 51 c 3
87 66 d 2
87 78 e 4
88 89 a 1
88 89 b 1
88 99 d 4
88 10 e 3
89 90 a 1
89 90 b 1
89 78 c 3
89 49 d 4
89 66 e 0
90 91 a 1
90 91 b 1
90 45 d 1
90 8 e 2
91 92 a 1
91 92 b 1
91 73 c 4
91 13 d 0
91 92 e 3
92 93 a 1
92 93 b 1
92 121 c 4
92 12 d 4
92 6 e 0
93 94 a 1
93 94 b 1
93 3 c 1
93 109 d 0
94 95 a 1
94 95 b 1
94 82 c 0
94 10 d 2
94 58 e 0
95 96 a 1
95 96 b 1
95 12 c 2
95 113 d 2
95 39 e 4
96 97 a 1
96 97 b 1
96 101 d 1
96 22 e 3
97 98 a 1
97 98 b 1
97 66 c 1
97 82 e 4
98 99 a 1
98 99 b 1
98 78 c 1
98 48 d 1
98 99 e 1
99 100 a 1
99 100 b 1
99 35 c 0
99 108 d 2
100 101 a 1
100 101 b 1
100 27 c 3
100 8 d 2
100 122 e 2
101 102 a 1
101 102 b 1
101 93 c 0
101 85 d 2
101 96 e 4
102 103 a 1
102 103 b 1
102 59 c 0
102 114 d 4
102 42 e 2
103 104 a 1
103 104 b 1
103 2 c 3
103 105 d 1
104 105 a 1
104 105 b 1
104 46 d 4
104 76 e 0
105 106 a 1
105 106 b 1
105 97 c 2
105 98 d 0
105 81 e 4
106 107 a 1
106 107 b 1
106 124 c 3
106 114 d 3
106 47 e 4
107 108 a 1
107 108 b 1
107 10 c 0
107 124 d 4
107 55 e 4
108 109 a 1
108 109 b 1
108 96 c 1
108 114 d 0
108 43 e 2
109 110 a 1
109 110 b 1
109 83 c 0
109 3 d 1
109 39 e 4
110 111 a 1
110 111 b 1
110 64 c 4
110 82 d 0
110 66 e 4
111 112 a 1
111 112 b 1
111 33 d 0
111 22 e 3
112 113 a 1
112 113 b 1
112 98 c 4
112 69 d 4
113 114 a 1
113 114 b 1
113 58 c 0
113 45 d 2
113 58 e 0
114 115 a 1
114 115 b 1
114 72 c 1
114 27 d 3
114 3 e 3
115 116 a 1
115 116 b 1
115 89 c 2
115 115 e 1
116 117 a 1
116 117 b 1
116 36 c 1
116 40 d 1
116 127 e 1
117 118 a 1
117 118 b 1
117 49 c 3
117 2 d 4
117 6 e 2
118 119 a 1
118 119 b 1
118 12 c 0
118 65 d 2
118 52 e 2
119 120 a 1
119 120 b 1
119 92 c 0
119 81 d 2
119 91 e 2
120 121 a 1
120 121 b 1
120 112 c 1
120 65 d 3
120 31 e 2
121 122 a 1
121 122 b 1
121 123 c 4
121 27 d 4
121 14 e 1
122 123 a 1
122 123 b 1
122 107 c 0
122 64 d 1
122 125 e 2
123 124 a 1
123 124 b 1
123 76 c 2
123 43 d 0
123 25 e 0
124 125 a 1
124 125 b 1
124 106 c 2
124 65 e 2
125 126 a 1
125 126 b 1
125 41 c 2
125 63 d 1
125 72 e 3
126 127 a 1
126 127 b 1
126 82 c 0
126 71 d 0
126 117 e 1
127 128 a 1
127 128 b 1
127 34 c 4
127 45 d 4
127 25 e 0
128 128 a 0
128 128 b 0
128 104 c 2
128 105 e 2

63 128 603 5 5 0
1 2 a 1
1 2 b 1
1 24 d 2
1 123 e 0
2 3 a 1
2 3 b 1
2 108 c 4
2 4 d 0
2 24 e 1
3 4 a 1
3 4 b 1
3 21 c 3
3 122 d 3
3 119 e 3
4 5 a 1
4 5 b 1
4 101 d 1
4 72 e 0
5 6 a 1
5 6 b 1
5 126 c 4
5 38 d 1
6 7 a 1
6 7 b 1
6 104 c 0
6 127 d 3
6 99 e 0
7 8 a 1
7 8 b 1
7 43 c 0
7 123 d 4
7 94 e 3
8 9 a 1
8 9 b 1
8 42 c 4
8 79 d 0
8 57 e 4
9 10 a 1
9 10 b 1
9 77 c 0
9 113 d 3
9 71 e 2
10 11 a 1
10 11 b 1
10 56 c 4
10 30 e 1
11 12 a 1
11 12 b 1
11 35 c 1
11 102 d 2
11 101 e 2
12 13 a 1
12 13 b 1
12 111 c 4
12 44 d 4
12 37 e 4
13 14 a 1
13 14 b 1
13 16 c 0
13 18 d 3
13 6 e 1
14 15 a 1
14 15 b 1
14 69 c 2
14 50 d 1
14 50 e 3
15 16 a 1
15 16 b 1
15 35 c 2
15 3 d 1
16 17 a 1
16 17 b 1
16 88 c 4
16 77 d 1
16 20 e 3
17 18 a 1
17 18 b 1
17 109 c 3
17 48 e 3
18 19 a 1
18 19 b 1
18 5 c 3
18 49 d 4
18 93 e 1
19 20 a 1
19 20 b 1
19 45 d 0
20 21 a 1
20 21 b 1
20 39 c 1
20 87 d 2
20 54 e 2
21 22 a 1
21 22 b 1
21 21 c 2
21 106 d 3
21 87 e 4
22 23 a 1
22 23 b 1
22 68 c 4
22 112 d 3
22 36 e 0
23 24 a 1
23 24 b 1
23 127 c 4
23 22 d 4
23 16 e 0
24 25 a 1
24 25 b 1
24 36 c 4
24 97 d 0
24 57 e 3
25 26 a 1
25 26 b 1
25 78 d 1
25 114 e 0
26 27 a 1
26 27 b 1
26 117 c 1
26 103 d 4
26 3 e 4
27 28 a 1
27 28 b 1
27 86 c 3
27 39 d 0
27 80 e 1
28 29 a 1
28 29 b 1
28 111 c 1
28 53 d 2
29 30 a 1
29 30 b 1
29 25 c 1
29 103 d 2
29 120 e 0
30 31 a 1
30 31 b 1
30 65 c 2
30 58 e 4
31 32 a 1
31 32 b 1
31 51 c 3
31 79 d 4
31 69 e 2
32 33 a 1
32 33 b 1
32 44 e 0
33 34 a 1
33 34 b 1
33 87 c 0
33 14 d 4
33 43 e 0
34 35 a 1
34 35 b 1
34 38 c 1
34 60 d 1
34 22 e 3
35 36 a 1
35 36 b 1
35 34 d 2
35 38 e 2
36 37 a 1
36 37 b 1
36 18 c 2
36 94 d 1
36 10 e 4
37 38 a 1
37 38 b 1
37 67 c 2
37 74 d 0
37 119 e 4
38 39 a 1
38 39 b 1
38 75 c 4
38 102 d 4
38 15 e 1
39 40 a 1
39 40 b 1
39 62 c 4
39 96 d 4
40 41 a 1
40 41 b 1
40 65 d 2
40 127 e 1
41 42 a 1
41 42 b 1
41 95 c 4
41 112 d 1
41 95 e 3
42 43 a 1
42 43 b 1
42 46 c 2
42 57 d 4
42 4 e 1
43 44 a 1
43 44 b 1
43 90 c 1
43 103 d 1
43 112 e 4
44 45 a 1
44 45 b 1
44 8 c 0
44 96 d 0
44 9 e 4
45 46 a 1
45 46 b 1
45 10 c 2
45 71 d 4
45 56 e 3
46 47 a 1
46 47 b 1
46 116 c 4
46 59 d 0
46 58 e 2
47 48 a 1
47 48 b 1
47 17 c 2
47 2 d 4
47 85 e 4
48 49 a 1
48 49 b 1
48 42 c 1
48 61 d 2
48 42 e 4
49 50 a 1
49 50 b 1
49 124 c 0
49 90 d 0
50 51 a 1
50 51 b 1
50 119 c 1
50 62 d 0
50 1 e 2
51 52 a 1
51 52 b 1
51 51 c 3
51 72 d 3
51 6 e 1
52 53 a 1
52 53 b 1
52 55 c 3
52 53 d 2
52 98 e 2
53 54 a 1
53 54 b 1
53 10 c 0
53 113 d 3
54 55 a 1
54 55 b 1
54 34 c 0
54 33 d 1
54 115 e 3
55 56 a 1
55 56 b 1
55 95 c 0
55 16 d 2
55 24 e 0
56 57 a 1
56 57 b 1
56 51 c 4
56 110 e 4
57 58 a 1
57 58 b 1
57 61 c 3
57 5 d 3
57 111 e 0
58 59 a 1
58 59 b 1
58 60 c 0
58 71 d 0
58 75 e 0
59 60 a 1
59 60 b 1
59 101 c 0
59 98 d 1
59 41 e 4
60 61 a 1
60 61 b 1
60 106 c 1
60 114 d 1
60 2 e 2
61 62 a 1
61 62 b 1
61 68 c 0
61 58 d 0
61 64 e 0
62 63 a 1
62 63 b 1
62 82 c 1
62 89 d 2
62 64 e 4
63 64 a 1
63 64 b 1
63 100 c 0
63 29 d 2
63 114 e 4
64 65 a 1
64 65 b 1
64 104 c 4
64 106 d 3
64 17 e 4
65 66 a 1
65 66 b 1
65 47 c 4
65 61 d 4
65 57 e 1
66 67 a 1
66 67 b 1
66 75 d 4
66 51 e 4
67 68 a 1
67 68 b 1
67 32 c 4
67 98 d 1
68 69 a 1
68 69 b 1
68 45 c 4
68 6 e 2
69 70 a 1
69 70 b 1
69 76 d 4
69 28 e 3
70 71 a 1
70 71 b 1
70 29 c 3
70 47 d 2
70 41 e 0
71 72 a 1
71 72 b 1
71 95 c 0
71 21 d 1
71 39 e 2
72 73 a 1
72 73 b 1
72 49 c 3
72 106 d 1
72 45 e 4
73 74 a 1
73 74 b 1
73 96 e 0
74 75 a 1
74 75 b 1
74 85 c 3
74 68 d 1
74 52 e 4
75 76 a 1
75 76 b 1
75 19 c 1
75 18 d 4
75 90 e 4
76 77 a 1
76 77 b 1
76 102 c 2
76 25 d 3
76 117 e 0
77 78 a 1
77 78 b 1
77 14 c 0
77 83 d 2
77 17 e 1
78 79 a 1
78 79 b 1
78 104 c 0
78 59 d 3
78 82 e 3
79 80 a 1
79 80 b 1
79 115 d 3
79 62 e 1
80 81 a 1
80 81 b 1
80 101 c 4
80 96 d 2
80 7 e 1
81 82 a 1
81 82 b 1
81 32 c 4
81 96 d 2
81 83 e 0
82 83 a 1
82 83 b 1
82 62 c 2
82 49 d 4
82 5 e 1
83 84 a 1
83 84 b 1
83 49 c 2
83 77 d 2
83 114 e 1
84 85 a 1
84 85 b 1
84 66 c 1
84 19 d 2
84 89 e 0
85 86 a 1
85 86 b 1
85 38 c 0
85 62 d 2
85 111 e 4
86 87 a 1
86 87 b 1
86 7 c 1
86 113 d 0
86 60 e 2
87 88 a 1
87 88 b 1
87 87 c 4
87 81 d 4
87 41 e 3
88 89 a 1
88 89 b 1
88 34 c 2
88 50 d 2
88 116 e 0
89 90 a 1
89 90 b 1
89 125 c 0
89 99 d 2
89 8 e 2
90 91 a 1
90 91 b 1
90 61 c 3
90 53 d 0
90 84 e 2
91 92 a 1
91 92 b 1
91 105 d 2
91 71 e 1
92 93 a 1
92 93 b 1
92 55 c 0
92 122 e 2
93 94 a 1
93 94 b 1
93 67 d 1
93 11 e 4
94 95 a 1
94 95 b 1
94 114 c 4
94 33 d 1
94 11 e 3
95 96 a 1
95 96 b 1
95 45 d 0
95 82 e 4
96 97 a 1
96 97 b 1
96 70 c 2
96 115 d 3
96 49 e 2
97 98 a 1
97 98 b 1
97 84 c 4
97 62 d 3
97 123 e 2
98 99 a 1
98 99 b 1
98 88 d 0
98 101 e 2
99 100 a 1
99 100 b 1
99 92 c 0
99 43 d 3
99 76 e 4
100 101 a 1
100 101 b 1
100 51 c 4
100 69 d 0
100 108 e 4
101 102 a 1
101 102 b 1
101 99 c 1
101 9 d 2
101 92 e 1
102 103 a 1
102 103 b 1
102 126 c 2
102 14 d 2
102 113 e 1
103 104 a 1
103 104 b 1
103 5 c 1
103 29 d 4
103 3 e 0
104 105 a 1
104 105 b 1
104 124 c 4
104 32 d 2
104 1 e 2
105 106 a 1
105 106 b 1
105 42 c 1
105 43 d 2
105 113 e 4
106 107 a 1
106 107 b 1
106 38 c 4
106 53 d 0
106 91 e 3
107 108 a 1
107 108 b 1
107 112 c 1
107 11 d 1
107 12 e 4
108 109 a 1
108 109 b 1
108 20 c 0
108 5 d 4
108 127 e 1
109 110 a 1
109 110 b 1
109 90 c 2
109 7 d 1
109 36 e 4
110 111 a 1
110 111 b 1
110 85 c 3
110 88 d 4
110 37 e 1
111 112 a 1
111 112 b 1
111 66 c 3
111 63 e 4
112 113 a 1
112 113 b 1
112 75 c 1
112 18 d 3
112 81 e 0
113 114 a 1
113 114 b 1
113 36 c 4
113 49 d 3
113 7 e 2
114 115 a 1
114 115 b 1
114 1 c 3
114 58 d 3
114 92 e 4
115 116 a 1
115 116 b 1
115 84 c 2
115 99 d 1
116 117 a 1
116 117 b 1
116 54 c 0
116 12 d 3
117 118 a 1
117 118 b 1
117 7 d 0
117 112 e 4
118 119 a 1
118 119 b 1
118 99 c 3
118 98 d 4
118 115 e 4
119 120 a 1
119 120 b 1
119 113 c 3
119 84 d 1
120 121 a 1
120 121 b 1
120 56 c 0
120 49 d 4
120 35 e 3
121 122 a 1
121 122 b 1
121 127 d 2
121 90 e 1
122 123 a 1
122 123 b 1
122 90 c 0
122 110 d 1
122 54 e 3
123 124 a 1
123 124 b 1
123 40 c 1
123 66 d 4
123 89 e 3
124 125 a 1
124 125 b 1
124 94 c 3
124 75 d 2
124 44 e 2
125 126 a 1
125 126 b 1
125 111 c 0
125 91 d 2
125 41 e 1
126 127 a 1
126 127 b 1
126 68 c 1
126 20 d 2
126 36 e 2
127 128 a 1
127 128 b 1
127 11 c 2
127 98 d 0
127 8 e 0
128 128 a 0
128 128 b 0
128 70 c 2
128 84 d 3
128 48 e 4

64 128 596 5 5 0
1 2 a 1
1 2 b 1
1 119 c 0
1 9 d 1
1 23 e 1
2 3 a 1
2 3 b 1
2 83 c 3
2 116 d 1
2 82 e 0
3 4 a 1
3 4 b 1
3 22 c 4
3 40 d 0
3 14 e 4
4 5 a 1
4 5 b 1
4 98 c 2
4 112 e 3
5 6 a 1
5 6 b 1
5 93 c 1
5 85 d 2
5 100 e 1
6 7 a 1
6 7 b 1
6 20 c 1
6 122 d 3
7 8 a 1
7 8 b 1
7 61 c 0
7 118 d 4
7 73 e 4
8 9 a 1
8 9 b 1
8 9 c 3
8 99 d 0
8 32 e 1
9 10 a 1
9 10 b 1
9 69 c 4
9 92 d 0
9 2 e 3
10 11 a 1
10 11 b 1
10 46 c 3
10 86 d 0
11 12 a 1
11 12 b 1
11 56 c 0
11 118 d 2
11 30 e 0
12 13 a 1
12 13 b 1
12 39 c 0
12 81 d 2
12 84 e 0
13 14 a 1
13 14 b 1
13 108 c 3
13 118 d 3
14 15 a 1
14 15 b 1
14 117 c 4
14 95 d 2
14 12 e 3
15 16 a 1
15 16 b 1
15 68 c 0
15 117 d 3
15 2 e 4
16 17 a 1
16 17 b 1
16 92 c 0
16 64 d 4
16 68 e 3
17 18 a 1
17 18 b 1
17 8 c 2
17 11 d 2
17 71 e 1
18 19 a 1
18 19 b 1
18 117 c 0
18 105 d 0
18 83 e 3
19 20 a 1
19 20 b 1
19 31 c 0
19 69 d 1
19 123 e 0
20 21 a 1
20 21 b 1
20 109 c 2
20 7 e 3
21 22 a 1
21 22 b 1
21 86 c 3
21 33 d 1
21 64 e 1
22 23 a 1
22 23 b 1
22 79 c 4
22 24 d 4
22 54 e 3
23 24 a 1
23 24 b 1
23 16 c 1
23 109 e 4
24 25 a 1
24 25 b 1
24 89 c 0
24 55 d 1
24 81 e 0
25 26 a 1
25 26 b 1
25 71 c 3
25 103 d 3
25 121 e 2
26 27 a 1
26 27 b 1
26 109 c 2
26 126 d 2
26 72 e 1
27 28 a 1
27 28 b 1
27 15 c 0
27 5 d 0
27 66 e 2
28 29 a 1
28 29 b 1
28 43 c 1
28 96 d 2
28 6 e 1
29 30 a 1
29 30 b 1
29 60 c 0
29 112 d 2
29 85 e 0
30 31 a 1
30 31 b 1
30 25 c 2
30 22 e 0
31 32 a 1
31 32 b 1
31 110 e 1
32 33 a 1
32 33 b 1
32 26 c 2
32 9 d 4
32 96 e 3
33 34 a 1
33 34 b 1
33 40 c 2
33 69 d 1
33 46 e 2
34 35 a 1
34 35 b 1
34 108 d 1
34 84 e 4
35 36 a 1
35 36 b 1
35 4 c 2
35 7 d 2
35 89 e 3
36 37 a 1
36 37 b 1
36 71 c 3
36 127 d 1
36 94 e 3
37 38 a 1
37 38 b 1
37 75 c 4
37 113 d 0
37 111 e 3
38 39 a 1
38 39 b 1
38 10 c 1
38 110 d 4
39 40 a 1
39 40 b 1
39 74 c 0
39 13 d 1
39 7 e 2
40 41 a 1
40 41 b 1
40 22 c 3
40 11 d 0
40 51 e 0
41 42 a 1
41 42 b 1
41 29 d 4
41 108 e 2
42 43 a 1
42 43 b 1
42 72 c 2
42 3 d 3
42 99 e 0
43 44 a 1
43 44 b 1
43 7 d 2
43 94 e 2
44 45 a 1
44 45 b 1
44 127 c 3
44 46 d 2
44 104 e 1
45 46 a 1
45 46 b 1
45 99 c 1
45 119 d 2
45 5 e 0
46 47 a 1
46 47 b 1
46 10 c 1
46 85 d 1
46 100 e 4
47 48 a 1
47 48 b 1
47 115 c 2
47 12 d 1
47 1 e 4
48 49 a 1
48 49 b 1
48 25 c 2
48 64 d 3
48 98 e 1
49 50 a 1
49 50 b 1
49 31 e 4
50 51 a 1
50 51 b 1
50 117 d 1
50 83 e 2
51 52 a 1
51 52 b 1
51 96 c 0
51 112 d 0
52 53 a 1
52 53 b 1
52 76 c 3
52 95 d 3
52 56 e 3
53 54 a 1
53 54 b 1
53 65 c 4
53 13 d 2
53 106 e 1
54 55 a 1
54 55 b 1
54 97 c 2
54 108 d 3
54 71 e 0
55 56 a 1
55 56 b 1
55 72 c 2
55 17 d 0
55 32 e 4
56 57 a 1
56 57 b 1
56 73 c 4
56 118 d 4
56 120 e 1
57 58 a 1
57 58 b 1
57 29 c 0
58 59 a 1
58 59 b 1
58 32 c 2
58 12 d 3
58 39 e 0
59 60 a 1
59 60 b 1
59 99 c 3
59 62 d 3
59 98 e 1
60 61 a 1
60 61 b 1
60 25 c 0
60 127 d 3
60 46 e 2
61 62 a 1
61 62 b 1
61 15 d 1
61 63 e 2
62 63 a 1
62 63 b 1
62 28 c 1
62 45 d 0
62 95 e 0
63 64 a 1
63 64 b 1
63 68 c 4
63 91 d 4
63 32 e 1
64 65 a 1
64 65 b 1
64 107 c 4
64 108 d 1
65 66 a 1
65 66 b 1
65 71 c 2
65 26 d 1
65 68 e 0
66 67 a 1
66 67 b 1
66 106 c 3
66 66 d 4
66 70 e 3
67 68 a 1
67 68 b 1
67 81 c 4
67 49 d 1
67 48 e 4
68 69 a 1
68 69 b 1
68 93 c 3
68 56 d 1
68 61 e 2
69 70 a 1
69 70 b 1
69 25 c 2
69 29 d 0
69 106 e 4
70 71 a 1
70 71 b 1
70 25 c 4
70 46 d 2
70 53 e 1
71 72 a 1
71 72 b 1
71 75 c 4
71 106 d 3
71 29 e 3
72 73 a 1
72 73 b 1
72 46 c 3
72 91 d 1
72 24 e 2
73 74 a 1
73 74 b 1
73 73 c 2
73 47 d 0
74 75 a 1
74 75 b 1
74 116 c 4
74 92 d 1
74 127 e 0
75 76 a 1
75 76 b 1
75 82 c 4
75 32 d 1
75 94 e 1
76 77 a 1
76 77 b 1
76 81 c 1
76 41 e 1
77 78 a 1
77 78 b 1
77 3 d 3
77 66 e 1
78 79 a 1
78 79 b 1
78 17 c 4
78 90 e 1
79 80 a 1
79 80 b 1
79 23 c 3
79 61 e 4
80 81 a 1
80 81 b 1
80 29 c 4
80 60 d 2
80 90 e 4
81 82 a 1
81 82 b 1
81 90 c 1
81 26 d 2
82 83 a 1
82 83 b 1
82 35 c 0
82 110 d 4
83 84 a 1
83 84 b 1
83 58 c 2
83 49 d 3
83 123 e 2
84 85 a 1
84 85 b 1
84 74 c 0
84 119 e 2
85 86 a 1
85 86 b 1
85 36 c 1
85 110 d 3
85 22 e 0
86 87 a 1
86 87 b 1
86 123 c 4
86 47 d 3
86 89 e 4
87 88 a 1
87 88 b 1
87 51 c 4
87 92 d 0
87 100 e 2
88 89 a 1
88 89 b 1
88 127 c 2
88 94 d 2
88 73 e 4
89 90 a 1
89 90 b 1
89 76 c 0
89 15 d 3
89 91 e 0
90 91 a 1
90 91 b 1
90 105 c 0
90 79 d 0
90 94 e 2
91 92 a 1
91 92 b 1
91 121 c 4
91 108 d 2
91 73 e 1
92 93 a 1
92 93 b 1
92 70 c 2
92 108 d 4
92 76 e 2
93 94 a 1
93 94 b 1
93 100 c 4
93 87 d 2
94 95 a 1
94 95 b 1
94 60 c 0
94 74 d 0
94 2 e 2
95 96 a 1
95 96 b 1
95 84 c 1
95 31 d 0
96 97 a 1
96 97 b 1
96 26 c 3
96 98 e 1
97 98 a 1
97 98 b 1
97 94 c 0
97 94 d 4
97 109 e 3
98 99 a 1
98 99 b 1
98 95 c 1
98 95 d 1
98 33 e 0
99 100 a 1
99 100 b 1
99 114 d 3
99 95 e 0
100 101 a 1
100 101 b 1
100 106 c 0
100 53 d 4
100 15 e 0
101 102 a 1
101 102 b 1
101 72 c 1
101 24 d 3
101 89 e 3
102 103 a 1
102 103 b 1
102 122 c 3
102 116 d 3
102 22 e 1
103 104 a 1
103 104 b 1
103 82 c 1
103 113 d 0
103 57 e 2
104 105 a 1
104 105 b 1
104 93 c 2
104 28 d 3
104 38 e 0
105 106 a 1
105 106 b 1
105 123 c 2
105 57 d 2
105 97 e 2
106 107 a 1
106 107 b 1
106 61 d 0
106 90 e 2
107 108 a 1
107 108 b 1
107 86 c 4
107 107 d 2
107 32 e 3
108 109 a 1
108 109 b 1
108 100 d 1
108 77 e 4
109 110 a 1
109 110 b 1
109 60 c 2
109 113 e 1
110 111 a 1
110 111 b 1
110 77 c 0
110 109 e 0
111 112 a 1
111 112 b 1
111 50 c 0
111 10 d 0
111 47 e 1
112 113 a 1
112 113 b 1
112 44 c 1
112 101 d 4
112 53 e 4
113 114 a 1
113 114 b 1
113 86 c 4
113 116 e 2
114 115 a 1
114 115 b 1
114 55 c 4
114 112 d 4
114 36 e 4
115 116 a 1
115 116 b 1
115 35 c 3
115 59 d 3
115 61 e 2
116 117 a 1
116 117 b 1
116 39 c 2
116 34 d 2
116 125 e 0
117 118 a 1
117 118 b 1
117 63 d 0
117 80 e 2
118 119 a 1
118 119 b 1
118 68 c 0
118 73 d 0
119 120 a 1
119 120 b 1
119 109 e 2
120 121 a 1
120 121 b 1
120 102 c 4
120 112 d 1
120 94 e 3
121 122 a 1
121 122 b 1
121 77 c 1
121 74 d 2
121 77 e 1
122 123 a 1
122 123 b 1
122 114 c 0
122 74 d 2
122 82 e 4
123 124 a 1
123 124 b 1
123 56 c 2
123 63 d 0
123 25 e 1
124 125 a 1
124 125 b 1
124 111 c 2
124 46 d 2
124 113 e 0
125 126 a 1
125 126 b 1
125 120 c 4
125 120 d 0
125 89 e 3
126 127 a 1
126 127 b 1
126 54 c 0
126 117 e 1
127 128 a 1
127 128 b 1
127 64 c 3
127 125 d 2
127 68 e 1
128 128 a 0
128 128 b 0
128 75 c 4
128 57 e 2

65 128 585 5 5 0
1 2 a 1
1 2 b 1
1 70 c 2
1 59 d 0
1 57 e 3
2 3 a 1
2 3 b 1
2 88 c 0
2 19 e 3
3 4 a 1
3 4 b 1
3 105 d 4
3 66 e 0
4 5 a 1
4 5 b 1
4 86 c 1
4 8 d 1
4 20 e 3
5 6 a 1
5 6 b 1
5 16 c 1
5 38 d 0
5 89 e 0
6 7 a 1
6 7 b 1
6 95 c 0
6 35 d 3
6 60 e 1
7 8 a 1
7 8 b 1
7 88 c 3
7 97 d 4
7 81 e 4
8 9 a 1
8 9 b 1
8 119 e 4
9 10 a 1
9 10 b 1
9 92 c 2
9 13 d 0
9 80 e 0
10 11 a 1
10 11 b 1
10 125 c 1
10 23 e 0
11 12 a 1
11 12 b 1
11 95 c 0
11 57 d 3
11 121 e 4
12 13 a 1
12 13 b 1
12 123 c 3
12 50 d 2
13 14 a 1
13 14 b 1
13 2 c 1
13 38 d 4
13 66 e 2
14 15 a 1
14 15 b 1
14 6 c 1
14 52 d 2
14 33 e 1
15 16 a 1
15 16 b 1
15 66 c 0
15 80 d 1
15 31 e 4
16 17 a 1
16 17 b 1
16 126 d 1
17 18 a 1
17 18 b 1
17 20 c 1
17 23 d 4
17 83 e 2
18 19 a 1
18 19 b 1
18 125 c 1
19 20 a 1
19 20 b 1
19 27 c 4
19 91 d 2
19 59 e 4
20 21 a 1
20 21 b 1
20 92 c 1
20 82 d 4
20 121 e 2
21 22 a 1
21 22 b 1
21 115 c 0
21 102 d 0
21 54 e 4
22 23 a 1
22 23 b 1
22 8 c 1
22 17 d 2
22 94 e 0
23 24 a 1
23 24 b 1
23 122 c 0
23 124 d 0
24 25 a 1
24 25 b 1
24 52 c 0
24 86 d 4
24 4 e 1
25 26 a 1
25 26 b 1
25 121 c 2
25 119 d 0
25 20 e 1
26 27 a 1
26 27 b 1
26 26 d 1
26 87 e 1
27 28 a 1
27 28 b 1
27 40 c 4
27 68 d 0
27 50 e 4
28 29 a 1
28 29 b 1
28 24 d 0
28 54 e 1
29 30 a 1
29 30 b 1
29 84 c 3
29 87 e 1
30 31 a 1
30 31 b 1
30 66 c 0
30 118 d 3
30 94 e 0
31 32 a 1
31 32 b 1
31 127 c 1
31 119 d 3
31 56 e 2
32 33 a 1
32 33 b 1
32 127 c 3
32 65 d 0
32 27 e 2
33 34 a 1
33 34 b 1
33 66 c 1
33 26 d 2
33 65 e 4
34 35 a 1
34 35 b 1
34 40 c 4
34 35 d 3
34 85 e 1
35 36 a 1
35 36 b 1
35 97 c 0
35 123 d 1
35 44 e 4
36 37 a 1
36 37 b 1
36 72 c 4
36 118 d 3
36 40 e 1
37 38 a 1
37 38 b 1
37 96 c 0
37 103 d 3
37 111 e 0
38 39 a 1
38 39 b 1
38 1 c 4
38 91 d 3
39 40 a 1
39 40 b 1
39 29 d 4
40 41 a 1
40 41 b 1
40 70 c 1
40 110 d 2
41 42 a 1
41 42 b 1
41 102 c 3
41 62 d 1
41 9 e 1
42 43 a 1
42 43 b 1
42 20 c 0
42 91 d 3
42 105 e 0
43 44 a 1
43 44 b 1
43 83 c 3
43 38 d 4
44 45 a 1
44 45 b 1
44 9 c 1
44 90 d 1
44 31 e 0
45 46 a 1
45 46 b 1
45 43 c 2
45 77 d 4
45 80 e 2
46 47 a 1
46 47 b 1
46 68 c 1
46 81 d 4
47 48 a 1
47 48 b 1
47 38 c 1
47 3 d 1
47 91 e 2
48 49 a 1
48 49 b 1
48 106 c 2
48 31 d 0
48 91 e 0
49 50 a 1
49 50 b 1
49 39 c 2
49 44 d 4
49 46 e 1
50 51 a 1
50 51 b 1
50 22 c 1
50 12 e 1
51 52 a 1
51 52 b 1
51 108 c 4
51 71 d 0
51 39 e 3
52 53 a 1
52 53 b 1
52 113 c 0
52 110 e 0
53 54 a 1
53 54 b 1
53 86 d 1
53 65 e 4
54 55 a 1
54 55 b 1
54 123 c 1
54 21 d 0
54 19 e 3
55 56 a 1
55 56 b 1
55 56 c 1
55 110 d 3
55 28 e 1
56 57 a 1
56 57 b 1
56 54 c 0
56 91 d 3
56 36 e 0
57 58 a 1
57 58 b 1
57 9 d 1
58 59 a 1
58 59 b 1
58 77 c 0
58 60 d 3
58 24 e 4
59 60 a 1
59 60 b 1
59 107 c 0
59 95 d 2
59 50 e 4
60 61 a 1
60 61 b 1
60 94 c 2
60 32 d 0
60 109 e 2
61 62 a 1
61 62 b 1
61 120 c 0
61 48 d 0
61 13 e 3
62 63 a 1
62 63 b 1
62 101 c 2
62 74 e 3
63 64 a 1
63 64 b 1
63 99 c 2
63 43 d 0
63 70 e 3
64 65 a 1
64 65 b 1
64 54 c 1
64 25 d 4
64 88 e 2
65 66 a 1
65 66 b 1
65 56 c 2
65 120 d 3
65 66 e 2
66 67 a 1
66 67 b 1
66 64 c 1
66 110 e 2
67 68 a 1
67 68 b 1
67 121 d 0
68 69 a 1
68 69 b 1
68 84 d 4
68 55 e 3
69 70 a 1
69 70 b 1
69 123 c 4
69 99 d 3
69 123 e 4
70 71 a 1
70 71 b 1
70 35 c 4
70 70 d 2
70 69 e 2
71 72 a 1
71 72 b 1
71 45 c 4
71 29 d 0
71 9 e 3
72 73 a 1
72 73 b 1
72 38 c 3
72 69 d 2
72 126 e 3
73 74 a 1
73 74 b 1
73 108 d 0
73 61 e 2
74 75 a 1
74 75 b 1
74 96 c 2
74 54 d 0
74 106 e 4
75 76 a 1
75 76 b 1
75 52 d 4
75 117 e 3
76 77 a 1
76 77 b 1
76 98 c 4
76 103 e 2
77 78 a 1
77 78 b 1
77 94 c 2
77 46 d 1
77 32 e 4
78 79 a 1
78 79 b 1
78 45 c 2
78 85 d 2
78 76 e 1
79 80 a 1
79 80 b 1
79 41 c 2
79 119 d 4
79 78 e 1
80 81 a 1
80 81 b 1
80 112 d 2
80 103 e 2
81 82 a 1
81 82 b 1
81 110 c 1
81 85 e 2
82 83 a 1
82 83 b 1
82 24 c 2
82 64 d 1
82 81 e 4
83 84 a 1
83 84 b 1
83 114 c 0
83 81 d 2
83 82 e 3
84 85 a 1
84 85 b 1
84 40 c 3
84 112 d 2
84 117 e 1
85 86 a 1
85 86 b 1
85 53 c 0
85 34 d 0
85 47 e 4
86 87 a 1
86 87 b 1
86 105 d 3
86 69 e 4
87 88 a 1
87 88 b 1
87 122 d 0
88 89 a 1
88 89 b 1
88 113 c 3
88 123 d 0
88 43 e 0
89 90 a 1
89 90 b 1
89 93 c 3
89 59 d 0
89 105 e 1
90 91 a 1
90 91 b 1
90 46 c 1
90 118 d 3
90 62 e 2
91 92 a 1
91 92 b 1
91 76 c 0
91 81 d 2
91 111 e 3
92 93 a 1
92 93 b 1
92 54 c 4
92 61 d 4
92 82 e 0
93 94 a 1
93 94 b 1
93 1 c 2
93 14 d 0
93 9 e 4
94 95 a 1
94 95 b 1
94 89 c 3
94 89 d 3
94 63 e 0
95 96 a 1
95 96 b 1
95 3 c 0
95 77 d 0
95 28 e 1
96 97 a 1
96 97 b 1
96 10 c 1
96 59 d 4
96 39 e 3
97 98 a 1
97 98 b 1
97 22 c 0
97 116 d 2
97 110 e 4
98 99 a 1
98 99 b 1
98 43 d 4
98 94 e 0
99 100 a 1
99 100 b 1
99 32 c 4
99 120 d 1
99 82 e 4
100 101 a 1
100 101 b 1
100 48 c 4
100 126 d 2
101 102 a 1
101 102 b 1
101 43 c 2
101 37 d 3
101 71 e 2
102 103 a 1
102 103 b 1
102 26 d 1
102 47 e 4
103 104 a 1
103 104 b 1
103 65 c 1
103 26 d 3
103 49 e 0
104 105 a 1
104 105 b 1
104 48 d 1
104 55 e 2
105 106 a 1
105 106 b 1
105 60 d 4
106 107 a 1
106 107 b 1
106 107 c 1
106 45 d 2
106 63 e 1
107 108 a 1
107 108 b 1
107 10 d 4
107 20 e 0
108 109 a 1
108 109 b 1
108 96 c 1
108 69 d 3
108 53 e 0
109 110 a 1
109 110 b 1
109 104 c 0
109 11 d 1
109 73 e 1
110 111 a 1
110 111 b 1
110 8 c 1
110 16 d 4
111 112 a 1
111 112 b 1
111 100 c 2
111 36 d 0
111 29 e 3
112 113 a 1
112 113 b 1
112 39 c 4
112 35 d 4
113 114 a 1
113 114 b 1
113 120 c 0
113 124 d 3
113 86 e 0
114 115 a 1
114 115 b 1
114 124 c 3
114 106 d 0
114 86 e 3
115 116 a 1
115 116 b 1
115 17 e 1
116 117 a 1
116 117 b 1
116 95 d 3
116 84 e 1
117 118 a 1
117 118 b 1
117 117 d 3
117 44 e 3
118 119 a 1
118 119 b 1
118 100 c 4
118 47 d 2
118 18 e 0
119 120 a 1
119 120 b 1
119 97 c 1
119 1 d 0
119 26 e 0
120 121 a 1
120 121 b 1
120 28 c 4
120 123 d 1
121 122 a 1
121 122 b 1
121 25 c 2
121 10 d 1
121 116 e 3
122 123 a 1
122 123 b 1
122 108 c 4
122 109 e 3
123 124 a 1
123 124 b 1
123 110 c 3
123 117 e 0
124 125 a 1
124 125 b 1
124 87 c 1
124 44 d 1
125 126 a 1
125 126 b 1
125 120 c 2
125 122 d 1
125 22 e 3
126 127 a 1
126 127 b 1
126 45 c 3
126 31 d 1
126 27 e 1
127 128 a 1
127 128 b 1
127 79 c 0
127 32 d 3
127 77 e 3
128 128 a 0
128 128 b 0
128 93 c 3
128 19 d 3
128 92 e 0

66 128 604 5 5 0
1 2 a 1
1 2 b 1
1 29 c 2
1 18 d 3
1 72 e 2
2 3 a 1
2 3 b 1
2 63 c 1
2 45 d 0
2 74 e 1
3 4 a 1
3 4 b 1
3 69 c 1
3 39 d 0
3 51 e 2
4 5 a 1
4 5 b 1
4 120 c 0
4 62 d 1
4 105 e 2
5 6 a 1
5 6 b 1
5 1 c 0
5 123 d 4
6 7 a 1
6 7 b 1
6 94 c 1
6 93 d 0
6 78 e 0
7 8 a 1
7 8 b 1
7 47 c 2
7 38 d 4
7 47 e 1
8 9 a 1
8 9 b 1
8 41 c 3
8 26 d 3
8 18 e 1
9 10 a 1
9 10 b 1
9 110 c 4
9 74 d 4
10 11 a 1
10 11 b 1
10 116 c 2
10 50 d 4
10 86 e 1
11 12 a 1
11 12 b 1
11 111 d 2
11 98 e 1
12 13 a 1
12 13 b 1
12 63 c 2
12 47 d 0
12 75 e 1
13 14 a 1
13 14 b 1
13 25 c 0
13 62 d 4
13 102 e 2
14 15 a 1
14 15 b 1
14 59 c 3
14 95 d 4
14 116 e 3
15 16 a 1
15 16 b 1
15 30 c 2
15 30 d 4
15 51 e 1
16 17 a 1
16 17 b 1
16 28 c 0
16 72 d 3
16 14 e 3
17 18 a 1
17 18 b 1
17 37 c 2
17 23 d 2
17 32 e 0
18 19 a 1
18 19 b 1
18 65 c 1
18 31 d 3
18 121 e 1
19 20 a 1
19 20 b 1
19 47 c 0
19 121 e 0
20 21 a 1
20 21 b 1
20 18 c 4
20 39 d 1
20 55 e 1
21 22 a 1
21 22 b 1
21 121 c 2
21 127 e 0
22 23 a 1
22 23 b 1
22 118 c 3
22 99 d 1
22 81 e 0
23 24 a 1
23 24 b 1
23 95 c 4
23 6 d 0
23 12 e 3
24 25 a 1
24 25 b 1
24 1 d 1
24 83 e 3
25 26 a 1
25 26 b 1
25 69 c 0
25 23 d 4
25 88 e 2
26 27 a 1
26 27 b 1
26 120 c 2
26 95 d 1
26 64 e 4
27 28 a 1
27 28 b 1
27 34 c 1
27 111 d 1
27 56 e 4
28 29 a 1
28 29 b 1
28 113 c 1
28 90 d 0
28 96 e 2
29 30 a 1
29 30 b 1
29 99 c 2
29 58 d 0
29 10 e 2
30 31 a 1
30 31 b 1
30 9 d 3
30 95 e 1
31 32 a 1
31 32 b 1
31 123 c 4
31 92 d 4
31 29 e 2
32 33 a 1
32 33 b 1
32 19 c 2
32 3 d 0
32 49 e 3
33 34 a 1
33 34 b 1
33 47 c 0
33 90 d 2
33 5 e 2
34 35 a 1
34 35 b 1
34 86 c 2
34 14 d 3
34 114 e 1
35 36 a 1
35 36 b 1
35 113 c 4
35 32 d 1
36 37 a 1
36 37 b 1
36 13 c 2
36 86 d 0
36 9 e 2
37 38 a 1
37 38 b 1
37 62 c 0
37 89 d 4
38 39 a 1
38 39 b 1
38 77 c 1
38 123 d 1
38 37 e 1
39 40 a 1
39 40 b 1
39 69 c 3
39 30 d 1
39 31 e 1
40 41 a 1
40 41 b 1
40 82 c 1
40 4 d 2
41 42 a 1
41 42 b 1
41 65 c 3
41 42 d 1
41 19 e 4
42 43 a 1
42 43 b 1
42 89 c 1
42 114 d 0
43 44 a 1
43 44 b 1
43 66 c 3
43 24 e 0
44 45 a 1
44 45 b 1
44 85 c 1
44 8 d 4
44 104 e 1
45 46 a 1
45 46 b 1
45 82 c 4
45 117 d 4
45 59 e 0
46 47 a 1
46 47 b 1
46 68 c 1
46 92 d 1
46 86 e 4
47 48 a 1
47 48 b 1
47 101 c 0
47 83 e 4
48 49 a 1
48 49 b 1
48 38 d 3
49 50 a 1
49 50 b 1
49 45 c 4
49 31 d 3
49 40 e 2
50 51 a 1
50 51 b 1
50 88 c 2
50 125 d 0
50 94 e 1
51 52 a 1
51 52 b 1
51 108 c 4
51 54 d 3
52 53 a 1
52 53 b 1
52 51 c 1
52 62 d 3
52 125 e 4
53 54 a 1
53 54 b 1
53 99 c 4
53 72 d 1
54 55 a 1
54 55 b 1
54 34 c 2
54 32 d 0
54 33 e 3
55 56 a 1
55 56 b 1
55 11 c 3
55 97 d 4
55 23 e 0
56 57 a 1
56 57 b 1
56 46 c 4
56 77 d 3
56 13 e 4
57 58 a 1
57 58 b 1
57 19 d 4
57 54 e 2
58 59 a 1
58 59 b 1
58 20 c 2
58 54 d 4
58 109 e 2
59 60 a 1
59 60 b 1
59 19 d 0
59 59 e 1
60 61 a 1
60 61 b 1
60 32 c 4
60 118 d 4
60 100 e 1
61 62 a 1
61 62 b 1
61 46 c 2
61 65 d 1
61 105 e 3
62 63 a 1
62 63 b 1
62 34 c 2
62 73 d 2
62 105 e 2
63 64 a 1
63 64 b 1
63 104 c 1
63 116 d 1
64 65 a 1
64 65 b 1
64 51 c 1
64 120 d 0
64 51 e 2
65 66 a 1
65 66 b 1
65 100 c 1
65 107 d 2
65 13 e 1
66 67 a 1
66 67 b 1
66 123 d 0
66 104 e 0
67 68 a 1
67 68 b 1
67 112 c 3
67 66 d 1
67 91 e 0
68 69 a 1
68 69 b 1
68 6 c 1
68 11 d 4
68 116 e 4
69 70 a 1
69 70 b 1
69 90 c 1
69 101 d 1
69 49 e 4
70 71 a 1
70 71 b 1
70 25 c 3
70 85 d 3
70 58 e 0
71 72 a 1
71 72 b 1
71 18 c 0
71 27 d 0
71 46 e 1
72 73 a 1
72 73 b 1
72 54 c 1
72 69 d 1
73 74 a 1
73 74 b 1
73 125 c 3
73 84 e 1
74 75 a 1
74 75 b 1
74 19 c 4
74 24 d 4
74 28 e 4
75 76 a 1
75 76 b 1
75 101 c 3
75 79 e 1
76 77 a 1
76 77 b 1
76 85 c 2
76 82 d 4
76 51 e 2
77 78 a 1
77 78 b 1
77 119 c 3
77 42 d 4
77 108 e 4
78 79 a 1
78 79 b 1
78 79 c 4
78 89 d 3
78 29 e 1
79 80 a 1
79 80 b 1
79 10 c 1
79 8 d 0
79 109 e 1
80 81 a 1
80 81 b 1
80 30 c 2
80 117 d 2
80 39 e 2
81 82 a 1
81 82 b 1
81 23 c 1
81 86 d 4
81 90 e 1
82 83 a 1
82 83 b 1
82 53 c 0
82 27 d 3
82 122 e 3
83 84 a 1
83 84 b 1
83 105 c 2
83 102 d 4
84 85 a 1
84 85 b 1
84 24 c 2
84 119 d 2
84 88 e 2
85 86 a 1
85 86 b 1
85 35 d 4
85 82 e 3
86 87 a 1
86 87 b 1
86 2 c 2
86 111 d 4
86 45 e 0
87 88 a 1
87 88 b 1
87 106 d 1
87 70 e 2
88 89 a 1
88 89 b 1
88 51 c 2
88 124 d 4
88 2 e 1
89 90 a 1
89 90 b 1
89 109 c 2
89 54 d 1
89 125 e 4
90 91 a 1
90 91 b 1
90 5 c 0
90 65 d 3
91 92 a 1
91 92 b 1
91 44 c 3
91 8 d 1
91 65 e 1
92 93 a 1
92 93 b 1
92 121 c 3
92 22 d 2
92 29 e 2
93 94 a 1
93 94 b 1
93 61 c 0
93 113 d 3
93 104 e 1
94 95 a 1
94 95 b 1
94 107 c 0
94 107 d 4
94 53 e 3
95 96 a 1
95 96 b 1
95 112 c 1
95 74 d 1
95 2 e 0
96 97 a 1
96 97 b 1
96 6 c 3
96 12 d 3
97 98 a 1
97 98 b 1
97 59 c 1
97 9 d 4
97 61 e 4
98 99 a 1
98 99 b 1
98 42 c 4
98 112 d 3
98 51 e 1
99 100 a 1
99 100 b 1
99 47 c 3
99 70 d 1
99 104 e 0
100 101 a 1
100 101 b 1
100 38 c 3
100 107 d 0
100 63 e 4
101 102 a 1
101 102 b 1
101 3 c 2
101 21 d 3
101 33 e 0
102 103 a 1
102 103 b 1
102 97 c 2
102 18 d 3
102 4 e 3
103 104 a 1
103 104 b 1
103 34 c 0
103 90 d 0
103 84 e 0
104 105 a 1
104 105 b 1
104 8 d 4
104 4 e 3
105 106 a 1
105 106 b 1
105 3 d 3
105 64 e 1
106 107 a 1
106 107 b 1
106 35 c 0
106 67 d 2
106 112 e 3
107 108 a 1
107 108 b 1
107 72 c 4
107 37 d 2
107 43 e 2
108 109 a 1
108 109 b 1
108 64 c 3
108 2 d 4
108 4 e 3
109 110 a 1
109 110 b 1
109 54 c 3
109 47 d 1
109 21 e 0
110 111 a 1
110 111 b 1
110 77 c 0
110 116 e 1
111 112 a 1
111 112 b 1
111 7 c 2
111 62 d 3
111 5 e 4
112 113 a 1
112 113 b 1
112 98 c 0
112 57 d 1
112 25 e 2
113 114 a 1
113 114 b 1
113 80 c 3
113 121 d 4
113 38 e 2
114 115 a 1
114 115 b 1
114 33 c 3
114 119 d 2
114 103 e 1
115 116 a 1
115 116 b 1
115 93 c 1
115 86 e 2
116 117 a 1
116 117 b 1
116 36 c 4
116 7 d 2
116 72 e 1
117 118 a 1
117 118 b 1
117 80 c 0
117 126 d 2
117 112 e 3
118 119 a 1
118 119 b 1
118 46 c 1
118 65 d 3
118 2 e 3
119 120 a 1
119 120 b 1
119 6 c 4
119 39 d 4
119 91 e 1
120 121 a 1
120 121 b 1
120 26 c 2
120 1 d 3
120 70 e 4
121 122 a 1
121 122 b 1
121 118 c 4
121 69 d 4
121 52 e 3
122 123 a 1
122 123 b 1
122 93 c 0
122 46 d 2
122 86 e 0
123 124 a 1
123 124 b 1
123 95 c 0
124 125 a 1
124 125 b 1
124 23 c 4
124 42 d 2
124 80 e 3
125 126 a 1
125 126 b 1
125 97 c 2
125 10 d 2
125 36 e 2
126 127 a 1
126 127 b 1
126 28 c 2
126 56 d 4
126 94 e 3
127 128 a 1
127 128 b 1
127 44 c 4
127 68 d 1
127 6 e 2
128 128 a 0
128 128 b 0
128 64 d 2
128 47 e 2

67 128 598 5 5 0
1 2 a 1
1 2 b 1
1 120 c 0
1 90 d 4
1 68 e 3
2 3 a 1
2 3 b 1
2 92 c 2
2 24 d 4
2 72 e 1
3 4 a 1
3 4 b 1
3 125 c 4
3 55 d 1
4 5 a 1
4 5 b 1
4 76 c 1
4 119 d 0
4 45 e 4
5 6 a 1
5 6 b 1
5 110 c 1
5 49 d 2
5 107 e 4
6 7 a 1
6 7 b 1
6 37 d 2
6 115 e 1
7 8 a 1
7 8 b 1
7 34 c 3
7 11 d 1
7 57 e 4
8 9 a 1
8 9 b 1
8 25 c 0
8 68 d 3
8 107 e 3
9 10 a 1
9 10 b 1
9 19 c 0
9 25 d 0
9 97 e 2
10 11 a 1
10 11 b 1
10 6 c 2
10 95 d 3
10 30 e 4
11 12 a 1
11 12 b 1
11 69 c 0
11 101 d 1
11 116 e 0
12 13 a 1
12 13 b 1
12 81 c 1
12 93 d 1
12 18 e 3
13 14 a 1
13 14 b 1
13 70 c 2
13 22 d 2
13 4 e 2
14 15 a 1
14 15 b 1
14 61 c 1
14 29 d 0
14 35 e 4
15 16 a 1
15 16 b 1
15 115 c 3
15 101 d 0
15 108 e 0
16 17 a 1
16 17 b 1
16 102 c 3
16 2 d 1
16 22 e 4
17 18 a 1
17 18 b 1
17 76 c 3
17 105 d 2
17 116 e 0
18 19 a 1
18 19 b 1
18 86 c 4
18 5 d 1
18 35 e 1
19 20 a 1
19 20 b 1
19 15 c 2
19 93 d 3
19 59 e 2
20 21 a 1
20 21 b 1
20 28 c 4
20 85 e 1
21 22 a 1
21 22 b 1
21 124 c 1
21 48 d 3
21 30 e 0
22 23 a 1
22 23 b 1
22 89 c 1
22 97 d 3
22 5 e 2
23 24 a 1
23 24 b 1
23 32 c 1
23 79 d 1
23 74 e 2
24 25 a 1
24 25 b 1
24 34 c 2
24 85 d 4
24 52 e 4
25 26 a 1
25 26 b 1
25 72 c 3
26 27 a 1
26 27 b 1
26 39 c 3
26 88 d 0
26 82 e 3
27 28 a 1
27 28 b 1
27 37 c 4
27 44 d 2
27 111 e 4
28 29 a 1
28 29 b 1
28 102 c 3
28 122 d 0
28 27 e 2
29 30 a 1
29 30 b 1
29 18 c 2
29 62 d 4
30 31 a 1
30 31 b 1
30 85 c 3
30 37 d 3
30 127 e 0
31 32 a 1
31 32 b 1
31 74 c 2
31 21 d 1
31 53 e 2
32 33 a 1
32 33 b 1
32 94 c 2
32 124 d 1
32 125 e 1
33 34 a 1
33 34 b 1
33 63 c 4
33 43 d 0
34 35 a 1
34 35 b 1
34 120 c 4
34 108 d 2
34 127 e 0
35 36 a 1
35 36 b 1
35 61 c 2
35 100 d 0
35 63 e 4
36 37 a 1
36 37 b 1
36 18 c 2
36 95 d 3
36 6 e 1
37 38 a 1
37 38 b 1
37 24 c 0
37 60 d 3
37 73 e 2
38 39 a 1
38 39 b 1
38 74 d 3
38 117 e 3
39 40 a 1
39 40 b 1
39 83 c 1
39 47 d 0
39 84 e 2
40 41 a 1
40 41 b 1
40 110 c 1
40 13 e 0
41 42 a 1
41 42 b 1
41 94 c 0
41 75 d 0
41 46 e 3
42 43 a 1
42 43 b 1
42 76 c 2
42 125 d 0
42 87 e 1
43 44 a 1
43 44 b 1
43 6 c 1
43 35 d 3
43 5 e 4
44 45 a 1
44 45 b 1
44 101 c 4
44 114 e 1
45 46 a 1
45 46 b 1
45 98 c 0
45 35 d 0
46 47 a 1
46 47 b 1
46 81 c 2
46 71 d 1
46 127 e 2
47 48 a 1
47 48 b 1
47 91 c 4
47 26 d 0
47 47 e 2
48 49 a 1
48 49 b 1
48 28 c 2
48 90 d 3
48 57 e 2
49 50 a 1
49 50 b 1
49 83 c 4
49 81 e 1
50 51 a 1
50 51 b 1
50 64 c 0
50 75 d 2
50 66 e 4
51 52 a 1
51 52 b 1
51 19 c 2
51 46 d 1
51 123 e 3
52 53 a 1
52 53 b 1
52 108 c 1
52 62 e 1
53 54 a 1
53 54 b 1
53 16 c 2
53 2 d 3
54 55 a 1
54 55 b 1
54 124 c 4
54 37 d 0
55 56 a 1
55 56 b 1
55 112 d 3
55 33 e 1
56 57 a 1
56 57 b 1
56 113 d 3
56 46 e 1
57 58 a 1
57 58 b 1
57 125 c 1
57 90 d 1
57 110 e 1
58 59 a 1
58 59 b 1
58 46 c 2
58 65 d 3
58 77 e 4
59 60 a 1
59 60 b 1
59 85 c 3
59 5 d 0
59 71 e 4
60 61 a 1
60 61 b 1
60 34 c 2
60 109 e 1
61 62 a 1
61 62 b 1
61 123 c 3
61 66 d 4
61 81 e 4
62 63 a 1
62 63 b 1
62 77 c 4
62 93 d 4
62 33 e 3
63 64 a 1
63 64 b 1
63 25 c 2
63 57 e 3
64 65 a 1
64 65 b 1
64 44 c 1
64 50 d 1
64 36 e 3
65 66 a 1
65 66 b 1
65 28 d 4
66 67 a 1
66 67 b 1
66 92 c 0
66 57 d 3
66 122 e 3
67 68 a 1
67 68 b 1
67 116 c 1
67 52 d 2
68 69 a 1
68 69 b 1
68 123 c 3
68 75 d 0
68 11 e 2
69 70 a 1
69 70 b 1
69 32 d 4
70 71 a 1
70 71 b 1
70 64 c 2
70 93 d 1
70 31 e 0
71 72 a 1
71 72 b 1
71 115 c 4
71 105 d 4
71 74 e 2
72 73 a 1
72 73 b 1
72 20 c 4
72 31 d 3
72 51 e 1
73 74 a 1
73 74 b 1
73 1 d 3
73 98 e 2
74 75 a 1
74 75 b 1
74 89 c 1
74 61 d 4
74 83 e 3
75 76 a 1
75 76 b 1
75 10 c 4
75 81 d 1
75 35 e 1
76 77 a 1
76 77 b 1
76 80 c 2
76 2 d 3
76 13 e 0
77 78 a 1
77 78 b 1
77 16 c 1
77 67 d 4
78 79 a 1
78 79 b 1
78 91 c 4
78 70 d 0
78 28 e 2
79 80 a 1
79 80 b 1
79 9 c 2
79 72 e 3
80 81 a 1
80 81 b 1
80 48 c 0
80 86 d 1
80 80 e 0
81 82 a 1
81 82 b 1
81 105 c 4
81 100 d 2
82 83 a 1
82 83 b 1
82 42 c 1
82 80 d 0
82 79 e 2
83 84 a 1
83 84 b 1
83 26 c 0
83 68 e 1
84 85 a 1
84 85 b 1
84 38 c 2
84 121 d 0
84 125 e 1
85 86 a 1
85 86 b 1
85 75 c 0
85 1 d 1
85 108 e 2
86 87 a 1
86 87 b 1
86 107 c 3
86 114 d 3
87 88 a 1
87 88 b 1
87 42 c 0
87 45 d 0
87 80 e 1
88 89 a 1
88 89 b 1
88 116 c 4
88 106 d 1
88 67 e 3
89 90 a 1
89 90 b 1
89 26 c 0
89 53 d 0
89 106 e 1
90 91 a 1
90 91 b 1
90 46 c 2
90 118 d 4
90 46 e 2
91 92 a 1
91 92 b 1
91 100 d 0
91 44 e 3
92 93 a 1
92 93 b 1
92 69 c 1
92 15 d 1
92 85 e 2
93 94 a 1
93 94 b 1
93 92 c 1
93 83 d 0
93 80 e 3
94 95 a 1
94 95 b 1
94 66 c 0
94 39 d 2
94 116 e 3
95 96 a 1
95 96 b 1
95 15 c 3
95 14 d 2
95 118 e 4
96 97 a 1
96 97 b 1
96 104 c 4
96 103 d 1
96 73 e 1
97 98 a 1
97 98 b 1
97 15 c 0
97 1 d 1
97 68 e 1
98 99 a 1
98 99 b 1
98 20 c 2
98 29 d 0
98 45 e 3
99 100 a 1
99 100 b 1
99 18 c 0
99 10 e 3
100 101 a 1
100 101 b 1
100 36 d 1
100 44 e 2
101 102 a 1
101 102 b 1
101 35 c 0
101 16 d 1
101 28 e 4
102 103 a 1
102 103 b 1
102 111 c 0
102 121 d 1
103 104 a 1
103 104 b 1
103 100 d 1
103 32 e 2
104 105 a 1
104 105 b 1
104 39 c 2
104 47 d 0
104 31 e 2
105 106 a 1
105 106 b 1
105 59 c 4
105 34 d 4
105 113 e 4
106 107 a 1
106 107 b 1
106 62 c 2
106 127 d 2
106 30 e 1
107 108 a 1
107 108 b 1
107 88 c 2
107 121 d 0
107 54 e 0
108 109 a 1
108 109 b 1
108 7 c 4
108 40 d 1
108 70 e 2
109 110 a 1
109 110 b 1
109 28 c 2
109 107 d 1
109 125 e 3
110 111 a 1
110 111 b 1
110 87 c 1
110 92 d 2
110 18 e 3
111 112 a 1
111 112 b 1
111 116 c 0
111 23 d 2
111 63 e 3
112 113 a 1
112 113 b 1
112 63 c 4
112 123 e 4
113 114 a 1
113 114 b 1
113 117 c 1
113 60 d 0
113 81 e 0
114 115 a 1
114 115 b 1
114 50 c 4
114 8 e 2
115 116 a 1
115 116 b 1
115 40 c 1
115 52 d 2
115 4 e 3
116 117 a 1
116 117 b 1
116 37 e 0
117 118 a 1
117 118 b 1
117 80 c 4
117 71 d 2
117 83 e 0
118 119 a 1
118 119 b 1
118 89 c 3
118 62 d 0
118 100 e 3
119 120 a 1
119 120 b 1
119 17 c 2
119 37 d 4
119 44 e 3
120 121 a 1
120 121 b 1
120 112 c 4
120 27 d 0
120 15 e 3
121 122 a 1
121 122 b 1
121 118 c 2
121 21 d 3
122 123 a 1
122 123 b 1
122 85 d 1
122 99 e 3
123 124 a 1
123 124 b 1
123 1 c 4
123 73 d 2
123 16 e 1
124 125 a 1
124 125 b 1
124 16 c 3
124 24 d 4
124 22 e 2
125 126 a 1
125 126 b 1
125 68 c 2
125 122 d 0
125 86 e 4
126 127 a 1
126 127 b 1
126 105 d 2
126 68 e 1
127 128 a 1
127 128 b 1
127 90 c 0
127 87 d 4
127 40 e 0
128 128 a 0
128 128 b 0
128 98 c 1
128 82 d 3
128 60 e 1

68 128 596 5 5 0
1 2 a 1
1 2 b 1
1 123 c 1
1 3 d 0
1 51 e 3
2 3 a 1
2 3 b 1
2 72 c 4
2 91 d 1
2 8 e 2
3 4 a 1
3 4 b 1
3 95 c 4
3 54 d 0
3 4 e 3
4 5 a 1
4 5 b 1
4 42 d 4
5 6 a 1
5 6 b 1
5 72 c 2
5 7 d 1
5 18 e 3
6 7 a 1
6 7 b 1
6 12 d 3
6 91 e 3
7 8 a 1
7 8 b 1
7 52 c 0
7 56 d 2
8 9 a 1
8 9 b 1
8 20 c 0
8 55 d 3
8 20 e 0
9 10 a 1
9 10 b 1
9 107 c 4
9 7 d 0
9 22 e 2
10 11 a 1
10 11 b 1
10 55 d 2
10 11 e 3
11 12 a 1
11 12 b 1
11 83 c 3
11 78 e 4
12 13 a 1
12 13 b 1
12 59 c 1
12 58 d 3
12 10 e 0
13 14 a 1
13 14 b 1
13 103 c 4
13 39 d 1
13 67 e 0
14 15 a 1
14 15 b 1
14 50 c 1
14 32 d 0
14 19 e 3
15 16 a 1
15 16 b 1
15 38 c 1
15 26 d 0
15 64 e 1
16 17 a 1
16 17 b 1
16 29 c 2
16 97 d 1
16 117 e 4
17 18 a 1
17 18 b 1
17 122 c 3
17 50 d 0
18 19 a 1
18 19 b 1
18 2 c 3
18 78 e 4
19 20 a 1
19 20 b 1
19 39 c 3
19 124 d 2
19 109 e 2
20 21 a 1
20 21 b 1
20 24 c 0
20 53 d 1
20 79 e 0
21 22 a 1
21 22 b 1
21 99 c 3
21 17 d 2
21 43 e 2
22 23 a 1
22 23 b 1
22 55 c 1
22 78 d 1
22 48 e 1
23 24 a 1
23 24 b 1
23 9 c 1
23 64 d 0
23 121 e 2
24 25 a 1
24 25 b 1
24 11 c 1
24 43 d 0
24 33 e 3
25 26 a 1
25 26 b 1
25 105 c 2
25 110 d 3
25 111 e 2
26 27 a 1
26 27 b 1
26 80 c 2
26 94 d 1
26 30 e 0
27 28 a 1
27 28 b 1
27 21 c 1
27 43 d 0
28 29 a 1
28 29 b 1
28 107 c 2
28 78 d 3
28 30 e 3
29 30 a 1
29 30 b 1
29 106 c 4
29 108 d 3
29 42 e 3
30 31 a 1
30 31 b 1
30 104 c 0
30 61 d 1
30 120 e 2
31 32 a 1
31 32 b 1
31 28 c 0
31 59 d 1
31 41 e 4
32 33 a 1
32 33 b 1
32 96 c 2
32 86 d 2
32 76 e 0
33 34 a 1
33 34 b 1
33 66 c 4
33 78 d 0
33 28 e 4
34 35 a 1
34 35 b 1
34 43 c 2
34 93 d 4
34 41 e 4
35 36 a 1
35 36 b 1
35 11 c 2
35 21 d 1
35 97 e 0
36 37 a 1
36 37 b 1
36 38 c 2
36 114 d 1
36 52 e 2
37 38 a 1
37 38 b 1
37 70 d 3
37 109 e 4
38 39 a 1
38 39 b 1
38 66 c 1
38 113 d 1
38 81 e 2
39 40 a 1
39 40 b 1
39 30 d 2
39 56 e 3
40 41 a 1
40 41 b 1
40 61 c 2
40 60 d 2
40 67 e 1
41 42 a 1
41 42 b 1
41 37 c 1
41 95 d 0
41 41 e 4
42 43 a 1
42 43 b 1
42 9 c 1
42 105 d 4
42 52 e 2
43 44 a 1
43 44 b 1
43 123 c 1
43 3 d 2
44 45 a 1
44 45 b 1
44 16 c 0
44 6 d 2
44 8 e 1
45 46 a 1
45 46 b 1
45 2 c 0
45 32 d 3
45 40 e 1
46 47 a 1
46 47 b 1
46 60 c 2
46 19 d 0
46 84 e 3
47 48 a 1
47 48 b 1
47 62 c 3
47 121 d 4
47 68 e 0
48 49 a 1
48 49 b 1
48 65 c 1
48 72 d 2
48 2 e 0
49 50 a 1
49 50 b 1
49 24 d 3
49 12 e 0
50 51 a 1
50 51 b 1
50 60 c 2
50 62 e 3
51 52 a 1
51 52 b 1
51 69 c 2
51 59 e 3
52 53 a 1
52 53 b 1
52 127 c 1
52 22 d 1
52 101 e 2
53 54 a 1
53 54 b 1
53 59 c 0
53 50 d 2
53 26 e 1
54 55 a 1
54 55 b 1
54 2 c 4
54 61 d 4
54 51 e 2
55 56 a 1
55 56 b 1
55 103 c 3
55 1 d 4
55 93 e 0
56 57 a 1
56 57 b 1
56 90 c 2
56 30 d 0
56 108 e 1
57 58 a 1
57 58 b 1
57 108 c 4
57 43 e 3
58 59 a 1
58 59 b 1
58 101 c 1
58 19 d 1
58 23 e 1
59 60 a 1
59 60 b 1
59 51 c 0
59 74 d 4
59 116 e 0
60 61 a 1
60 61 b 1
60 92 c 1
60 85 d 4
60 39 e 4
61 62 a 1
61 62 b 1
61 98 c 2
61 65 d 3
61 110 e 0
62 63 a 1
62 63 b 1
62 65 c 4
62 110 d 0
63 64 a 1
63 64 b 1
63 23 c 4
63 54 d 4
63 12 e 2
64 65 a 1
64 65 b 1
64 70 c 2
64 30 e 4
65 66 a 1
65 66 b 1
65 92 c 0
65 37 d 1
65 67 e 1
66 67 a 1
66 67 b 1
66 85 c 0
66 101 d 0
66 21 e 2
67 68 a 1
67 68 b 1
67 20 c 2
67 90 d 3
67 39 e 2
68 69 a 1
68 69 b 1
68 97 c 4
68 40 d 4
68 74 e 0
69 70 a 1
69 70 b 1
69 20 c 2
69 124 d 4
69 50 e 2
70 71 a 1
70 71 b 1
70 92 c 2
70 26 d 2
70 23 e 0
71 72 a 1
71 72 b 1
71 24 c 1
71 107 d 3
71 57 e 4
72 73 a 1
72 73 b 1
72 7 c 3
72 71 d 4
73 74 a 1
73 74 b 1
73 11 d 0
73 51 e 2
74 75 a 1
74 75 b 1
74 66 c 0
74 125 d 3
74 70 e 0
75 76 a 1
75 76 b 1
75 120 c 0
75 39 e 3
76 77 a 1
76 77 b 1
76 27 c 0
76 66 d 2
76 127 e 3
77 78 a 1
77 78 b 1
77 25 c 1
77 95 e 2
78 79 a 1
78 79 b 1
78 81 c 3
78 35 d 1
78 45 e 0
79 80 a 1
79 80 b 1
79 46 d 3
79 20 e 1
80 81 a 1
80 81 b 1
80 9 c 1
80 82 d 2
80 85 e 0
81 82 a 1
81 82 b 1
81 126 c 0
81 5 d 0
81 3 e 2
82 83 a 1
82 83 b 1
82 112 c 0
82 57 d 1
82 67 e 2
83 84 a 1
83 84 b 1
83 45 c 4
83 59 d 0
83 53 e 2
84 85 a 1
84 85 b 1
84 7 c 3
84 73 d 2
85 86 a 1
85 86 b 1
85 92 c 2
85 37 d 1
85 3 e 3
86 87 a 1
86 87 b 1
86 116 c 1
86 109 e 2
87 88 a 1
87 88 b 1
87 97 c 0
87 52 d 0
88 89 a 1
88 89 b 1
88 1 c 4
88 53 d 1
88 9 e 0
89 90 a 1
89 90 b 1
89 68 c 4
89 92 d 3
89 88 e 3
90 91 a 1
90 91 b 1
90 15 c 1
91 92 a 1
91 92 b 1
91 19 c 2
91 66 d 4
91 39 e 3
92 93 a 1
92 93 b 1
92 24 c 0
92 71 d 0
93 94 a 1
93 94 b 1
93 11 c 1
93 127 d 4
93 89 e 3
94 95 a 1
94 95 b 1
94 82 c 0
94 10 d 1
94 84 e 2
95 96 a 1
95 96 b 1
95 73 c 0
95 80 d 0
95 108 e 0
96 97 a 1
96 97 b 1
96 119 c 0
96 66 d 3
96 123 e 0
97 98 a 1
97 98 b 1
97 78 c 3
97 50 d 3
98 99 a 1
98 99 b 1
98 26 c 4
98 91 d 0
98 69 e 3
99 100 a 1
99 100 b 1
99 26 c 4
99 54 d 2
99 4 e 4
100 101 a 1
100 101 b 1
100 97 c 0
100 65 e 2
101 102 a 1
101 102 b 1
101 36 c 3
101 48 d 1
102 103 a 1
102 103 b 1
102 1 d 0
102 5 e 1
103 104 a 1
103 104 b 1
103 55 c 3
103 82 d 3
103 11 e 1
104 105 a 1
104 105 b 1
104 37 c 0
104 113 d 4
104 95 e 4
105 106 a 1
105 106 b 1
105 125 c 4
105 64 e 1
106 107 a 1
106 107 b 1
106 53 d 2
106 21 e 3
107 108 a 1
107 108 b 1
107 112 c 1
107 95 d 1
107 100 e 0
108 109 a 1
108 109 b 1
108 111 c 1
108 27 d 2
108 93 e 1
109 110 a 1
109 110 b 1
109 58 d 3
109 95 e 1
110 111 a 1
110 111 b 1
110 41 c 2
110 2 d 2
111 112 a 1
111 112 b 1
111 84 c 0
111 60 d 4
112 113 a 1
112 113 b 1
112 107 c 2
112 91 d 4
113 114 a 1
113 114 b 1
113 74 c 0
113 58 d 0
113 57 e 4
114 115 a 1
114 115 b 1
114 110 c 4
114 43 d 0
115 116 a 1
115 116 b 1
115 47 c 3
115 98 d 1
115 119 e 3
116 117 a 1
116 117 b 1
116 101 c 1
116 102 d 2
117 118 a 1
117 118 b 1
117 75 c 1
117 105 d 3
117 126 e 1
118 119 a 1
118 119 b 1
118 39 c 3
118 59 d 1
118 43 e 3
119 120 a 1
119 120 b 1
119 73 c 0
119 102 e 1
120 121 a 1
120 121 b 1
120 94 c 1
120 77 d 3
120 119 e 2
121 122 a 1
121 122 b 1
121 4 c 3
121 49 e 1
122 123 a 1
122 123 b 1
122 55 c 4
122 19 e 3
123 124 a 1
123 124 b 1
123 92 c 1
123 88 d 1
123 100 e 1
124 125 a 1
124 125 b 1
124 115 c 1
124 69 d 3
124 83 e 4
125 126 a 1
125 126 b 1
125 2 c 2
125 79 d 0
125 1 e 3
126 127 a 1
126 127 b 1
126 32 c 0
126 6 d 0
126 98 e 4
127 128 a 1
127 128 b 1
127 76 c 3
127 72 d 2
127 81 e 3
128 128 a 0
128 128 b 0
128 112 c 1
128 68 d 3
128 72 e 3

69 128 591 5 5 0
1 2 a 1
1 2 b 1
1 119 c 3
1 90 d 1
1 99 e 3
2 3 a 1
2 3 b 1
2 99 d 1
2 65 e 4
3 4 a 1
3 4 b 1
3 59 c 1
3 68 d 3
3 37 e 0
4 5 a 1
4 5 b 1
4 20 c 1
4 74 e 0
5 6 a 1
5 6 b 1
5 116 c 3
5 82 d 0
6 7 a 1
6 7 b 1
6 78 c 1
6 36 d 4
6 14 e 2
7 8 a 1
7 8 b 1
7 127 c 2
7 11 d 4
7 97 e 1
8 9 a 1
8 9 b 1
8 37 c 1
8 125 e 4
9 10 a 1
9 10 b 1
9 36 c 1
9 104 d 3
9 3 e 2
10 11 a 1
10 11 b 1
10 71 c 4
10 67 d 2
10 101 e 4
11 12 a 1
11 12 b 1
11 47 c 3
11 34 d 3
12 13 a 1
12 13 b 1
12 38 c 3
12 8 d 3
12 81 e 3
13 14 a 1
13 14 b 1
13 54 c 3
13 68 d 1
14 15 a 1
14 15 b 1
14 120 c 1
14 111 d 1
14 111 e 4
15 16 a 1
15 16 b 1
15 20 c 2
15 88 d 4
15 25 e 0
16 17 a 1
16 17 b 1
16 71 c 4
16 101 d 2
16 78 e 2
17 18 a 1
17 18 b 1
17 100 c 3
18 19 a 1
18 19 b 1
18 10 c 4
18 90 d 0
18 111 e 0
19 20 a 1
19 20 b 1
19 97 d 2
19 37 e 4
20 21 a 1
20 21 b 1
20 68 c 4
20 74 d 0
20 86 e 2
21 22 a 1
21 22 b 1
21 10 c 4
21 30 d 0
22 23 a 1
22 23 b 1
22 47 c 0
22 116 d 2
22 52 e 1
23 24 a 1
23 24 b 1
23 15 c 2
23 117 d 3
24 25 a 1
24 25 b 1
24 81 c 1
24 105 e 4
25 26 a 1
25 26 b 1
25 120 d 2
25 23 e 1
26 27 a 1
26 27 b 1
26 24 c 4
26 73 e 1
27 28 a 1
27 28 b 1
27 34 c 1
27 3 d 4
27 35 e 4
28 29 a 1
28 29 b 1
28 29 c 2
28 68 d 0
29 30 a 1
29 30 b 1
29 35 c 2
29 103 d 2
29 66 e 3
30 31 a 1
30 31 b 1
30 12 c 3
30 34 d 4
31 32 a 1
31 32 b 1
31 114 c 2
31 70 d 2
31 54 e 3
32 33 a 1
32 33 b 1
32 78 c 2
32 100 d 0
32 95 e 3
33 34 a 1
33 34 b 1
33 41 c 2
33 127 d 0
34 35 a 1
34 35 b 1
34 12 d 2
34 26 e 3
35 36 a 1
35 36 b 1
35 62 c 4
35 125 d 3
35 40 e 2
36 37 a 1
36 37 b 1
36 110 c 0
36 53 d 4
37 38 a 1
37 38 b 1
37 110 c 1
37 124 d 0
37 5 e 0
38 39 a 1
38 39 b 1
38 114 c 1
38 124 d 4
38 103 e 2
39 40 a 1
39 40 b 1
39 126 d 0
39 45 e 0
40 41 a 1
40 41 b 1
40 56 d 1
40 103 e 0
41 42 a 1
41 42 b 1
41 84 c 4
41 71 d 4
41 1 e 1
42 43 a 1
42 43 b 1
42 18 c 0
42 26 d 1
42 12 e 1
43 44 a 1
43 44 b 1
43 110 c 3
43 94 d 0
43 97 e 4
44 45 a 1
44 45 b 1
44 29 c 0
44 8 d 4
44 40 e 3
45 46 a 1
45 46 b 1
45 89 d 3
45 88 e 1
46 47 a 1
46 47 b 1
46 119 c 0
46 70 d 0
46 52 e 1
47 48 a 1
47 48 b 1
47 125 c 2
47 21 d 0
48 49 a 1
48 49 b 1
48 124 c 1
48 23 d 4
48 90 e 4
49 50 a 1
49 50 b 1
49 96 c 1
49 30 d 2
49 79 e 2
50 51 a 1
50 51 b 1
50 114 c 0
50 24 d 1
50 103 e 0
51 52 a 1
51 52 b 1
51 43 c 0
51 107 d 0
51 14 e 3
52 53 a 1
52 53 b 1
52 109 c 2
52 116 e 3
53 54 a 1
53 54 b 1
53 119 c 0
53 91 e 0
54 55 a 1
54 55 b 1
54 92 c 1
54 9 d 1
55 56 a 1
55 56 b 1
55 56 c 2
55 70 d 2
55 46 e 0
56 57 a 1
56 57 b 1
56 73 c 1
56 55 d 0
56 107 e 3
57 58 a 1
57 58 b 1
57 14 d 0
57 76 e 1
58 59 a 1
58 59 b 1
58 47 e 1
59 60 a 1
59 60 b 1
59 88 e 4
60 61 a 1
60 61 b 1
60 98 c 4
60 48 d 3
60 6 e 1
61 62 a 1
61 62 b 1
61 110 c 3
61 103 d 1
61 94 e 1
62 63 a 1
62 63 b 1
62 122 c 2
62 30 d 0
62 63 e 4
63 64 a 1
63 64 b 1
63 67 c 1
63 109 d 3
63 11 e 1
64 65 a 1
64 65 b 1
64 93 c 0
64 28 d 1
64 75 e 0
65 66 a 1
65 66 b 1
65 121 c 3
65 99 d 2
65 9 e 2
66 67 a 1
66 67 b 1
66 84 c 3
66 107 d 3
67 68 a 1
67 68 b 1
67 14 c 1
67 14 d 2
67 9 e 0
68 69 a 1
68 69 b 1
68 64 c 3
68 8 d 1
68 55 e 3
69 70 a 1
69 70 b 1
69 91 c 1
69 72 d 3
70 71 a 1
70 71 b 1
70 20 c 3
70 43 d 2
70 126 e 2
71 72 a 1
71 72 b 1
71 104 c 3
71 26 d 3
71 122 e 0
72 73 a 1
72 73 b 1
72 77 c 0
72 116 d 0
72 104 e 3
73 74 a 1
73 74 b 1
73 43 d 3
73 38 e 1
74 75 a 1
74 75 b 1
74 59 c 2
74 38 d 1
74 30 e 1
75 76 a 1
75 76 b 1
75 2 c 3
75 114 d 2
76 77 a 1
76 77 b 1
76 42 c 0
76 108 d 2
76 90 e 2
77 78 a 1
77 78 b 1
77 122 c 2
77 119 d 1
78 79 a 1
78 79 b 1
78 85 c 1
78 21 d 2
78 27 e 3
79 80 a 1
79 80 b 1
79 126 c 0
79 107 d 2
79 38 e 4
80 81 a 1
80 81 b 1
80 66 c 0
80 3 d 0
80 6 e 0
81 82 a 1
81 82 b 1
81 70 c 2
81 35 d 3
81 49 e 2
82 83 a 1
82 83 b 1
82 113 c 1
82 60 e 4
83 84 a 1
83 84 b 1
83 84 c 3
83 50 d 4
83 88 e 2
84 85 a 1
84 85 b 1
84 6 c 2
84 127 d 1
84 16 e 2
85 86 a 1
85 86 b 1
85 76 c 4
85 111 d 1
85 4 e 4
86 87 a 1
86 87 b 1
86 101 c 4
86 51 d 4
86 65 e 1
87 88 a 1
87 88 b 1
87 86 c 0
87 106 d 1
87 35 e 4
88 89 a 1
88 89 b 1
88 49 c 2
88 14 d 3
88 12 e 3
89 90 a 1
89 90 b 1
89 89 c 0
89 25 d 0
89 83 e 0
90 91 a 1
90 91 b 1
90 88 c 2
90 81 d 1
91 92 a 1
91 92 b 1
91 75 c 4
91 24 d 0
91 95 e 2
92 93 a 1
92 93 b 1
92 114 c 1
92 8 d 0
92 22 e 0
93 94 a 1
93 94 b 1
93 15 c 3
93 100 d 2
93 29 e 2
94 95 a 1
94 95 b 1
94 106 c 4
94 10 d 3
94 97 e 0
95 96 a 1
95 96 b 1
95 49 c 1
95 7 d 1
95 32 e 4
96 97 a 1
96 97 b 1
96 67 c 0
96 16 e 1
97 98 a 1
97 98 b 1
97 104 c 0
97 75 d 1
97 46 e 2
98 99 a 1
98 99 b 1
98 98 c 2
99 100 a 1
99 100 b 1
99 117 c 0
99 51 d 2
99 30 e 4
100 101 a 1
100 101 b 1
100 7 c 4
100 4 d 3
100 121 e 4
101 102 a 1
101 102 b 1
101 3 d 2
101 79 e 4
102 103 a 1
102 103 b 1
102 96 c 1
102 7 d 3
102 76 e 4
103 104 a 1
103 104 b 1
103 88 c 3
103 115 d 4
103 28 e 2
104 105 a 1
104 105 b 1
104 42 c 2
104 110 d 1
104 104 e 1
105 106 a 1
105 106 b 1
105 25 c 2
105 123 d 3
105 124 e 1
106 107 a 1
106 107 b 1
106 11 c 0
106 123 d 4
106 84 e 2
107 108 a 1
107 108 b 1
107 76 c 3
107 24 d 0
107 39 e 1
108 109 a 1
108 109 b 1
108 115 c 2
109 110 a 1
109 110 b 1
109 91 c 3
109 73 d 3
109 124 e 1
110 111 a 1
110 111 b 1
110 98 c 0
110 27 d 1
110 9 e 1
111 112 a 1
111 112 b 1
111 67 c 2
111 82 d 0
111 35 e 3
112 113 a 1
112 113 b 1
112 35 c 0
112 117 d 4
112 62 e 3
113 114 a 1
113 114 b 1
113 38 c 3
113 53 d 3
113 66 e 1
114 115 a 1
114 115 b 1
114 94 c 1
114 105 d 3
114 11 e 3
115 116 a 1
115 116 b 1
115 60 c 0
115 80 d 4
115 90 e 1
116 117 a 1
116 117 b 1
116 77 c 2
116 71 d 0
116 23 e 1
117 118 a 1
117 118 b 1
117 15 c 2
117 12 d 3
118 119 a 1
118 119 b 1
118 32 d 0
118 68 e 1
119 120 a 1
119 120 b 1
119 32 c 0
119 105 d 4
119 87 e 2
120 121 a 1
120 121 b 1
120 69 c 4
120 82 d 1
121 122 a 1
121 122 b 1
121 121 c 0
121 92 d 0
121 3 e 0
122 123 a 1
122 123 b 1
122 104 c 1
122 119 d 2
122 30 e 2
123 124 a 1
123 124 b 1
123 31 c 4
123 17 d 4
123 33 e 0
124 125 a 1
124 125 b 1
124 92 c 0
124 23 d 2
124 88 e 2
125 126 a 1
125 126 b 1
125 2 c 1
125 14 d 4
126 127 a 1
126 127 b 1
126 56 c 1
126 109 d 1
126 9 e 2
127 128 a 1
127 128 b 1
127 37 c 4
127 11 d 1
128 128 a 0
128 128 b 0
128 25 c 2
128 86 d 1
128 14 e 2

70 128 609 5 5 0
1 2 a 1
1 2 b 1
1 68 c 0
1 109 d 2
1 82 e 3
2 3 a 1
2 3 b 1
2 8 c 0
2 85 d 4
2 13 e 4
3 4 a 1
3 4 b 1
3 41 c 1
3 46 d 4
3 9 e 3
4 5 a 1
4 5 b 1
4 41 c 2
4 65 d 2
4 77 e 0
5 6 a 1
5 6 b 1
5 82 c 2
5 111 d 3
6 7 a 1
6 7 b 1
6 100 c 3
6 93 d 0
6 3 e 1
7 8 a 1
7 8 b 1
7 111 c 0
7 101 d 1
7 24 e 0
8 9 a 1
8 9 b 1
8 83 c 3
8 99 d 3
8 110 e 0
9 10 a 1
9 10 b 1
9 66 c 3
9 29 d 3
9 40 e 1
10 11 a 1
10 11 b 1
10 46 d 1
10 62 e 1
11 12 a 1
11 12 b 1
11 69 c 1
11 65 d 0
11 104 e 0
12 13 a 1
12 13 b 1
12 32 c 3
12 53 d 2
12 53 e 1
13 14 a 1
13 14 b 1
13 60 c 3
13 73 d 0
13 110 e 0
14 15 a 1
14 15 b 1
14 95 c 0
14 77 d 3
14 97 e 2
15 16 a 1
15 16 b 1
15 77 c 3
15 80 d 1
15 20 e 3
16 17 a 1
16 17 b 1
16 29 c 4
16 80 d 0
16 7 e 1
17 18 a 1
17 18 b 1
17 114 c 1
17 5 d 1
17 39 e 1
18 19 a 1
18 19 b 1
18 8 c 0
18 11 d 2
18 89 e 4
19 20 a 1
19 20 b 1
19 113 c 0
19 56 d 4
19 126 e 1
20 21 a 1
20 21 b 1
20 30 d 2
20 110 e 3
21 22 a 1
21 22 b 1
21 114 c 1
21 56 d 3
22 23 a 1
22 23 b 1
22 113 c 2
22 61 d 3
22 70 e 3
23 24 a 1
23 24 b 1
23 96 c 2
23 13 d 1
23 62 e 0
24 25 a 1
24 25 b 1
24 24 c 4
24 44 d 1
24 77 e 3
25 26 a 1
25 26 b 1
25 112 c 4
25 107 d 1
25 108 e 4
26 27 a 1
26 27 b 1
26 84 c 0
26 62 d 2
26 111 e 0
27 28 a 1
27 28 b 1
27 85 c 1
27 22 d 1
27 3 e 4
28 29 a 1
28 29 b 1
28 111 c 2
28 81 d 4
28 81 e 4
29 30 a 1
29 30 b 1
29 1 c 1
29 25 d 4
29 35 e 4
30 31 a 1
30 31 b 1
30 96 c 1
30 39 d 2
30 46 e 0
31 32 a 1
31 32 b 1
31 107 d 4
31 34 e 0
32 33 a 1
32 33 b 1
32 114 c 3
32 123 d 4
32 25 e 4
33 34 a 1
33 34 b 1
33 107 c 1
33 58 d 2
33 16 e 2
34 35 a 1
34 35 b 1
34 22 c 2
34 52 e 3
35 36 a 1
35 36 b 1
35 64 c 1
35 48 d 4
35 17 e 4
36 37 a 1
36 37 b 1
36 62 c 4
36 86 d 3
36 6 e 2
37 38 a 1
37 38 b 1
37 17 d 4
37 94 e 3
38 39 a 1
38 39 b 1
38 12 c 1
38 123 d 3
38 50 e 2
39 40 a 1
39 40 b 1
39 115 c 4
39 54 d 2
39 120 e 0
40 41 a 1
40 41 b 1
40 122 c 3
40 1 d 4
40 110 e 3
41 42 a 1
41 42 b 1
41 44 c 1
41 88 d 0
42 43 a 1
42 43 b 1
42 79 c 4
42 109 d 2
42 56 e 3
43 44 a 1
43 44 b 1
43 31 c 3
43 76 e 2
44 45 a 1
44 45 b 1
44 83 c 1
44 86 d 0
44 70 e 4
45 46 a 1
45 46 b 1
45 104 c 3
45 34 d 4
45 108 e 1
46 47 a 1
46 47 b 1
46 98 c 2
46 81 e 4
47 48 a 1
47 48 b 1
47 115 c 0
47 43 d 4
47 88 e 1
48 49 a 1
48 49 b 1
48 106 c 0
48 90 d 2
48 102 e 4
49 50 a 1
49 50 b 1
49 112 c 0
49 124 d 2
49 42 e 3
50 51 a 1
50 51 b 1
50 103 c 2
50 33 d 2
50 7 e 4
51 52 a 1
51 52 b 1
51 61 c 2
51 70 d 0
51 27 e 1
52 53 a 1
52 53 b 1
52 17 c 4
52 75 d 1
52 124 e 1
53 54 a 1
53 54 b 1
53 3 c 1
53 1 d 0
53 17 e 1
54 55 a 1
54 55 b 1
54 21 d 2
54 118 e 0
55 56 a 1
55 56 b 1
55 43 c 4
55 96 d 2
55 68 e 3
56 57 a 1
56 57 b 1
56 69 d 3
56 14 e 1
57 58 a 1
57 58 b 1
57 69 c 4
57 67 e 4
58 59 a 1
58 59 b 1
58 76 c 3
58 58 d 4
58 20 e 2
59 60 a 1
59 60 b 1
59 12 d 0
59 126 e 2
60 61 a 1
60 61 b 1
60 106 c 2
60 49 d 1
60 122 e 2
61 62 a 1
61 62 b 1
61 96 c 2
61 3 d 4
61 9 e 4
62 63 a 1
62 63 b 1
62 95 d 0
62 6 e 2
63 64 a 1
63 64 b 1
63 16 c 2
63 63 d 2
63 71 e 1
64 65 a 1
64 65 b 1
64 74 c 3
64 57 d 1
64 57 e 1
65 66 a 1
65 66 b 1
65 42 c 0
65 94 d 0
65 30 e 2
66 67 a 1
66 67 b 1
66 29 c 3
66 24 d 0
66 101 e 0
67 68 a 1
67 68 b 1
67 67 c 0
67 99 d 1
67 94 e 1
68 69 a 1
68 69 b 1
68 108 e 2
69 70 a 1
69 70 b 1
69 46 c 2
69 85 d 3
69 13 e 1
70 71 a 1
70 71 b 1
70 118 c 3
70 90 d 3
70 120 e 1
71 72 a 1
71 72 b 1
71 59 c 2
71 64 d 2
71 48 e 2
72 73 a 1
72 73 b 1
72 4 c 4
72 38 d 2
72 33 e 1
73 74 a 1
73 74 b 1
73 100 c 0
73 10 d 3
73 51 e 1
74 75 a 1
74 75 b 1
74 102 d 4
74 80 e 1
75 76 a 1
75 76 b 1
75 100 c 4
75 94 d 3
75 33 e 2
76 77 a 1
76 77 b 1
76 76 c 4
76 115 d 3
76 89 e 1
77 78 a 1
77 78 b 1
77 84 c 1
77 51 d 2
77 7 e 0
78 79 a 1
78 79 b 1
78 30 c 2
78 76 d 0
79 80 a 1
79 80 b 1
79 32 c 3
79 26 d 1
79 70 e 0
80 81 a 1
80 81 b 1
80 54 c 1
80 84 d 3
80 77 e 1
81 82 a 1
81 82 b 1
81 126 c 1
81 45 d 1
81 80 e 4
82 83 a 1
82 83 b 1
82 95 c 2
82 13 d 1
82 96 e 3
83 84 a 1
83 84 b 1
83 112 c 0
83 35 d 4
83 118 e 3
84 85 a 1
84 85 b 1
84 64 c 1
84 47 d 0
84 112 e 2
85 86 a 1
85 86 b 1
85 94 c 3
85 52 d 2
85 34 e 3
86 87 a 1
86 87 b 1
86 79 d 2
86 19 e 2
87 88 a 1
87 88 b 1
87 26 c 0
87 125 d 3
87 86 e 2
88 89 a 1
88 89 b 1
88 110 c 1
88 116 d 4
88 23 e 0
89 90 a 1
89 90 b 1
89 121 c 0
89 84 d 2
89 12 e 0
90 91 a 1
90 91 b 1
90 120 c 1
90 18 d 3
90 81 e 0
91 92 a 1
91 92 b 1
91 17 d 0
91 104 e 4
92 93 a 1
92 93 b 1
92 51 c 2
92 2 d 3
92 62 e 0
93 94 a 1
93 94 b 1
93 125 d 2
94 95 a 1
94 95 b 1
94 37 c 1
94 57 d 1
94 17 e 1
95 96 a 1
95 96 b 1
95 124 c 1
95 87 e 3
96 97 a 1
96 97 b 1
96 47 c 2
96 126 d 3
96 119 e 0
97 98 a 1
97 98 b 1
97 34 c 3
97 26 d 0
97 91 e 3
98 99 a 1
98 99 b 1
98 4 d 4
98 108 e 3
99 100 a 1
99 100 b 1
99 102 c 0
99 127 d 2
99 38 e 0
100 101 a 1
100 101 b 1
100 84 c 1
100 2 d 2
101 102 a 1
101 102 b 1
101 11 c 2
101 73 d 1
101 74 e 1
102 103 a 1
102 103 b 1
102 44 c 4
102 71 d 0
102 117 e 2
103 104 a 1
103 104 b 1
103 64 c 4
103 104 d 3
103 108 e 3
104 105 a 1
104 105 b 1
104 5 c 2
104 53 d 1
104 90 e 4
105 106 a 1
105 106 b 1
105 75 d 1
105 85 e 0
106 107 a 1
106 107 b 1
106 10 c 4
106 18 d 3
106 72 e 2
107 108 a 1
107 108 b 1
107 60 c 0
107 118 e 4
108 109 a 1
108 109 b 1
108 48 c 4
108 13 d 4
108 78 e 4
109 110 a 1
109 110 b 1
109 114 c 4
109 96 d 3
109 77 e 1
110 111 a 1
110 111 b 1
110 111 c 0
110 28 d 4
110 59 e 4
111 112 a 1
111 112 b 1
111 76 c 4
111 67 d 0
111 28 e 0
112 113 a 1
112 113 b 1
112 101 d 4
112 49 e 3
113 114 a 1
113 114 b 1
113 84 c 3
113 42 d 3
113 47 e 1
114 115 a 1
114 115 b 1
114 48 c 1
114 84 d 0
114 67 e 0
115 116 a 1
115 116 b 1
115 103 c 2
115 109 d 3
115 54 e 2
116 117 a 1
116 117 b 1
116 90 c 4
116 19 d 2
116 111 e 4
117 118 a 1
117 118 b 1
117 47 c 0
117 83 d 4
118 119 a 1
118 119 b 1
118 86 c 4
118 81 d 2
118 30 e 1
119 120 a 1
119 120 b 1
119 107 c 3
119 113 d 1
119 124 e 1
120 121 a 1
120 121 b 1
120 87 c 4
120 114 d 4
120 118 e 4
121 122 a 1
121 122 b 1
121 5 d 3
121 90 e 1
122 123 a 1
122 123 b 1
122 116 c 0
122 119 d 3
122 80 e 3
123 124 a 1
123 124 b 1
123 125 c 1
123 86 d 2
123 118 e 2
124 125 a 1
124 125 b 1
124 120 c 3
124 33 d 4
124 79 e 0
125 126 a 1
125 126 b 1
125 82 c 3
125 49 d 1
125 75 e 2
126 127 a 1
126 127 b 1
126 72 c 0
126 28 d 3
126 67 e 0
127 128 a 1
127 128 b 1
127 14 c 0
127 109 d 0
127 75 e 4
128 128 a 0
128 128 b 0
128 67 c 1
128 45 d 1
128 14 e 3

71 128 602 5 5 0
1 2 a 1
1 2 b 1
1 14 c 2
1 36 d 1
1 98 e 3
2 3 a 1
2 3 b 1
2 119 c 3
2 48 d 2
2 11 e 4
3 4 a 1
3 4 b 1
3 127 c 2
3 121 d 3
3 48 e 4
4 5 a 1
4 5 b 1
4 53 c 4
4 8 d 0
4 126 e 3
5 6 a 1
5 6 b 1
5 103 c 2
5 61 d 1
5 28 e 1
6 7 a 1
6 7 b 1
6 2 c 3
6 94 e 2
7 8 a 1
7 8 b 1
7 89 c 3
7 37 d 4
7 65 e 3
8 9 a 1
8 9 b 1
8 52 c 4
8 64 d 0
8 37 e 2
9 10 a 1
9 10 b 1
9 75 c 4
9 116 d 3
10 11 a 1
10 11 b 1
10 40 c 4
10 73 d 0
10 38 e 0
11 12 a 1
11 12 b 1
11 113 c 4
11 4 d 4
11 80 e 2
12 13 a 1
12 13 b 1
12 98 c 0
12 77 e 1
13 14 a 1
13 14 b 1
13 31 c 2
13 25 d 1
13 41 e 2
14 15 a 1
14 15 b 1
14 33 c 0
14 17 d 4
14 121 e 4
15 16 a 1
15 16 b 1
15 93 c 4
15 48 d 0
15 72 e 2
16 17 a 1
16 17 b 1
16 20 c 3
16 94 d 2
16 123 e 3
17 18 a 1
17 18 b 1
17 49 c 4
17 113 d 0
17 62 e 1
18 19 a 1
18 19 b 1
18 23 c 3
18 51 d 0
18 83 e 0
19 20 a 1
19 20 b 1
19 100 c 3
19 3 d 2
19 80 e 3
20 21 a 1
20 21 b 1
20 126 c 0
20 56 d 2
20 67 e 0
21 22 a 1
21 22 b 1
21 27 d 2
21 55 e 3
22 23 a 1
22 23 b 1
22 10 c 4
22 51 d 0
22 50 e 3
23 24 a 1
23 24 b 1
23 93 c 0
23 81 d 2
23 85 e 0
24 25 a 1
24 25 b 1
24 37 d 2
24 86 e 2
25 26 a 1
25 26 b 1
25 118 c 3
25 71 d 0
25 50 e 1
26 27 a 1
26 27 b 1
26 77 c 4
26 97 d 1
26 18 e 3
27 28 a 1
27 28 b 1
27 98 c 2
27 44 e 0
28 29 a 1
28 29 b 1
28 57 d 2
29 30 a 1
29 30 b 1
29 107 c 2
29 97 d 1
29 14 e 3
30 31 a 1
30 31 b 1
30 126 c 0
30 108 d 2
30 43 e 0
31 32 a 1
31 32 b 1
31 93 d 0
31 87 e 2
32 33 a 1
32 33 b 1
32 40 c 0
32 124 d 3
32 10 e 0
33 34 a 1
33 34 b 1
33 96 c 4
33 97 d 1
33 70 e 4
34 35 a 1
34 35 b 1
34 93 c 4
34 5 d 4
35 36 a 1
35 36 b 1
35 5 c 0
35 67 d 1
35 71 e 0
36 37 a 1
36 37 b 1
36 2 c 4
36 15 d 1
36 15 e 0
37 38 a 1
37 38 b 1
37 77 d 0
37 52 e 0
38 39 a 1
38 39 b 1
38 12 c 2
38 54 d 2
38 99 e 3
39 40 a 1
39 40 b 1
39 98 c 2
39 124 d 1
40 41 a 1
40 41 b 1
40 97 c 3
40 19 e 0
41 42 a 1
41 42 b 1
41 74 c 2
41 27 d 2
41 38 e 3
42 43 a 1
42 43 b 1
42 15 c 4
42 52 d 1
42 23 e 0
43 44 a 1
43 44 b 1
43 90 c 2
43 13 d 1
43 7 e 4
44 45 a 1
44 45 b 1
44 127 d 2
44 103 e 0
45 46 a 1
45 46 b 1
45 63 c 3
45 94 d 4
45 68 e 0
46 47 a 1
46 47 b 1
46 90 c 3
46 13 d 2
46 27 e 3
47 48 a 1
47 48 b 1
47 46 c 4
47 113 d 2
47 52 e 4
48 49 a 1
48 49 b 1
48 10 c 3
48 48 d 3
48 28 e 0
49 50 a 1
49 50 b 1
49 11 c 0
49 54 d 1
49 6 e 1
50 51 a 1
50 51 b 1
50 55 c 2
50 92 d 0
50 37 e 2
51 52 a 1
51 52 b 1
51 46 d 1
52 53 a 1
52 53 b 1
52 39 c 3
52 30 d 2
52 62 e 3
53 54 a 1
53 54 b 1
53 97 d 4
53 15 e 2
54 55 a 1
54 55 b 1
54 100 d 0
54 94 e 3
55 56 a 1
55 56 b 1
55 35 c 0
55 45 d 4
55 86 e 3
56 57 a 1
56 57 b 1
56 14 c 4
56 20 d 0
56 17 e 1
57 58 a 1
57 58 b 1
57 51 c 4
57 40 d 1
57 18 e 2
58 59 a 1
58 59 b 1
58 19 c 1
58 16 e 0
59 60 a 1
59 60 b 1
59 29 c 0
59 93 d 4
59 43 e 1
60 61 a 1
60 61 b 1
60 116 c 4
60 15 d 0
60 7 e 4
61 62 a 1
61 62 b 1
61 45 c 4
61 91 d 0
61 3 e 1
62 63 a 1
62 63 b 1
62 21 c 3
62 39 d 2
62 55 e 4
63 64 a 1
63 64 b 1
63 45 c 3
63 62 d 1
63 113 e 2
64 65 a 1
64 65 b 1
64 55 d 0
65 66 a 1
65 66 b 1
65 54 d 3
65 105 e 0
66 67 a 1
66 67 b 1
66 77 c 3
66 67 d 0
66 122 e 4
67 68 a 1
67 68 b 1
67 100 c 2
67 100 d 1
67 105 e 3
68 69 a 1
68 69 b 1
68 25 c 2
68 55 d 2
68 118 e 0
69 70 a 1
69 70 b 1
69 9 c 0
69 90 d 4
69 8 e 3
70 71 a 1
70 71 b 1
70 15 c 4
70 37 d 4
70 3 e 1
71 72 a 1
71 72 b 1
71 31 c 3
71 54 d 0
71 72 e 0
72 73 a 1
72 73 b 1
72 37 c 4
72 127 d 3
72 23 e 3
73 74 a 1
73 74 b 1
73 17 c 3
73 65 d 1
73 112 e 3
74 75 a 1
74 75 b 1
74 99 c 2
74 7 d 4
74 40 e 2
75 76 a 1
75 76 b 1
75 38 c 1
75 119 d 0
75 20 e 3
76 77 a 1
76 77 b 1
76 86 c 2
76 104 d 0
76 116 e 4
77 78 a 1
77 78 b 1
77 76 c 4
77 65 d 4
77 58 e 2
78 79 a 1
78 79 b 1
78 67 c 3
78 69 d 4
78 84 e 1
79 80 a 1
79 80 b 1
79 80 d 2
79 112 e 2
80 81 a 1
80 81 b 1
80 100 d 2
80 96 e 1
81 82 a 1
81 82 b 1
81 87 c 4
81 39 d 1
81 39 e 0
82 83 a 1
82 83 b 1
82 47 c 0
82 18 d 1
82 37 e 3
83 84 a 1
83 84 b 1
83 86 c 2
83 43 d 3
83 79 e 4
84 85 a 1
84 85 b 1
84 9 c 3
84 10 d 0
84 109 e 0
85 86 a 1
85 86 b 1
85 127 c 2
85 8 d 0
85 5 e 1
86 87 a 1
86 87 b 1
86 127 c 0
86 88 d 4
86 41 e 1
87 88 a 1
87 88 b 1
87 122 c 2
87 51 e 2
88 89 a 1
88 89 b 1
88 121 c 1
88 112 d 4
88 13 e 1
89 90 a 1
89 90 b 1
89 8 c 2
89 40 d 4
90 91 a 1
90 91 b 1
90 19 c 3
90 15 d 1
90 1 e 3
91 92 a 1
91 92 b 1
91 23 c 1
91 32 d 4
91 21 e 2
92 93 a 1
92 93 b 1
92 73 c 2
92 16 e 1
93 94 a 1
93 94 b 1
93 39 c 1
93 112 e 2
94 95 a 1
94 95 b 1
94 78 c 0
94 99 d 4
94 32 e 4
95 96 a 1
95 96 b 1
95 41 c 2
95 120 d 0
95 15 e 3
96 97 a 1
96 97 b 1
96 51 c 0
96 40 d 3
97 98 a 1
97 98 b 1
97 37 c 0
97 118 d 4
97 68 e 4
98 99 a 1
98 99 b 1
98 112 c 4
98 3 d 0
98 6 e 2
99 100 a 1
99 100 b 1
99 118 c 2
99 26 d 0
100 101 a 1
100 101 b 1
100 65 d 4
100 45 e 2
101 102 a 1
101 102 b 1
101 76 c 0
101 55 d 0
101 9 e 4
102 103 a 1
102 103 b 1
102 25 c 1
102 115 d 2
102 100 e 0
103 104 a 1
103 104 b 1
103 29 c 3
103 1 d 0
103 100 e 3
104 105 a 1
104 105 b 1
104 120 c 1
104 36 d 2
104 18 e 4
105 106 a 1
105 106 b 1
105 80 c 3
105 42 d 3
105 105 e 4
106 107 a 1
106 107 b 1
106 27 c 3
106 1 d 2
106 108 e 0
107 108 a 1
107 108 b 1
107 43 d 0
107 43 e 3
108 109 a 1
108 109 b 1
108 38 c 4
108 39 d 1
108 64 e 0
109 110 a 1
109 110 b 1
109 68 d 3
109 56 e 3
110 111 a 1
110 111 b 1
110 19 c 1
110 8 e 4
111 112 a 1
111 112 b 1
111 108 c 0
111 10 d 1
111 85 e 0
112 113 a 1
112 113 b 1
112 21 c 1
112 83 d 4
112 1 e 2
113 114 a 1
113 114 b 1
113 81 c 3
113 34 d 4
113 118 e 1
114 115 a 1
114 115 b 1
114 8 c 1
114 19 d 4
114 111 e 4
115 116 a 1
115 116 b 1
115 116 c 2
115 109 d 4
115 10 e 2
116 117 a 1
116 117 b 1
116 98 d 1
116 107 e 1
117 118 a 1
117 118 b 1
117 4 c 3
117 17 d 3
117 124 e 0
118 119 a 1
118 119 b 1
118 41 c 4
118 102 d 3
118 102 e 0
119 120 a 1
119 120 b 1
119 25 d 4
119 73 e 1
120 121 a 1
120 121 b 1
120 90 c 3
120 63 d 3
120 120 e 3
121 122 a 1
121 122 b 1
121 70 c 2
121 79 e 4
122 123 a 1
122 123 b 1
122 66 d 1
122 76 e 3
123 124 a 1
123 124 b 1
123 106 c 1
123 98 d 1
123 61 e 0
124 125 a 1
124 125 b 1
124 38 c 2
124 11 d 4
124 48 e 2
125 126 a 1
125 126 b 1
125 52 c 2
125 13 d 3
125 3 e 4
126 127 a 1
126 127 b 1
126 31 c 3
126 56 d 2
126 33 e 2
127 128 a 1
127 128 b 1
127 74 c 1
127 23 d 4
127 32 e 4
128 128 a 0
128 128 b 0
128 21 c 4
128 89 d 2
128 56 e 2

72 128 605 5 5 0
1 2 a 1
1 2 b 1
1 62 c 1
1 93 d 1
1 35 e 1
2 3 a 1
2 3 b 1
2 67 d 4
2 24 e 0
3 4 a 1
3 4 b 1
3 96 c 0
3 10 d 2
4 5 a 1
4 5 b 1
4 17 c 2
4 115 d 3
4 46 e 4
5 6 a 1
5 6 b 1
5 121 c 3
5 4 d 3
5 118 e 4
6 7 a 1
6 7 b 1
6 105 c 3
6 104 d 4
6 100 e 3
7 8 a 1
7 8 b 1
7 49 c 3
7 6 d 3
7 91 e 4
8 9 a 1
8 9 b 1
8 105 c 4
8 66 d 4
8 119 e 0
9 10 a 1
9 10 b 1
9 50 c 3
9 86 d 3
9 92 e 3
10 11 a 1
10 11 b 1
10 22 c 1
10 16 d 1
10 9 e 0
11 12 a 1
11 12 b 1
11 46 c 3
11 24 d 0
11 107 e 4
12 13 a 1
12 13 b 1
12 114 c 3
12 11 d 2
12 47 e 2
13 14 a 1
13 14 b 1
13 79 d 2
13 121 e 0
14 15 a 1
14 15 b 1
14 17 c 4
14 17 d 1
14 102 e 4
15 16 a 1
15 16 b 1
15 80 c 4
15 69 d 1
15 118 e 0
16 17 a 1
16 17 b 1
16 100 d 4
16 2 e 1
17 18 a 1
17 18 b 1
17 76 c 1
17 118 d 3
17 107 e 2
18 19 a 1
18 19 b 1
18 64 c 3
18 122 d 2
18 81 e 0
19 20 a 1
19 20 b 1
19 21 c 1
19 6 d 0
19 8 e 4
20 21 a 1
20 21 b 1
20 12 c 1
20 75 d 0
21 22 a 1
21 22 b 1
21 85 c 1
21 38 d 1
21 68 e 3
22 23 a 1
22 23 b 1
22 89 c 0
22 43 d 1
22 72 e 2
23 24 a 1
23 24 b 1
23 84 c 1
23 9 d 4
23 6 e 1
24 25 a 1
24 25 b 1
24 37 c 3
24 108 d 3
24 55 e 3
25 26 a 1
25 26 b 1
25 104 c 4
25 73 d 3
26 27 a 1
26 27 b 1
26 60 c 3
26 17 d 0
26 98 e 4
27 28 a 1
27 28 b 1
27 98 c 0
27 50 d 1
27 38 e 1
28 29 a 1
28 29 b 1
28 79 c 3
28 69 d 2
28 116 e 4
29 30 a 1
29 30 b 1
29 89 d 3
30 31 a 1
30 31 b 1
30 74 c 2
30 37 e 1
31 32 a 1
31 32 b 1
31 32 c 1
31 52 d 2
31 56 e 2
32 33 a 1
32 33 b 1
32 79 c 4
32 93 d 2
32 3 e 2
33 34 a 1
33 34 b 1
33 41 c 2
33 23 d 4
33 36 e 0
34 35 a 1
34 35 b 1
34 13 c 1
34 91 d 1
34 92 e 3
35 36 a 1
35 36 b 1
35 123 c 4
35 102 d 0
35 18 e 1
36 37 a 1
36 37 b 1
36 29 c 0
36 80 d 2
36 117 e 2
37 38 a 1
37 38 b 1
37 123 c 0
37 16 e 1
38 39 a 1
38 39 b 1
38 82 c 4
38 46 d 0
39 40 a 1
39 40 b 1
39 62 d 1
39 29 e 3
40 41 a 1
40 41 b 1
40 41 d 0
40 68 e 1
41 42 a 1
41 42 b 1
41 20 c 3
41 89 d 4
41 39 e 0
42 43 a 1
42 43 b 1
42 51 c 4
42 88 d 2
43 44 a 1
43 44 b 1
43 51 c 1
43 36 d 1
43 92 e 2
44 45 a 1
44 45 b 1
44 112 c 4
44 119 d 2
44 98 e 2
45 46 a 1
45 46 b 1
45 58 c 4
45 107 d 1
45 11 e 3
46 47 a 1
46 47 b 1
46 16 c 2
46 48 d 3
46 45 e 1
47 48 a 1
47 48 b 1
47 13 c 3
48 49 a 1
48 49 b 1
48 87 d 0
48 90 e 3
49 50 a 1
49 50 b 1
49 16 c 2
49 67 d 4
49 36 e 2
50 51 a 1
50 51 b 1
50 47 c 4
50 56 d 2
50 115 e 4
51 52 a 1
51 52 b 1
51 43 c 1
51 51 d 3
51 1 e 0
52 53 a 1
52 53 b 1
52 85 c 0
52 97 d 4
52 31 e 1
53 54 a 1
53 54 b 1
53 63 c 0
53 100 d 2
53 62 e 1
54 55 a 1
54 55 b 1
54 29 c 2
54 101 d 1
54 88 e 3
55 56 a 1
55 56 b 1
55 61 c 3
55 115 e 2
56 57 a 1
56 57 b 1
56 44 c 3
56 3 d 1
56 6 e 4
57 58 a 1
57 58 b 1
57 125 d 3
57 82 e 2
58 59 a 1
58 59 b 1
58 110 c 0
58 127 d 4
58 112 e 0
59 60 a 1
59 60 b 1
59 14 d 0
59 27 e 4
60 61 a 1
60 61 b 1
60 74 c 1
60 52 d 4
61 62 a 1
61 62 b 1
61 107 c 4
61 73 d 3
61 118 e 4
62 63 a 1
62 63 b 1
62 117 c 0
62 73 d 1
62 124 e 2
63 64 a 1
63 64 b 1
63 50 c 4
63 96 d 0
63 32 e 1
64 65 a 1
64 65 b 1
64 64 c 4
64 26 d 2
64 20 e 4
65 66 a 1
65 66 b 1
65 123 c 0
65 72 d 0
65 32 e 1
66 67 a 1
66 67 b 1
66 124 c 2
66 79 d 0
66 53 e 1
67 68 a 1
67 68 b 1
67 56 c 4
67 10 d 2
67 116 e 0
68 69 a 1
68 69 b 1
68 115 c 2
68 32 d 3
68 117 e 0
69 70 a 1
69 70 b 1
69 95 c 3
69 102 d 4
69 102 e 0
70 71 a 1
70 71 b 1
70 58 c 2
70 57 d 2
70 112 e 1
71 72 a 1
71 72 b 1
71 38 c 0
71 71 d 2
71 23 e 3
72 73 a 1
72 73 b 1
72 24 c 0
72 100 d 2
72 19 e 2
73 74 a 1
73 74 b 1
73 127 d 0
74 75 a 1
74 75 b 1
74 59 c 0
74 61 d 0
74 58 e 3
75 76 a 1
75 76 b 1
75 47 c 4
75 42 d 0
76 77 a 1
76 77 b 1
76 124 c 3
76 100 d 4
76 67 e 2
77 78 a 1
77 78 b 1
77 53 c 4
77 20 d 2
77 127 e 4
78 79 a 1
78 79 b 1
78 33 c 2
78 76 d 4
78 116 e 1
79 80 a 1
79 80 b 1
79 45 c 0
79 59 d 2
79 119 e 1
80 81 a 1
80 81 b 1
80 37 c 3
80 15 d 4
80 124 e 1
81 82 a 1
81 82 b 1
81 6 c 1
81 61 d 4
81 40 e 4
82 83 a 1
82 83 b 1
82 22 c 0
82 32 d 2
82 33 e 4
83 84 a 1
83 84 b 1
83 67 c 3
83 94 d 0
83 70 e 1
84 85 a 1
84 85 b 1
84 49 c 2
84 15 d 4
84 12 e 0
85 86 a 1
85 86 b 1
85 60 c 3
85 86 d 3
85 110 e 2
86 87 a 1
86 87 b 1
86 98 c 0
86 61 e 2
87 88 a 1
87 88 b 1
87 18 c 0
87 117 d 4
87 83 e 3
88 89 a 1
88 89 b 1
88 66 c 3
88 76 d 3
88 122 e 3
89 90 a 1
89 90 b 1
89 38 c 0
89 89 d 2
89 92 e 4
90 91 a 1
90 91 b 1
90 123 c 1
90 111 d 3
90 46 e 1
91 92 a 1
91 92 b 1
91 80 c 4
91 99 d 2
91 25 e 3
92 93 a 1
92 93 b 1
92 82 c 3
92 44 d 3
92 60 e 0
93 94 a 1
93 94 b 1
93 1 d 1
93 74 e 3
94 95 a 1
94 95 b 1
94 11 c 4
94 116 d 1
94 69 e 4
95 96 a 1
95 96 b 1
95 111 c 3
95 116 d 3
96 97 a 1
96 97 b 1
96 66 c 1
96 98 d 2
96 72 e 1
97 98 a 1
97 98 b 1
97 109 c 0
97 1 e 0
98 99 a 1
98 99 b 1
98 60 c 2
98 2 d 2
98 61 e 4
99 100 a 1
99 100 b 1
99 35 c 0
99 121 e 4
100 101 a 1
100 101 b 1
100 43 c 2
100 65 d 0
100 60 e 4
101 102 a 1
101 102 b 1
101 21 c 1
101 39 d 1
101 106 e 2
102 103 a 1
102 103 b 1
102 16 c 1
102 126 d 0
102 3 e 4
103 104 a 1
103 104 b 1
103 97 c 0
103 109 d 4
103 97 e 4
104 105 a 1
104 105 b 1
104 43 d 4
104 30 e 0
105 106 a 1
105 106 b 1
105 125 c 4
105 12 d 0
105 111 e 0
106 107 a 1
106 107 b 1
106 79 c 1
106 15 d 4
106 81 e 3
107 108 a 1
107 108 b 1
107 123 c 2
107 39 d 0
107 62 e 0
108 109 a 1
108 109 b 1
108 82 c 0
108 11 d 3
108 90 e 0
109 110 a 1
109 110 b 1
109 6 c 3
109 11 d 2
109 59 e 4
110 111 a 1
110 111 b 1
110 73 c 3
110 1 d 1
110 1 e 3
111 112 a 1
111 112 b 1
111 37 c 4
111 6 d 0
111 11 e 4
112 113 a 1
112 113 b 1
112 51 c 4
112 120 d 3
112 107 e 3
113 114 a 1
113 114 b 1
113 44 c 1
113 78 d 2
113 68 e 3
114 115 a 1
114 115 b 1
114 50 c 1
114 31 d 4
114 81 e 0
115 116 a 1
115 116 b 1
115 24 c 0
115 60 d 3
115 33 e 0
116 117 a 1
116 117 b 1
116 48 c 4
116 71 d 2
116 1 e 2
117 118 a 1
117 118 b 1
117 100 c 0
117 31 d 2
117 13 e 4
118 119 a 1
118 119 b 1
118 6 c 4
118 25 d 4
118 121 e 0
119 120 a 1
119 120 b 1
119 42 c 3
119 123 d 3
119 27 e 0
120 121 a 1
120 121 b 1
120 70 d 0
120 39 e 3
121 122 a 1
121 122 b 1
121 44 e 1
122 123 a 1
122 123 b 1
122 41 c 1
122 118 d 3
122 101 e 4
123 124 a 1
123 124 b 1
123 49 c 1
123 76 d 1
123 44 e 3
124 125 a 1
124 125 b 1
124 108 c 2
124 119 d 0
124 63 e 2
125 126 a 1
125 126 b 1
125 59 d 0
125 74 e 0
126 127 a 1
126 127 b 1
126 41 c 4
126 37 d 4
126 96 e 1
127 128 a 1
127 128 b 1
127 102 c 1
127 67 d 1
127 72 e 4
128 128 a 0
128 128 b 0
128 2 c 1
128 48 e 0

73 128 600 5 5 0
1 2 a 1
1 2 b 1
1 125 c 3
1 125 e 1
2 3 a 1
2 3 b 1
2 16 c 2
2 61 d 0
2 114 e 3
3 4 a 1
3 4 b 1
3 113 c 3
3 13 d 1
3 44 e 3
4 5 a 1
4 5 b 1
4 36 c 2
4 35 d 0
4 10 e 1
5 6 a 1
5 6 b 1
5 76 d 2
5 93 e 4
6 7 a 1
6 7 b 1
6 120 c 1
6 98 d 0
7 8 a 1
7 8 b 1
7 108 c 1
7 16 d 3
7 35 e 4
8 9 a 1
8 9 b 1
8 35 c 3
8 127 d 0
8 14 e 3
9 10 a 1
9 10 b 1
9 13 c 0
9 30 d 0
9 72 e 0
10 11 a 1
10 11 b 1
10 26 c 0
10 115 d 2
10 82 e 2
11 12 a 1
11 12 b 1
11 87 c 4
11 3 d 4
11 41 e 4
12 13 a 1
12 13 b 1
12 97 c 2
12 82 d 2
12 87 e 4
13 14 a 1
13 14 b 1
13 104 c 3
13 123 d 4
13 77 e 0
14 15 a 1
14 15 b 1
14 76 c 1
14 65 d 3
14 102 e 1
15 16 a 1
15 16 b 1
15 121 c 0
15 97 d 2
15 75 e 3
16 17 a 1
16 17 b 1
16 102 c 1
16 127 d 3
16 90 e 2
17 18 a 1
17 18 b 1
17 90 c 2
17 115 e 4
18 19 a 1
18 19 b 1
18 13 c 3
18 33 d 4
18 34 e 4
19 20 a 1
19 20 b 1
19 9 e 2
20 21 a 1
20 21 b 1
20 121 c 1
20 7 d 4
20 45 e 1
21 22 a 1
21 22 b 1
21 77 c 1
21 118 d 2
21 57 e 0
22 23 a 1
22 23 b 1
22 35 c 1
22 29 e 1
23 24 a 1
23 24 b 1
23 89 c 4
23 34 d 3
23 116 e 3
24 25 a 1
24 25 b 1
24 34 c 3
24 5 d 4
24 3 e 0
25 26 a 1
25 26 b 1
25 59 c 1
25 91 d 4
25 22 e 2
26 27 a 1
26 27 b 1
26 96 c 4
26 5 d 1
26 8 e 1
27 28 a 1
27 28 b 1
27 18 c 3
27 47 d 2
27 115 e 2
28 29 a 1
28 29 b 1
28 34 c 1
28 25 d 4
28 71 e 4
29 30 a 1
29 30 b 1
29 55 c 2
29 30 d 2
29 22 e 0
30 31 a 1
30 31 b 1
30 97 c 1
30 122 d 0
30 112 e 2
31 32 a 1
31 32 b 1
31 16 c 3
31 96 d 4
31 3 e 4
32 33 a 1
32 33 b 1
32 7 c 3
32 88 d 2
32 6 e 4
33 34 a 1
33 34 b 1
33 126 d 4
33 54 e 1
34 35 a 1
34 35 b 1
34 34 c 0
34 24 d 4
34 13 e 1
35 36 a 1
35 36 b 1
35 83 c 4
35 54 d 2
36 37 a 1
36 37 b 1
36 127 c 4
36 4 d 3
36 97 e 2
37 38 a 1
37 38 b 1
37 45 c 0
37 18 d 2
37 36 e 0
38 39 a 1
38 39 b 1
38 110 c 2
38 105 d 2
38 13 e 3
39 40 a 1
39 40 b 1
39 1 c 1
39 33 d 2
39 104 e 3
40 41 a 1
40 41 b 1
40 112 c 1
40 103 d 3
40 25 e 1
41 42 a 1
41 42 b 1
41 29 c 3
41 35 d 3
41 22 e 1
42 43 a 1
42 43 b 1
42 20 c 3
42 23 d 4
42 91 e 3
43 44 a 1
43 44 b 1
43 27 c 3
43 25 d 3
43 98 e 3
44 45 a 1
44 45 b 1
44 76 c 3
44 54 d 2
45 46 a 1
45 46 b 1
45 103 c 0
45 45 d 2
45 12 e 1
46 47 a 1
46 47 b 1
46 68 c 0
46 3 d 3
46 59 e 1
47 48 a 1
47 48 b 1
47 60 c 3
47 44 d 2
47 113 e 0
48 49 a 1
48 49 b 1
48 57 c 0
48 86 d 1
48 66 e 4
49 50 a 1
49 50 b 1
49 3 c 1
49 71 d 2
49 54 e 1
50 51 a 1
50 51 b 1
50 119 c 3
50 112 d 3
51 52 a 1
51 52 b 1
51 44 c 1
51 19 d 0
51 68 e 3
52 53 a 1
52 53 b 1
52 55 c 1
52 1 d 0
52 113 e 0
53 54 a 1
53 54 b 1
53 127 c 0
53 49 d 1
54 55 a 1
54 55 b 1
54 54 c 3
54 8 d 0
54 73 e 2
55 56 a 1
55 56 b 1
55 60 c 1
55 25 d 2
55 46 e 3
56 57 a 1
56 57 b 1
56 23 c 4
56 46 e 2
57 58 a 1
57 58 b 1
57 68 c 3
57 95 d 4
57 51 e 2
58 59 a 1
58 59 b 1
58 99 c 2
58 96 d 2
58 126 e 2
59 60 a 1
59 60 b 1
59 18 d 4
59 95 e 4
60 61 a 1
60 61 b 1
60 126 c 1
60 79 d 0
60 30 e 0
61 62 a 1
61 62 b 1
61 118 c 0
61 36 d 2
61 5 e 0
62 63 a 1
62 63 b 1
62 14 c 2
62 98 d 1
62 24 e 4
63 64 a 1
63 64 b 1
63 6 c 4
63 85 d 3
63 67 e 3
64 65 a 1
64 65 b 1
64 111 c 0
64 68 d 3
64 111 e 1
65 66 a 1
65 66 b 1
65 81 c 4
65 71 d 0
65 11 e 0
66 67 a 1
66 67 b 1
66 109 c 0
66 119 d 0
66 26 e 1
67 68 a 1
67 68 b 1
68 69 a 1
68 69 b 1
68 125 c 0
68 28 e 2
69 70 a 1
69 70 b 1
69 51 d 2
69 100 e 3
70 71 a 1
70 71 b 1
70 120 c 0
70 66 d 4
70 10 e 0
71 72 a 1
71 72 b 1
71 121 c 1
71 124 d 2
71 111 e 2
72 73 a 1
72 73 b 1
72 88 c 3
72 117 d 4
72 98 e 3
73 74 a 1
73 74 b 1
73 24 c 4
73 107 d 3
73 101 e 0
74 75 a 1
74 75 b 1
74 41 c 1
74 27 d 2
74 19 e 1
75 76 a 1
75 76 b 1
75 73 c 2
75 63 d 2
75 39 e 0
76 77 a 1
76 77 b 1
76 114 d 1
76 82 e 0
77 78 a 1
77 78 b 1
77 15 c 3
77 19 d 2
77 38 e 1
78 79 a 1
78 79 b 1
78 125 c 4
78 51 d 4
78 125 e 4
79 80 a 1
79 80 b 1
79 116 c 2
79 119 d 2
79 58 e 3
80 81 a 1
80 81 b 1
80 66 c 4
80 27 e 1
81 82 a 1
81 82 b 1
81 96 c 4
81 102 d 4
81 57 e 2
82 83 a 1
82 83 b 1
82 44 c 1
82 80 d 1
83 84 a 1
83 84 b 1
83 34 c 3
83 6 e 0
84 85 a 1
84 85 b 1
84 93 c 2
84 79 d 0
84 29 e 4
85 86 a 1
85 86 b 1
85 55 d 2
85 23 e 2
86 87 a 1
86 87 b 1
86 87 c 3
86 34 d 2
87 88 a 1
87 88 b 1
87 16 c 2
87 34 d 3
87 117 e 3
88 89 a 1
88 89 b 1
88 55 d 3
88 8 e 1
89 90 a 1
89 90 b 1
89 78 c 2
89 123 d 4
89 26 e 1
90 91 a 1
90 91 b 1
90 71 c 4
90 56 d 3
90 17 e 0
91 92 a 1
91 92 b 1
91 88 c 3
91 26 d 1
91 97 e 4
92 93 a 1
92 93 b 1
92 22 c 3
92 15 d 0
92 11 e 3
93 94 a 1
93 94 b 1
93 113 c 1
93 106 d 1
93 73 e 4
94 95 a 1
94 95 b 1
94 29 c 0
94 23 d 4
94 81 e 4
95 96 a 1
95 96 b 1
95 113 c 1
95 124 d 3
96 97 a 1
96 97 b 1
96 106 c 0
96 25 d 1
96 69 e 1
97 98 a 1
97 98 b 1
97 47 c 2
97 10 d 3
97 100 e 1
98 99 a 1
98 99 b 1
98 45 c 4
98 125 d 0
98 77 e 3
99 100 a 1
99 100 b 1
99 20 c 4
99 16 d 4
99 41 e 1
100 101 a 1
100 101 b 1
100 31 c 1
100 6 d 2
100 36 e 1
101 102 a 1
101 102 b 1
101 39 c 4
101 33 d 3
101 78 e 3
102 103 a 1
102 103 b 1
102 51 c 4
102 36 d 1
102 87 e 0
103 104 a 1
103 104 b 1
103 15 c 3
103 124 d 2
103 7 e 0
104 105 a 1
104 105 b 1
104 20 e 0
105 106 a 1
105 106 b 1
105 49 c 1
105 83 d 2
105 45 e 3
106 107 a 1
106 107 b 1
106 53 c 4
106 19 d 2
106 84 e 1
107 108 a 1
107 108 b 1
107 113 c 1
107 15 d 4
107 59 e 4
108 109 a 1
108 109 b 1
108 61 c 3
108 80 d 3
108 81 e 0
109 110 a 1
109 110 b 1
109 114 c 4
110 111 a 1
110 111 b 1
110 120 c 0
110 108 d 0
110 79 e 3
111 112 a 1
111 112 b 1
111 92 c 0
111 68 d 4
111 88 e 0
112 113 a 1
112 113 b 1
112 14 c 2
112 61 d 2
112 85 e 2
113 114 a 1
113 114 b 1
113 69 d 3
113 119 e 0
114 115 a 1
114 115 b 1
114 107 c 2
114 16 e 4
115 116 a 1
115 116 b 1
115 82 d 4
115 20 e 2
116 117 a 1
116 117 b 1
116 118 c 0
116 112 d 3
116 105 e 0
117 118 a 1
117 118 b 1
117 115 c 2
117 91 e 0
118 119 a 1
118 119 b 1
118 81 c 4
118 47 d 0
118 3 e 2
119 120 a 1
119 120 b 1
119 103 c 2
119 46 e 4
120 121 a 1
120 121 b 1
120 73 d 1
120 85 e 1
121 122 a 1
121 122 b 1
121 18 c 4
121 92 d 0
121 13 e 0
122 123 a 1
122 123 b 1
122 116 c 4
122 79 d 3
122 65 e 0
123 124 a 1
123 124 b 1
123 71 c 4
123 19 d 2
123 66 e 0
124 125 a 1
124 125 b 1
124 123 d 2
124 7 e 1
125 126 a 1
125 126 b 1
125 47 d 0
126 127 a 1
126 127 b 1
126 78 c 1
126 8 d 4
126 60 e 0
127 128 a 1
127 128 b 1
127 120 c 4
127 104 d 0
127 9 e 2
128 128 a 0
128 128 b 0
128 110 c 2
128 98 d 2
128 106 e 0

74 128 606 5 5 0
1 2 a 1
1 2 b 1
1 22 c 0
1 79 e 2
2 3 a 1
2 3 b 1
2 13 c 1
2 23 d 3
2 71 e 0
3 4 a 1
3 4 b 1
3 115 c 0
3 4 d 2
3 60 e 0
4 5 a 1
4 5 b 1
4 119 c 2
4 115 e 0
5 6 a 1
5 6 b 1
5 8 c 1
5 105 e 4
6 7 a 1
6 7 b 1
6 127 c 2
6 40 d 2
6 8 e 2
7 8 a 1
7 8 b 1
7 90 d 1
7 27 e 4
8 9 a 1
8 9 b 1
8 13 c 3
8 115 d 3
8 8 e 2
9 10 a 1
9 10 b 1
9 26 c 0
9 97 d 1
9 122 e 4
10 11 a 1
10 11 b 1
10 59 c 4
10 127 e 1
11 12 a 1
11 12 b 1
11 74 c 4
11 32 d 2
12 13 a 1
12 13 b 1
12 50 c 3
12 34 d 0
12 45 e 4
13 14 a 1
13 14 b 1
13 98 d 2
13 3 e 4
14 15 a 1
14 15 b 1
14 55 c 2
14 37 d 2
14 18 e 4
15 16 a 1
15 16 b 1
15 108 c 4
15 77 d 2
15 112 e 2
16 17 a 1
16 17 b 1
16 115 d 4
16 30 e 1
17 18 a 1
17 18 b 1
17 9 c 2
17 111 d 3
17 26 e 1
18 19 a 1
18 19 b 1
18 75 c 2
18 17 d 2
19 20 a 1
19 20 b 1
19 10 c 0
19 81 d 4
19 125 e 2
20 21 a 1
20 21 b 1
20 121 c 2
20 73 d 2
20 22 e 4
21 22 a 1
21 22 b 1
21 5 c 4
21 23 e 0
22 23 a 1
22 23 b 1
22 114 c 0
22 74 e 2
23 24 a 1
23 24 b 1
23 94 c 2
23 114 e 1
24 25 a 1
24 25 b 1
24 57 c 3
24 98 d 3
24 107 e 2
25 26 a 1
25 26 b 1
25 6 c 0
25 100 d 3
25 34 e 3
26 27 a 1
26 27 b 1
26 56 d 3
27 28 a 1
27 28 b 1
27 123 c 0
27 125 d 2
27 126 e 2
28 29 a 1
28 29 b 1
28 109 d 3
28 23 e 0
29 30 a 1
29 30 b 1
29 55 c 1
29 15 d 2
29 87 e 0
30 31 a 1
30 31 b 1
30 86 c 3
30 12 d 1
30 76 e 0
31 32 a 1
31 32 b 1
31 8 c 3
31 66 d 3
31 42 e 0
32 33 a 1
32 33 b 1
32 106 c 4
32 38 d 2
32 84 e 0
33 34 a 1
33 34 b 1
33 60 c 2
33 49 d 2
33 87 e 3
34 35 a 1
34 35 b 1
34 33 c 1
34 64 e 1
35 36 a 1
35 36 b 1
35 15 d 3
35 5 e 1
36 37 a 1
36 37 b 1
36 70 c 4
36 83 d 2
36 58 e 0
37 38 a 1
37 38 b 1
37 78 c 2
37 59 d 0
38 39 a 1
38 39 b 1
38 30 c 0
38 102 d 1
38 99 e 3
39 40 a 1
39 40 b 1
39 117 d 1
39 64 e 4
40 41 a 1
40 41 b 1
40 87 c 3
40 41 d 3
40 25 e 0
41 42 a 1
41 42 b 1
41 43 c 3
41 119 d 2
41 35 e 2
42 43 a 1
42 43 b 1
42 57 c 0
42 85 d 2
42 77 e 2
43 44 a 1
43 44 b 1
43 40 c 4
43 56 d 0
43 109 e 1
44 45 a 1
44 45 b 1
44 77 c 4
44 117 d 0
44 10 e 1
45 46 a 1
45 46 b 1
45 89 c 3
45 113 d 0
46 47 a 1
46 47 b 1
46 23 c 1
46 118 d 2
46 89 e 2
47 48 a 1
47 48 b 1
47 72 c 0
47 60 d 2
47 51 e 3
48 49 a 1
48 49 b 1
48 85 c 0
48 108 d 4
48 127 e 2
49 50 a 1
49 50 b 1
49 40 c 4
49 92 d 2
49 5 e 2
50 51 a 1
50 51 b 1
50 75 c 0
50 7 d 2
50 86 e 2
51 52 a 1
51 52 b 1
51 33 c 3
51 81 d 1
51 81 e 1
52 53 a 1
52 53 b 1
52 119 c 3
52 72 d 0
52 95 e 4
53 54 a 1
53 54 b 1
53 32 c 4
53 76 d 2
53 64 e 3
54 55 a 1
54 55 b 1
54 36 c 2
54 64 d 2
54 90 e 1
55 56 a 1
55 56 b 1
55 30 c 0
55 87 d 3
55 53 e 1
56 57 a 1
56 57 b 1
56 6 c 1
57 58 a 1
57 58 b 1
57 93 c 2
57 110 e 0
58 59 a 1
58 59 b 1
58 53 c 1
58 113 d 2
58 79 e 3
59 60 a 1
59 60 b 1
59 100 c 2
59 104 d 3
59 103 e 3
60 61 a 1
60 61 b 1
60 105 c 0
60 64 d 2
60 72 e 3
61 62 a 1
61 62 b 1
61 93 c 2
61 106 d 2
61 114 e 1
62 63 a 1
62 63 b 1
62 78 c 4
62 117 d 0
62 116 e 0
63 64 a 1
63 64 b 1
63 68 c 3
63 19 d 4
63 39 e 2
64 65 a 1
64 65 b 1
64 75 c 4
64 42 d 2
64 121 e 2
65 66 a 1
65 66 b 1
65 102 c 4
65 19 d 0
65 40 e 1
66 67 a 1
66 67 b 1
66 23 c 4
66 18 e 1
67 68 a 1
67 68 b 1
67 12 c 0
67 52 d 0
67 94 e 0
68 69 a 1
68 69 b 1
68 50 c 2
68 10 d 0
68 15 e 3
69 70 a 1
69 70 b 1
69 19 c 0
69 100 d 3
69 59 e 2
70 71 a 1
70 71 b 1
70 4 c 2
70 3 d 1
70 96 e 0
71 72 a 1
71 72 b 1
71 2 c 0
71 38 d 4
71 25 e 3
72 73 a 1
72 73 b 1
72 96 c 1
72 103 d 2
72 45 e 1
73 74 a 1
73 74 b 1
73 39 c 0
73 76 d 3
73 80 e 2
74 75 a 1
74 75 b 1
74 76 c 3
74 67 d 1
74 104 e 3
75 76 a 1
75 76 b 1
75 84 c 4
75 124 d 4
75 26 e 2
76 77 a 1
76 77 b 1
76 6 c 2
76 3 d 0
76 5 e 3
77 78 a 1
77 78 b 1
77 101 c 2
77 106 d 1
77 9 e 2
78 79 a 1
78 79 b 1
78 40 c 1
78 51 d 4
78 97 e 1
79 80 a 1
79 80 b 1
79 93 c 0
79 103 d 0
79 90 e 0
80 81 a 1
80 81 b 1
80 57 c 3
80 55 d 0
80 103 e 3
81 82 a 1
81 82 b 1
81 28 c 1
81 31 d 1
81 88 e 2
82 83 a 1
82 83 b 1
82 44 c 4
82 102 d 2
82 9 e 2
83 84 a 1
83 84 b 1
83 70 c 0
83 58 d 3
84 85 a 1
84 85 b 1
84 41 c 3
84 125 e 0
85 86 a 1
85 86 b 1
85 39 d 1
85 54 e 2
86 87 a 1
86 87 b 1
86 11 c 4
86 127 d 0
86 75 e 1
87 88 a 1
87 88 b 1
87 101 c 2
87 90 d 4
87 5 e 2
88 89 a 1
88 89 b 1
88 8 c 2
88 121 d 4
88 32 e 3
89 90 a 1
89 90 b 1
89 72 c 4
89 115 d 3
89 72 e 2
90 91 a 1
90 91 b 1
90 71 c 3
90 114 d 0
90 47 e 3
91 92 a 1
91 92 b 1
91 42 c 2
91 64 d 2
91 23 e 0
92 93 a 1
92 93 b 1
92 94 c 4
92 1 d 0
93 94 a 1
93 94 b 1
93 99 c 4
93 1 d 2
93 41 e 4
94 95 a 1
94 95 b 1
94 122 c 3
94 37 d 2
94 68 e 2
95 96 a 1
95 96 b 1
95 103 c 1
95 65 d 3
95 95 e 0
96 97 a 1
96 97 b 1
96 109 c 2
96 98 d 0
96 125 e 1
97 98 a 1
97 98 b 1
97 55 c 1
97 19 d 0
97 25 e 4
98 99 a 1
98 99 b 1
98 88 c 4
98 48 d 0
98 32 e 4
99 100 a 1
99 100 b 1
99 112 c 0
99 85 d 0
99 120 e 3
100 101 a 1
100 101 b 1
100 56 c 2
100 59 d 2
101 102 a 1
101 102 b 1
101 15 c 2
101 50 d 1
101 124 e 4
102 103 a 1
102 103 b 1
102 63 c 3
102 36 d 3
102 25 e 4
103 104 a 1
103 104 b 1
103 99 c 1
103 20 d 3
103 70 e 0
104 105 a 1
104 105 b 1
104 85 c 1
104 107 d 0
104 20 e 4
105 106 a 1
105 106 b 1
105 10 c 3
105 46 d 2
105 61 e 4
106 107 a 1
106 107 b 1
106 121 c 3
106 66 e 1
107 108 a 1
107 108 b 1
107 98 c 1
107 126 d 4
107 12 e 3
108 109 a 1
108 109 b 1
108 101 c 4
108 83 d 2
108 76 e 0
109 110 a 1
109 110 b 1
109 43 c 3
109 61 e 1
110 111 a 1
110 111 b 1
110 62 c 1
110 30 d 4
110 23 e 0
111 112 a 1
111 112 b 1
111 77 c 3
111 47 d 2
111 103 e 0
112 113 a 1
112 113 b 1
112 121 c 3
112 116 d 3
112 29 e 0
113 114 a 1
113 114 b 1
113 63 c 3
113 35 d 3
113 113 e 4
114 115 a 1
114 115 b 1
114 10 c 2
114 97 d 2
114 3 e 0
115 116 a 1
115 116 b 1
115 86 c 2
115 55 d 1
115 29 e 0
116 117 a 1
116 117 b 1
116 41 c 1
116 110 d 3
117 118 a 1
117 118 b 1
117 13 c 1
117 16 d 1
117 112 e 0
118 119 a 1
118 119 b 1
118 16 c 2
118 28 d 0
118 78 e 3
119 120 a 1
119 120 b 1
119 46 c 3
119 8 d 4
119 120 e 2
120 121 a 1
120 121 b 1
120 79 d 0
120 60 e 0
121 122 a 1
121 122 b 1
121 59 c 1
121 36 d 3
121 116 e 0
122 123 a 1
122 123 b 1
122 126 c 0
122 51 d 1
122 26 e 4
123 124 a 1
123 124 b 1
123 35 c 4
123 74 d 3
123 55 e 0
124 125 a 1
124 125 b 1
124 118 c 0
124 101 d 0
124 86 e 0
125 126 a 1
125 126 b 1
125 2 c 0
125 34 d 0
125 64 e 1
126 127 a 1
126 127 b 1
126 85 c 1
126 16 d 4
126 60 e 2
127 128 a 1
127 128 b 1
127 68 d 4
127 49 e 1
128 128 a 0
128 128 b 0
128 52 c 3
128 80 d 0
128 101 e 1

75 128 607 5 5 0
1 2 a 1
1 2 b 1
1 26 c 4
1 50 d 4
1 50 e 3
2 3 a 1
2 3 b 1
2 42 c 3
2 52 d 2
2 87 e 2
3 4 a 1
3 4 b 1
3 32 c 0
3 69 e 2
4 5 a 1
4 5 b 1
4 46 d 2
4 79 e 0
5 6 a 1
5 6 b 1
5 118 c 4
5 61 d 0
5 59 e 4
6 7 a 1
6 7 b 1
6 72 c 3
6 59 d 4
6 23 e 0
7 8 a 1
7 8 b 1
7 124 c 1
7 33 d 2
7 82 e 1
8 9 a 1
8 9 b 1
8 125 c 2
8 9 d 2
8 22 e 1
9 10 a 1
9 10 b 1
9 11 c 3
9 58 d 2
9 15 e 1
10 11 a 1
10 11 b 1
10 95 d 1
10 90 e 1
11 12 a 1
11 12 b 1
11 41 c 2
11 118 d 0
11 90 e 0
12 13 a 1
12 13 b 1
12 122 c 2
12 124 e 4
13 14 a 1
13 14 b 1
13 9 c 2
13 111 e 4
14 15 a 1
14 15 b 1
14 52 c 2
14 99 d 2
14 11 e 4
15 16 a 1
15 16 b 1
15 82 c 1
15 16 d 2
15 73 e 0
16 17 a 1
16 17 b 1
16 2 c 4
16 58 d 0
16 44 e 2
17 18 a 1
17 18 b 1
17 77 c 2
17 92 d 4
17 66 e 4
18 19 a 1
18 19 b 1
18 36 c 3
18 67 d 2
19 20 a 1
19 20 b 1
19 83 c 4
19 12 d 3
19 7 e 4
20 21 a 1
20 21 b 1
20 27 c 0
20 42 d 3
20 52 e 0
21 22 a 1
21 22 b 1
21 55 c 0
21 109 d 0
21 123 e 4
22 23 a 1
22 23 b 1
22 55 c 3
22 16 d 0
22 72 e 3
23 24 a 1
23 24 b 1
23 35 c 0
23 4 d 1
23 97 e 2
24 25 a 1
24 25 b 1
24 52 c 4
24 16 d 1
24 22 e 4
25 26 a 1
25 26 b 1
25 29 c 0
25 22 d 0
25 83 e 2
26 27 a 1
26 27 b 1
26 102 c 4
26 46 d 2
26 73 e 1
27 28 a 1
27 28 b 1
27 19 c 4
27 15 d 1
27 27 e 2
28 29 a 1
28 29 b 1
28 59 c 1
28 74 d 0
29 30 a 1
29 30 b 1
29 3 c 3
29 19 d 3
29 107 e 4
30 31 a 1
30 31 b 1
30 18 c 3
30 92 d 2
30 112 e 0
31 32 a 1
31 32 b 1
31 98 c 3
31 28 d 2
31 56 e 4
32 33 a 1
32 33 b 1
32 78 c 4
32 106 d 4
32 4 e 0
33 34 a 1
33 34 b 1
33 28 c 1
33 50 d 1
33 88 e 1
34 35 a 1
34 35 b 1
34 79 c 0
34 85 d 4
34 98 e 3
35 36 a 1
35 36 b 1
35 124 c 1
35 80 d 3
35 71 e 1
36 37 a 1
36 37 b 1
36 47 c 4
36 49 d 0
36 127 e 0
37 38 a 1
37 38 b 1
37 34 c 3
37 78 d 1
37 12 e 1
38 39 a 1
38 39 b 1
38 102 c 3
38 80 d 2
38 5 e 1
39 40 a 1
39 40 b 1
39 18 c 2
39 67 d 1
40 41 a 1
40 41 b 1
40 9 c 4
40 7 d 2
40 66 e 0
41 42 a 1
41 42 b 1
41 51 c 1
41 43 d 4
41 104 e 3
42 43 a 1
42 43 b 1
42 57 c 4
42 106 d 1
42 127 e 3
43 44 a 1
43 44 b 1
43 3 c 4
43 110 e 4
44 45 a 1
44 45 b 1
44 66 c 3
44 114 d 4
44 118 e 0
45 46 a 1
45 46 b 1
45 94 c 1
45 89 d 0
45 71 e 0
46 47 a 1
46 47 b 1
46 96 d 2
46 125 e 2
47 48 a 1
47 48 b 1
47 81 c 4
47 50 d 2
47 70 e 1
48 49 a 1
48 49 b 1
48 36 c 3
48 26 d 2
49 50 a 1
49 50 b 1
49 43 c 2
49 126 d 2
49 61 e 4
50 51 a 1
50 51 b 1
50 100 c 4
50 79 d 2
50 5 e 1
51 52 a 1
51 52 b 1
51 14 c 3
51 71 e 3
52 53 a 1
52 53 b 1
52 4 e 4
53 54 a 1
53 54 b 1
53 92 c 4
53 46 d 3
53 87 e 3
54 55 a 1
54 55 b 1
54 49 c 1
54 78 d 4
54 64 e 0
55 56 a 1
55 56 b 1
55 108 c 3
55 105 d 0
56 57 a 1
56 57 b 1
56 78 c 2
56 69 d 4
56 68 e 2
57 58 a 1
57 58 b 1
57 92 c 4
57 126 d 2
57 109 e 2
58 59 a 1
58 59 b 1
58 77 c 4
58 55 d 3
59 60 a 1
59 60 b 1
59 17 c 3
59 99 d 3
59 74 e 1
60 61 a 1
60 61 b 1
60 90 d 2
60 6 e 2
61 62 a 1
61 62 b 1
61 35 c 0
61 93 d 2
61 28 e 3
62 63 a 1
62 63 b 1
62 109 c 0
62 73 d 3
62 6 e 1
63 64 a 1
63 64 b 1
63 92 c 3
63 14 d 0
63 66 e 3
64 65 a 1
64 65 b 1
64 122 d 0
64 9 e 3
65 66 a 1
65 66 b 1
65 97 c 2
65 116 d 3
66 67 a 1
66 67 b 1
66 20 c 4
66 72 d 0
66 86 e 1
67 68 a 1
67 68 b 1
67 34 c 4
67 61 d 3
67 20 e 3
68 69 a 1
68 69 b 1
68 59 c 2
68 116 d 2
68 63 e 0
69 70 a 1
69 70 b 1
69 15 c 1
69 7 d 1
69 68 e 0
70 71 a 1
70 71 b 1
70 112 c 1
70 10 d 3
70 74 e 3
71 72 a 1
71 72 b 1
71 113 c 2
71 40 d 1
71 120 e 1
72 73 a 1
72 73 b 1
72 7 c 3
72 62 d 2
72 39 e 2
73 74 a 1
73 74 b 1
73 83 c 4
73 12 d 1
73 16 e 4
74 75 a 1
74 75 b 1
74 1 c 2
74 115 d 2
74 36 e 0
75 76 a 1
75 76 b 1
75 111 d 1
75 75 e 2
76 77 a 1
76 77 b 1
76 122 c 4
76 106 d 4
76 104 e 4
77 78 a 1
77 78 b 1
77 13 c 4
77 111 d 0
77 63 e 3
78 79 a 1
78 79 b 1
78 92 d 0
79 80 a 1
79 80 b 1
79 53 c 2
79 88 d 4
79 118 e 3
80 81 a 1
80 81 b 1
80 95 c 1
80 21 d 3
80 33 e 3
81 82 a 1
81 82 b 1
81 83 c 3
81 65 d 4
81 62 e 1
82 83 a 1
82 83 b 1
82 15 c 1
82 56 d 4
82 122 e 4
83 84 a 1
83 84 b 1
83 53 c 4
83 94 d 2
83 18 e 3
84 85 a 1
84 85 b 1
84 113 c 3
84 8 d 1
84 89 e 4
85 86 a 1
85 86 b 1
85 19 d 0
85 36 e 0
86 87 a 1
86 87 b 1
86 72 c 2
86 44 d 1
86 24 e 1
87 88 a 1
87 88 b 1
87 62 c 3
87 36 d 0
88 89 a 1
88 89 b 1
88 17 c 2
88 56 d 1
88 17 e 2
89 90 a 1
89 90 b 1
89 25 c 2
89 63 d 0
89 56 e 0
90 91 a 1
90 91 b 1
90 95 d 4
90 31 e 0
91 92 a 1
91 92 b 1
91 42 c 3
91 105 d 0
91 48 e 1
92 93 a 1
92 93 b 1
92 71 c 2
92 76 d 2
92 39 e 2
93 94 a 1
93 94 b 1
93 59 c 4
93 12 d 0
93 95 e 2
94 95 a 1
94 95 b 1
94 1 c 0
94 21 d 0
94 16 e 3
95 96 a 1
95 96 b 1
95 80 c 4
95 59 d 0
95 125 e 0
96 97 a 1
96 97 b 1
96 117 c 0
96 64 d 1
96 116 e 1
97 98 a 1
97 98 b 1
97 3 c 3
97 16 d 1
97 54 e 3
98 99 a 1
98 99 b 1
98 54 c 0
98 44 d 0
98 76 e 4
99 100 a 1
99 100 b 1
99 121 c 4
99 48 d 4
99 8 e 3
100 101 a 1
100 101 b 1
100 65 c 3
100 64 d 1
100 57 e 2
101 102 a 1
101 102 b 1
101 39 c 3
101 66 d 4
101 107 e 3
102 103 a 1
102 103 b 1
102 24 e 3
103 104 a 1
103 104 b 1
103 60 d 3
103 41 e 4
104 105 a 1
104 105 b 1
104 111 c 0
104 24 d 0
104 61 e 0
105 106 a 1
105 106 b 1
105 119 c 0
105 52 d 3
106 107 a 1
106 107 b 1
106 93 c 4
106 67 d 1
106 127 e 3
107 108 a 1
107 108 b 1
107 70 c 2
107 22 e 0
108 109 a 1
108 109 b 1
108 15 c 3
108 127 d 3
108 42 e 0
109 110 a 1
109 110 b 1
109 94 c 3
109 14 d 1
109 120 e 3
110 111 a 1
110 111 b 1
110 91 c 1
110 88 d 4
110 19 e 1
111 112 a 1
111 112 b 1
111 98 c 0
111 117 d 3
111 80 e 1
112 113 a 1
112 113 b 1
112 120 c 4
112 87 d 1
112 113 e 2
113 114 a 1
113 114 b 1
113 17 c 4
113 81 d 2
113 62 e 3
114 115 a 1
114 115 b 1
114 64 c 1
114 97 d 2
114 14 e 1
115 116 a 1
115 116 b 1
115 122 c 1
115 84 d 4
115 115 e 2
116 117 a 1
116 117 b 1
116 113 c 0
117 118 a 1
117 118 b 1
117 121 c 2
117 45 d 2
117 13 e 2
118 119 a 1
118 119 b 1
118 77 c 4
118 64 d 2
119 120 a 1
119 120 b 1
119 122 c 1
119 53 d 2
119 78 e 4
120 121 a 1
120 121 b 1
120 79 c 1
120 10 d 4
120 63 e 1
121 122 a 1
121 122 b 1
121 22 c 4
121 117 d 0
121 85 e 3
122 123 a 1
122 123 b 1
122 78 c 2
122 25 d 4
122 10 e 4
123 124 a 1
123 124 b 1
123 19 c 2
123 35 d 4
123 20 e 4
124 125 a 1
124 125 b 1
124 123 c 2
124 117 d 2
124 60 e 2
125 126 a 1
125 126 b 1
125 85 c 0
125 118 d 3
125 54 e 1
126 127 a 1
126 127 b 1
126 21 c 4
126 86 d 0
126 72 e 0
127 128 a 1
127 128 b 1
127 60 c 4
127 99 d 3
127 26 e 1
128 128 a 0
128 128 b 0
128 29 c 2
128 10 d 1
128 118 e 0

76 128 603 5 5 0
1 2 a 1
1 2 b 1
1 17 c 3
1 71 d 0
1 80 e 2
2 3 a 1
2 3 b 1
2 53 c 3
2 48 d 1
2 89 e 3
3 4 a 1
3 4 b 1
3 45 c 3
3 104 d 1
3 123 e 2
4 5 a 1
4 5 b 1
4 49 c 3
4 2 d 2
4 111 e 0
5 6 a 1
5 6 b 1
5 54 c 1
5 101 d 1
5 90 e 0
6 7 a 1
6 7 b 1
6 23 d 2
7 8 a 1
7 8 b 1
7 76 c 0
7 77 d 2
7 43 e 4
8 9 a 1
8 9 b 1
8 82 d 3
8 17 e 2
9 10 a 1
9 10 b 1
9 120 c 2
9 91 d 3
9 85 e 1
10 11 a 1
10 11 b 1
10 95 c 1
10 123 d 4
10 11 e 2
11 12 a 1
11 12 b 1
11 103 d 4
11 83 e 2
12 13 a 1
12 13 b 1
12 118 c 4
12 80 d 1
12 1 e 1
13 14 a 1
13 14 b 1
13 56 c 3
13 85 d 2
13 62 e 3
14 15 a 1
14 15 b 1
14 63 c 4
14 65 d 4
14 61 e 0
15 16 a 1
15 16 b 1
15 58 c 2
15 98 d 4
15 40 e 3
16 17 a 1
16 17 b 1
16 75 c 1
16 54 d 4
16 127 e 4
17 18 a 1
17 18 b 1
17 40 c 2
17 66 d 1
17 114 e 3
18 19 a 1
18 19 b 1
18 76 c 4
18 3 d 4
18 96 e 0
19 20 a 1
19 20 b 1
19 80 c 3
19 69 d 4
19 120 e 2
20 21 a 1
20 21 b 1
20 15 c 4
20 117 d 0
21 22 a 1
21 22 b 1
21 84 c 1
21 103 d 1
21 35 e 2
22 23 a 1
22 23 b 1
22 13 c 1
22 126 e 1
23 24 a 1
23 24 b 1
23 99 c 1
23 79 d 0
23 29 e 1
24 25 a 1
24 25 b 1
24 4 c 1
24 62 d 1
24 3 e 0
25 26 a 1
25 26 b 1
25 75 c 1
25 123 d 1
25 21 e 3
26 27 a 1
26 27 b 1
26 60 c 0
26 112 d 1
27 28 a 1
27 28 b 1
27 63 c 1
27 112 d 0
27 38 e 0
28 29 a 1
28 29 b 1
28 2 d 1
28 7 e 3
29 30 a 1
29 30 b 1
29 36 c 0
29 125 e 2
30 31 a 1
30 31 b 1
30 110 c 1
30 112 d 2
30 94 e 2
31 32 a 1
31 32 b 1
31 42 c 2
31 40 d 1
31 10 e 3
32 33 a 1
32 33 b 1
32 82 d 0
32 91 e 3
33 34 a 1
33 34 b 1
33 18 c 3
33 63 d 1
33 58 e 0
34 35 a 1
34 35 b 1
34 17 c 1
34 27 d 1
34 58 e 2
35 36 a 1
35 36 b 1
35 76 c 3
35 32 d 4
35 126 e 4
36 37 a 1
36 37 b 1
36 126 c 4
36 47 d 1
36 80 e 0
37 38 a 1
37 38 b 1
37 54 c 0
37 126 d 3
37 80 e 2
38 39 a 1
38 39 b 1
38 103 c 3
38 74 d 1
38 115 e 1
39 40 a 1
39 40 b 1
39 75 c 0
39 59 e 2
40 41 a 1
40 41 b 1
40 75 c 3
40 122 d 3
41 42 a 1
41 42 b 1
41 88 c 0
41 25 d 1
41 2 e 3
42 43 a 1
42 43 b 1
42 78 c 3
42 46 d 1
42 30 e 1
43 44 a 1
43 44 b 1
43 112 c 2
43 12 d 3
43 59 e 2
44 45 a 1
44 45 b 1
44 37 c 1
44 43 d 3
44 5 e 2
45 46 a 1
45 46 b 1
45 73 c 4
45 61 d 2
45 15 e 3
46 47 a 1
46 47 b 1
46 104 c 3
46 44 d 1
46 39 e 2
47 48 a 1
47 48 b 1
47 25 c 3
47 30 d 1
47 94 e 4
48 49 a 1
48 49 b 1
48 84 c 3
48 81 d 1
48 87 e 0
49 50 a 1
49 50 b 1
49 41 c 3
49 42 d 0
50 51 a 1
50 51 b 1
50 25 c 4
50 10 d 3
50 49 e 4
51 52 a 1
51 52 b 1
51 103 c 2
51 71 d 3
51 45 e 3
52 53 a 1
52 53 b 1
52 86 c 0
52 36 e 1
53 54 a 1
53 54 b 1
53 74 c 3
53 47 d 0
53 19 e 3
54 55 a 1
54 55 b 1
54 41 c 1
54 23 d 4
54 87 e 2
55 56 a 1
55 56 b 1
55 104 c 0
55 31 d 4
55 8 e 2
56 57 a 1
56 57 b 1
56 96 c 0
56 60 d 0
56 8 e 2
57 58 a 1
57 58 b 1
57 53 c 3
57 113 d 2
57 56 e 1
58 59 a 1
58 59 b 1
58 4 d 3
59 60 a 1
59 60 b 1
59 41 c 3
59 9 e 3
60 61 a 1
60 61 b 1
60 12 c 3
60 15 d 3
60 72 e 4
61 62 a 1
61 62 b 1
61 16 c 4
61 37 d 2
61 17 e 4
62 63 a 1
62 63 b 1
62 83 c 0
62 41 d 3
62 5 e 4
63 64 a 1
63 64 b 1
63 1 c 4
63 94 d 4
63 56 e 4
64 65 a 1
64 65 b 1
64 107 c 1
64 121 d 3
65 66 a 1
65 66 b 1
65 84 c 3
65 60 d 4
65 84 e 3
66 67 a 1
66 67 b 1
66 16 d 3
66 92 e 0
67 68 a 1
67 68 b 1
67 71 d 3
67 114 e 2
68 69 a 1
68 69 b 1
68 68 c 2
68 58 d 2
68 91 e 2
69 70 a 1
69 70 b 1
69 74 c 2
69 74 d 0
69 97 e 2
70 71 a 1
70 71 b 1
70 58 c 4
70 3 d 1
70 60 e 1
71 72 a 1
71 72 b 1
71 13 c 1
71 8 d 4
72 73 a 1
72 73 b 1
72 7 c 4
72 121 d 0
72 51 e 1
73 74 a 1
73 74 b 1
73 7 c 3
73 74 d 0
73 75 e 0
74 75 a 1
74 75 b 1
74 6 c 4
74 114 d 2
74 45 e 2
75 76 a 1
75 76 b 1
75 67 c 4
75 102 d 3
75 11 e 4
76 77 a 1
76 77 b 1
76 85 c 4
76 79 d 4
76 80 e 4
77 78 a 1
77 78 b 1
77 26 c 2
77 28 d 3
77 76 e 3
78 79 a 1
78 79 b 1
78 35 c 1
78 3 d 3
78 33 e 1
79 80 a 1
79 80 b 1
79 89 c 0
79 66 d 3
79 100 e 1
80 81 a 1
80 81 b 1
80 45 c 3
80 125 d 0
80 125 e 2
81 82 a 1
81 82 b 1
81 114 c 1
81 1 d 2
81 55 e 3
82 83 a 1
82 83 b 1
82 49 c 0
82 91 d 1
82 45 e 3
83 84 a 1
83 84 b 1
83 71 c 1
83 95 d 4
83 112 e 3
84 85 a 1
84 85 b 1
84 14 c 1
84 103 e 1
85 86 a 1
85 86 b 1
85 73 d 3
85 102 e 4
86 87 a 1
86 87 b 1
86 60 c 1
86 117 d 4
87 88 a 1
87 88 b 1
87 56 c 1
87 24 d 4
87 90 e 1
88 89 a 1
88 89 b 1
88 3 d 4
88 81 e 0
89 90 a 1
89 90 b 1
89 6 c 3
89 94 d 4
89 90 e 3
90 91 a 1
90 91 b 1
90 120 c 3
90 83 e 0
91 92 a 1
91 92 b 1
91 20 c 0
91 10 d 2
91 41 e 3
92 93 a 1
92 93 b 1
92 48 c 1
92 125 d 0
92 61 e 0
93 94 a 1
93 94 b 1
93 90 c 0
93 120 d 3
94 95 a 1
94 95 b 1
94 93 c 0
94 75 d 4
94 24 e 1
95 96 a 1
95 96 b 1
95 53 c 1
95 91 d 2
95 81 e 3
96 97 a 1
96 97 b 1
96 46 c 4
96 94 d 2
96 42 e 1
97 98 a 1
97 98 b 1
97 87 c 4
97 97 d 1
97 75 e 3
98 99 a 1
98 99 b 1
98 85 c 0
98 72 d 3
98 23 e 4
99 100 a 1
99 100 b 1
99 115 c 3
99 52 d 3
99 88 e 1
100 101 a 1
100 101 b 1
100 61 c 3
101 102 a 1
101 102 b 1
101 32 c 4
101 44 d 4
101 117 e 0
102 103 a 1
102 103 b 1
102 125 c 1
102 98 d 1
102 121 e 3
103 104 a 1
103 104 b 1
103 30 c 3
103 54 d 4
103 12 e 0
104 105 a 1
104 105 b 1
104 62 c 0
104 18 d 4
104 104 e 4
105 106 a 1
105 106 b 1
105 41 c 4
105 84 d 2
105 24 e 3
106 107 a 1
106 107 b 1
106 111 d 0
107 108 a 1
107 108 b 1
107 76 c 0
107 11 d 4
107 105 e 2
108 109 a 1
108 109 b 1
108 9 c 1
108 7 d 4
108 87 e 2
109 110 a 1
109 110 b 1
109 85 c 3
109 91 d 0
109 19 e 2
110 111 a 1
110 111 b 1
110 26 c 4
110 48 d 3
110 91 e 2
111 112 a 1
111 112 b 1
111 101 c 2
111 94 d 4
111 53 e 2
112 113 a 1
112 113 b 1
112 9 c 1
112 120 d 0
112 115 e 4
113 114 a 1
113 114 b 1
113 37 c 3
113 26 d 4
113 8 e 1
114 115 a 1
114 115 b 1
114 107 d 0
114 11 e 3
115 116 a 1
115 116 b 1
115 73 c 0
115 65 d 3
115 53 e 0
116 117 a 1
116 117 b 1
116 7 c 1
116 29 e 0
117 118 a 1
117 118 b 1
117 8 c 4
117 88 d 1
117 47 e 3
118 119 a 1
118 119 b 1
118 81 c 0
118 54 d 4
118 58 e 0
119 120 a 1
119 120 b 1
119 22 d 2
119 117 e 1
120 121 a 1
120 121 b 1
120 76 c 1
120 13 d 1
120 52 e 2
121 122 a 1
121 122 b 1
121 114 c 1
121 57 d 1
121 8 e 3
122 123 a 1
122 123 b 1
122 74 c 4
122 26 e 2
123 124 a 1
123 124 b 1
123 5 d 0
123 98 e 0
124 125 a 1
124 125 b 1
124 30 c 2
124 70 d 2
124 24 e 1
125 126 a 1
125 126 b 1
125 123 c 3
125 96 d 3
125 60 e 2
126 127 a 1
126 127 b 1
126 110 c 2
126 10 d 4
126 120 e 4
127 128 a 1
127 128 b 1
127 125 c 4
127 108 e 3
128 128 a 0
128 128 b 0
128 64 c 4
128 96 d 3
128 78 e 2

77 128 596 5 5 0
1 2 a 1
1 2 b 1
1 25 c 4
1 60 d 1
1 103 e 3
2 3 a 1
2 3 b 1
2 81 c 1
2 79 d 1
2 117 e 0
3 4 a 1
3 4 b 1
3 32 c 0
3 41 d 2
3 68 e 4
4 5 a 1
4 5 b 1
4 52 c 3
4 71 d 2
4 103 e 4
5 6 a 1
5 6 b 1
5 98 c 4
5 66 d 0
5 63 e 1
6 7 a 1
6 7 b 1
6 51 c 2
6 23 d 1
6 63 e 4
7 8 a 1
7 8 b 1
7 85 c 1
7 49 d 1
7 27 e 2
8 9 a 1
8 9 b 1
8 4 c 3
8 42 d 3
8 105 e 4
9 10 a 1
9 10 b 1
9 4 c 1
9 30 d 0
9 6 e 3
10 11 a 1
10 11 b 1
10 4 c 3
10 63 d 4
11 12 a 1
11 12 b 1
11 87 c 2
11 70 d 3
12 13 a 1
12 13 b 1
12 21 c 4
12 61 d 4
12 74 e 1
13 14 a 1
13 14 b 1
13 127 c 4
13 100 d 2
13 63 e 4
14 15 a 1
14 15 b 1
14 49 c 0
14 12 d 1
14 36 e 1
15 16 a 1
15 16 b 1
15 22 c 4
15 28 d 4
15 91 e 2
16 17 a 1
16 17 b 1
16 127 c 0
16 61 d 4
16 43 e 4
17 18 a 1
17 18 b 1
17 31 c 2
17 96 d 1
17 29 e 1
18 19 a 1
18 19 b 1
18 77 c 1
18 49 d 2
18 101 e 3
19 20 a 1
19 20 b 1
19 31 c 2
19 27 d 0
19 79 e 2
20 21 a 1
20 21 b 1
20 76 c 3
20 66 d 3
20 113 e 2
21 22 a 1
21 22 b 1
21 10 c 2
21 50 d 0
21 108 e 0
22 23 a 1
22 23 b 1
22 88 c 2
22 65 d 0
22 97 e 2
23 24 a 1
23 24 b 1
23 31 c 1
23 61 d 4
23 105 e 4
24 25 a 1
24 25 b 1
24 79 c 1
24 28 e 0
25 26 a 1
25 26 b 1
25 125 c 2
25 127 d 0
25 125 e 0
26 27 a 1
26 27 b 1
26 43 c 1
26 3 d 1
26 78 e 2
27 28 a 1
27 28 b 1
27 35 c 4
27 36 d 0
27 18 e 3
28 29 a 1
28 29 b 1
28 35 d 3
28 116 e 3
29 30 a 1
29 30 b 1
29 43 c 4
29 4 d 0
30 31 a 1
30 31 b 1
30 113 c 0
30 3 e 2
31 32 a 1
31 32 b 1
31 105 d 3
31 65 e 1
32 33 a 1
32 33 b 1
32 63 c 1
32 100 e 3
33 34 a 1
33 34 b 1
33 88 c 4
33 76 d 1
33 82 e 4
34 35 a 1
34 35 b 1
34 8 c 2
34 62 d 4
34 30 e 3
35 36 a 1
35 36 b 1
35 48 c 1
35 117 d 0
35 112 e 0
36 37 a 1
36 37 b 1
36 32 c 2
36 66 d 1
36 71 e 1
37 38 a 1
37 38 b 1
37 121 c 0
37 106 d 3
37 31 e 1
38 39 a 1
38 39 b 1
38 120 c 4
38 95 d 2
38 51 e 0
39 40 a 1
39 40 b 1
39 57 c 1
39 18 d 1
39 100 e 2
40 41 a 1
40 41 b 1
40 61 c 3
40 100 d 2
40 98 e 2
41 42 a 1
41 42 b 1
41 45 c 4
41 7 d 4
42 43 a 1
42 43 b 1
42 22 c 0
42 32 d 2
43 44 a 1
43 44 b 1
43 22 c 1
43 34 d 2
43 125 e 2
44 45 a 1
44 45 b 1
44 65 c 1
44 29 d 3
44 29 e 0
45 46 a 1
45 46 b 1
45 74 c 2
45 108 d 3
45 99 e 2
46 47 a 1
46 47 b 1
46 9 c 0
46 42 d 0
46 10 e 3
47 48 a 1
47 48 b 1
47 3 c 4
47 120 e 3
48 49 a 1
48 49 b 1
48 65 c 4
48 68 d 3
48 51 e 1
49 50 a 1
49 50 b 1
49 121 c 2
49 12 d 3
49 18 e 3
50 51 a 1
50 51 b 1
50 122 c 2
50 17 d 4
50 60 e 0
51 52 a 1
51 52 b 1
51 126 c 3
51 22 d 1
51 7 e 0
52 53 a 1
52 53 b 1
52 97 c 0
52 66 d 4
53 54 a 1
53 54 b 1
53 112 c 0
53 40 d 3
53 30 e 4
54 55 a 1
54 55 b 1
54 47 d 0
55 56 a 1
55 56 b 1
55 10 c 0
55 84 d 1
55 77 e 0
56 57 a 1
56 57 b 1
56 76 c 0
56 37 d 3
56 67 e 2
57 58 a 1
57 58 b 1
57 55 c 3
57 60 d 4
57 94 e 0
58 59 a 1
58 59 b 1
58 6 c 4
58 85 d 4
58 99 e 1
59 60 a 1
59 60 b 1
59 78 c 3
59 59 e 2
60 61 a 1
60 61 b 1
60 103 c 0
60 110 d 2
60 19 e 0
61 62 a 1
61 62 b 1
61 104 c 3
61 82 d 1
61 106 e 0
62 63 a 1
62 63 b 1
62 101 c 4
62 13 d 3
62 100 e 1
63 64 a 1
63 64 b 1
63 99 c 2
63 26 d 0
63 86 e 2
64 65 a 1
64 65 b 1
64 87 c 3
64 41 e 0
65 66 a 1
65 66 b 1
65 89 c 2
65 91 d 3
65 44 e 1
66 67 a 1
66 67 b 1
66 56 c 4
66 83 d 3
66 18 e 0
67 68 a 1
67 68 b 1
67 16 c 0
67 123 d 1
67 63 e 0
68 69 a 1
68 69 b 1
68 102 c 3
68 120 d 3
68 46 e 2
69 70 a 1
69 70 b 1
69 23 c 1
69 86 d 1
69 14 e 3
70 71 a 1
70 71 b 1
70 36 c 1
70 82 d 1
70 113 e 0
71 72 a 1
71 72 b 1
71 23 c 1
71 47 d 2
71 28 e 1
72 73 a 1
72 73 b 1
72 120 d 2
73 74 a 1
73 74 b 1
73 20 c 2
73 80 d 1
73 50 e 0
74 75 a 1
74 75 b 1
74 47 c 2
74 13 d 4
74 40 e 3
75 76 a 1
75 76 b 1
75 82 c 4
75 94 d 2
75 81 e 3
76 77 a 1
76 77 b 1
76 126 c 3
76 55 e 4
77 78 a 1
77 78 b 1
77 45 c 3
77 17 e 1
78 79 a 1
78 79 b 1
78 80 c 2
78 51 d 3
78 31 e 1
79 80 a 1
79 80 b 1
79 63 c 3
79 60 d 1
79 67 e 3
80 81 a 1
80 81 b 1
80 65 c 2
80 24 d 4
80 45 e 2
81 82 a 1
81 82 b 1
81 65 d 0
81 45 e 1
82 83 a 1
82 83 b 1
82 86 c 1
82 1 e 2
83 84 a 1
83 84 b 1
83 89 c 3
83 26 d 3
83 127 e 4
84 85 a 1
84 85 b 1
84 58 c 3
84 102 d 2
84 2 e 3
85 86 a 1
85 86 b 1
85 39 c 4
85 31 d 0
85 77 e 0
86 87 a 1
86 87 b 1
86 13 c 0
86 121 d 3
86 3 e 1
87 88 a 1
87 88 b 1
87 65 c 2
87 17 d 2
87 98 e 2
88 89 a 1
88 89 b 1
88 25 c 0
88 90 d 4
88 76 e 3
89 90 a 1
89 90 b 1
89 53 c 0
89 3 d 4
90 91 a 1
90 91 b 1
90 73 c 2
90 61 d 3
90 109 e 3
91 92 a 1
91 92 b 1
91 104 c 3
91 66 d 2
91 55 e 2
92 93 a 1
92 93 b 1
92 52 d 3
92 22 e 0
93 94 a 1
93 94 b 1
93 95 d 2
93 77 e 1
94 95 a 1
94 95 b 1
94 17 c 2
94 48 d 1
94 78 e 2
95 96 a 1
95 96 b 1
95 16 c 1
95 19 d 4
95 117 e 3
96 97 a 1
96 97 b 1
96 49 c 2
96 101 d 3
96 21 e 1
97 98 a 1
97 98 b 1
97 70 c 3
97 54 d 1
97 70 e 3
98 99 a 1
98 99 b 1
98 109 c 0
98 54 e 2
99 100 a 1
99 100 b 1
99 25 d 1
100 101 a 1
100 101 b 1
100 50 c 3
100 103 d 4
100 4 e 2
101 102 a 1
101 102 b 1
101 59 d 1
101 66 e 1
102 103 a 1
102 103 b 1
102 105 c 4
102 45 d 0
102 57 e 4
103 104 a 1
103 104 b 1
103 33 c 4
103 121 d 0
104 105 a 1
104 105 b 1
104 34 c 3
104 19 d 1
104 94 e 3
105 106 a 1
105 106 b 1
105 42 c 3
105 89 d 3
106 107 a 1
106 107 b 1
106 76 c 0
106 15 d 3
106 35 e 1
107 108 a 1
107 108 b 1
107 2 d 3
107 111 e 1
108 109 a 1
108 109 b 1
108 10 c 0
108 10 d 1
108 97 e 2
109 110 a 1
109 110 b 1
109 70 c 1
109 40 d 2
109 29 e 0
110 111 a 1
110 111 b 1
110 32 c 0
110 9 d 1
110 59 e 4
111 112 a 1
111 112 b 1
111 64 c 1
111 60 e 2
112 113 a 1
112 113 b 1
112 11 d 3
112 11 e 2
113 114 a 1
113 114 b 1
113 67 c 1
113 109 e 0
114 115 a 1
114 115 b 1
114 23 c 3
114 83 e 4
115 116 a 1
115 116 b 1
115 119 c 4
115 8 e 4
116 117 a 1
116 117 b 1
116 115 c 1
116 80 d 3
116 120 e 3
117 118 a 1
117 118 b 1
117 2 c 2
117 73 d 1
118 119 a 1
118 119 b 1
118 62 c 3
118 17 d 2
118 61 e 4
119 120 a 1
119 120 b 1
119 122 c 3
119 30 d 3
119 73 e 0
120 121 a 1
120 121 b 1
120 87 c 0
120 58 d 3
120 23 e 1
121 122 a 1
121 122 b 1
121 78 e 0
122 123 a 1
122 123 b 1
122 15 c 4
122 37 d 0
122 95 e 3
123 124 a 1
123 124 b 1
123 31 c 1
123 82 d 0
123 108 e 3
124 125 a 1
124 125 b 1
124 108 c 4
124 8 d 3
124 61 e 4
125 126 a 1
125 126 b 1
125 62 c 0
125 122 d 4
125 49 e 2
126 127 a 1
126 127 b 1
126 122 d 3
126 9 e 0
127 128 a 1
127 128 b 1
127 115 d 4
127 54 e 1
128 128 a 0
128 128 b 0
128 1 e 4

78 128 588 5 5 0
1 2 a 1
1 2 b 1
1 117 c 2
1 102 e 3
2 3 a 1
2 3 b 1
2 112 c 3
2 44 d 4
2 113 e 1
3 4 a 1
3 4 b 1
3 126 c 3
3 120 d 1
3 33 e 1
4 5 a 1
4 5 b 1
4 8 c 0
4 87 d 0
4 46 e 3
5 6 a 1
5 6 b 1
5 13 c 4
5 53 d 3
5 24 e 1
6 7 a 1
6 7 b 1
6 52 c 1
6 92 d 0
6 83 e 2
7 8 a 1
7 8 b 1
7 43 c 0
7 28 d 2
7 32 e 3
8 9 a 1
8 9 b 1
8 30 c 4
8 64 d 0
8 2 e 3
9 10 a 1
9 10 b 1
9 92 c 0
9 37 d 0
9 107 e 4
10 11 a 1
10 11 b 1
10 24 c 3
10 90 e 2
11 12 a 1
11 12 b 1
11 118 c 2
11 7 d 3
11 124 e 4
12 13 a 1
12 13 b 1
12 74 c 3
12 112 d 3
12 69 e 2
13 14 a 1
13 14 b 1
13 100 c 4
13 43 d 4
13 122 e 3
14 15 a 1
14 15 b 1
14 120 c 4
14 48 d 4
15 16 a 1
15 16 b 1
15 98 c 3
15 65 d 2
15 90 e 3
16 17 a 1
16 17 b 1
16 62 c 3
16 108 e 1
17 18 a 1
17 18 b 1
17 15 c 4
17 78 d 1
17 33 e 0
18 19 a 1
18 19 b 1
18 66 c 1
18 61 d 2
18 67 e 4
19 20 a 1
19 20 b 1
19 85 c 4
19 110 d 1
20 21 a 1
20 21 b 1
20 79 c 2
20 64 d 0
20 7 e 1
21 22 a 1
21 22 b 1
21 54 c 3
21 49 e 4
22 23 a 1
22 23 b 1
22 110 c 2
22 84 d 1
22 56 e 1
23 24 a 1
23 24 b 1
23 87 c 3
23 19 d 3
23 106 e 1
24 25 a 1
24 25 b 1
24 112 c 4
24 99 d 0
24 103 e 0
25 26 a 1
25 26 b 1
25 110 d 2
25 54 e 4
26 27 a 1
26 27 b 1
26 41 c 3
26 14 d 0
26 3 e 2
27 28 a 1
27 28 b 1
27 50 c 1
27 27 d 4
27 1 e 1
28 29 a 1
28 29 b 1
28 71 c 0
28 52 d 0
28 2 e 0
29 30 a 1
29 30 b 1
29 86 c 3
29 40 d 1
30 31 a 1
30 31 b 1
30 111 c 4
30 22 d 4
31 32 a 1
31 32 b 1
31 105 c 2
31 95 d 2
31 48 e 1
32 33 a 1
32 33 b 1
32 103 c 0
32 11 d 0
32 125 e 4
33 34 a 1
33 34 b 1
33 35 c 1
33 113 d 1
33 67 e 2
34 35 a 1
34 35 b 1
34 56 c 3
34 118 e 4
35 36 a 1
35 36 b 1
35 89 c 1
35 97 d 3
35 80 e 4
36 37 a 1
36 37 b 1
36 24 c 4
36 112 e 2
37 38 a 1
37 38 b 1
37 70 c 3
37 24 d 3
37 90 e 4
38 39 a 1
38 39 b 1
38 96 c 0
38 124 d 2
38 93 e 4
39 40 a 1
39 40 b 1
39 24 d 1
39 75 e 2
40 41 a 1
40 41 b 1
40 93 d 3
40 120 e 2
41 42 a 1
41 42 b 1
41 115 c 1
41 97 d 0
41 78 e 3
42 43 a 1
42 43 b 1
42 111 c 1
42 118 d 3
42 113 e 3
43 44 a 1
43 44 b 1
43 100 c 1
43 43 d 1
43 54 e 4
44 45 a 1
44 45 b 1
44 104 c 1
44 7 d 4
44 67 e 4
45 46 a 1
45 46 b 1
45 3 c 3
45 15 d 2
45 71 e 4
46 47 a 1
46 47 b 1
46 63 c 4
46 57 d 3
46 118 e 3
47 48 a 1
47 48 b 1
47 30 c 1
47 23 d 1
48 49 a 1
48 49 b 1
48 67 c 3
48 70 d 1
48 42 e 0
49 50 a 1
49 50 b 1
49 43 c 4
49 123 d 2
49 60 e 1
50 51 a 1
50 51 b 1
50 53 c 2
50 25 d 3
50 55 e 4
51 52 a 1
51 52 b 1
51 75 c 2
51 73 d 2
51 64 e 4
52 53 a 1
52 53 b 1
52 115 c 3
52 108 d 2
52 76 e 3
53 54 a 1
53 54 b 1
53 124 c 0
53 69 d 2
53 87 e 3
54 55 a 1
54 55 b 1
54 86 c 3
54 44 d 4
54 10 e 4
55 56 a 1
55 56 b 1
55 117 c 3
55 114 d 0
55 121 e 4
56 57 a 1
56 57 b 1
56 44 c 4
56 14 d 4
56 113 e 4
57 58 a 1
57 58 b 1
57 103 c 3
57 98 d 3
57 11 e 1
58 59 a 1
58 59 b 1
58 116 c 2
58 111 d 1
58 59 e 1
59 60 a 1
59 60 b 1
59 102 c 3
59 75 d 2
59 105 e 0
60 61 a 1
60 61 b 1
60 91 c 2
60 11 d 3
60 37 e 1
61 62 a 1
61 62 b 1
61 64 e 3
62 63 a 1
62 63 b 1
62 48 c 1
62 24 d 2
62 95 e 3
63 64 a 1
63 64 b 1
63 96 c 3
63 19 d 4
64 65 a 1
64 65 b 1
64 73 c 4
64 107 e 4
65 66 a 1
65 66 b 1
65 74 c 4
65 51 e 0
66 67 a 1
66 67 b 1
66 88 c 0
66 22 d 1
67 68 a 1
67 68 b 1
67 15 c 1
67 22 d 4
67 112 e 1
68 69 a 1
68 69 b 1
68 25 c 4
68 41 d 1
68 49 e 3
69 70 a 1
69 70 b 1
69 76 c 0
70 71 a 1
70 71 b 1
70 113 c 3
70 87 d 0
70 1 e 1
71 72 a 1
71 72 b 1
71 48 c 0
71 70 d 2
71 100 e 2
72 73 a 1
72 73 b 1
72 101 c 4
72 29 d 3
72 44 e 0
73 74 a 1
73 74 b 1
73 54 d 0
73 57 e 2
74 75 a 1
74 75 b 1
74 96 c 0
74 96 d 3
74 23 e 2
75 76 a 1
75 76 b 1
75 77 c 2
75 81 d 0
75 72 e 3
76 77 a 1
76 77 b 1
76 9 c 2
76 115 d 0
77 78 a 1
77 78 b 1
77 21 d 4
77 75 e 3
78 79 a 1
78 79 b 1
78 45 c 3
78 36 d 0
78 37 e 0
79 80 a 1
79 80 b 1
79 108 c 0
79 101 d 4
79 94 e 4
80 81 a 1
80 81 b 1
80 26 c 0
80 47 d 3
80 107 e 3
81 82 a 1
81 82 b 1
81 74 c 2
81 63 e 3
82 83 a 1
82 83 b 1
82 107 c 0
82 100 e 4
83 84 a 1
83 84 b 1
83 100 e 0
84 85 a 1
84 85 b 1
84 50 e 3
85 86 a 1
85 86 b 1
85 20 c 3
85 109 d 0
85 45 e 1
86 87 a 1
86 87 b 1
86 101 c 4
86 91 d 0
87 88 a 1
87 88 b 1
87 95 c 3
87 18 d 1
87 32 e 1
88 89 a 1
88 89 b 1
88 60 c 0
88 48 d 4
88 39 e 4
89 90 a 1
89 90 b 1
89 2 c 0
89 96 e 2
90 91 a 1
90 91 b 1
90 78 c 2
90 126 d 0
90 28 e 1
91 92 a 1
91 92 b 1
91 9 c 2
91 30 d 3
91 73 e 0
92 93 a 1
92 93 b 1
92 21 c 2
92 126 d 3
93 94 a 1
93 94 b 1
93 86 c 2
93 48 d 2
93 89 e 2
94 95 a 1
94 95 b 1
94 45 c 1
94 81 d 3
94 54 e 1
95 96 a 1
95 96 b 1
95 125 c 3
95 69 e 1
96 97 a 1
96 97 b 1
96 124 c 3
96 69 d 4
96 72 e 4
97 98 a 1
97 98 b 1
97 37 c 3
97 45 d 1
97 81 e 2
98 99 a 1
98 99 b 1
98 119 c 1
98 60 e 4
99 100 a 1
99 100 b 1
99 106 c 4
99 44 d 0
99 73 e 4
100 101 a 1
100 101 b 1
100 115 c 3
100 72 e 2
101 102 a 1
101 102 b 1
101 22 d 1
101 71 e 0
102 103 a 1
102 103 b 1
102 77 c 0
102 97 d 0
102 40 e 4
103 104 a 1
103 104 b 1
103 69 c 1
103 20 e 1
104 105 a 1
104 105 b 1
104 29 d 3
104 27 e 3
105 106 a 1
105 106 b 1
105 112 c 2
105 74 d 2
105 56 e 3
106 107 a 1
106 107 b 1
106 103 c 2
106 89 d 4
106 121 e 4
107 108 a 1
107 108 b 1
107 74 c 3
107 126 d 4
107 112 e 3
108 109 a 1
108 109 b 1
108 98 c 2
108 26 d 2
108 80 e 4
109 110 a 1
109 110 b 1
109 24 c 3
109 109 d 4
109 16 e 4
110 111 a 1
110 111 b 1
110 24 e 4
111 112 a 1
111 112 b 1
111 64 c 2
111 105 d 1
111 30 e 0
112 113 a 1
112 113 b 1
112 92 c 2
112 111 e 1
113 114 a 1
113 114 b 1
113 76 d 3
114 115 a 1
114 115 b 1
114 1 c 2
114 103 d 0
114 29 e 1
115 116 a 1
115 116 b 1
115 101 d 2
115 76 e 1
116 117 a 1
116 117 b 1
116 38 c 2
116 3 d 4
116 13 e 0
117 118 a 1
117 118 b 1
117 104 c 0
117 71 d 4
117 74 e 3
118 119 a 1
118 119 b 1
118 108 d 2
118 78 e 2
119 120 a 1
119 120 b 1
119 115 c 3
119 107 d 2
119 78 e 3
120 121 a 1
120 121 b 1
120 87 c 2
120 65 d 4
120 10 e 2
121 122 a 1
121 122 b 1
121 43 c 4
121 13 d 3
121 106 e 2
122 123 a 1
122 123 b 1
122 48 c 2
122 30 d 3
122 78 e 2
123 124 a 1
123 124 b 1
123 19 d 4
123 7 e 1
124 125 a 1
124 125 b 1
124 44 e 1
125 126 a 1
125 126 b 1
125 121 c 2
125 120 e 4
126 127 a 1
126 127 b 1
126 100 c 0
126 4 e 3
127 128 a 1
127 128 b 1
127 14 c 1
127 53 d 3
127 73 e 2
128 128 a 0
128 128 b 0
128 16 c 1
128 12 d 3
128 79 e 3

79 128 601 5 5 0
1 2 a 1
1 2 b 1
1 120 c 3
1 28 d 4
1 3 e 0
2 3 a 1
2 3 b 1
2 56 c 2
2 69 d 3
2 91 e 2
3 4 a 1
3 4 b 1
3 9 c 3
3 111 d 3
3 85 e 0
4 5 a 1
4 5 b 1
4 1 c 4
4 123 d 4
4 7 e 3
5 6 a 1
5 6 b 1
5 107 c 0
5 88 d 2
5 96 e 2
6 7 a 1
6 7 b 1
6 90 c 0
6 7 d 1
6 90 e 1
7 8 a 1
7 8 b 1
7 56 c 3
7 93 d 4
7 2 e 1
8 9 a 1
8 9 b 1
8 72 c 2
8 13 d 3
8 4 e 3
9 10 a 1
9 10 b 1
9 3 c 0
9 90 d 0
9 79 e 4
10 11 a 1
10 11 b 1
10 106 c 4
10 66 d 2
10 54 e 2
11 12 a 1
11 12 b 1
11 117 c 4
11 85 d 0
11 33 e 3
12 13 a 1
12 13 b 1
12 38 c 0
12 93 d 0
12 9 e 4
13 14 a 1
13 14 b 1
13 126 c 0
13 54 d 1
13 58 e 4
14 15 a 1
14 15 b 1
14 58 c 0
14 58 e 3
15 16 a 1
15 16 b 1
15 51 c 1
15 110 d 2
15 47 e 1
16 17 a 1
16 17 b 1
16 70 c 0
16 9 d 0
16 65 e 2
17 18 a 1
17 18 b 1
17 122 c 1
17 105 d 2
17 113 e 3
18 19 a 1
18 19 b 1
18 127 c 3
18 109 d 3
18 22 e 1
19 20 a 1
19 20 b 1
19 51 c 0
19 32 d 0
20 21 a 1
20 21 b 1
20 8 c 2
21 22 a 1
21 22 b 1
21 60 c 0
21 58 d 0
21 25 e 3
22 23 a 1
22 23 b 1
22 62 c 4
23 24 a 1
23 24 b 1
23 13 c 3
23 32 e 3
24 25 a 1
24 25 b 1
24 13 d 0
24 33 e 4
25 26 a 1
25 26 b 1
25 74 c 2
25 83 d 2
25 109 e 3
26 27 a 1
26 27 b 1
26 95 c 2
26 122 d 4
26 80 e 1
27 28 a 1
27 28 b 1
27 24 c 1
27 28 d 2
27 113 e 2
28 29 a 1
28 29 b 1
28 96 c 4
28 10 d 2
28 17 e 2
29 30 a 1
29 30 b 1
29 26 c 3
29 125 d 4
29 27 e 1
30 31 a 1
30 31 b 1
30 47 c 3
30 42 e 0
31 32 a 1
31 32 b 1
31 7 c 4
31 75 d 3
31 25 e 1
32 33 a 1
32 33 b 1
32 127 c 0
32 82 d 2
32 10 e 4
33 34 a 1
33 34 b 1
33 114 c 1
33 117 d 2
33 5 e 1
34 35 a 1
34 35 b 1
34 50 d 2
34 100 e 1
35 36 a 1
35 36 b 1
35 19 c 0
35 59 d 4
35 91 e 2
36 37 a 1
36 37 b 1
36 87 c 4
37 38 a 1
37 38 b 1
37 112 c 2
37 88 e 0
38 39 a 1
38 39 b 1
38 106 c 2
38 108 d 2
38 41 e 1
39 40 a 1
39 40 b 1
39 23 c 3
39 4 d 2
39 67 e 2
40 41 a 1
40 41 b 1
40 76 c 2
40 52 d 2
40 94 e 3
41 42 a 1
41 42 b 1
41 80 c 2
41 79 d 2
41 52 e 1
42 43 a 1
42 43 b 1
42 77 c 4
42 31 d 4
42 103 e 4
43 44 a 1
43 44 b 1
43 95 c 1
43 87 d 4
43 44 e 2
44 45 a 1
44 45 b 1
44 31 c 2
44 20 d 3
44 65 e 2
45 46 a 1
45 46 b 1
45 86 c 0
45 4 d 0
46 47 a 1
46 47 b 1
46 69 c 2
46 95 d 1
46 25 e 4
47 48 a 1
47 48 b 1
47 127 c 3
47 118 d 0
47 123 e 4
48 49 a 1
48 49 b 1
48 73 c 4
48 86 d 1
48 17 e 3
49 50 a 1
49 50 b 1
49 47 c 2
49 89 d 0
49 62 e 3
50 51 a 1
50 51 b 1
50 100 c 4
50 14 d 0
50 93 e 4
51 52 a 1
51 52 b 1
51 13 c 0
51 11 d 3
51 91 e 1
52 53 a 1
52 53 b 1
52 4 c 2
52 53 d 0
52 5 e 1
53 54 a 1
53 54 b 1
53 83 c 4
53 69 d 1
53 109 e 1
54 55 a 1
54 55 b 1
54 46 c 4
54 45 d 1
54 57 e 3
55 56 a 1
55 56 b 1
55 1 c 1
55 57 d 3
55 61 e 2
56 57 a 1
56 57 b 1
56 15 c 1
56 33 d 4
56 13 e 0
57 58 a 1
57 58 b 1
57 97 c 1
57 85 d 2
57 107 e 4
58 59 a 1
58 59 b 1
58 117 c 1
58 80 d 3
59 60 a 1
59 60 b 1
59 32 c 2
59 10 d 3
60 61 a 1
60 61 b 1
60 120 c 2
60 22 e 3
61 62 a 1
61 62 b 1
61 14 c 0
61 27 d 1
61 59 e 4
62 63 a 1
62 63 b 1
62 43 c 4
62 61 d 3
62 68 e 2
63 64 a 1
63 64 b 1
63 13 c 3
64 65 a 1
64 65 b 1
64 91 c 1
64 41 d 4
64 62 e 4
65 66 a 1
65 66 b 1
65 98 c 2
65 95 d 3
65 18 e 1
66 67 a 1
66 67 b 1
66 14 c 1
66 81 d 1
66 20 e 4
67 68 a 1
67 68 b 1
67 52 c 3
67 68 e 2
68 69 a 1
68 69 b 1
68 80 c 4
68 80 d 0
68 102 e 0
69 70 a 1
69 70 b 1
69 36 c 3
69 6 d 1
69 27 e 3
70 71 a 1
70 71 b 1
70 89 c 1
70 70 d 1
70 61 e 2
71 72 a 1
71 72 b 1
71 51 c 3
71 46 d 3
71 115 e 1
72 73 a 1
72 73 b 1
72 121 c 2
72 42 d 4
72 22 e 3
73 74 a 1
73 74 b 1
73 99 c 4
73 7 d 3
73 41 e 0
74 75 a 1
74 75 b 1
74 89 c 2
74 111 d 3
75 76 a 1
75 76 b 1
75 28 c 2
75 31 d 1
75 27 e 1
76 77 a 1
76 77 b 1
76 11 c 1
76 106 d 2
77 78 a 1
77 78 b 1
77 41 d 4
77 40 e 4
78 79 a 1
78 79 b 1
78 79 c 0
78 93 d 3
78 103 e 2
79 80 a 1
79 80 b 1
79 81 c 0
79 38 d 2
79 76 e 3
80 81 a 1
80 81 b 1
80 17 c 0
80 30 d 3
80 48 e 1
81 82 a 1
81 82 b 1
81 59 c 4
81 84 d 2
81 82 e 3
82 83 a 1
82 83 b 1
82 42 d 1
82 98 e 4
83 84 a 1
83 84 b 1
83 57 c 4
83 41 d 2
83 94 e 2
84 85 a 1
84 85 b 1
84 113 c 1
84 127 d 1
84 126 e 1
85 86 a 1
85 86 b 1
85 120 c 3
85 124 d 3
85 79 e 4
86 87 a 1
86 87 b 1
86 16 c 0
86 6 d 2
86 94 e 2
87 88 a 1
87 88 b 1
87 15 c 3
87 43 d 3
87 35 e 0
88 89 a 1
88 89 b 1
88 66 c 2
88 2 d 1
88 35 e 1
89 90 a 1
89 90 b 1
89 53 c 2
89 34 d 2
89 28 e 0
90 91 a 1
90 91 b 1
90 114 c 2
90 92 d 2
90 75 e 2
91 92 a 1
91 92 b 1
91 101 c 4
91 76 d 4
91 90 e 0
92 93 a 1
92 93 b 1
92 93 c 1
92 66 d 1
92 1 e 3
93 94 a 1
93 94 b 1
93 16 c 0
93 116 d 4
93 66 e 3
94 95 a 1
94 95 b 1
94 1 c 4
94 93 d 1
94 36 e 0
95 96 a 1
95 96 b 1
95 69 c 4
95 86 d 3
95 32 e 2
96 97 a 1
96 97 b 1
96 43 c 3
96 6 d 2
96 115 e 3
97 98 a 1
97 98 b 1
97 103 c 1
97 46 d 4
97 2 e 1
98 99 a 1
98 99 b 1
98 24 d 0
98 71 e 4
99 100 a 1
99 100 b 1
99 16 c 1
99 30 d 1
99 112 e 3
100 101 a 1
100 101 b 1
100 29 c 3
100 7 d 3
101 102 a 1
101 102 b 1
101 112 c 0
101 80 d 3
101 72 e 0
102 103 a 1
102 103 b 1
102 65 c 1
102 101 d 3
102 19 e 3
103 104 a 1
103 104 b 1
103 3 c 0
104 105 a 1
104 105 b 1
104 99 c 4
104 17 d 0
104 50 e 0
105 106 a 1
105 106 b 1
105 124 c 2
105 47 d 4
106 107 a 1
106 107 b 1
106 1 c 2
106 93 d 2
106 4 e 3
107 108 a 1
107 108 b 1
107 112 c 2
107 30 d 0
107 21 e 0
108 109 a 1
108 109 b 1
108 12 c 1
108 29 d 4
108 24 e 3
109 110 a 1
109 110 b 1
109 42 c 1
109 5 d 0
109 99 e 2
110 111 a 1
110 111 b 1
110 75 c 1
110 91 d 1
110 110 e 4
111 112 a 1
111 112 b 1
111 30 c 1
111 88 d 1
111 43 e 4
112 113 a 1
112 113 b 1
112 105 c 0
113 114 a 1
113 114 b 1
113 69 c 3
113 78 d 0
113 62 e 0
114 115 a 1
114 115 b 1
114 4 c 4
114 116 d 3
114 40 e 3
115 116 a 1
115 116 b 1
115 42 c 1
115 8 d 2
115 38 e 0
116 117 a 1
116 117 b 1
116 127 c 1
116 75 d 4
116 122 e 3
117 118 a 1
117 118 b 1
117 111 c 3
117 13 d 4
117 2 e 3
118 119 a 1
118 119 b 1
118 29 d 3
118 109 e 3
119 120 a 1
119 120 b 1
119 86 c 0
119 23 e 1
120 121 a 1
120 121 b 1
120 23 c 0
120 91 d 3
121 122 a 1
121 122 b 1
121 114 c 3
121 76 d 4
121 35 e 4
122 123 a 1
122 123 b 1
122 44 c 4
122 37 d 3
122 127 e 3
123 124 a 1
123 124 b 1
123 58 c 2
123 57 d 4
124 125 a 1
124 125 b 1
124 52 d 2
124 64 e 1
125 126 a 1
125 126 b 1
125 38 c 0
125 54 d 3
125 21 e 1
126 127 a 1
126 127 b 1
126 29 d 2
126 123 e 2
127 128 a 1
127 128 b 1
127 49 c 3
127 86 e 1
128 128 a 0
128 128 b 0
128 99 c 1
128 87 e 1

80 128 592 5 5 0
1 2 a 1
1 2 b 1
1 80 c 0
1 61 d 0
2 3 a 1
2 3 b 1
2 47 c 4
2 36 d 3
2 84 e 3
3 4 a 1
3 4 b 1
3 53 c 0
3 59 d 1
3 8 e 0
4 5 a 1
4 5 b 1
4 8 c 3
4 15 d 3
4 97 e 0
5 6 a 1
5 6 b 1
5 93 c 2
5 28 d 2
5 98 e 0
6 7 a 1
6 7 b 1
6 77 c 4
6 59 e 4
7 8 a 1
7 8 b 1
7 65 c 4
7 81 d 2
7 107 e 2
8 9 a 1
8 9 b 1
8 68 c 4
8 32 d 1
8 94 e 2
9 10 a 1
9 10 b 1
9 80 c 0
9 64 d 0
9 33 e 2
10 11 a 1
10 11 b 1
10 99 c 4
10 46 d 1
10 70 e 0
11 12 a 1
11 12 b 1
11 1 c 0
11 46 d 2
11 14 e 4
12 13 a 1
12 13 b 1
12 30 c 1
12 48 d 2
12 34 e 2
13 14 a 1
13 14 b 1
13 110 c 4
13 49 d 2
13 45 e 1
14 15 a 1
14 15 b 1
14 55 c 4
14 62 d 3
14 109 e 3
15 16 a 1
15 16 b 1
15 78 c 1
15 113 e 1
16 17 a 1
16 17 b 1
16 94 c 2
16 127 d 3
16 27 e 1
17 18 a 1
17 18 b 1
17 89 c 1
17 87 d 2
17 11 e 4
18 19 a 1
18 19 b 1
18 47 c 2
18 29 d 4
18 6 e 3
19 20 a 1
19 20 b 1
19 122 c 3
19 28 d 0
19 66 e 2
20 21 a 1
20 21 b 1
20 87 d 1
21 22 a 1
21 22 b 1
21 29 c 3
21 36 d 3
21 69 e 0
22 23 a 1
22 23 b 1
22 31 c 3
22 102 d 0
23 24 a 1
23 24 b 1
23 28 d 4
23 58 e 4
24 25 a 1
24 25 b 1
24 44 c 4
24 77 d 1
24 116 e 4
25 26 a 1
25 26 b 1
25 68 c 3
25 56 e 4
26 27 a 1
26 27 b 1
26 50 c 1
26 92 e 0
27 28 a 1
27 28 b 1
27 11 d 3
27 32 e 0
28 29 a 1
28 29 b 1
28 3 c 3
28 55 e 4
29 30 a 1
29 30 b 1
29 77 c 0
29 54 d 1
30 31 a 1
30 31 b 1
30 18 c 4
30 99 d 0
30 41 e 4
31 32 a 1
31 32 b 1
31 43 c 1
31 51 d 2
31 26 e 3
32 33 a 1
32 33 b 1
32 30 c 2
32 19 d 2
33 34 a 1
33 34 b 1
33 125 d 3
33 89 e 1
34 35 a 1
34 35 b 1
34 100 c 2
34 52 d 3
34 78 e 4
35 36 a 1
35 36 b 1
35 117 c 2
35 54 d 2
35 73 e 3
36 37 a 1
36 37 b 1
36 115 c 1
36 72 d 0
36 80 e 0
37 38 a 1
37 38 b 1
37 82 c 0
37 21 d 3
37 87 e 2
38 39 a 1
38 39 b 1
38 65 c 0
38 108 d 1
38 53 e 0
39 40 a 1
39 40 b 1
39 98 c 0
39 23 d 3
40 41 a 1
40 41 b 1
40 76 c 1
40 96 e 3
41 42 a 1
41 42 b 1
41 96 d 1
41 88 e 3
42 43 a 1
42 43 b 1
42 41 c 3
42 80 d 1
42 70 e 4
43 44 a 1
43 44 b 1
43 44 c 4
43 31 d 0
43 58 e 2
44 45 a 1
44 45 b 1
44 81 c 2
44 27 d 3
44 71 e 1
45 46 a 1
45 46 b 1
45 9 c 2
45 108 d 3
45 100 e 1
46 47 a 1
46 47 b 1
46 14 d 4
47 48 a 1
47 48 b 1
47 63 c 2
47 4 d 2
47 126 e 1
48 49 a 1
48 49 b 1
48 50 c 3
48 114 d 3
48 126 e 2
49 50 a 1
49 50 b 1
49 85 c 0
49 4 d 0
49 72 e 3
50 51 a 1
50 51 b 1
50 127 c 3
50 7 d 1
51 52 a 1
51 52 b 1
51 1 c 3
51 118 d 0
52 53 a 1
52 53 b 1
52 21 c 0
52 11 d 2
52 32 e 1
53 54 a 1
53 54 b 1
53 17 c 2
53 89 d 0
53 47 e 1
54 55 a 1
54 55 b 1
54 48 c 2
54 117 d 0
54 1 e 3
55 56 a 1
55 56 b 1
55 90 c 4
55 126 d 1
55 118 e 2
56 57 a 1
56 57 b 1
56 10 d 2
56 26 e 2
57 58 a 1
57 58 b 1
57 34 c 0
57 69 e 0
58 59 a 1
58 59 b 1
58 30 c 3
58 41 d 4
58 73 e 0
59 60 a 1
59 60 b 1
59 65 c 0
59 120 d 4
59 61 e 0
60 61 a 1
60 61 b 1
60 109 c 1
60 43 d 0
60 43 e 1
61 62 a 1
61 62 b 1
61 48 c 3
61 20 d 2
61 75 e 2
62 63 a 1
62 63 b 1
62 35 c 2
62 16 e 0
63 64 a 1
63 64 b 1
63 97 c 2
63 80 d 0
63 50 e 3
64 65 a 1
64 65 b 1
64 61 c 4
64 4 d 2
65 66 a 1
65 66 b 1
65 118 c 4
65 68 d 2
65 109 e 1
66 67 a 1
66 67 b 1
66 114 c 1
66 50 d 3
66 24 e 1
67 68 a 1
67 68 b 1
67 48 c 2
67 117 d 4
67 121 e 4
68 69 a 1
68 69 b 1
68 95 c 3
68 18 d 1
69 70 a 1
69 70 b 1
69 76 c 4
69 25 d 3
69 14 e 0
70 71 a 1
70 71 b 1
70 101 c 3
70 76 d 1
70 62 e 1
71 72 a 1
71 72 b 1
71 100 d 0
72 73 a 1
72 73 b 1
72 90 c 0
72 60 e 4
73 74 a 1
73 74 b 1
73 78 c 2
73 22 d 1
74 75 a 1
74 75 b 1
74 85 c 4
74 112 d 3
74 25 e 4
75 76 a 1
75 76 b 1
75 69 c 2
75 80 d 2
75 96 e 2
76 77 a 1
76 77 b 1
76 20 c 0
76 94 e 1
77 78 a 1
77 78 b 1
77 125 c 4
77 97 d 2
77 50 e 0
78 79 a 1
78 79 b 1
78 116 d 2
78 100 e 4
79 80 a 1
79 80 b 1
79 112 c 3
79 108 d 4
79 100 e 3
80 81 a 1
80 81 b 1
80 98 c 1
80 24 d 3
80 6 e 1
81 82 a 1
81 82 b 1
81 118 c 1
81 36 d 1
82 83 a 1
82 83 b 1
82 83 c 1
82 15 d 2
82 98 e 3
83 84 a 1
83 84 b 1
83 92 c 0
83 38 d 4
84 85 a 1
84 85 b 1
84 15 c 2
85 86 a 1
85 86 b 1
85 2 c 0
85 5 d 4
85 5 e 4
86 87 a 1
86 87 b 1
86 12 c 2
86 114 d 1
86 2 e 3
87 88 a 1
87 88 b 1
87 39 c 0
87 79 d 2
87 90 e 3
88 89 a 1
88 89 b 1
88 13 c 0
88 64 d 4
88 7 e 3
89 90 a 1
89 90 b 1
89 107 c 3
89 115 d 0
89 127 e 0
90 91 a 1
90 91 b 1
90 120 c 0
90 25 e 1
91 92 a 1
91 92 b 1
91 96 c 4
91 30 d 3
91 2 e 1
92 93 a 1
92 93 b 1
92 24 c 0
92 35 d 3
93 94 a 1
93 94 b 1
93 75 c 0
93 76 d 2
93 51 e 2
94 95 a 1
94 95 b 1
94 54 c 1
94 51 d 3
94 118 e 1
95 96 a 1
95 96 b 1
95 94 c 2
95 82 d 1
95 104 e 4
96 97 a 1
96 97 b 1
96 13 c 3
96 82 d 1
96 3 e 4
97 98 a 1
97 98 b 1
97 52 c 0
97 127 d 3
97 78 e 2
98 99 a 1
98 99 b 1
98 90 c 0
98 111 d 4
98 14 e 2
99 100 a 1
99 100 b 1
99 112 c 2
99 116 d 2
99 65 e 3
100 101 a 1
100 101 b 1
100 59 d 4
100 38 e 2
101 102 a 1
101 102 b 1
101 45 c 2
101 5 d 0
101 33 e 0
102 103 a 1
102 103 b 1
102 16 c 3
102 34 e 1
103 104 a 1
103 104 b 1
103 28 d 2
103 30 e 3
104 105 a 1
104 105 b 1
104 65 c 2
104 90 d 1
104 80 e 3
105 106 a 1
105 106 b 1
105 101 c 1
105 100 d 2
106 107 a 1
106 107 b 1
106 74 c 0
106 30 d 4
106 8 e 0
107 108 a 1
107 108 b 1
107 92 d 4
107 83 e 4
108 109 a 1
108 109 b 1
108 72 c 2
108 37 d 3
108 46 e 3
109 110 a 1
109 110 b 1
109 95 c 1
109 34 d 2
109 69 e 0
110 111 a 1
110 111 b 1
110 64 c 0
110 72 d 1
110 25 e 1
111 112 a 1
111 112 b 1
111 80 c 4
111 98 d 4
111 44 e 0
112 113 a 1
112 113 b 1
112 110 c 0
112 56 d 4
112 29 e 3
113 114 a 1
113 114 b 1
113 33 c 0
113 6 d 3
113 125 e 1
114 115 a 1
114 115 b 1
114 22 c 4
114 13 d 1
114 115 e 2
115 116 a 1
115 116 b 1
115 35 c 4
115 117 d 2
115 50 e 2
116 117 a 1
116 117 b 1
116 111 c 4
116 115 d 3
116 37 e 4
117 118 a 1
117 118 b 1
117 116 c 1
117 39 d 2
117 61 e 3
118 119 a 1
118 119 b 1
118 38 c 3
118 38 d 4
118 31 e 4
119 120 a 1
119 120 b 1
119 74 c 3
119 2 d 1
119 13 e 4
120 121 a 1
120 121 b 1
120 73 d 0
120 47 e 2
121 122 a 1
121 122 b 1
121 34 c 1
121 67 d 0
121 20 e 2
122 123 a 1
122 123 b 1
122 54 d 1
122 113 e 4
123 124 a 1
123 124 b 1
123 36 c 2
123 124 d 1
123 41 e 1
124 125 a 1
124 125 b 1
124 41 c 1
124 69 e 0
125 126 a 1
125 126 b 1
125 117 c 0
125 121 e 0
126 127 a 1
126 127 b 1
126 16 c 3
126 61 e 0
127 128 a 1
127 128 b 1
127 63 c 0
127 60 d 3
127 20 e 2
128 128 a 0
128 128 b 0
128 80 c 1
128 60 d 4
128 100 e 1

81 128 596 5 5 0
1 2 a 1
1 2 b 1
1 29 c 3
1 29 d 1
2 3 a 1
2 3 b 1
2 66 c 2
2 2 d 0
2 12 e 2
3 4 a 1
3 4 b 1
3 35 c 4
3 28 d 4
3 94 e 4
4 5 a 1
4 5 b 1
4 4 c 0
4 104 d 3
4 66 e 2
5 6 a 1
5 6 b 1
5 54 d 3
5 8 e 1
6 7 a 1
6 7 b 1
6 21 c 2
6 28 d 2
6 41 e 4
7 8 a 1
7 8 b 1
7 55 e 3
8 9 a 1
8 9 b 1
8 53 d 3
8 39 e 0
9 10 a 1
9 10 b 1
9 56 c 1
9 56 d 4
9 107 e 4
10 11 a 1
10 11 b 1
10 66 c 2
10 37 d 4
10 1 e 0
11 12 a 1
11 12 b 1
11 97 c 2
11 26 d 2
11 6 e 3
12 13 a 1
12 13 b 1
12 13 c 0
12 25 e 0
13 14 a 1
13 14 b 1
13 97 c 2
13 114 d 0
13 123 e 4
14 15 a 1
14 15 b 1
14 94 c 1
14 7 e 4
15 16 a 1
15 16 b 1
15 43 c 0
15 98 d 4
15 96 e 2
16 17 a 1
16 17 b 1
16 91 c 3
17 18 a 1
17 18 b 1
17 75 c 4
17 77 d 2
17 109 e 3
18 19 a 1
18 19 b 1
18 94 c 0
18 86 d 1
18 16 e 1
19 20 a 1
19 20 b 1
19 20 c 2
19 36 d 2
19 111 e 4
20 21 a 1
20 21 b 1
20 125 c 0
20 41 d 4
20 58 e 1
21 22 a 1
21 22 b 1
21 120 c 4
21 28 d 3
21 39 e 4
22 23 a 1
22 23 b 1
22 90 c 3
22 108 d 1
22 44 e 0
23 24 a 1
23 24 b 1
23 8 c 1
23 104 d 0
23 38 e 1
24 25 a 1
24 25 b 1
24 35 c 0
24 73 d 0
24 54 e 1
25 26 a 1
25 26 b 1
25 120 c 4
25 73 d 3
25 81 e 1
26 27 a 1
26 27 b 1
26 51 c 1
26 106 e 0
27 28 a 1
27 28 b 1
27 106 c 0
27 18 d 3
27 117 e 1
28 29 a 1
28 29 b 1
28 45 c 4
28 21 d 3
28 82 e 0
29 30 a 1
29 30 b 1
29 33 c 4
29 7 d 2
30 31 a 1
30 31 b 1
30 46 c 4
30 105 d 4
30 47 e 3
31 32 a 1
31 32 b 1
31 66 c 3
31 33 d 4
31 127 e 1
32 33 a 1
32 33 b 1
32 89 c 3
32 21 d 4
32 61 e 3
33 34 a 1
33 34 b 1
33 66 c 1
33 4 d 4
33 31 e 1
34 35 a 1
34 35 b 1
34 21 c 1
34 65 d 1
34 125 e 0
35 36 a 1
35 36 b 1
35 65 c 1
35 55 e 1
36 37 a 1
36 37 b 1
36 67 c 2
36 74 d 3
36 61 e 3
37 38 a 1
37 38 b 1
37 127 c 4
37 77 d 4
37 86 e 1
38 39 a 1
38 39 b 1
38 114 c 3
38 118 d 2
38 123 e 3
39 40 a 1
39 40 b 1
39 96 c 1
39 98 d 0
40 41 a 1
40 41 b 1
40 18 c 4
40 32 d 0
40 27 e 3
41 42 a 1
41 42 b 1
41 81 c 4
41 8 d 0
41 91 e 4
42 43 a 1
42 43 b 1
42 60 c 1
42 70 d 0
42 120 e 0
43 44 a 1
43 44 b 1
43 63 c 3
43 60 d 4
43 122 e 2
44 45 a 1
44 45 b 1
44 3 c 1
44 99 d 1
44 5 e 2
45 46 a 1
45 46 b 1
45 15 c 0
45 119 d 3
45 70 e 1
46 47 a 1
46 47 b 1
46 104 c 3
46 24 d 1
46 76 e 3
47 48 a 1
47 48 b 1
47 48 d 2
47 59 e 4
48 49 a 1
48 49 b 1
48 10 d 4
49 50 a 1
49 50 b 1
49 86 e 0
50 51 a 1
50 51 b 1
50 19 c 0
50 69 d 0
50 105 e 4
51 52 a 1
51 52 b 1
51 98 c 2
51 4 d 3
51 83 e 3
52 53 a 1
52 53 b 1
52 22 c 1
52 4 e 3
53 54 a 1
53 54 b 1
53 83 c 4
53 28 e 3
54 55 a 1
54 55 b 1
54 16 c 1
54 53 d 3
54 37 e 1
55 56 a 1
55 56 b 1
55 69 c 2
55 97 d 0
55 121 e 3
56 57 a 1
56 57 b 1
56 120 c 4
56 42 d 2
56 71 e 4
57 58 a 1
57 58 b 1
57 106 d 0
57 19 e 0
58 59 a 1
58 59 b 1
58 33 c 2
58 117 d 3
59 60 a 1
59 60 b 1
59 60 d 2
59 72 e 1
60 61 a 1
60 61 b 1
60 97 c 0
60 96 d 1
60 10 e 2
61 62 a 1
61 62 b 1
61 80 c 2
61 24 d 0
61 29 e 4
62 63 a 1
62 63 b 1
62 57 c 1
62 10 d 2
62 78 e 4
63 64 a 1
63 64 b 1
63 106 d 4
64 65 a 1
64 65 b 1
64 57 c 0
64 43 d 4
64 53 e 1
65 66 a 1
65 66 b 1
65 58 d 2
65 8 e 1
66 67 a 1
66 67 b 1
66 59 c 2
66 23 e 2
67 68 a 1
67 68 b 1
67 76 c 0
67 71 d 0
67 5 e 4
68 69 a 1
68 69 b 1
68 100 c 2
68 51 d 3
68 109 e 3
69 70 a 1
69 70 b 1
69 79 c 2
69 71 d 2
69 86 e 3
70 71 a 1
70 71 b 1
70 96 c 0
70 126 d 2
70 57 e 1
71 72 a 1
71 72 b 1
71 123 c 4
71 54 d 3
71 23 e 4
72 73 a 1
72 73 b 1
72 2 c 3
72 96 d 3
72 109 e 1
73 74 a 1
73 74 b 1
73 61 c 0
73 24 d 3
73 17 e 1
74 75 a 1
74 75 b 1
74 80 c 3
74 78 d 1
74 92 e 1
75 76 a 1
75 76 b 1
75 33 c 1
75 123 d 1
76 77 a 1
76 77 b 1
76 75 c 2
76 74 d 3
76 78 e 1
77 78 a 1
77 78 b 1
77 41 c 4
77 110 d 0
77 28 e 1
78 79 a 1
78 79 b 1
78 118 c 1
78 78 d 0
78 127 e 4
79 80 a 1
79 80 b 1
79 114 c 4
79 26 e 0
80 81 a 1
80 81 b 1
80 27 d 4
80 107 e 1
81 82 a 1
81 82 b 1
81 49 c 0
81 86 e 3
82 83 a 1
82 83 b 1
82 73 c 4
82 64 d 2
82 74 e 3
83 84 a 1
83 84 b 1
83 72 c 2
83 44 d 4
83 112 e 0
84 85 a 1
84 85 b 1
84 21 c 1
84 6 d 2
84 80 e 1
85 86 a 1
85 86 b 1
85 79 e 1
86 87 a 1
86 87 b 1
86 114 c 3
86 119 d 2
86 11 e 4
87 88 a 1
87 88 b 1
87 58 c 3
87 82 d 2
87 104 e 0
88 89 a 1
88 89 b 1
88 115 c 4
88 70 d 2
88 1 e 3
89 90 a 1
89 90 b 1
89 75 c 3
89 69 d 3
89 91 e 4
90 91 a 1
90 91 b 1
90 67 c 3
90 52 d 0
90 35 e 2
91 92 a 1
91 92 b 1
91 58 d 2
91 8 e 2
92 93 a 1
92 93 b 1
92 52 c 1
92 26 e 3
93 94 a 1
93 94 b 1
93 58 c 1
93 10 d 3
93 58 e 3
94 95 a 1
94 95 b 1
94 105 d 0
94 65 e 1
95 96 a 1
95 96 b 1
95 10 c 1
95 97 d 0
95 18 e 2
96 97 a 1
96 97 b 1
96 63 c 3
96 29 e 1
97 98 a 1
97 98 b 1
97 36 c 3
97 110 d 1
97 40 e 0
98 99 a 1
98 99 b 1
98 89 c 0
98 66 d 1
98 24 e 4
99 100 a 1
99 100 b 1
99 20 c 4
99 93 d 2
99 32 e 0
100 101 a 1
100 101 b 1
100 119 c 0
100 8 d 4
100 78 e 2
101 102 a 1
101 102 b 1
101 76 c 0
101 102 d 2
101 89 e 2
102 103 a 1
102 103 b 1
102 82 c 2
102 33 d 4
102 100 e 1
103 104 a 1
103 104 b 1
103 50 c 3
103 123 d 4
103 94 e 0
104 105 a 1
104 105 b 1
104 77 c 4
104 72 d 0
105 106 a 1
105 106 b 1
105 82 c 0
105 77 d 2
105 37 e 1
106 107 a 1
106 107 b 1
106 34 c 3
106 95 d 3
106 65 e 0
107 108 a 1
107 108 b 1
107 4 c 0
107 105 d 0
107 11 e 4
108 109 a 1
108 109 b 1
108 96 d 2
108 102 e 4
109 110 a 1
109 110 b 1
109 102 c 0
109 107 d 0
109 26 e 3
110 111 a 1
110 111 b 1
110 75 c 2
110 83 d 4
110 69 e 4
111 112 a 1
111 112 b 1
111 18 c 2
111 99 d 0
111 6 e 2
112 113 a 1
112 113 b 1
112 123 c 3
112 102 d 3
112 5 e 2
113 114 a 1
113 114 b 1
113 65 c 4
113 113 d 1
113 78 e 2
114 115 a 1
114 115 b 1
114 44 c 3
114 92 d 2
114 125 e 0
115 116 a 1
115 116 b 1
115 77 c 2
115 72 d 0
115 49 e 0
116 117 a 1
116 117 b 1
116 119 c 4
116 8 e 4
117 118 a 1
117 118 b 1
117 24 c 0
117 58 d 1
117 43 e 1
118 119 a 1
118 119 b 1
118 32 c 3
118 26 d 2
118 105 e 0
119 120 a 1
119 120 b 1
119 45 c 2
119 80 d 2
119 110 e 3
120 121 a 1
120 121 b 1
120 98 c 1
120 126 d 3
120 56 e 2
121 122 a 1
121 122 b 1
121 71 c 0
121 62 d 0
121 43 e 0
122 123 a 1
122 123 b 1
122 90 c 1
122 9 d 1
122 45 e 3
123 124 a 1
123 124 b 1
123 31 c 3
123 81 d 0
123 9 e 2
124 125 a 1
124 125 b 1
124 96 c 4
124 63 d 4
124 101 e 3
125 126 a 1
125 126 b 1
126 127 a 1
126 127 b 1
126 83 c 0
126 16 d 3
126 88 e 3
127 128 a 1
127 128 b 1
127 36 d 2
127 117 e 2
128 128 a 0
128 128 b 0
128 75 c 3
128 66 d 1
128 38 e 2

82 128 594 5 5 0
1 2 a 1
1 2 b 1
1 44 c 4
1 16 d 1
2 3 a 1
2 3 b 1
2 26 d 1
3 4 a 1
3 4 b 1
3 120 c 1
3 72 d 2
3 85 e 4
4 5 a 1
4 5 b 1
4 96 c 2
4 73 d 0
4 45 e 4
5 6 a 1
5 6 b 1
5 45 c 0
5 11 d 4
5 53 e 4
6 7 a 1
6 7 b 1
6 95 c 0
6 82 d 2
6 100 e 4
7 8 a 1
7 8 b 1
7 18 c 1
7 20 d 2
7 44 e 2
8 9 a 1
8 9 b 1
8 118 d 1
8 108 e 4
9 10 a 1
9 10 b 1
9 91 c 1
9 64 d 2
9 30 e 1
10 11 a 1
10 11 b 1
10 16 c 0
10 85 d 1
10 109 e 3
11 12 a 1
11 12 b 1
11 105 c 2
11 72 d 4
12 13 a 1
12 13 b 1
12 75 c 1
12 35 d 2
12 57 e 0
13 14 a 1
13 14 b 1
13 42 d 3
13 68 e 3
14 15 a 1
14 15 b 1
14 88 c 0
14 19 d 2
14 102 e 2
15 16 a 1
15 16 b 1
15 96 c 4
15 108 d 4
15 35 e 1
16 17 a 1
16 17 b 1
16 114 c 0
16 121 d 3
16 113 e 1
17 18 a 1
17 18 b 1
17 51 c 2
17 15 d 2
17 43 e 2
18 19 a 1
18 19 b 1
18 55 c 4
18 55 d 3
18 88 e 1
19 20 a 1
19 20 b 1
19 39 c 0
19 119 d 4
19 47 e 4
20 21 a 1
20 21 b 1
20 78 c 2
20 18 d 0
20 111 e 4
21 22 a 1
21 22 b 1
21 90 c 2
21 17 d 0
21 88 e 1
22 23 a 1
22 23 b 1
22 82 c 0
22 107 d 2
22 57 e 1
23 24 a 1
23 24 b 1
23 101 e 3
24 25 a 1
24 25 b 1
24 84 c 0
24 67 d 2
24 4 e 0
25 26 a 1
25 26 b 1
25 5 c 3
25 69 d 4
25 75 e 3
26 27 a 1
26 27 b 1
26 75 c 0
26 78 d 0
26 120 e 3
27 28 a 1
27 28 b 1
27 44 c 0
27 44 e 3
28 29 a 1
28 29 b 1
28 66 c 0
28 102 d 0
28 21 e 2
29 30 a 1
29 30 b 1
29 15 c 0
29 13 d 2
29 40 e 3
30 31 a 1
30 31 b 1
30 84 d 3
30 61 e 4
31 32 a 1
31 32 b 1
31 37 c 1
31 21 e 4
32 33 a 1
32 33 b 1
32 28 c 4
32 103 d 3
32 16 e 4
33 34 a 1
33 34 b 1
33 35 c 3
33 119 d 0
33 52 e 3
34 35 a 1
34 35 b 1
34 13 c 1
34 70 d 1
34 36 e 3
35 36 a 1
35 36 b 1
35 103 d 3
35 48 e 1
36 37 a 1
36 37 b 1
36 7 d 3
37 38 a 1
37 38 b 1
37 54 c 2
37 70 d 0
37 94 e 3
38 39 a 1
38 39 b 1
38 119 c 4
38 113 d 3
38 68 e 4
39 40 a 1
39 40 b 1
39 17 c 0
39 59 d 0
39 85 e 1
40 41 a 1
40 41 b 1
40 104 c 3
40 59 d 3
40 93 e 1
41 42 a 1
41 42 b 1
41 42 c 4
41 10 d 4
41 36 e 3
42 43 a 1
42 43 b 1
42 83 c 2
42 28 d 2
42 113 e 0
43 44 a 1
43 44 b 1
43 107 c 1
43 47 d 4
43 119 e 0
44 45 a 1
44 45 b 1
44 113 c 4
44 68 d 1
44 77 e 2
45 46 a 1
45 46 b 1
45 46 c 3
45 105 d 2
45 121 e 4
46 47 a 1
46 47 b 1
46 116 c 1
46 17 e 1
47 48 a 1
47 48 b 1
47 79 c 4
47 26 d 2
47 15 e 3
48 49 a 1
48 49 b 1
48 41 c 0
48 25 d 1
48 89 e 3
49 50 a 1
49 50 b 1
49 92 c 0
49 100 e 3
50 51 a 1
50 51 b 1
50 122 c 0
50 59 e 0
51 52 a 1
51 52 b 1
51 122 c 0
51 67 d 2
51 12 e 3
52 53 a 1
52 53 b 1
52 4 d 4
52 18 e 2
53 54 a 1
53 54 b 1
53 69 c 1
53 33 d 3
53 27 e 2
54 55 a 1
54 55 b 1
54 39 c 1
54 57 d 3
54 28 e 1
55 56 a 1
55 56 b 1
55 102 e 2
56 57 a 1
56 57 b 1
56 57 d 2
56 48 e 3
57 58 a 1
57 58 b 1
57 16 c 4
57 36 d 0
57 84 e 4
58 59 a 1
58 59 b 1
58 103 c 2
58 87 d 2
58 82 e 1
59 60 a 1
59 60 b 1
59 75 c 4
59 70 d 4
59 115 e 0
60 61 a 1
60 61 b 1
60 55 d 2
60 89 e 4
61 62 a 1
61 62 b 1
61 20 c 0
61 59 d 2
61 54 e 2
62 63 a 1
62 63 b 1
62 103 c 4
62 44 d 4
62 34 e 4
63 64 a 1
63 64 b 1
63 20 c 3
63 2 d 2
63 122 e 1
64 65 a 1
64 65 b 1
64 26 c 1
64 92 e 2
65 66 a 1
65 66 b 1
65 21 c 1
65 69 d 4
66 67 a 1
66 67 b 1
66 62 c 0
66 15 d 3
66 6 e 4
67 68 a 1
67 68 b 1
67 107 c 4
67 40 d 2
67 74 e 2
68 69 a 1
68 69 b 1
68 102 c 1
68 7 d 0
68 102 e 0
69 70 a 1
69 70 b 1
69 59 c 1
69 75 d 0
69 25 e 2
70 71 a 1
70 71 b 1
70 47 c 1
70 109 d 2
70 89 e 0
71 72 a 1
71 72 b 1
71 120 c 4
71 118 d 0
72 73 a 1
72 73 b 1
72 37 c 4
72 126 d 1
72 49 e 4
73 74 a 1
73 74 b 1
73 1 c 0
73 77 d 0
74 75 a 1
74 75 b 1
74 9 c 0
74 110 d 2
74 21 e 2
75 76 a 1
75 76 b 1
75 71 c 4
75 122 d 1
75 103 e 2
76 77 a 1
76 77 b 1
76 75 c 4
76 5 d 3
76 31 e 2
77 78 a 1
77 78 b 1
77 46 e 3
78 79 a 1
78 79 b 1
78 16 c 0
78 37 d 0
78 90 e 3
79 80 a 1
79 80 b 1
79 17 d 4
79 105 e 4
80 81 a 1
80 81 b 1
80 54 c 3
80 91 d 2
80 73 e 2
81 82 a 1
81 82 b 1
81 101 c 3
81 51 d 1
81 15 e 2
82 83 a 1
82 83 b 1
82 124 c 1
82 72 d 4
82 108 e 4
83 84 a 1
83 84 b 1
83 39 c 0
83 26 d 3
83 20 e 3
84 85 a 1
84 85 b 1
84 54 c 4
84 33 d 0
84 17 e 3
85 86 a 1
85 86 b 1
85 62 d 3
85 23 e 0
86 87 a 1
86 87 b 1
86 29 c 4
86 4 d 2
86 56 e 3
87 88 a 1
87 88 b 1
87 61 c 1
87 114 d 4
87 11 e 2
88 89 a 1
88 89 b 1
88 40 c 1
88 65 d 0
88 52 e 3
89 90 a 1
89 90 b 1
89 72 c 2
89 40 d 2
89 63 e 3
90 91 a 1
90 91 b 1
90 44 c 2
90 94 d 3
90 121 e 4
91 92 a 1
91 92 b 1
91 75 c 0
91 45 e 0
92 93 a 1
92 93 b 1
92 23 c 4
92 12 d 4
92 113 e 1
93 94 a 1
93 94 b 1
93 10 c 1
93 88 e 0
94 95 a 1
94 95 b 1
94 106 d 3
95 96 a 1
95 96 b 1
95 60 d 0
96 97 a 1
96 97 b 1
96 53 c 4
96 11 d 2
96 108 e 2
97 98 a 1
97 98 b 1
97 87 c 4
97 99 d 4
97 25 e 4
98 99 a 1
98 99 b 1
98 85 c 2
98 27 d 0
98 79 e 3
99 100 a 1
99 100 b 1
99 75 c 3
99 49 d 2
99 38 e 0
100 101 a 1
100 101 b 1
100 6 c 0
100 103 d 2
101 102 a 1
101 102 b 1
101 40 c 2
101 100 d 2
101 65 e 0
102 103 a 1
102 103 b 1
102 91 d 4
102 6 e 3
103 104 a 1
103 104 b 1
103 24 c 0
103 52 d 2
104 105 a 1
104 105 b 1
104 41 c 2
104 28 d 2
105 106 a 1
105 106 b 1
105 8 c 1
105 50 d 4
105 84 e 0
106 107 a 1
106 107 b 1
106 34 c 4
106 124 d 3
106 52 e 0
107 108 a 1
107 108 b 1
107 15 c 0
107 100 d 1
107 72 e 3
108 109 a 1
108 109 b 1
108 36 c 0
108 39 d 3
109 110 a 1
109 110 b 1
109 98 c 3
110 111 a 1
110 111 b 1
110 59 c 2
110 124 d 1
110 109 e 1
111 112 a 1
111 112 b 1
111 116 c 4
111 54 d 1
111 53 e 2
112 113 a 1
112 113 b 1
112 88 c 2
112 35 d 3
112 49 e 2
113 114 a 1
113 114 b 1
113 56 c 3
113 22 e 3
114 115 a 1
114 115 b 1
114 21 c 4
114 91 e 2
115 116 a 1
115 116 b 1
115 115 c 0
115 61 d 1
115 98 e 1
116 117 a 1
116 117 b 1
116 89 c 4
116 27 d 1
117 118 a 1
117 118 b 1
117 79 c 2
117 21 d 2
117 58 e 2
118 119 a 1
118 119 b 1
118 83 c 4
118 84 d 1
118 113 e 1
119 120 a 1
119 120 b 1
119 52 c 4
119 110 d 1
119 55 e 3
120 121 a 1
120 121 b 1
120 29 c 2
120 50 d 3
120 7 e 3
121 122 a 1
121 122 b 1
121 63 c 2
121 81 d 1
121 81 e 1
122 123 a 1
122 123 b 1
122 64 c 0
122 118 d 3
122 32 e 4
123 124 a 1
123 124 b 1
123 21 c 3
123 41 d 1
123 31 e 0
124 125 a 1
124 125 b 1
124 84 c 1
124 91 d 0
124 120 e 1
125 126 a 1
125 126 b 1
125 27 c 1
125 100 d 4
125 91 e 0
126 127 a 1
126 127 b 1
126 116 c 3
126 71 d 1
126 26 e 2
127 128 a 1
127 128 b 1
127 57 c 2
127 97 d 3
127 90 e 4
128 128 a 0
128 128 b 0
128 111 c 0
128 103 d 3
128 76 e 1

83 128 589 5 5 0
1 2 a 1
1 2 b 1
1 28 c 0
1 76 d 3
1 64 e 2
2 3 a 1
2 3 b 1
2 14 c 2
2 125 d 0
2 50 e 2
3 4 a 1
3 4 b 1
3 74 c 1
3 91 d 0
3 20 e 4
4 5 a 1
4 5 b 1
4 114 d 1
5 6 a 1
5 6 b 1
5 66 c 2
5 33 d 0
5 68 e 3
6 7 a 1
6 7 b 1
6 38 c 0
6 1 d 4
6 97 e 4
7 8 a 1
7 8 b 1
7 74 d 1
7 12 e 1
8 9 a 1
8 9 b 1
8 66 c 1
8 15 d 4
8 51 e 4
9 10 a 1
9 10 b 1
9 33 c 2
9 80 d 1
9 48 e 0
10 11 a 1
10 11 b 1
10 11 c 1
10 126 d 3
11 12 a 1
11 12 b 1
11 7 c 4
11 11 d 2
11 57 e 2
12 13 a 1
12 13 b 1
12 37 d 1
12 19 e 2
13 14 a 1
13 14 b 1
13 54 c 0
13 89 d 0
13 59 e 4
14 15 a 1
14 15 b 1
14 59 d 1
14 73 e 2
15 16 a 1
15 16 b 1
15 54 c 0
15 56 d 0
16 17 a 1
16 17 b 1
16 60 c 1
16 41 d 0
16 31 e 2
17 18 a 1
17 18 b 1
17 108 c 1
17 4 d 0
17 104 e 1
18 19 a 1
18 19 b 1
18 82 d 3
18 80 e 3
19 20 a 1
19 20 b 1
19 77 c 0
19 36 d 3
19 16 e 1
20 21 a 1
20 21 b 1
20 86 c 2
20 109 d 3
20 66 e 2
21 22 a 1
21 22 b 1
21 100 c 4
21 60 d 4
21 94 e 4
22 23 a 1
22 23 b 1
22 11 c 1
22 89 d 1
22 89 e 1
23 24 a 1
23 24 b 1
23 121 c 2
23 61 d 0
23 95 e 4
24 25 a 1
24 25 b 1
24 40 c 1
24 127 d 2
25 26 a 1
25 26 b 1
25 99 c 2
26 27 a 1
26 27 b 1
26 21 e 0
27 28 a 1
27 28 b 1
27 23 d 2
28 29 a 1
28 29 b 1
28 7 d 1
28 50 e 3
29 30 a 1
29 30 b 1
29 27 c 4
29 60 d 2
30 31 a 1
30 31 b 1
30 114 c 0
30 59 d 1
30 87 e 0
31 32 a 1
31 32 b 1
31 103 c 2
31 85 d 1
32 33 a 1
32 33 b 1
32 26 c 2
32 126 d 0
32 56 e 0
33 34 a 1
33 34 b 1
33 84 c 1
33 44 d 3
33 23 e 4
34 35 a 1
34 35 b 1
34 122 c 3
34 92 d 2
34 39 e 1
35 36 a 1
35 36 b 1
35 19 c 4
35 21 d 3
35 91 e 3
36 37 a 1
36 37 b 1
36 11 c 2
36 44 e 1
37 38 a 1
37 38 b 1
37 39 c 4
37 45 d 4
37 53 e 3
38 39 a 1
38 39 b 1
38 43 c 3
38 118 e 2
39 40 a 1
39 40 b 1
39 26 c 2
39 34 d 1
39 102 e 2
40 41 a 1
40 41 b 1
40 5 c 1
40 94 d 3
40 72 e 1
41 42 a 1
41 42 b 1
41 96 c 1
41 109 d 0
41 59 e 0
42 43 a 1
42 43 b 1
42 34 c 1
42 77 d 2
43 44 a 1
43 44 b 1
43 50 c 1
43 71 d 4
43 37 e 4
44 45 a 1
44 45 b 1
44 87 c 3
44 14 d 1
44 70 e 1
45 46 a 1
45 46 b 1
45 108 c 4
45 75 d 1
45 123 e 4
46 47 a 1
46 47 b 1
46 61 c 1
46 40 d 3
46 124 e 1
47 48 a 1
47 48 b 1
47 98 c 0
47 71 d 4
47 96 e 4
48 49 a 1
48 49 b 1
48 82 c 0
48 54 d 4
48 61 e 2
49 50 a 1
49 50 b 1
49 100 c 1
49 85 d 1
49 51 e 4
50 51 a 1
50 51 b 1
50 106 d 0
50 20 e 3
51 52 a 1
51 52 b 1
51 28 c 2
51 21 d 1
51 60 e 1
52 53 a 1
52 53 b 1
52 56 c 4
52 103 d 1
52 120 e 1
53 54 a 1
53 54 b 1
53 31 c 4
53 80 d 1
53 4 e 3
54 55 a 1
54 55 b 1
54 116 d 0
54 63 e 0
55 56 a 1
55 56 b 1
55 117 c 0
55 40 d 1
55 58 e 0
56 57 a 1
56 57 b 1
56 4 c 4
56 9 d 3
56 34 e 0
57 58 a 1
57 58 b 1
57 96 c 4
57 30 d 4
57 30 e 4
58 59 a 1
58 59 b 1
58 87 c 3
58 54 d 2
58 9 e 3
59 60 a 1
59 60 b 1
59 18 c 1
59 23 d 2
59 48 e 3
60 61 a 1
60 61 b 1
60 23 d 1
60 10 e 2
61 62 a 1
61 62 b 1
61 97 c 3
61 100 e 4
62 63 a 1
62 63 b 1
62 68 c 4
62 91 d 3
62 42 e 4
63 64 a 1
63 64 b 1
63 67 c 3
63 54 d 3
64 65 a 1
64 65 b 1
64 69 c 4
64 28 d 1
64 107 e 0
65 66 a 1
65 66 b 1
65 101 c 4
65 12 d 2
65 9 e 1
66 67 a 1
66 67 b 1
66 21 c 1
66 91 d 4
66 89 e 0
67 68 a 1
67 68 b 1
67 27 e 3
68 69 a 1
68 69 b 1
68 68 c 0
68 106 e 4
69 70 a 1
69 70 b 1
69 39 c 3
69 120 d 2
69 108 e 2
70 71 a 1
70 71 b 1
70 78 c 2
70 5 e 1
71 72 a 1
71 72 b 1
71 19 c 2
71 92 d 4
71 39 e 1
72 73 a 1
72 73 b 1
72 8 c 2
72 53 d 2
72 112 e 4
73 74 a 1
73 74 b 1
73 90 d 2
73 33 e 2
74 75 a 1
74 75 b 1
74 85 c 3
74 112 d 2
74 70 e 2
75 76 a 1
75 76 b 1
75 58 c 1
75 14 d 1
75 44 e 2
76 77 a 1
76 77 b 1
76 125 e 1
77 78 a 1
77 78 b 1
77 14 c 1
77 125 d 3
77 120 e 1
78 79 a 1
78 79 b 1
78 60 c 2
78 2 d 3
78 41 e 4
79 80 a 1
79 80 b 1
79 51 c 3
79 124 d 3
79 37 e 2
80 81 a 1
80 81 b 1
80 55 c 3
80 75 d 2
80 106 e 1
81 82 a 1
81 82 b 1
81 49 c 3
81 49 d 4
81 113 e 1
82 83 a 1
82 83 b 1
82 126 d 3
82 122 e 3
83 84 a 1
83 84 b 1
83 14 c 2
83 62 d 3
83 34 e 1
84 85 a 1
84 85 b 1
84 80 d 2
84 64 e 4
85 86 a 1
85 86 b 1
85 51 c 3
85 77 d 0
85 44 e 1
86 87 a 1
86 87 b 1
86 121 c 2
86 111 d 1
86 6 e 0
87 88 a 1
87 88 b 1
87 35 c 4
87 98 d 3
87 66 e 1
88 89 a 1
88 89 b 1
88 65 c 3
89 90 a 1
89 90 b 1
89 50 c 2
89 65 d 1
89 75 e 1
90 91 a 1
90 91 b 1
90 38 c 3
90 14 d 3
90 44 e 0
91 92 a 1
91 92 b 1
91 1 c 0
91 97 e 2
92 93 a 1
92 93 b 1
92 106 c 0
92 47 d 1
92 8 e 2
93 94 a 1
93 94 b 1
93 92 d 1
93 28 e 1
94 95 a 1
94 95 b 1
94 59 c 4
94 31 d 2
94 7 e 3
95 96 a 1
95 96 b 1
95 125 c 4
95 2 d 0
95 65 e 4
96 97 a 1
96 97 b 1
96 44 c 2
96 55 d 0
97 98 a 1
97 98 b 1
97 64 c 4
97 100 d 1
97 87 e 4
98 99 a 1
98 99 b 1
98 98 c 3
98 121 d 4
98 64 e 4
99 100 a 1
99 100 b 1
99 18 c 2
99 24 d 1
99 87 e 0
100 101 a 1
100 101 b 1
100 123 e 0
101 102 a 1
101 102 b 1
101 34 c 2
101 67 d 4
101 46 e 1
102 103 a 1
102 103 b 1
102 99 c 0
103 104 a 1
103 104 b 1
103 7 c 3
103 12 d 3
103 117 e 1
104 105 a 1
104 105 b 1
104 60 c 1
104 102 e 3
105 106 a 1
105 106 b 1
105 24 d 0
105 66 e 4
106 107 a 1
106 107 b 1
106 102 c 1
106 94 d 0
106 88 e 4
107 108 a 1
107 108 b 1
107 30 c 3
107 69 d 0
107 2 e 0
108 109 a 1
108 109 b 1
108 10 c 2
108 111 d 1
108 89 e 1
109 110 a 1
109 110 b 1
109 42 c 1
109 40 d 3
109 59 e 3
110 111 a 1
110 111 b 1
110 71 c 0
110 91 d 1
111 112 a 1
111 112 b 1
111 126 c 3
111 126 d 4
111 26 e 2
112 113 a 1
112 113 b 1
112 96 c 2
112 125 d 3
112 68 e 2
113 114 a 1
113 114 b 1
113 88 c 3
113 51 d 1
113 13 e 2
114 115 a 1
114 115 b 1
114 9 c 1
114 99 d 2
114 114 e 2
115 116 a 1
115 116 b 1
115 67 c 3
115 29 d 0
115 2 e 2
116 117 a 1
116 117 b 1
116 29 c 0
116 45 d 4
117 118 a 1
117 118 b 1
117 43 c 0
117 59 d 3
117 107 e 3
118 119 a 1
118 119 b 1
118 103 c 1
118 121 d 1
118 102 e 3
119 120 a 1
119 120 b 1
119 125 c 0
119 72 d 0
120 121 a 1
120 121 b 1
120 16 c 2
120 102 d 0
120 89 e 3
121 122 a 1
121 122 b 1
121 29 c 0
121 6 d 0
121 92 e 0
122 123 a 1
122 123 b 1
122 78 c 1
122 54 e 4
123 124 a 1
123 124 b 1
123 103 c 4
123 71 d 0
123 22 e 0
124 125 a 1
124 125 b 1
124 88 c 3
124 125 d 1
124 53 e 4
125 126 a 1
125 126 b 1
125 109 d 0
125 64 e 3
126 127 a 1
126 127 b 1
126 123 c 4
126 87 d 4
126 76 e 4
127 128 a 1
127 128 b 1
127 116 c 1
127 85 d 3
127 15 e 4
128 128 a 0
128 128 b 0
128 99 c 4
128 46 d 3
128 49 e 0

84 128 597 5 5 0
1 2 a 1
1 2 b 1
1 58 d 1
2 3 a 1
2 3 b 1
2 9 c 4
2 59 d 0
2 7 e 0
3 4 a 1
3 4 b 1
3 104 c 3
3 96 d 0
3 98 e 1
4 5 a 1
4 5 b 1
4 26 c 4
4 38 d 3
4 83 e 4
5 6 a 1
5 6 b 1
5 89 d 3
5 89 e 4
6 7 a 1
6 7 b 1
6 20 c 3
6 94 d 3
6 29 e 0
7 8 a 1
7 8 b 1
7 45 c 2
7 47 d 4
7 127 e 1
8 9 a 1
8 9 b 1
8 127 c 4
9 10 a 1
9 10 b 1
9 55 c 4
9 40 d 0
10 11 a 1
10 11 b 1
10 78 c 0
10 74 d 3
10 12 e 1
11 12 a 1
11 12 b 1
11 40 c 4
11 19 d 0
11 85 e 2
12 13 a 1
12 13 b 1
12 109 c 4
12 34 d 1
12 87 e 3
13 14 a 1
13 14 b 1
13 96 c 4
13 21 d 0
13 82 e 0
14 15 a 1
14 15 b 1
14 105 c 4
14 85 d 3
14 127 e 2
15 16 a 1
15 16 b 1
15 41 c 1
15 98 d 1
15 74 e 1
16 17 a 1
16 17 b 1
16 82 c 2
16 78 e 4
17 18 a 1
17 18 b 1
17 73 c 3
17 60 d 2
17 25 e 4
18 19 a 1
18 19 b 1
18 116 d 1
18 64 e 1
19 20 a 1
19 20 b 1
19 25 c 4
19 76 d 0
19 53 e 1
20 21 a 1
20 21 b 1
20 48 d 4
20 42 e 4
21 22 a 1
21 22 b 1
21 98 c 0
21 49 d 3
21 121 e 4
22 23 a 1
22 23 b 1
22 36 c 0
22 107 d 2
22 94 e 0
23 24 a 1
23 24 b 1
23 23 c 3
23 71 e 4
24 25 a 1
24 25 b 1
24 16 e 3
25 26 a 1
25 26 b 1
25 29 c 1
25 113 e 1
26 27 a 1
26 27 b 1
26 12 c 4
26 115 d 4
27 28 a 1
27 28 b 1
27 120 c 1
27 25 d 1
27 99 e 0
28 29 a 1
28 29 b 1
28 45 c 2
28 118 d 1
28 18 e 1
29 30 a 1
29 30 b 1
29 24 d 1
29 96 e 2
30 31 a 1
30 31 b 1
30 21 c 1
30 27 d 0
31 32 a 1
31 32 b 1
31 116 d 4
31 52 e 0
32 33 a 1
32 33 b 1
32 5 c 4
32 115 d 2
32 47 e 1
33 34 a 1
33 34 b 1
33 126 c 2
33 44 d 2
33 9 e 1
34 35 a 1
34 35 b 1
34 80 c 2
34 77 d 0
34 90 e 2
35 36 a 1
35 36 b 1
35 43 c 2
35 35 d 1
35 120 e 1
36 37 a 1
36 37 b 1
36 45 c 0
36 61 d 3
36 73 e 1
37 38 a 1
37 38 b 1
37 62 c 3
37 89 d 1
37 69 e 4
38 39 a 1
38 39 b 1
38 78 c 4
38 43 d 0
38 106 e 2
39 40 a 1
39 40 b 1
39 104 c 4
39 25 d 0
39 42 e 2
40 41 a 1
40 41 b 1
40 24 d 3
40 30 e 0
41 42 a 1
41 42 b 1
41 76 c 2
41 28 d 0
41 100 e 4
42 43 a 1
42 43 b 1
42 82 c 1
42 88 d 0
42 73 e 2
43 44 a 1
43 44 b 1
43 113 c 1
43 90 d 3
43 35 e 1
44 45 a 1
44 45 b 1
44 116 c 2
44 62 e 4
45 46 a 1
45 46 b 1
45 10 d 1
45 40 e 4
46 47 a 1
46 47 b 1
46 10 c 3
46 59 d 4
46 65 e 3
47 48 a 1
47 48 b 1
47 3 c 3
47 61 d 3
47 66 e 3
48 49 a 1
48 49 b 1
48 7 c 1
48 108 e 1
49 50 a 1
49 50 b 1
49 118 c 1
49 126 d 2
49 69 e 4
50 51 a 1
50 51 b 1
50 95 c 3
50 113 d 0
50 100 e 0
51 52 a 1
51 52 b 1
51 12 c 0
51 116 d 4
51 5 e 2
52 53 a 1
52 53 b 1
52 76 c 3
52 20 d 2
52 115 e 4
53 54 a 1
53 54 b 1
53 61 c 4
53 40 e 0
54 55 a 1
54 55 b 1
54 100 c 4
54 34 d 4
54 65 e 3
55 56 a 1
55 56 b 1
55 12 c 4
55 26 d 4
56 57 a 1
56 57 b 1
56 34 c 4
56 51 d 4
56 64 e 1
57 58 a 1
57 58 b 1
57 29 c 3
57 75 d 0
57 15 e 4
58 59 a 1
58 59 b 1
58 2 c 4
58 23 d 2
58 19 e 4
59 60 a 1
59 60 b 1
59 111 c 3
59 50 d 1
59 98 e 3
60 61 a 1
60 61 b 1
60 86 c 0
60 106 d 0
60 28 e 0
61 62 a 1
61 62 b 1
61 2 c 3
61 30 d 3
61 27 e 2
62 63 a 1
62 63 b 1
62 117 c 0
62 25 d 0
62 43 e 1
63 64 a 1
63 64 b 1
63 64 c 0
63 127 d 1
63 119 e 3
64 65 a 1
64 65 b 1
64 32 d 4
64 37 e 0
65 66 a 1
65 66 b 1
65 52 c 4
65 7 d 4
65 87 e 4
66 67 a 1
66 67 b 1
66 101 c 0
66 34 d 3
66 39 e 1
67 68 a 1
67 68 b 1
67 16 c 2
67 79 d 1
67 66 e 0
68 69 a 1
68 69 b 1
68 14 c 2
68 58 d 2
68 112 e 1
69 70 a 1
69 70 b 1
69 114 c 2
69 21 d 1
69 38 e 0
70 71 a 1
70 71 b 1
70 116 c 4
70 45 d 2
70 46 e 3
71 72 a 1
71 72 b 1
71 40 c 0
71 105 d 4
71 84 e 0
72 73 a 1
72 73 b 1
72 82 c 3
72 76 d 2
72 25 e 4
73 74 a 1
73 74 b 1
73 4 c 4
73 23 d 4
73 58 e 1
74 75 a 1
74 75 b 1
74 61 c 4
74 47 d 4
74 126 e 4
75 76 a 1
75 76 b 1
75 24 c 3
75 2 d 3
75 53 e 4
76 77 a 1
76 77 b 1
76 63 c 2
76 1 d 2
76 37 e 4
77 78 a 1
77 78 b 1
77 45 c 0
77 62 e 2
78 79 a 1
78 79 b 1
78 106 c 4
78 51 d 1
78 28 e 3
79 80 a 1
79 80 b 1
79 42 c 3
79 51 d 2
79 3 e 3
80 81 a 1
80 81 b 1
80 8 c 0
80 16 d 0
80 70 e 4
81 82 a 1
81 82 b 1
81 79 c 4
81 73 d 2
81 23 e 4
82 83 a 1
82 83 b 1
82 70 c 2
82 17 d 3
82 100 e 4
83 84 a 1
83 84 b 1
83 43 c 4
83 121 d 1
83 101 e 1
84 85 a 1
84 85 b 1
84 46 c 3
84 94 e 1
85 86 a 1
85 86 b 1
85 96 c 1
85 17 d 4
85 62 e 2
86 87 a 1
86 87 b 1
86 93 c 1
86 51 d 2
86 32 e 1
87 88 a 1
87 88 b 1
87 93 c 1
87 9 d 0
87 1 e 0
88 89 a 1
88 89 b 1
88 106 c 3
88 42 d 2
88 74 e 2
89 90 a 1
89 90 b 1
89 28 c 4
89 7 d 3
90 91 a 1
90 91 b 1
90 43 c 3
90 102 d 4
90 73 e 1
91 92 a 1
91 92 b 1
91 5 c 1
91 59 d 0
92 93 a 1
92 93 b 1
92 16 c 2
92 88 d 0
93 94 a 1
93 94 b 1
93 7 c 1
93 95 d 3
93 74 e 4
94 95 a 1
94 95 b 1
94 74 c 2
94 80 d 4
94 82 e 2
95 96 a 1
95 96 b 1
95 120 c 1
95 115 e 0
96 97 a 1
96 97 b 1
96 79 c 1
96 76 e 3
97 98 a 1
97 98 b 1
97 50 c 1
97 71 e 4
98 99 a 1
98 99 b 1
98 107 c 1
98 12 d 4
98 67 e 1
99 100 a 1
99 100 b 1
99 110 c 4
99 127 d 1
99 92 e 4
100 101 a 1
100 101 b 1
100 53 c 1
100 107 d 4
100 8 e 1
101 102 a 1
101 102 b 1
101 55 c 3
101 102 d 0
101 50 e 2
102 103 a 1
102 103 b 1
102 5 c 0
102 28 d 0
102 127 e 0
103 104 a 1
103 104 b 1
103 15 c 0
103 94 d 3
103 38 e 0
104 105 a 1
104 105 b 1
104 93 c 0
104 65 d 4
104 73 e 4
105 106 a 1
105 106 b 1
105 47 c 0
105 11 d 4
105 39 e 0
106 107 a 1
106 107 b 1
106 78 c 3
106 104 d 1
106 41 e 4
107 108 a 1
107 108 b 1
107 59 c 4
107 27 d 2
107 10 e 0
108 109 a 1
108 109 b 1
108 96 d 3
108 116 e 4
109 110 a 1
109 110 b 1
109 35 c 4
109 20 d 0
109 58 e 3
110 111 a 1
110 111 b 1
110 96 d 1
110 19 e 0
111 112 a 1
111 112 b 1
111 100 c 1
111 83 d 3
112 113 a 1
112 113 b 1
112 27 c 3
112 6 d 0
112 32 e 4
113 114 a 1
113 114 b 1
113 91 c 0
113 62 d 0
113 12 e 2
114 115 a 1
114 115 b 1
114 87 c 2
114 71 d 2
114 94 e 4
115 116 a 1
115 116 b 1
115 4 c 2
115 75 d 3
116 117 a 1
116 117 b 1
116 27 c 1
116 99 d 4
116 79 e 0
117 118 a 1
117 118 b 1
117 91 c 3
117 37 d 3
117 116 e 0
118 119 a 1
118 119 b 1
118 126 c 1
118 22 d 0
118 67 e 4
119 120 a 1
119 120 b 1
119 83 c 3
119 126 d 4
119 39 e 1
120 121 a 1
120 121 b 1
120 72 c 4
120 67 d 1
120 103 e 2
121 122 a 1
121 122 b 1
121 111 e 0
122 123 a 1
122 123 b 1
122 81 e 0
123 124 a 1
123 124 b 1
123 39 c 0
123 39 d 1
123 62 e 3
124 125 a 1
124 125 b 1
124 116 c 3
124 124 d 1
124 29 e 1
125 126 a 1
125 126 b 1
125 72 c 2
125 11 d 2
125 50 e 2
126 127 a 1
126 127 b 1
126 32 d 2
126 120 e 4
127 128 a 1
127 128 b 1
127 72 c 0
127 91 d 2
127 68 e 2
128 128 a 0
128 128 b 0
128 42 e 0

85 128 602 5 5 0
1 2 a 1
1 2 b 1
1 64 c 2
1 60 d 4
1 118 e 1
2 3 a 1
2 3 b 1
2 5 c 1
2 92 e 3
3 4 a 1
3 4 b 1
3 81 c 1
3 113 d 1
3 96 e 1
4 5 a 1
4 5 b 1
4 73 c 2
4 26 d 4
4 19 e 3
5 6 a 1
5 6 b 1
5 13 c 3
5 99 d 2
6 7 a 1
6 7 b 1
6 109 d 2
6 49 e 3
7 8 a 1
7 8 b 1
7 116 c 4
7 112 d 2
7 78 e 4
8 9 a 1
8 9 b 1
8 51 c 1
8 33 d 0
8 14 e 2
9 10 a 1
9 10 b 1
9 6 c 0
9 114 d 3
9 49 e 1
10 11 a 1
10 11 b 1
10 108 c 3
10 73 d 0
10 113 e 3
11 12 a 1
11 12 b 1
11 44 c 0
11 4 d 0
11 43 e 4
12 13 a 1
12 13 b 1
12 33 c 1
12 16 d 4
12 25 e 4
13 14 a 1
13 14 b 1
13 86 c 3
13 88 e 4
14 15 a 1
14 15 b 1
14 27 d 3
14 25 e 3
15 16 a 1
15 16 b 1
15 79 c 1
15 98 d 1
15 126 e 2
16 17 a 1
16 17 b 1
16 35 c 3
16 60 d 1
16 32 e 3
17 18 a 1
17 18 b 1
17 34 c 1
17 54 d 3
17 61 e 3
18 19 a 1
18 19 b 1
18 16 c 1
18 12 e 1
19 20 a 1
19 20 b 1
19 89 c 2
19 67 d 4
19 3 e 3
20 21 a 1
20 21 b 1
20 17 c 3
20 65 d 4
20 38 e 4
21 22 a 1
21 22 b 1
21 14 d 0
21 57 e 2
22 23 a 1
22 23 b 1
22 86 c 0
22 90 d 2
22 69 e 0
23 24 a 1
23 24 b 1
23 17 d 2
23 45 e 0
24 25 a 1
24 25 b 1
24 96 c 0
24 35 d 1
24 26 e 3
25 26 a 1
25 26 b 1
25 21 c 1
25 45 d 0
25 115 e 2
26 27 a 1
26 27 b 1
26 13 c 2
26 49 d 0
26 59 e 2
27 28 a 1
27 28 b 1
27 97 c 0
27 62 d 3
27 10 e 4
28 29 a 1
28 29 b 1
28 65 d 0
28 94 e 4
29 30 a 1
29 30 b 1
29 85 d 0
29 84 e 1
30 31 a 1
30 31 b 1
30 38 c 2
30 47 d 3
30 12 e 4
31 32 a 1
31 32 b 1
31 82 c 0
31 13 d 1
32 33 a 1
32 33 b 1
32 95 c 1
32 18 d 0
32 8 e 0
33 34 a 1
33 34 b 1
33 78 c 3
33 104 d 3
33 64 e 2
34 35 a 1
34 35 b 1
34 46 c 2
34 38 d 0
34 78 e 2
35 36 a 1
35 36 b 1
35 33 d 2
35 104 e 4
36 37 a 1
36 37 b 1
36 31 c 4
36 18 e 0
37 38 a 1
37 38 b 1
37 18 d 1
37 66 e 1
38 39 a 1
38 39 b 1
38 120 c 3
38 35 d 3
38 42 e 0
39 40 a 1
39 40 b 1
39 51 d 2
39 105 e 0
40 41 a 1
40 41 b 1
40 7 c 4
40 45 d 4
40 103 e 4
41 42 a 1
41 42 b 1
41 27 c 3
41 70 d 2
41 39 e 3
42 43 a 1
42 43 b 1
42 126 c 2
42 15 d 0
42 55 e 0
43 44 a 1
43 44 b 1
43 18 d 2
43 32 e 1
44 45 a 1
44 45 b 1
44 95 c 3
44 79 d 2
45 46 a 1
45 46 b 1
45 96 c 4
45 80 d 1
45 11 e 4
46 47 a 1
46 47 b 1
46 89 c 1
46 104 d 3
46 42 e 4
47 48 a 1
47 48 b 1
47 29 c 4
47 28 d 0
47 117 e 3
48 49 a 1
48 49 b 1
48 9 d 0
48 49 e 1
49 50 a 1
49 50 b 1
49 101 c 0
49 18 e 4
50 51 a 1
50 51 b 1
50 58 c 0
50 58 d 3
50 45 e 3
51 52 a 1
51 52 b 1
51 65 c 1
51 70 d 4
51 2 e 0
52 53 a 1
52 53 b 1
52 70 c 3
52 32 d 1
52 72 e 0
53 54 a 1
53 54 b 1
53 88 c 4
53 31 d 4
53 98 e 2
54 55 a 1
54 55 b 1
54 62 c 4
54 53 d 1
54 124 e 3
55 56 a 1
55 56 b 1
55 96 c 1
55 20 d 3
55 112 e 4
56 57 a 1
56 57 b 1
56 53 c 1
56 105 d 3
56 71 e 4
57 58 a 1
57 58 b 1
57 91 c 4
57 105 d 4
58 59 a 1
58 59 b 1
58 9 c 1
58 18 d 2
58 93 e 1
59 60 a 1
59 60 b 1
59 116 c 2
59 126 d 3
59 69 e 4
60 61 a 1
60 61 b 1
60 61 c 0
60 61 d 4
60 2 e 1
61 62 a 1
61 62 b 1
61 94 c 0
61 32 d 0
61 41 e 3
62 63 a 1
62 63 b 1
62 73 c 1
62 23 d 2
63 64 a 1
63 64 b 1
63 85 c 2
63 41 d 1
63 109 e 4
64 65 a 1
64 65 b 1
64 40 d 1
64 49 e 2
65 66 a 1
65 66 b 1
65 63 c 2
65 54 d 1
66 67 a 1
66 67 b 1
66 59 d 0
66 67 e 0
67 68 a 1
67 68 b 1
67 119 c 2
67 43 d 4
67 51 e 0
68 69 a 1
68 69 b 1
68 21 c 3
68 51 d 4
68 85 e 1
69 70 a 1
69 70 b 1
69 18 c 3
69 83 d 0
69 56 e 3
70 71 a 1
70 71 b 1
70 22 c 0
70 38 d 2
70 77 e 3
71 72 a 1
71 72 b 1
71 15 c 0
71 89 d 2
71 26 e 0
72 73 a 1
72 73 b 1
72 107 c 0
72 39 d 3
72 48 e 3
73 74 a 1
73 74 b 1
73 107 c 0
73 50 d 3
73 3 e 3
74 75 a 1
74 75 b 1
74 14 d 4
74 28 e 1
75 76 a 1
75 76 b 1
75 109 c 3
75 9 d 4
75 89 e 3
76 77 a 1
76 77 b 1
76 91 c 2
76 86 d 4
76 79 e 3
77 78 a 1
77 78 b 1
77 23 c 0
77 35 d 3
77 65 e 3
78 79 a 1
78 79 b 1
78 115 c 3
78 99 d 2
78 107 e 1
79 80 a 1
79 80 b 1
79 93 c 4
79 113 d 4
79 111 e 2
80 81 a 1
80 81 b 1
80 3 c 3
80 118 d 3
80 32 e 2
81 82 a 1
81 82 b 1
81 8 c 0
81 8 d 4
81 125 e 0
82 83 a 1
82 83 b 1
82 4 c 3
82 82 d 4
82 125 e 2
83 84 a 1
83 84 b 1
83 95 d 3
83 9 e 1
84 85 a 1
84 85 b 1
84 119 d 0
84 8 e 4
85 86 a 1
85 86 b 1
85 92 c 1
85 93 d 2
85 12 e 3
86 87 a 1
86 87 b 1
86 11 c 2
86 53 d 0
86 72 e 3
87 88 a 1
87 88 b 1
87 38 c 0
87 86 d 4
87 106 e 1
88 89 a 1
88 89 b 1
88 97 c 4
88 99 d 0
88 116 e 1
89 90 a 1
89 90 b 1
89 19 c 0
89 15 d 3
89 76 e 3
90 91 a 1
90 91 b 1
90 64 c 3
90 37 d 1
90 43 e 1
91 92 a 1
91 92 b 1
91 2 c 3
91 117 d 2
91 30 e 1
92 93 a 1
92 93 b 1
92 125 c 0
92 106 d 3
92 47 e 3
93 94 a 1
93 94 b 1
93 31 c 0
93 42 d 2
93 106 e 0
94 95 a 1
94 95 b 1
94 107 d 2
94 62 e 2
95 96 a 1
95 96 b 1
95 39 c 2
95 106 d 1
95 14 e 4
96 97 a 1
96 97 b 1
96 63 c 1
96 15 d 0
96 50 e 3
97 98 a 1
97 98 b 1
97 70 d 3
97 82 e 3
98 99 a 1
98 99 b 1
98 83 c 4
98 121 d 3
98 109 e 0
99 100 a 1
99 100 b 1
99 59 c 2
99 113 d 3
99 31 e 2
100 101 a 1
100 101 b 1
100 87 c 2
100 70 d 1
100 125 e 4
101 102 a 1
101 102 b 1
101 67 c 2
101 108 d 0
101 116 e 1
102 103 a 1
102 103 b 1
102 38 c 0
102 41 d 1
102 109 e 2
103 104 a 1
103 104 b 1
103 97 c 1
103 109 d 0
103 57 e 3
104 105 a 1
104 105 b 1
104 91 c 0
104 114 d 3
104 70 e 1
105 106 a 1
105 106 b 1
105 25 c 3
105 53 d 2
105 48 e 2
106 107 a 1
106 107 b 1
106 53 c 3
106 115 d 4
106 95 e 4
107 108 a 1
107 108 b 1
107 38 c 1
107 41 d 4
107 81 e 4
108 109 a 1
108 109 b 1
108 4 c 3
108 33 e 1
109 110 a 1
109 110 b 1
109 24 c 3
109 8 e 1
110 111 a 1
110 111 b 1
110 27 c 2
110 24 d 2
110 67 e 0
111 112 a 1
111 112 b 1
111 37 c 4
111 101 d 0
111 13 e 1
112 113 a 1
112 113 b 1
112 15 c 2
112 16 d 4
112 124 e 0
113 114 a 1
113 114 b 1
113 47 c 3
113 116 d 0
113 36 e 4
114 115 a 1
114 115 b 1
114 104 c 4
114 113 d 2
114 7 e 3
115 116 a 1
115 116 b 1
115 25 c 3
115 95 d 2
116 117 a 1
116 117 b 1
116 81 c 0
116 38 d 3
116 95 e 3
117 118 a 1
117 118 b 1
117 121 c 4
117 56 e 1
118 119 a 1
118 119 b 1
118 45 c 1
118 92 d 4
118 70 e 2
119 120 a 1
119 120 b 1
119 45 c 2
119 11 d 1
119 61 e 2
120 121 a 1
120 121 b 1
120 21 c 3
120 46 d 3
120 58 e 4
121 122 a 1
121 122 b 1
121 104 c 0
121 73 d 1
122 123 a 1
122 123 b 1
122 75 c 4
122 7 d 1
123 124 a 1
123 124 b 1
123 78 c 3
123 15 d 2
123 107 e 0
124 125 a 1
124 125 b 1
124 43 c 2
125 126 a 1
125 126 b 1
125 37 c 0
125 125 d 2
125 94 e 2
126 127 a 1
126 127 b 1
126 14 c 1
126 87 d 2
126 39 e 2
127 128 a 1
127 128 b 1
127 37 c 2
127 107 d 1
127 27 e 4
128 128 a 0
128 128 b 0
128 94 c 2
128 10 d 0

86 128 605 5 5 0
1 2 a 1
1 2 b 1
1 95 c 2
1 106 d 0
1 81 e 0
2 3 a 1
2 3 b 1
2 37 c 4
2 2 d 0
2 43 e 3
3 4 a 1
3 4 b 1
3 127 c 0
3 42 d 3
3 98 e 4
4 5 a 1
4 5 b 1
4 95 c 1
4 4 d 4
4 68 e 2
5 6 a 1
5 6 b 1
5 62 e 0
6 7 a 1
6 7 b 1
6 97 d 2
6 16 e 0
7 8 a 1
7 8 b 1
7 17 d 4
7 111 e 3
8 9 a 1
8 9 b 1
8 78 c 4
8 69 d 2
8 9 e 2
9 10 a 1
9 10 b 1
9 108 c 2
9 16 d 2
9 91 e 2
10 11 a 1
10 11 b 1
10 68 c 4
10 32 d 2
11 12 a 1
11 12 b 1
11 54 c 3
11 75 d 2
11 4 e 2
12 13 a 1
12 13 b 1
12 22 c 2
12 122 d 4
12 15 e 4
13 14 a 1
13 14 b 1
13 103 c 2
13 43 d 0
13 92 e 0
14 15 a 1
14 15 b 1
14 78 c 3
14 47 d 3
14 21 e 4
15 16 a 1
15 16 b 1
15 59 c 4
15 118 d 3
15 101 e 0
16 17 a 1
16 17 b 1
16 45 c 4
16 56 d 4
16 24 e 0
17 18 a 1
17 18 b 1
17 32 c 2
17 104 d 0
17 17 e 1
18 19 a 1
18 19 b 1
18 19 c 0
18 26 d 1
18 66 e 0
19 20 a 1
19 20 b 1
19 119 c 4
19 104 d 1
19 103 e 0
20 21 a 1
20 21 b 1
20 28 c 4
20 8 d 3
21 22 a 1
21 22 b 1
21 47 c 1
21 50 d 2
21 124 e 3
22 23 a 1
22 23 b 1
22 3 c 1
22 107 d 1
22 25 e 0
23 24 a 1
23 24 b 1
23 101 c 4
23 91 d 1
23 32 e 2
24 25 a 1
24 25 b 1
24 116 c 4
24 86 d 2
24 82 e 1
25 26 a 1
25 26 b 1
25 7 c 2
25 108 d 4
25 72 e 2
26 27 a 1
26 27 b 1
26 94 c 2
26 11 d 1
26 4 e 1
27 28 a 1
27 28 b 1
27 114 d 2
27 28 e 0
28 29 a 1
28 29 b 1
28 71 c 2
28 113 e 2
29 30 a 1
29 30 b 1
29 16 c 4
29 19 d 0
29 19 e 2
30 31 a 1
30 31 b 1
30 87 c 2
30 117 d 2
30 68 e 2
31 32 a 1
31 32 b 1
31 73 c 4
31 22 d 1
32 33 a 1
32 33 b 1
32 51 d 2
32 62 e 2
33 34 a 1
33 34 b 1
33 54 c 1
33 24 d 0
33 71 e 1
34 35 a 1
34 35 b 1
34 37 c 3
34 4 d 3
34 13 e 1
35 36 a 1
35 36 b 1
35 8 c 4
35 27 d 4
36 37 a 1
36 37 b 1
36 5 c 3
36 121 d 3
37 38 a 1
37 38 b 1
37 54 c 2
37 17 d 3
38 39 a 1
38 39 b 1
38 80 c 4
38 51 d 4
38 29 e 1
39 40 a 1
39 40 b 1
39 105 c 1
39 91 d 0
40 41 a 1
40 41 b 1
40 2 c 4
40 111 d 2
40 115 e 3
41 42 a 1
41 42 b 1
41 80 c 1
41 68 d 2
41 101 e 4
42 43 a 1
42 43 b 1
42 58 d 0
42 22 e 4
43 44 a 1
43 44 b 1
43 28 c 4
43 92 d 0
43 58 e 2
44 45 a 1
44 45 b 1
44 86 c 2
44 71 d 3
44 10 e 1
45 46 a 1
45 46 b 1
45 36 c 0
45 107 d 0
45 109 e 2
46 47 a 1
46 47 b 1
46 65 c 0
46 81 d 4
46 119 e 1
47 48 a 1
47 48 b 1
47 1 c 3
47 25 d 4
47 63 e 2
48 49 a 1
48 49 b 1
48 97 d 2
48 39 e 3
49 50 a 1
49 50 b 1
49 114 c 4
49 24 d 0
49 103 e 2
50 51 a 1
50 51 b 1
50 38 c 4
50 19 d 2
50 37 e 4
51 52 a 1
51 52 b 1
51 51 c 1
51 23 d 0
51 105 e 2
52 53 a 1
52 53 b 1
52 25 c 3
52 7 d 3
52 36 e 1
53 54 a 1
53 54 b 1
53 70 c 3
53 45 d 1
53 127 e 1
54 55 a 1
54 55 b 1
54 36 c 4
54 93 d 3
54 89 e 4
55 56 a 1
55 56 b 1
55 92 c 1
55 48 d 4
55 16 e 2
56 57 a 1
56 57 b 1
56 76 c 4
56 64 d 4
56 45 e 2
57 58 a 1
57 58 b 1
57 77 c 0
57 18 d 3
57 41 e 2
58 59 a 1
58 59 b 1
58 73 c 2
58 113 d 4
58 44 e 1
59 60 a 1
59 60 b 1
59 61 d 2
59 97 e 4
60 61 a 1
60 61 b 1
60 90 c 3
60 17 d 1
60 69 e 4
61 62 a 1
61 62 b 1
61 106 d 3
61 107 e 3
62 63 a 1
62 63 b 1
62 95 c 4
62 47 d 4
63 64 a 1
63 64 b 1
63 17 c 3
63 118 d 2
63 32 e 3
64 65 a 1
64 65 b 1
64 46 c 4
64 35 d 1
64 89 e 1
65 66 a 1
65 66 b 1
65 24 c 4
65 87 d 0
65 111 e 4
66 67 a 1
66 67 b 1
66 107 c 3
66 22 d 2
66 44 e 4
67 68 a 1
67 68 b 1
67 79 c 1
67 5 d 3
67 38 e 3
68 69 a 1
68 69 b 1
68 6 c 1
68 111 d 3
68 102 e 3
69 70 a 1
69 70 b 1
69 112 c 1
69 53 d 3
69 4 e 2
70 71 a 1
70 71 b 1
70 81 c 3
70 79 d 4
70 97 e 2
71 72 a 1
71 72 b 1
71 71 c 0
71 13 d 2
72 73 a 1
72 73 b 1
72 7 c 1
72 3 d 0
72 23 e 2
73 74 a 1
73 74 b 1
73 42 c 2
73 117 d 2
73 114 e 4
74 75 a 1
74 75 b 1
74 50 c 1
74 51 d 4
74 94 e 3
75 76 a 1
75 76 b 1
75 107 c 4
75 97 d 1
75 122 e 4
76 77 a 1
76 77 b 1
76 103 c 1
76 81 d 4
76 34 e 0
77 78 a 1
77 78 b 1
77 36 c 1
77 42 d 0
77 1 e 0
78 79 a 1
78 79 b 1
78 96 c 1
78 127 d 1
78 57 e 2
79 80 a 1
79 80 b 1
79 61 c 0
79 1 d 4
79 71 e 0
80 81 a 1
80 81 b 1
80 56 e 1
81 82 a 1
81 82 b 1
81 29 c 1
81 8 e 2
82 83 a 1
82 83 b 1
82 87 c 3
82 119 d 3
82 13 e 0
83 84 a 1
83 84 b 1
83 42 c 0
83 95 d 4
83 21 e 1
84 85 a 1
84 85 b 1
84 56 c 3
84 10 d 2
84 5 e 4
85 86 a 1
85 86 b 1
85 20 d 4
85 33 e 0
86 87 a 1
86 87 b 1
86 69 c 3
86 79 d 3
86 98 e 4
87 88 a 1
87 88 b 1
87 42 c 3
87 63 d 0
87 9 e 2
88 89 a 1
88 89 b 1
88 69 c 1
88 6 d 2
88 99 e 0
89 90 a 1
89 90 b 1
89 73 c 1
89 1 d 0
89 108 e 1
90 91 a 1
90 91 b 1
90 89 c 4
90 76 d 0
90 121 e 4
91 92 a 1
91 92 b 1
91 74 c 3
91 1 d 2
91 75 e 2
92 93 a 1
92 93 b 1
92 95 c 3
92 67 d 1
93 94 a 1
93 94 b 1
93 110 c 3
93 116 d 1
93 51 e 0
94 95 a 1
94 95 b 1
94 26 c 4
94 119 d 1
94 90 e 3
95 96 a 1
95 96 b 1
95 54 c 4
95 58 d 3
95 25 e 0
96 97 a 1
96 97 b 1
96 122 c 2
96 96 d 4
96 84 e 1
97 98 a 1
97 98 b 1
97 119 c 2
97 52 d 1
97 111 e 0
98 99 a 1
98 99 b 1
98 110 d 0
98 107 e 0
99 100 a 1
99 100 b 1
99 6 c 2
99 73 d 1
99 21 e 1
100 101 a 1
100 101 b 1
100 18 c 1
100 40 d 0
100 90 e 0
101 102 a 1
101 102 b 1
101 36 c 3
101 118 d 2
101 118 e 4
102 103 a 1
102 103 b 1
102 53 c 3
102 36 d 2
103 104 a 1
103 104 b 1
103 15 c 0
103 7 d 2
103 81 e 2
104 105 a 1
104 105 b 1
104 67 c 1
104 35 d 2
104 112 e 4
105 106 a 1
105 106 b 1
105 25 c 4
105 108 d 4
105 41 e 2
106 107 a 1
106 107 b 1
106 104 c 4
106 73 d 0
106 112 e 2
107 108 a 1
107 108 b 1
107 53 c 0
107 96 d 1
107 13 e 3
108 109 a 1
108 109 b 1
108 94 c 2
108 32 d 2
108 11 e 2
109 110 a 1
109 110 b 1
109 2 c 2
109 46 d 1
110 111 a 1
110 111 b 1
110 68 c 0
110 15 e 2
111 112 a 1
111 112 b 1
111 34 c 1
111 44 e 4
112 113 a 1
112 113 b 1
112 18 c 2
112 107 d 2
112 90 e 2
113 114 a 1
113 114 b 1
113 51 c 3
113 74 d 0
113 72 e 2
114 115 a 1
114 115 b 1
114 55 c 0
114 76 d 2
114 21 e 1
115 116 a 1
115 116 b 1
115 89 c 0
115 118 d 2
116 117 a 1
116 117 b 1
116 92 d 2
116 66 e 4
117 118 a 1
117 118 b 1
117 49 c 1
117 103 d 2
117 112 e 2
118 119 a 1
118 119 b 1
118 31 c 1
118 59 d 2
118 6 e 4
119 120 a 1
119 120 b 1
119 29 c 3
119 108 d 3
119 49 e 0
120 121 a 1
120 121 b 1
120 80 c 4
120 85 d 1
120 89 e 0
121 122 a 1
121 122 b 1
121 117 d 4
121 101 e 2
122 123 a 1
122 123 b 1
122 58 d 4
122 54 e 2
123 124 a 1
123 124 b 1
123 98 d 1
123 78 e 3
124 125 a 1
124 125 b 1
124 96 c 0
124 26 d 3
124 46 e 0
125 126 a 1
125 126 b 1
125 13 c 4
125 125 d 3
125 36 e 0
126 127 a 1
126 127 b 1
126 72 c 4
126 82 d 3
126 74 e 4
127 128 a 1
127 128 b 1
127 64 c 0
127 53 d 2
127 11 e 3
128 128 a 0
128 128 b 0
128 2 c 3
128 9 d 0
128 96 e 2

87 128 602 5 5 0
1 2 a 1
1 2 b 1
1 44 c 0
1 41 d 1
1 54 e 0
2 3 a 1
2 3 b 1
2 13 c 4
2 111 d 1
2 114 e 3
3 4 a 1
3 4 b 1
3 49 d 0
3 14 e 0
4 5 a 1
4 5 b 1
4 15 d 0
4 55 e 4
5 6 a 1
5 6 b 1
5 42 c 3
5 4 d 2
5 40 e 1
6 7 a 1
6 7 b 1
6 47 c 0
6 109 d 0
6 3 e 2
7 8 a 1
7 8 b 1
7 61 c 4
7 109 d 1
7 109 e 1
8 9 a 1
8 9 b 1
8 58 c 0
8 63 d 4
8 13 e 2
9 10 a 1
9 10 b 1
9 88 c 3
9 61 d 3
9 49 e 0
10 11 a 1
10 11 b 1
10 91 c 2
10 40 d 3
10 65 e 2
11 12 a 1
11 12 b 1
11 116 c 1
11 43 d 0
11 82 e 0
12 13 a 1
12 13 b 1
12 76 c 1
12 31 e 1
13 14 a 1
13 14 b 1
13 89 c 1
13 7 d 1
13 127 e 0
14 15 a 1
14 15 b 1
14 35 d 4
14 73 e 1
15 16 a 1
15 16 b 1
15 101 c 2
15 125 d 4
16 17 a 1
16 17 b 1
16 20 c 1
16 53 d 4
16 67 e 1
17 18 a 1
17 18 b 1
17 47 d 1
18 19 a 1
18 19 b 1
18 71 c 0
18 97 d 3
19 20 a 1
19 20 b 1
19 12 c 1
19 113 d 1
19 64 e 1
20 21 a 1
20 21 b 1
20 112 c 3
20 97 d 4
20 22 e 4
21 22 a 1
21 22 b 1
21 24 c 2
21 64 d 3
21 85 e 1
22 23 a 1
22 23 b 1
22 90 c 4
22 107 e 3
23 24 a 1
23 24 b 1
23 101 c 3
23 63 d 4
24 25 a 1
24 25 b 1
24 83 c 1
24 65 d 0
24 23 e 2
25 26 a 1
25 26 b 1
25 57 c 2
25 31 d 2
25 105 e 3
26 27 a 1
26 27 b 1
26 45 c 0
26 12 d 2
26 67 e 4
27 28 a 1
27 28 b 1
27 6 c 3
27 35 d 3
27 2 e 4
28 29 a 1
28 29 b 1
28 49 e 2
29 30 a 1
29 30 b 1
29 40 c 3
29 61 d 1
29 105 e 1
30 31 a 1
30 31 b 1
30 34 c 0
30 24 d 4
30 20 e 1
31 32 a 1
31 32 b 1
31 100 d 0
31 56 e 0
32 33 a 1
32 33 b 1
32 66 c 3
32 85 d 0
32 70 e 4
33 34 a 1
33 34 b 1
33 63 c 2
33 28 e 1
34 35 a 1
34 35 b 1
34 47 c 2
34 109 d 4
34 6 e 1
35 36 a 1
35 36 b 1
35 36 c 3
35 126 d 2
35 74 e 1
36 37 a 1
36 37 b 1
36 127 c 2
36 44 d 3
36 8 e 0
37 38 a 1
37 38 b 1
37 69 e 3
38 39 a 1
38 39 b 1
38 116 c 0
38 121 d 1
38 114 e 3
39 40 a 1
39 40 b 1
39 65 c 4
39 126 d 0
39 115 e 1
40 41 a 1
40 41 b 1
40 60 c 1
40 18 d 1
40 20 e 3
41 42 a 1
41 42 b 1
41 62 c 2
41 39 d 1
41 30 e 4
42 43 a 1
42 43 b 1
42 99 c 1
42 64 d 1
42 77 e 4
43 44 a 1
43 44 b 1
43 6 c 1
43 15 d 4
43 6 e 3
44 45 a 1
44 45 b 1
44 99 c 4
44 105 d 2
45 46 a 1
45 46 b 1
45 71 c 2
45 125 e 4
46 47 a 1
46 47 b 1
46 113 c 2
46 59 e 3
47 48 a 1
47 48 b 1
47 127 c 4
47 127 d 2
47 71 e 0
48 49 a 1
48 49 b 1
48 30 c 4
48 47 d 0
49 50 a 1
49 50 b 1
49 26 c 2
49 30 d 3
49 35 e 1
50 51 a 1
50 51 b 1
50 13 c 2
50 107 d 4
50 103 e 0
51 52 a 1
51 52 b 1
51 117 c 3
51 45 d 0
51 95 e 2
52 53 a 1
52 53 b 1
52 19 c 0
52 68 d 1
52 18 e 1
53 54 a 1
53 54 b 1
53 126 c 4
53 13 d 2
53 32 e 3
54 55 a 1
54 55 b 1
54 39 c 4
54 117 d 1
54 63 e 4
55 56 a 1
55 56 b 1
55 59 d 0
55 44 e 3
56 57 a 1
56 57 b 1
56 19 c 0
56 73 d 3
56 4 e 4
57 58 a 1
57 58 b 1
57 87 c 2
57 9 d 2
57 102 e 1
58 59 a 1
58 59 b 1
58 95 c 3
58 49 e 3
59 60 a 1
59 60 b 1
59 37 c 0
59 119 d 3
59 20 e 2
60 61 a 1
60 61 b 1
60 87 c 2
60 85 d 2
61 62 a 1
61 62 b 1
61 124 c 2
61 25 d 2
61 46 e 0
62 63 a 1
62 63 b 1
62 122 c 0
62 33 d 1
62 46 e 3
63 64 a 1
63 64 b 1
63 41 c 4
63 28 d 4
63 108 e 2
64 65 a 1
64 65 b 1
64 72 c 2
64 63 d 0
64 123 e 4
65 66 a 1
65 66 b 1
65 80 c 1
65 70 d 2
65 102 e 4
66 67 a 1
66 67 b 1
66 119 c 4
66 35 d 3
66 116 e 1
67 68 a 1
67 68 b 1
67 118 c 0
67 89 d 1
67 37 e 1
68 69 a 1
68 69 b 1
68 7 c 0
68 60 d 0
68 63 e 2
69 70 a 1
69 70 b 1
69 5 c 1
69 114 d 0
69 40 e 0
70 71 a 1
70 71 b 1
70 71 c 4
70 85 d 4
70 92 e 0
71 72 a 1
71 72 b 1
71 97 c 0
71 107 d 2
71 104 e 4
72 73 a 1
72 73 b 1
72 126 c 0
72 109 d 1
72 42 e 2
73 74 a 1
73 74 b 1
73 12 c 4
73 118 d 1
73 34 e 0
74 75 a 1
74 75 b 1
74 44 c 1
74 24 d 3
75 76 a 1
75 76 b 1
75 39 c 1
76 77 a 1
76 77 b 1
76 118 c 3
76 96 d 1
76 20 e 3
77 78 a 1
77 78 b 1
77 78 c 2
77 38 d 3
77 90 e 3
78 79 a 1
78 79 b 1
78 80 c 3
78 12 e 1
79 80 a 1
79 80 b 1
79 39 c 3
79 35 d 0
79 30 e 0
80 81 a 1
80 81 b 1
80 5 c 4
80 8 d 3
80 25 e 0
81 82 a 1
81 82 b 1
81 50 c 1
82 83 a 1
82 83 b 1
82 57 c 4
82 40 d 0
82 82 e 0
83 84 a 1
83 84 b 1
83 53 c 2
83 95 d 0
83 69 e 4
84 85 a 1
84 85 b 1
84 94 c 3
84 17 d 0
84 91 e 0
85 86 a 1
85 86 b 1
85 28 c 4
85 46 d 0
85 76 e 3
86 87 a 1
86 87 b 1
86 49 c 1
86 39 d 4
87 88 a 1
87 88 b 1
87 107 c 2
87 65 d 0
87 33 e 3
88 89 a 1
88 89 b 1
88 100 c 3
88 107 d 1
88 39 e 1
89 90 a 1
89 90 b 1
89 4 c 3
89 114 d 3
89 122 e 1
90 91 a 1
90 91 b 1
90 83 c 4
90 91 d 4
90 12 e 2
91 92 a 1
91 92 b 1
91 25 c 1
91 88 d 0
91 125 e 2
92 93 a 1
92 93 b 1
92 103 c 0
92 96 d 1
92 72 e 1
93 94 a 1
93 94 b 1
93 74 c 1
93 80 d 2
93 91 e 4
94 95 a 1
94 95 b 1
94 86 c 3
94 121 d 0
94 125 e 0
95 96 a 1
95 96 b 1
95 101 c 1
95 46 d 0
95 109 e 2
96 97 a 1
96 97 b 1
96 3 c 0
96 27 d 2
96 99 e 4
97 98 a 1
97 98 b 1
97 52 c 1
97 3 e 2
98 99 a 1
98 99 b 1
98 3 d 4
98 13 e 0
99 100 a 1
99 100 b 1
99 70 c 2
99 35 d 2
99 22 e 2
100 101 a 1
100 101 b 1
100 109 c 1
100 32 d 4
100 17 e 1
101 102 a 1
101 102 b 1
101 74 c 0
101 101 d 2
102 103 a 1
102 103 b 1
102 117 c 3
102 101 d 4
102 113 e 2
103 104 a 1
103 104 b 1
103 109 c 2
103 102 d 2
103 38 e 3
104 105 a 1
104 105 b 1
104 53 c 1
104 102 d 0
104 30 e 2
105 106 a 1
105 106 b 1
105 5 c 4
105 67 d 2
105 86 e 2
106 107 a 1
106 107 b 1
106 6 c 2
106 21 d 4
106 126 e 0
107 108 a 1
107 108 b 1
107 10 c 0
107 119 d 3
107 90 e 3
108 109 a 1
108 109 b 1
108 70 d 0
108 58 e 0
109 110 a 1
109 110 b 1
109 28 c 0
109 114 d 0
109 111 e 0
110 111 a 1
110 111 b 1
110 25 c 4
110 91 d 3
110 52 e 2
111 112 a 1
111 112 b 1
111 83 d 4
111 5 e 3
112 113 a 1
112 113 b 1
112 74 c 3
112 110 d 3
112 63 e 4
113 114 a 1
113 114 b 1
113 42 c 3
113 37 d 3
113 102 e 2
114 115 a 1
114 115 b 1
114 11 c 2
114 85 d 2
114 127 e 0
115 116 a 1
115 116 b 1
115 50 d 1
115 69 e 0
116 117 a 1
116 117 b 1
116 109 c 2
116 66 d 1
116 80 e 4
117 118 a 1
117 118 b 1
117 69 c 3
117 2 d 3
117 49 e 0
118 119 a 1
118 119 b 1
118 96 c 3
118 115 d 1
118 101 e 4
119 120 a 1
119 120 b 1
119 10 c 2
119 104 d 2
119 24 e 2
120 121 a 1
120 121 b 1
120 36 c 3
120 116 d 1
121 122 a 1
121 122 b 1
121 92 d 2
121 98 e 2
122 123 a 1
122 123 b 1
122 71 c 2
122 83 d 3
122 73 e 0
123 124 a 1
123 124 b 1
123 7 c 3
123 101 d 3
123 32 e 0
124 125 a 1
124 125 b 1
124 45 c 0
124 60 d 4
124 53 e 3
125 126 a 1
125 126 b 1
125 36 c 1
125 48 d 1
125 50 e 2
126 127 a 1
126 127 b 1
126 113 c 3
126 81 d 3
126 63 e 2
127 128 a 1
127 128 b 1
127 26 c 2
127 41 d 3
127 113 e 2
128 128 a 0
128 128 b 0
128 4 c 2
128 65 d 3
128 36 e 2

88 128 600 5 5 0
1 2 a 1
1 2 b 1
1 104 c 1
1 3 d 0
1 58 e 2
2 3 a 1
2 3 b 1
2 112 c 4
2 5 e 2
3 4 a 1
3 4 b 1
3 113 c 0
3 113 d 2
3 60 e 0
4 5 a 1
4 5 b 1
4 127 c 3
4 29 d 1
4 65 e 4
5 6 a 1
5 6 b 1
5 38 d 4
5 113 e 1
6 7 a 1
6 7 b 1
6 69 e 4
7 8 a 1
7 8 b 1
7 47 c 0
7 70 d 1
7 41 e 3
8 9 a 1
8 9 b 1
8 38 c 0
8 115 d 3
8 52 e 1
9 10 a 1
9 10 b 1
9 86 c 2
9 52 d 4
9 16 e 2
10 11 a 1
10 11 b 1
10 67 c 4
10 70 d 3
10 92 e 0
11 12 a 1
11 12 b 1
11 13 c 2
11 47 d 1
11 7 e 1
12 13 a 1
12 13 b 1
12 120 c 2
12 114 d 4
12 94 e 3
13 14 a 1
13 14 b 1
13 103 c 3
13 102 d 2
13 83 e 4
14 15 a 1
14 15 b 1
14 39 c 1
14 25 d 0
14 44 e 1
15 16 a 1
15 16 b 1
15 59 c 1
15 119 d 0
16 17 a 1
16 17 b 1
16 89 c 2
16 110 d 4
16 47 e 3
17 18 a 1
17 18 b 1
17 29 c 4
17 93 d 0
17 100 e 1
18 19 a 1
18 19 b 1
18 59 c 0
18 54 d 3
18 104 e 0
19 20 a 1
19 20 b 1
19 67 c 1
19 30 d 2
19 87 e 4
20 21 a 1
20 21 b 1
20 64 c 1
20 20 d 3
20 18 e 1
21 22 a 1
21 22 b 1
21 122 c 3
21 84 d 1
21 112 e 2
22 23 a 1
22 23 b 1
22 25 c 1
22 104 d 3
22 115 e 2
23 24 a 1
23 24 b 1
23 85 c 0
23 107 d 2
24 25 a 1
24 25 b 1
24 69 c 1
24 101 d 1
24 122 e 4
25 26 a 1
25 26 b 1
25 110 c 2
25 71 d 2
25 2 e 4
26 27 a 1
26 27 b 1
26 111 c 3
26 45 d 1
26 29 e 0
27 28 a 1
27 28 b 1
27 116 c 0
27 47 d 4
27 50 e 4
28 29 a 1
28 29 b 1
28 47 c 0
28 98 d 4
28 100 e 3
29 30 a 1
29 30 b 1
29 115 c 0
29 95 d 2
29 5 e 1
30 31 a 1
30 31 b 1
30 70 c 4
30 94 d 3
30 39 e 1
31 32 a 1
31 32 b 1
31 70 d 1
31 101 e 2
32 33 a 1
32 33 b 1
32 88 c 3
32 4 d 3
33 34 a 1
33 34 b 1
33 81 c 2
33 29 d 4
34 35 a 1
34 35 b 1
34 85 c 2
34 110 d 0
34 87 e 4
35 36 a 1
35 36 b 1
35 94 c 4
35 7 d 2
35 18 e 0
36 37 a 1
36 37 b 1
36 57 c 2
36 101 d 0
36 117 e 1
37 38 a 1
37 38 b 1
37 28 c 0
37 112 e 1
38 39 a 1
38 39 b 1
38 9 c 2
38 60 d 0
38 111 e 2
39 40 a 1
39 40 b 1
39 25 c 1
39 73 d 1
39 26 e 0
40 41 a 1
40 41 b 1
40 38 c 3
40 103 d 0
40 39 e 2
41 42 a 1
41 42 b 1
41 67 c 1
41 105 e 2
42 43 a 1
42 43 b 1
42 27 c 3
42 45 d 0
42 114 e 3
43 44 a 1
43 44 b 1
43 121 c 2
43 112 e 2
44 45 a 1
44 45 b 1
44 123 c 3
44 29 d 0
44 21 e 4
45 46 a 1
45 46 b 1
45 122 c 4
45 23 d 1
45 91 e 1
46 47 a 1
46 47 b 1
46 10 c 2
46 18 d 1
47 48 a 1
47 48 b 1
47 71 c 0
47 100 d 2
48 49 a 1
48 49 b 1
48 50 c 3
48 108 d 3
48 97 e 4
49 50 a 1
49 50 b 1
49 112 c 1
49 9 d 1
49 25 e 2
50 51 a 1
50 51 b 1
50 119 c 0
50 54 d 3
50 46 e 3
51 52 a 1
51 52 b 1
51 114 c 3
51 50 d 2
51 25 e 1
52 53 a 1
52 53 b 1
52 69 c 3
52 4 d 3
52 127 e 0
53 54 a 1
53 54 b 1
53 30 c 2
53 19 d 3
53 123 e 4
54 55 a 1
54 55 b 1
54 111 c 3
54 49 d 2
54 92 e 1
55 56 a 1
55 56 b 1
55 38 c 3
55 25 d 2
56 57 a 1
56 57 b 1
56 86 c 3
56 9 d 4
56 41 e 4
57 58 a 1
57 58 b 1
57 87 c 3
57 48 d 0
57 63 e 3
58 59 a 1
58 59 b 1
58 41 c 3
58 79 d 1
58 57 e 0
59 60 a 1
59 60 b 1
59 27 c 0
59 58 d 0
59 69 e 4
60 61 a 1
60 61 b 1
60 51 c 3
60 83 d 1
60 42 e 4
61 62 a 1
61 62 b 1
61 75 c 0
61 22 d 0
61 29 e 1
62 63 a 1
62 63 b 1
62 116 c 2
62 76 e 3
63 64 a 1
63 64 b 1
63 112 c 1
63 20 d 4
63 60 e 1
64 65 a 1
64 65 b 1
64 107 c 3
64 59 d 4
64 11 e 3
65 66 a 1
65 66 b 1
65 16 c 0
65 42 d 1
65 36 e 1
66 67 a 1
66 67 b 1
66 61 c 0
66 99 d 1
66 27 e 0
67 68 a 1
67 68 b 1
67 6 c 0
67 101 d 1
67 18 e 2
68 69 a 1
68 69 b 1
68 105 c 0
68 77 e 3
69 70 a 1
69 70 b 1
69 47 c 4
69 67 e 4
70 71 a 1
70 71 b 1
70 63 c 0
70 56 d 2
71 72 a 1
71 72 b 1
71 59 c 0
71 65 d 4
71 126 e 4
72 73 a 1
72 73 b 1
72 110 c 1
72 81 d 0
72 85 e 0
73 74 a 1
73 74 b 1
73 107 c 3
73 51 d 0
73 8 e 0
74 75 a 1
74 75 b 1
74 92 c 3
74 79 d 3
74 102 e 0
75 76 a 1
75 76 b 1
75 54 c 3
75 95 d 3
75 124 e 0
76 77 a 1
76 77 b 1
76 92 c 2
77 78 a 1
77 78 b 1
77 93 c 4
77 116 d 0
77 48 e 1
78 79 a 1
78 79 b 1
78 30 c 2
78 56 d 1
79 80 a 1
79 80 b 1
79 49 c 1
79 36 e 0
80 81 a 1
80 81 b 1
80 42 d 0
80 51 e 0
81 82 a 1
81 82 b 1
81 28 c 1
81 124 d 3
82 83 a 1
82 83 b 1
82 42 c 4
82 120 d 4
82 55 e 3
83 84 a 1
83 84 b 1
83 116 c 2
83 61 d 0
83 55 e 0
84 85 a 1
84 85 b 1
84 54 c 1
84 34 d 2
84 45 e 2
85 86 a 1
85 86 b 1
85 26 c 0
85 80 d 3
85 15 e 4
86 87 a 1
86 87 b 1
86 103 c 1
86 115 d 3
87 88 a 1
87 88 b 1
87 55 d 4
87 74 e 0
88 89 a 1
88 89 b 1
88 68 c 4
88 80 d 2
89 90 a 1
89 90 b 1
89 101 c 1
89 68 e 3
90 91 a 1
90 91 b 1
90 86 c 1
90 111 d 1
90 98 e 4
91 92 a 1
91 92 b 1
91 37 d 4
91 13 e 3
92 93 a 1
92 93 b 1
92 46 d 0
92 34 e 1
93 94 a 1
93 94 b 1
93 13 c 2
93 124 d 2
93 4 e 3
94 95 a 1
94 95 b 1
94 17 c 0
94 115 d 0
94 121 e 4
95 96 a 1
95 96 b 1
95 51 c 1
95 84 d 4
95 20 e 1
96 97 a 1
96 97 b 1
96 83 c 2
96 105 d 4
97 98 a 1
97 98 b 1
97 17 c 3
97 46 d 0
97 73 e 1
98 99 a 1
98 99 b 1
98 27 c 4
98 7 d 3
98 104 e 3
99 100 a 1
99 100 b 1
99 46 c 1
99 73 d 1
99 53 e 3
100 101 a 1
100 101 b 1
100 10 c 4
100 89 d 4
100 102 e 2
101 102 a 1
101 102 b 1
101 83 c 1
101 97 d 1
101 39 e 4
102 103 a 1
102 103 b 1
102 63 c 4
102 37 d 3
102 73 e 2
103 104 a 1
103 104 b 1
103 42 d 4
103 38 e 2
104 105 a 1
104 105 b 1
104 21 c 3
104 98 d 3
104 65 e 4
105 106 a 1
105 106 b 1
105 52 d 1
105 77 e 0
106 107 a 1
106 107 b 1
106 87 c 2
106 13 d 2
106 119 e 1
107 108 a 1
107 108 b 1
107 15 c 1
107 71 e 4
108 109 a 1
108 109 b 1
108 111 c 0
108 90 d 1
108 18 e 1
109 110 a 1
109 110 b 1
109 100 c 3
109 107 d 3
109 89 e 3
110 111 a 1
110 111 b 1
110 90 c 0
110 117 d 1
110 57 e 3
111 112 a 1
111 112 b 1
111 20 c 2
111 61 d 0
111 93 e 0
112 113 a 1
112 113 b 1
112 83 c 0
112 56 d 4
112 86 e 4
113 114 a 1
113 114 b 1
113 70 c 1
113 105 d 4
113 93 e 3
114 115 a 1
114 115 b 1
114 43 c 3
114 82 d 4
114 44 e 1
115 116 a 1
115 116 b 1
115 2 c 4
115 35 d 4
116 117 a 1
116 117 b 1
116 112 c 3
116 24 d 1
116 43 e 1
117 118 a 1
117 118 b 1
117 65 c 1
117 97 e 3
118 119 a 1
118 119 b 1
118 126 c 3
118 39 d 4
118 109 e 1
119 120 a 1
119 120 b 1
119 127 c 4
119 2 d 0
119 35 e 3
120 121 a 1
120 121 b 1
120 106 c 1
120 62 d 1
120 19 e 4
121 122 a 1
121 122 b 1
121 113 c 0
121 63 d 1
121 112 e 2
122 123 a 1
122 123 b 1
122 114 c 3
122 79 d 1
123 124 a 1
123 124 b 1
123 120 c 1
123 75 d 1
123 16 e 2
124 125 a 1
124 125 b 1
124 110 c 4
124 103 e 0
125 126 a 1
125 126 b 1
125 119 c 4
125 89 d 3
125 46 e 1
126 127 a 1
126 127 b 1
126 4 c 4
126 5 d 3
127 128 a 1
127 128 b 1
127 50 c 1
127 34 d 2
127 70 e 0
128 128 a 0
128 128 b 0
128 37 c 1
128 7 d 1
128 51 e 0

89 128 603 5 5 0
1 2 a 1
1 2 b 1
1 82 c 1
1 41 d 1
1 99 e 0
2 3 a 1
2 3 b 1
2 123 c 4
2 23 d 0
2 65 e 1
3 4 a 1
3 4 b 1
3 58 c 0
3 18 e 3
4 5 a 1
4 5 b 1
4 41 c 2
4 26 d 4
4 41 e 3
5 6 a 1
5 6 b 1
5 5 c 2
5 3 d 1
5 51 e 4
6 7 a 1
6 7 b 1
6 90 c 2
6 63 d 4
6 51 e 3
7 8 a 1
7 8 b 1
7 64 c 1
7 63 d 3
7 99 e 3
8 9 a 1
8 9 b 1
8 53 c 0
8 67 d 4
8 83 e 2
9 10 a 1
9 10 b 1
9 116 c 2
9 44 d 2
9 69 e 2
10 11 a 1
10 11 b 1
10 39 c 0
10 84 d 1
10 103 e 2
11 12 a 1
11 12 b 1
11 113 c 1
11 47 d 3
11 26 e 3
12 13 a 1
12 13 b 1
12 127 c 2
12 34 d 4
12 66 e 4
13 14 a 1
13 14 b 1
13 30 d 2
13 124 e 1
14 15 a 1
14 15 b 1
14 108 c 4
14 68 d 2
14 27 e 0
15 16 a 1
15 16 b 1
15 30 c 2
15 59 e 4
16 17 a 1
16 17 b 1
16 102 c 1
16 18 d 4
16 120 e 1
17 18 a 1
17 18 b 1
17 3 c 1
17 8 d 2
18 19 a 1
18 19 b 1
18 16 c 3
18 116 d 2
18 74 e 2
19 20 a 1
19 20 b 1
19 71 c 2
19 120 d 4
19 101 e 4
20 21 a 1
20 21 b 1
20 94 c 3
20 101 d 1
20 53 e 4
21 22 a 1
21 22 b 1
21 118 c 1
21 63 d 1
21 31 e 3
22 23 a 1
22 23 b 1
22 58 c 4
22 118 d 0
22 81 e 3
23 24 a 1
23 24 b 1
23 88 c 1
23 114 d 0
23 33 e 1
24 25 a 1
24 25 b 1
24 95 c 0
24 72 d 2
24 16 e 1
25 26 a 1
25 26 b 1
25 60 c 0
25 122 d 0
25 18 e 2
26 27 a 1
26 27 b 1
26 117 c 4
26 60 d 2
26 54 e 1
27 28 a 1
27 28 b 1
27 106 c 3
27 126 d 4
27 48 e 0
28 29 a 1
28 29 b 1
28 44 d 0
28 37 e 3
29 30 a 1
29 30 b 1
29 92 c 1
29 74 d 4
29 47 e 3
30 31 a 1
30 31 b 1
30 88 e 3
31 32 a 1
31 32 b 1
31 63 c 1
31 66 d 0
31 110 e 2
32 33 a 1
32 33 b 1
32 53 c 4
32 79 d 4
33 34 a 1
33 34 b 1
33 113 c 4
33 57 d 4
33 5 e 0
34 35 a 1
34 35 b 1
34 73 c 2
34 68 d 2
34 56 e 3
35 36 a 1
35 36 b 1
35 97 c 3
35 99 d 3
35 68 e 1
36 37 a 1
36 37 b 1
36 33 c 1
36 82 d 3
36 95 e 0
37 38 a 1
37 38 b 1
37 30 c 1
37 119 d 1
37 123 e 3
38 39 a 1
38 39 b 1
38 64 c 3
38 77 d 1
38 89 e 2
39 40 a 1
39 40 b 1
39 34 c 4
39 21 d 1
39 117 e 3
40 41 a 1
40 41 b 1
40 8 c 0
40 121 d 2
40 89 e 2
41 42 a 1
41 42 b 1
41 113 c 3
41 21 d 1
41 115 e 1
42 43 a 1
42 43 b 1
42 119 c 1
42 59 e 0
43 44 a 1
43 44 b 1
43 15 c 0
43 96 d 2
43 74 e 3
44 45 a 1
44 45 b 1
44 5 c 3
44 127 e 4
45 46 a 1
45 46 b 1
45 40 c 1
45 3 d 1
45 60 e 0
46 47 a 1
46 47 b 1
46 57 c 0
46 93 d 2
46 27 e 1
47 48 a 1
47 48 b 1
47 8 c 3
47 45 d 1
47 110 e 4
48 49 a 1
48 49 b 1
48 70 c 2
48 38 d 3
49 50 a 1
49 50 b 1
49 78 c 2
49 78 d 1
49 89 e 2
50 51 a 1
50 51 b 1
50 118 c 3
51 52 a 1
51 52 b 1
51 75 c 3
51 127 d 1
51 112 e 4
52 53 a 1
52 53 b 1
52 51 c 2
52 44 d 1
52 16 e 3
53 54 a 1
53 54 b 1
53 90 c 2
53 113 d 4
53 35 e 2
54 55 a 1
54 55 b 1
54 24 c 2
54 36 d 3
54 73 e 4
55 56 a 1
55 56 b 1
55 116 c 3
55 63 d 2
55 61 e 2
56 57 a 1
56 57 b 1
56 31 c 1
56 94 d 3
56 61 e 4
57 58 a 1
57 58 b 1
57 78 c 0
57 20 d 3
58 59 a 1
58 59 b 1
58 26 c 3
58 47 d 1
59 60 a 1
59 60 b 1
59 50 c 2
59 91 d 0
59 34 e 2
60 61 a 1
60 61 b 1
60 95 c 1
60 103 d 1
60 41 e 2
61 62 a 1
61 62 b 1
61 65 c 1
61 6 d 3
62 63 a 1
62 63 b 1
62 55 c 3
62 11 d 3
62 39 e 0
63 64 a 1
63 64 b 1
63 124 c 4
63 117 d 0
63 87 e 4
64 65 a 1
64 65 b 1
64 74 c 4
64 32 e 1
65 66 a 1
65 66 b 1
65 88 c 4
65 4 d 1
65 84 e 3
66 67 a 1
66 67 b 1
66 116 c 3
66 71 d 3
66 109 e 3
67 68 a 1
67 68 b 1
67 89 c 2
67 2 d 0
67 102 e 0
68 69 a 1
68 69 b 1
68 122 c 3
68 105 d 3
68 121 e 2
69 70 a 1
69 70 b 1
69 17 c 2
69 50 e 3
70 71 a 1
70 71 b 1
70 45 c 4
70 80 d 1
70 88 e 0
71 72 a 1
71 72 b 1
71 16 c 3
71 69 d 2
71 91 e 3
72 73 a 1
72 73 b 1
72 57 c 2
72 16 d 3
72 28 e 3
73 74 a 1
73 74 b 1
73 98 c 0
73 24 d 1
74 75 a 1
74 75 b 1
74 36 c 0
74 103 d 4
74 59 e 3
75 76 a 1
75 76 b 1
75 10 d 3
75 35 e 3
76 77 a 1
76 77 b 1
76 36 c 0
76 19 d 3
76 27 e 3
77 78 a 1
77 78 b 1
77 78 c 1
77 50 d 4
77 67 e 3
78 79 a 1
78 79 b 1
78 60 c 1
78 98 d 1
78 95 e 3
79 80 a 1
79 80 b 1
79 68 d 1
79 114 e 4
80 81 a 1
80 81 b 1
80 98 c 1
80 106 e 0
81 82 a 1
81 82 b 1
81 124 c 3
81 49 d 0
81 26 e 0
82 83 a 1
82 83 b 1
82 121 c 2
82 21 d 4
82 24 e 4
83 84 a 1
83 84 b 1
83 124 c 1
83 98 e 4
84 85 a 1
84 85 b 1
84 95 c 3
84 115 d 0
84 27 e 0
85 86 a 1
85 86 b 1
85 98 c 4
85 13 e 1
86 87 a 1
86 87 b 1
86 120 d 1
86 124 e 3
87 88 a 1
87 88 b 1
87 96 c 1
87 26 e 0
88 89 a 1
88 89 b 1
88 13 c 2
88 73 d 0
88 120 e 1
89 90 a 1
89 90 b 1
89 83 c 3
89 88 d 0
89 7 e 0
90 91 a 1
90 91 b 1
90 21 c 4
90 75 e 1
91 92 a 1
91 92 b 1
91 18 c 3
91 14 e 0
92 93 a 1
92 93 b 1
92 117 c 3
92 66 d 1
92 92 e 2
93 94 a 1
93 94 b 1
93 70 c 3
93 7 d 0
93 117 e 0
94 95 a 1
94 95 b 1
94 102 c 2
94 66 d 1
95 96 a 1
95 96 b 1
95 11 c 2
95 107 d 0
95 81 e 3
96 97 a 1
96 97 b 1
96 108 c 4
96 2 d 3
96 120 e 1
97 98 a 1
97 98 b 1
97 49 c 0
97 91 d 0
97 58 e 1
98 99 a 1
98 99 b 1
98 29 c 0
98 83 d 4
98 29 e 0
99 100 a 1
99 100 b 1
99 126 c 3
99 18 d 2
99 123 e 0
100 101 a 1
100 101 b 1
100 14 d 4
100 102 e 3
101 102 a 1
101 102 b 1
101 11 c 3
101 101 d 1
101 116 e 0
102 103 a 1
102 103 b 1
102 10 c 3
102 117 d 1
102 125 e 3
103 104 a 1
103 104 b 1
103 72 c 4
103 114 d 3
103 118 e 4
104 105 a 1
104 105 b 1
104 2 c 0
104 17 d 4
105 106 a 1
105 106 b 1
105 119 c 4
105 80 d 1
105 125 e 1
106 107 a 1
106 107 b 1
106 53 c 2
106 119 d 4
106 14 e 4
107 108 a 1
107 108 b 1
107 75 c 0
107 68 d 2
107 31 e 0
108 109 a 1
108 109 b 1
108 115 c 2
108 64 d 0
108 37 e 3
109 110 a 1
109 110 b 1
109 123 c 2
109 71 e 2
110 111 a 1
110 111 b 1
110 125 c 1
110 98 e 1
111 112 a 1
111 112 b 1
111 106 c 4
111 10 e 4
112 113 a 1
112 113 b 1
112 75 c 0
112 37 d 1
112 124 e 2
113 114 a 1
113 114 b 1
113 61 c 2
113 36 d 2
113 97 e 4
114 115 a 1
114 115 b 1
114 81 c 4
114 2 d 4
115 116 a 1
115 116 b 1
115 17 c 0
115 83 d 1
116 117 a 1
116 117 b 1
116 27 c 0
116 119 d 0
116 102 e 1
117 118 a 1
117 118 b 1
117 39 c 0
117 11 d 2
117 52 e 2
118 119 a 1
118 119 b 1
118 117 c 1
118 44 d 1
118 77 e 4
119 120 a 1
119 120 b 1
119 120 c 1
119 61 d 1
119 33 e 4
120 121 a 1
120 121 b 1
120 101 c 4
120 80 d 3
120 44 e 2
121 122 a 1
121 122 b 1
121 47 c 4
121 93 d 4
121 12 e 0
122 123 a 1
122 123 b 1
122 103 c 2
122 116 d 2
122 24 e 0
123 124 a 1
123 124 b 1
123 6 c 0
123 101 d 1
123 51 e 1
124 125 a 1
124 125 b 1
124 65 c 4
124 91 d 1
124 39 e 3
125 126 a 1
125 126 b 1
125 11 d 1
125 3 e 0
126 127 a 1
126 127 b 1
126 106 c 1
126 102 d 4
126 78 e 2
127 128 a 1
127 128 b 1
127 90 c 4
127 66 d 1
127 95 e 2
128 128 a 0
128 128 b 0
128 50 c 0
128 98 d 0
128 93 e 3

90 128 601 5 5 0
1 2 a 1
1 2 b 1
1 99 c 4
1 19 d 1
1 88 e 0
2 3 a 1
2 3 b 1
2 23 d 0
2 53 e 0
3 4 a 1
3 4 b 1
3 4 c 0
3 47 e 4
4 5 a 1
4 5 b 1
4 16 c 3
4 92 d 3
4 28 e 4
5 6 a 1
5 6 b 1
5 11 c 3
5 31 d 0
5 105 e 3
6 7 a 1
6 7 b 1
6 101 c 0
6 33 d 2
6 110 e 3
7 8 a 1
7 8 b 1
7 52 c 4
7 40 d 0
7 10 e 4
8 9 a 1
8 9 b 1
8 1 c 4
8 36 d 3
8 9 e 3
9 10 a 1
9 10 b 1
9 95 c 2
9 24 d 0
9 122 e 2
10 11 a 1
10 11 b 1
10 1 c 0
10 100 d 2
10 91 e 2
11 12 a 1
11 12 b 1
11 50 c 0
11 78 d 0
11 114 e 1
12 13 a 1
12 13 b 1
12 93 c 4
12 116 d 4
13 14 a 1
13 14 b 1
13 98 c 4
13 93 d 3
13 11 e 3
14 15 a 1
14 15 b 1
14 24 c 3
14 79 d 1
14 112 e 1
15 16 a 1
15 16 b 1
15 44 c 2
15 54 d 2
15 63 e 4
16 17 a 1
16 17 b 1
16 26 c 2
16 69 d 3
16 94 e 1
17 18 a 1
17 18 b 1
17 91 c 3
17 56 d 3
17 3 e 4
18 19 a 1
18 19 b 1
18 41 c 1
18 78 e 3
19 20 a 1
19 20 b 1
19 1 c 4
19 12 d 4
19 49 e 4
20 21 a 1
20 21 b 1
20 72 c 1
20 55 d 4
20 90 e 1
21 22 a 1
21 22 b 1
21 60 c 3
21 20 d 4
21 29 e 1
22 23 a 1
22 23 b 1
22 92 c 2
22 12 d 0
22 57 e 3
23 24 a 1
23 24 b 1
23 106 c 0
23 104 d 4
23 70 e 2
24 25 a 1
24 25 b 1
24 59 d 1
24 106 e 2
25 26 a 1
25 26 b 1
25 98 c 3
25 97 d 1
25 34 e 0
26 27 a 1
26 27 b 1
26 53 c 1
26 42 e 4
27 28 a 1
27 28 b 1
27 65 c 3
27 48 d 1
27 118 e 2
28 29 a 1
28 29 b 1
28 13 c 3
28 103 d 0
28 123 e 4
29 30 a 1
29 30 b 1
29 95 c 4
29 31 d 1
30 31 a 1
30 31 b 1
30 82 c 2
30 76 d 0
30 120 e 3
31 32 a 1
31 32 b 1
31 12 c 0
31 32 d 3
31 55 e 0
32 33 a 1
32 33 b 1
32 65 c 3
32 59 d 0
32 74 e 4
33 34 a 1
33 34 b 1
33 96 c 3
33 31 e 3
34 35 a 1
34 35 b 1
34 49 c 3
34 56 d 0
34 46 e 0
35 36 a 1
35 36 b 1
35 78 c 2
35 97 d 2
35 61 e 0
36 37 a 1
36 37 b 1
36 83 c 3
36 113 d 0
36 96 e 1
37 38 a 1
37 38 b 1
37 22 c 3
37 113 d 3
37 110 e 0
38 39 a 1
38 39 b 1
38 26 c 0
38 20 d 3
38 103 e 0
39 40 a 1
39 40 b 1
39 28 c 0
39 100 e 4
40 41 a 1
40 41 b 1
40 69 c 3
40 47 d 0
40 12 e 2
41 42 a 1
41 42 b 1
41 96 c 3
41 122 d 1
41 26 e 4
42 43 a 1
42 43 b 1
42 94 c 3
42 77 d 3
42 62 e 2
43 44 a 1
43 44 b 1
43 63 c 2
43 105 d 2
43 83 e 0
44 45 a 1
44 45 b 1
44 109 c 2
44 56 d 0
44 127 e 2
45 46 a 1
45 46 b 1
45 96 c 1
45 64 d 2
45 32 e 2
46 47 a 1
46 47 b 1
46 66 c 0
46 55 d 4
46 41 e 2
47 48 a 1
47 48 b 1
47 15 c 2
47 32 e 2
48 49 a 1
48 49 b 1
48 12 c 4
48 64 d 3
48 92 e 3
49 50 a 1
49 50 b 1
49 45 c 2
49 120 d 0
49 95 e 0
50 51 a 1
50 51 b 1
50 24 c 2
50 112 d 1
50 88 e 1
51 52 a 1
51 52 b 1
51 98 d 1
51 41 e 2
52 53 a 1
52 53 b 1
52 29 c 2
52 101 d 1
52 52 e 1
53 54 a 1
53 54 b 1
53 79 c 2
53 99 d 2
53 62 e 4
54 55 a 1
54 55 b 1
54 4 c 2
54 1 d 0
54 54 e 2
55 56 a 1
55 56 b 1
55 63 c 3
55 126 d 1
55 66 e 2
56 57 a 1
56 57 b 1
56 125 c 2
56 44 d 0
56 85 e 3
57 58 a 1
57 58 b 1
57 30 c 3
57 14 d 3
58 59 a 1
58 59 b 1
58 105 c 0
58 108 d 2
58 83 e 1
59 60 a 1
59 60 b 1
59 35 d 3
59 3 e 1
60 61 a 1
60 61 b 1
60 50 c 2
60 57 d 2
60 61 e 3
61 62 a 1
61 62 b 1
61 71 c 2
61 37 d 1
61 38 e 2
62 63 a 1
62 63 b 1
62 35 c 3
62 41 d 0
62 98 e 1
63 64 a 1
63 64 b 1
63 31 c 0
63 49 d 2
63 53 e 3
64 65 a 1
64 65 b 1
64 1 c 1
64 64 d 4
64 19 e 0
65 66 a 1
65 66 b 1
65 82 c 3
65 110 d 4
65 73 e 3
66 67 a 1
66 67 b 1
66 80 c 2
66 52 d 3
66 49 e 2
67 68 a 1
67 68 b 1
67 101 c 3
67 65 d 3
67 85 e 4
68 69 a 1
68 69 b 1
68 56 d 1
68 59 e 0
69 70 a 1
69 70 b 1
69 102 c 2
69 72 d 2
69 127 e 3
70 71 a 1
70 71 b 1
70 75 c 2
70 51 d 2
71 72 a 1
71 72 b 1
71 91 c 4
71 16 d 4
71 67 e 3
72 73 a 1
72 73 b 1
72 109 c 1
72 43 d 3
72 8 e 4
73 74 a 1
73 74 b 1
73 113 c 2
73 14 d 0
74 75 a 1
74 75 b 1
74 39 c 0
74 40 d 4
74 72 e 2
75 76 a 1
75 76 b 1
75 74 c 3
75 86 d 3
75 43 e 1
76 77 a 1
76 77 b 1
76 57 c 2
76 25 d 3
76 115 e 1
77 78 a 1
77 78 b 1
77 96 c 2
77 73 d 1
77 106 e 1
78 79 a 1
78 79 b 1
78 43 c 2
78 117 e 0
79 80 a 1
79 80 b 1
79 122 c 0
79 58 d 2
80 81 a 1
80 81 b 1
80 44 d 3
80 5 e 1
81 82 a 1
81 82 b 1
81 64 c 1
81 35 d 4
81 69 e 3
82 83 a 1
82 83 b 1
82 32 c 1
82 70 d 4
82 121 e 3
83 84 a 1
83 84 b 1
83 51 c 0
83 50 e 2
84 85 a 1
84 85 b 1
84 71 c 4
84 56 e 0
85 86 a 1
85 86 b 1
85 13 c 4
85 68 d 0
86 87 a 1
86 87 b 1
86 95 c 3
86 93 d 3
86 106 e 3
87 88 a 1
87 88 b 1
87 27 c 3
87 53 d 4
87 44 e 3
88 89 a 1
88 89 b 1
88 28 c 1
88 79 d 2
88 27 e 3
89 90 a 1
89 90 b 1
89 91 c 1
89 48 d 0
89 70 e 0
90 91 a 1
90 91 b 1
90 13 c 4
90 40 e 4
91 92 a 1
91 92 b 1
91 84 c 0
91 53 d 0
91 96 e 3
92 93 a 1
92 93 b 1
92 53 c 3
92 94 e 0
93 94 a 1
93 94 b 1
93 3 c 2
93 79 d 1
93 117 e 4
94 95 a 1
94 95 b 1
94 119 c 3
94 40 d 2
95 96 a 1
95 96 b 1
95 122 c 1
95 121 d 2
95 117 e 0
96 97 a 1
96 97 b 1
97 98 a 1
97 98 b 1
97 123 c 2
97 77 d 2
97 61 e 4
98 99 a 1
98 99 b 1
98 93 c 0
98 48 d 2
99 100 a 1
99 100 b 1
99 100 d 2
99 19 e 0
100 101 a 1
100 101 b 1
100 99 c 4
100 41 d 2
100 8 e 2
101 102 a 1
101 102 b 1
101 17 d 4
102 103 a 1
102 103 b 1
102 107 c 1
102 14 d 4
103 104 a 1
103 104 b 1
103 80 c 3
103 30 d 1
103 29 e 1
104 105 a 1
104 105 b 1
104 74 c 0
104 123 d 2
104 78 e 3
105 106 a 1
105 106 b 1
105 85 c 4
105 38 d 0
105 27 e 0
106 107 a 1
106 107 b 1
106 17 c 2
106 121 d 1
106 15 e 1
107 108 a 1
107 108 b 1
107 112 c 3
107 51 d 2
107 96 e 2
108 109 a 1
108 109 b 1
108 85 c 2
108 16 d 3
108 11 e 3
109 110 a 1
109 110 b 1
109 77 c 4
109 95 e 2
110 111 a 1
110 111 b 1
110 89 c 1
110 31 d 0
110 73 e 3
111 112 a 1
111 112 b 1
111 31 c 1
111 14 d 1
111 97 e 0
112 113 a 1
112 113 b 1
112 67 c 3
112 53 d 1
112 103 e 1
113 114 a 1
113 114 b 1
113 89 c 2
113 114 d 1
113 90 e 0
114 115 a 1
114 115 b 1
114 112 c 2
114 20 d 3
114 88 e 0
115 116 a 1
115 116 b 1
115 23 d 1
115 25 e 4
116 117 a 1
116 117 b 1
116 46 c 0
116 127 d 1
116 83 e 0
117 118 a 1
117 118 b 1
117 75 d 1
117 98 e 0
118 119 a 1
118 119 b 1
118 108 c 3
118 115 d 4
118 100 e 2
119 120 a 1
119 120 b 1
119 116 c 2
119 111 d 4
119 73 e 0
120 121 a 1
120 121 b 1
120 83 d 3
120 22 e 0
121 122 a 1
121 122 b 1
121 83 c 2
121 111 d 2
121 43 e 0
122 123 a 1
122 123 b 1
122 36 c 4
122 29 d 2
122 6 e 0
123 124 a 1
123 124 b 1
123 37 c 4
123 61 d 3
123 117 e 2
124 125 a 1
124 125 b 1
124 19 c 1
124 97 d 3
124 126 e 1
125 126 a 1
125 126 b 1
125 69 c 0
125 99 d 2
125 119 e 1
126 127 a 1
126 127 b 1
126 26 c 4
126 104 e 1
127 128 a 1
127 128 b 1
127 19 d 1
127 75 e 1
128 128 a 0
128 128 b 0
128 70 c 0
128 91 d 1
128 104 e 0

91 128 592 5 5 0
1 2 a 1
1 2 b 1
1 48 d 3
1 84 e 1
2 3 a 1
2 3 b 1
2 26 c 3
2 75 d 4
2 70 e 0
3 4 a 1
3 4 b 1
3 117 c 3
3 87 d 1
3 96 e 4
4 5 a 1
4 5 b 1
4 66 c 4
4 120 d 3
4 40 e 0
5 6 a 1
5 6 b 1
5 97 c 1
5 73 d 0
5 110 e 0
6 7 a 1
6 7 b 1
6 7 c 4
6 33 d 0
6 103 e 3
7 8 a 1
7 8 b 1
7 65 d 0
7 21 e 1
8 9 a 1
8 9 b 1
8 48 c 3
8 126 d 1
8 24 e 2
9 10 a 1
9 10 b 1
9 127 c 4
9 89 e 1
10 11 a 1
10 11 b 1
10 16 c 2
10 8 d 4
10 84 e 4
11 12 a 1
11 12 b 1
11 33 c 3
12 13 a 1
12 13 b 1
12 116 c 2
12 119 d 1
12 71 e 0
13 14 a 1
13 14 b 1
13 119 c 2
13 43 d 4
14 15 a 1
14 15 b 1
14 88 d 1
14 95 e 2
15 16 a 1
15 16 b 1
15 45 c 0
15 101 d 2
15 79 e 4
16 17 a 1
16 17 b 1
16 86 c 1
16 118 d 1
16 111 e 1
17 18 a 1
17 18 b 1
17 84 c 3
17 103 d 4
17 108 e 3
18 19 a 1
18 19 b 1
18 85 c 1
18 109 d 2
18 125 e 3
19 20 a 1
19 20 b 1
19 24 d 1
19 37 e 4
20 21 a 1
20 21 b 1
20 13 c 3
20 104 d 1
20 78 e 3
21 22 a 1
21 22 b 1
21 84 c 0
21 38 d 4
21 58 e 2
22 23 a 1
22 23 b 1
22 4 c 3
22 80 d 4
23 24 a 1
23 24 b 1
23 9 c 0
23 34 e 2
24 25 a 1
24 25 b 1
24 99 c 4
24 11 e 1
25 26 a 1
25 26 b 1
25 105 c 4
25 123 d 2
25 40 e 0
26 27 a 1
26 27 b 1
26 9 c 2
26 124 d 3
26 8 e 2
27 28 a 1
27 28 b 1
27 86 d 0
27 49 e 1
28 29 a 1
28 29 b 1
28 51 c 4
28 61 d 3
28 73 e 0
29 30 a 1
29 30 b 1
29 104 c 0
29 109 d 4
29 2 e 3
30 31 a 1
30 31 b 1
30 49 c 3
30 68 d 2
30 25 e 2
31 32 a 1
31 32 b 1
31 75 c 1
31 119 d 3
31 75 e 2
32 33 a 1
32 33 b 1
32 45 c 2
32 4 e 4
33 34 a 1
33 34 b 1
33 56 c 4
33 7 d 1
33 37 e 0
34 35 a 1
34 35 b 1
34 3 c 2
34 15 d 3
34 121 e 3
35 36 a 1
35 36 b 1
35 81 c 4
35 106 e 4
36 37 a 1
36 37 b 1
36 11 c 0
36 92 e 0
37 38 a 1
37 38 b 1
37 77 c 4
37 103 e 1
38 39 a 1
38 39 b 1
38 126 d 1
38 9 e 0
39 40 a 1
39 40 b 1
39 81 c 4
39 126 d 1
39 42 e 0
40 41 a 1
40 41 b 1
40 104 c 4
40 7 e 3
41 42 a 1
41 42 b 1
41 12 c 4
41 5 d 2
42 43 a 1
42 43 b 1
42 115 c 4
42 23 d 3
42 57 e 2
43 44 a 1
43 44 b 1
43 4 c 3
43 74 d 4
43 24 e 0
44 45 a 1
44 45 b 1
44 59 c 2
44 106 d 4
44 78 e 4
45 46 a 1
45 46 b 1
45 66 c 3
45 74 d 2
45 114 e 4
46 47 a 1
46 47 b 1
46 81 c 1
46 51 d 4
46 25 e 2
47 48 a 1
47 48 b 1
47 98 d 1
47 44 e 4
48 49 a 1
48 49 b 1
48 119 c 1
48 30 d 2
49 50 a 1
49 50 b 1
49 59 c 1
49 53 d 0
49 114 e 1
50 51 a 1
50 51 b 1
50 6 c 2
50 103 d 2
50 3 e 0
51 52 a 1
51 52 b 1
51 113 c 0
51 8 d 1
51 26 e 2
52 53 a 1
52 53 b 1
52 61 c 2
52 93 d 0
52 50 e 4
53 54 a 1
53 54 b 1
53 123 c 2
53 78 d 2
53 100 e 1
54 55 a 1
54 55 b 1
54 100 c 4
54 52 d 4
54 21 e 0
55 56 a 1
55 56 b 1
55 69 c 2
55 80 d 3
55 97 e 2
56 57 a 1
56 57 b 1
56 79 c 1
56 77 d 2
56 85 e 4
57 58 a 1
57 58 b 1
57 108 e 3
58 59 a 1
58 59 b 1
58 72 c 4
58 104 e 0
59 60 a 1
59 60 b 1
59 49 c 1
59 90 d 1
59 22 e 2
60 61 a 1
60 61 b 1
60 114 c 1
60 5 d 0
60 18 e 3
61 62 a 1
61 62 b 1
61 117 d 1
61 121 e 4
62 63 a 1
62 63 b 1
62 50 c 1
62 11 d 4
62 127 e 1
63 64 a 1
63 64 b 1
63 12 c 1
63 21 d 2
63 26 e 4
64 65 a 1
64 65 b 1
64 97 e 2
65 66 a 1
65 66 b 1
65 74 c 2
65 38 d 4
65 39 e 1
66 67 a 1
66 67 b 1
66 126 c 4
66 61 d 2
66 123 e 2
67 68 a 1
67 68 b 1
67 3 c 0
67 101 d 4
67 94 e 0
68 69 a 1
68 69 b 1
68 27 c 4
68 107 d 1
68 66 e 2
69 70 a 1
69 70 b 1
69 49 c 4
69 88 d 0
69 51 e 3
70 71 a 1
70 71 b 1
70 100 c 0
70 50 e 1
71 72 a 1
71 72 b 1
71 93 d 1
71 51 e 3
72 73 a 1
72 73 b 1
72 116 c 4
72 10 d 3
72 49 e 3
73 74 a 1
73 74 b 1
73 16 c 1
73 45 d 2
73 41 e 3
74 75 a 1
74 75 b 1
74 82 c 3
74 5 d 2
75 76 a 1
75 76 b 1
75 94 c 0
75 77 d 4
75 10 e 4
76 77 a 1
76 77 b 1
76 105 c 2
76 57 d 2
76 49 e 0
77 78 a 1
77 78 b 1
77 127 c 2
77 34 d 3
77 116 e 0
78 79 a 1
78 79 b 1
78 46 c 1
78 97 d 3
78 67 e 2
79 80 a 1
79 80 b 1
79 23 c 4
79 51 d 4
79 43 e 0
80 81 a 1
80 81 b 1
80 37 c 1
80 117 d 3
80 15 e 4
81 82 a 1
81 82 b 1
81 106 c 2
81 120 d 4
81 52 e 4
82 83 a 1
82 83 b 1
82 43 d 4
82 52 e 3
83 84 a 1
83 84 b 1
83 73 c 2
83 69 d 3
83 38 e 1
84 85 a 1
84 85 b 1
84 107 c 3
84 25 d 4
84 3 e 2
85 86 a 1
85 86 b 1
85 47 c 2
85 12 d 2
85 76 e 0
86 87 a 1
86 87 b 1
86 110 d 2
86 108 e 3
87 88 a 1
87 88 b 1
87 105 c 3
87 79 d 2
87 78 e 0
88 89 a 1
88 89 b 1
88 33 c 0
88 81 d 0
88 122 e 4
89 90 a 1
89 90 b 1
89 97 c 2
89 126 d 3
89 57 e 1
90 91 a 1
90 91 b 1
90 101 c 2
90 10 d 4
90 51 e 0
91 92 a 1
91 92 b 1
91 44 d 1
91 93 e 0
92 93 a 1
92 93 b 1
92 91 c 3
92 16 d 0
92 87 e 2
93 94 a 1
93 94 b 1
93 29 c 0
93 73 d 0
93 80 e 2
94 95 a 1
94 95 b 1
94 52 c 4
94 67 d 2
94 24 e 3
95 96 a 1
95 96 b 1
95 38 c 0
95 123 d 0
95 43 e 4
96 97 a 1
96 97 b 1
96 104 c 2
96 39 d 3
96 35 e 3
97 98 a 1
97 98 b 1
97 103 c 0
97 125 d 0
97 70 e 1
98 99 a 1
98 99 b 1
98 93 c 0
98 100 d 4
98 68 e 0
99 100 a 1
99 100 b 1
99 115 c 3
99 61 d 0
99 5 e 2
100 101 a 1
100 101 b 1
100 17 c 3
100 9 d 0
100 33 e 4
101 102 a 1
101 102 b 1
101 41 c 4
101 97 d 1
101 94 e 2
102 103 a 1
102 103 b 1
102 102 c 2
102 22 d 4
102 82 e 0
103 104 a 1
103 104 b 1
103 44 c 0
103 24 d 1
104 105 a 1
104 105 b 1
104 126 c 2
104 80 e 1
105 106 a 1
105 106 b 1
105 99 c 3
105 60 d 1
105 65 e 1
106 107 a 1
106 107 b 1
106 28 c 4
106 45 d 0
107 108 a 1
107 108 b 1
107 94 c 3
107 89 d 3
107 116 e 0
108 109 a 1
108 109 b 1
108 55 d 0
109 110 a 1
109 110 b 1
109 42 c 0
109 94 d 3
109 93 e 3
110 111 a 1
110 111 b 1
110 106 d 1
110 102 e 3
111 112 a 1
111 112 b 1
111 72 c 3
111 80 d 4
111 120 e 1
112 113 a 1
112 113 b 1
112 56 c 4
112 66 e 0
113 114 a 1
113 114 b 1
113 84 d 0
113 55 e 0
114 115 a 1
114 115 b 1
114 2 c 0
114 88 d 4
114 123 e 0
115 116 a 1
115 116 b 1
115 17 c 2
115 24 d 2
115 6 e 0
116 117 a 1
116 117 b 1
116 38 c 0
116 91 d 4
116 95 e 2
117 118 a 1
117 118 b 1
117 116 c 2
117 115 d 2
117 95 e 1
118 119 a 1
118 119 b 1
118 74 c 1
118 29 d 3
118 94 e 2
119 120 a 1
119 120 b 1
119 20 c 3
120 121 a 1
120 121 b 1
120 15 c 1
120 3 d 3
120 76 e 2
121 122 a 1
121 122 b 1
121 9 c 1
121 65 d 2
121 109 e 2
122 123 a 1
122 123 b 1
122 116 c 0
122 74 d 2
122 61 e 4
123 124 a 1
123 124 b 1
123 110 c 4
123 8 e 1
124 125 a 1
124 125 b 1
124 119 c 4
124 124 e 2
125 126 a 1
125 126 b 1
125 84 c 2
125 20 d 0
125 91 e 2
126 127 a 1
126 127 b 1
126 118 d 3
126 10 e 4
127 128 a 1
127 128 b 1
127 58 c 1
127 122 e 0
128 128 a 0
128 128 b 0
128 120 c 0
128 86 e 3

92 128 607 5 5 0
1 2 a 1
1 2 b 1
1 43 c 2
1 74 d 2
1 55 e 3
2 3 a 1
2 3 b 1
2 103 c 3
2 110 d 4
3 4 a 1
3 4 b 1
3 40 c 0
3 25 d 4
4 5 a 1
4 5 b 1
4 63 c 2
4 68 d 1
4 122 e 4
5 6 a 1
5 6 b 1
5 80 c 2
5 108 d 1
5 116 e 0
6 7 a 1
6 7 b 1
6 87 c 3
6 17 d 4
6 15 e 0
7 8 a 1
7 8 b 1
7 26 c 4
7 82 d 3
7 101 e 3
8 9 a 1
8 9 b 1
8 120 c 3
8 81 d 3
8 101 e 1
9 10 a 1
9 10 b 1
9 49 c 4
9 42 d 1
9 30 e 0
10 11 a 1
10 11 b 1
10 44 c 4
10 55 d 1
10 26 e 2
11 12 a 1
11 12 b 1
11 59 d 2
11 99 e 4
12 13 a 1
12 13 b 1
12 42 c 2
12 30 d 2
12 52 e 0
13 14 a 1
13 14 b 1
13 42 c 3
13 45 d 1
13 10 e 0
14 15 a 1
14 15 b 1
14 97 c 3
14 101 d 2
14 53 e 2
15 16 a 1
15 16 b 1
15 85 c 3
15 75 d 1
15 98 e 0
16 17 a 1
16 17 b 1
16 62 c 1
16 72 d 2
16 8 e 4
17 18 a 1
17 18 b 1
17 126 d 2
17 90 e 2
18 19 a 1
18 19 b 1
18 77 c 2
18 76 d 0
18 18 e 0
19 20 a 1
19 20 b 1
19 119 c 4
19 46 d 4
19 39 e 4
20 21 a 1
20 21 b 1
20 112 c 0
20 31 d 4
20 12 e 3
21 22 a 1
21 22 b 1
21 48 c 4
21 58 d 0
21 42 e 3
22 23 a 1
22 23 b 1
22 96 c 2
22 93 d 3
22 121 e 0
23 24 a 1
23 24 b 1
23 73 c 1
23 70 d 2
23 81 e 4
24 25 a 1
24 25 b 1
24 60 c 1
24 88 d 0
24 100 e 2
25 26 a 1
25 26 b 1
25 84 c 0
25 59 d 2
25 32 e 4
26 27 a 1
26 27 b 1
26 96 c 4
26 52 d 3
26 63 e 2
27 28 a 1
27 28 b 1
27 101 d 3
27 7 e 0
28 29 a 1
28 29 b 1
28 33 c 1
28 82 d 4
28 78 e 2
29 30 a 1
29 30 b 1
29 112 c 0
29 55 d 2
29 102 e 3
30 31 a 1
30 31 b 1
30 53 c 1
30 101 d 2
30 26 e 3
31 32 a 1
31 32 b 1
31 77 c 2
31 113 d 3
31 66 e 1
32 33 a 1
32 33 b 1
32 81 c 4
32 13 d 4
32 28 e 1
33 34 a 1
33 34 b 1
33 81 c 4
33 25 d 0
33 97 e 2
34 35 a 1
34 35 b 1
34 69 d 4
34 83 e 3
35 36 a 1
35 36 b 1
35 36 e 4
36 37 a 1
36 37 b 1
36 65 c 4
36 87 e 0
37 38 a 1
37 38 b 1
37 67 c 0
37 32 d 0
37 82 e 2
38 39 a 1
38 39 b 1
38 44 c 0
38 27 d 0
38 83 e 3
39 40 a 1
39 40 b 1
39 60 c 1
39 76 d 2
39 47 e 0
40 41 a 1
40 41 b 1
40 59 c 4
40 41 d 1
40 11 e 3
41 42 a 1
41 42 b 1
41 5 c 4
41 54 d 1
41 71 e 1
42 43 a 1
42 43 b 1
42 2 c 2
42 98 d 0
42 104 e 2
43 44 a 1
43 44 b 1
43 101 c 3
43 56 d 2
43 19 e 4
44 45 a 1
44 45 b 1
44 121 c 3
44 106 d 0
45 46 a 1
45 46 b 1
45 13 c 1
45 19 d 2
45 75 e 4
46 47 a 1
46 47 b 1
46 18 c 0
46 38 e 4
47 48 a 1
47 48 b 1
47 70 c 0
47 46 e 1
48 49 a 1
48 49 b 1
48 3 c 0
48 33 d 3
48 66 e 3
49 50 a 1
49 50 b 1
49 55 c 3
49 93 d 4
49 20 e 0
50 51 a 1
50 51 b 1
50 51 c 4
50 52 d 0
51 52 a 1
51 52 b 1
51 85 c 1
51 101 d 0
51 61 e 4
52 53 a 1
52 53 b 1
52 58 d 3
52 57 e 0
53 54 a 1
53 54 b 1
53 118 c 4
53 25 d 2
53 88 e 3
54 55 a 1
54 55 b 1
54 112 c 0
54 101 d 1
54 28 e 2
55 56 a 1
55 56 b 1
55 119 c 2
55 85 d 3
55 110 e 4
56 57 a 1
56 57 b 1
56 15 c 3
56 48 d 2
56 90 e 3
57 58 a 1
57 58 b 1
57 121 c 3
57 52 d 4
57 15 e 4
58 59 a 1
58 59 b 1
58 126 c 2
58 53 d 1
58 89 e 4
59 60 a 1
59 60 b 1
59 5 c 4
59 118 d 0
59 61 e 4
60 61 a 1
60 61 b 1
60 124 d 3
60 107 e 3
61 62 a 1
61 62 b 1
61 41 c 1
61 14 d 2
61 30 e 2
62 63 a 1
62 63 b 1
62 97 c 3
62 72 d 3
62 45 e 3
63 64 a 1
63 64 b 1
63 67 c 3
63 102 d 3
63 75 e 3
64 65 a 1
64 65 b 1
64 121 c 1
64 4 e 0
65 66 a 1
65 66 b 1
65 37 c 2
65 67 d 0
65 38 e 3
66 67 a 1
66 67 b 1
66 63 c 0
66 2 d 0
66 122 e 0
67 68 a 1
67 68 b 1
67 95 c 2
67 78 d 0
67 1 e 2
68 69 a 1
68 69 b 1
68 61 c 4
68 26 d 2
68 4 e 2
69 70 a 1
69 70 b 1
69 65 c 3
69 111 d 4
69 5 e 2
70 71 a 1
70 71 b 1
70 84 c 0
70 85 d 2
70 75 e 4
71 72 a 1
71 72 b 1
71 51 c 4
71 48 d 0
71 65 e 4
72 73 a 1
72 73 b 1
72 30 c 2
72 89 d 4
72 79 e 1
73 74 a 1
73 74 b 1
73 110 c 0
73 87 d 4
73 108 e 0
74 75 a 1
74 75 b 1
74 78 c 2
74 14 d 2
74 13 e 1
75 76 a 1
75 76 b 1
75 16 c 4
75 114 d 1
75 97 e 1
76 77 a 1
76 77 b 1
76 7 c 1
76 92 d 4
76 6 e 4
77 78 a 1
77 78 b 1
77 87 c 0
77 93 d 2
77 117 e 0
78 79 a 1
78 79 b 1
78 109 c 1
78 12 d 2
78 95 e 3
79 80 a 1
79 80 b 1
79 80 c 1
79 18 d 4
79 127 e 1
80 81 a 1
80 81 b 1
80 56 c 3
80 58 d 0
81 82 a 1
81 82 b 1
81 22 c 1
81 18 d 2
81 34 e 2
82 83 a 1
82 83 b 1
82 44 c 3
82 49 d 3
82 75 e 2
83 84 a 1
83 84 b 1
83 51 c 0
83 123 d 1
83 126 e 4
84 85 a 1
84 85 b 1
84 28 c 4
84 13 d 1
84 91 e 3
85 86 a 1
85 86 b 1
85 82 c 1
85 35 e 2
86 87 a 1
86 87 b 1
86 4 d 3
86 108 e 1
87 88 a 1
87 88 b 1
87 1 c 1
87 27 d 2
87 3 e 1
88 89 a 1
88 89 b 1
88 38 c 0
88 44 d 1
88 118 e 4
89 90 a 1
89 90 b 1
89 91 c 1
89 101 d 3
89 15 e 2
90 91 a 1
90 91 b 1
90 20 c 4
90 24 d 2
90 27 e 4
91 92 a 1
91 92 b 1
91 9 d 3
91 91 e 1
92 93 a 1
92 93 b 1
92 15 c 0
92 49 d 3
92 76 e 3
93 94 a 1
93 94 b 1
93 108 c 4
93 21 d 4
93 24 e 0
94 95 a 1
94 95 b 1
94 104 c 4
94 16 d 4
95 96 a 1
95 96 b 1
95 54 c 0
95 126 d 1
95 99 e 0
96 97 a 1
96 97 b 1
96 31 c 1
96 98 d 2
96 12 e 0
97 98 a 1
97 98 b 1
97 122 c 1
97 89 d 2
97 16 e 0
98 99 a 1
98 99 b 1
98 73 c 2
98 97 d 2
98 79 e 0
99 100 a 1
99 100 b 1
99 87 d 2
99 26 e 0
100 101 a 1
100 101 b 1
100 118 c 3
100 121 d 1
100 12 e 3
101 102 a 1
101 102 b 1
101 27 c 2
101 33 d 4
101 36 e 1
102 103 a 1
102 103 b 1
102 69 c 2
102 16 d 2
102 22 e 3
103 104 a 1
103 104 b 1
103 79 c 3
103 37 d 4
103 79 e 1
104 105 a 1
104 105 b 1
104 29 c 3
104 118 d 0
104 38 e 4
105 106 a 1
105 106 b 1
105 77 c 3
105 66 d 2
105 3 e 4
106 107 a 1
106 107 b 1
106 13 c 2
106 44 d 4
106 30 e 2
107 108 a 1
107 108 b 1
107 5 d 2
107 88 e 4
108 109 a 1
108 109 b 1
108 7 c 3
108 93 d 0
108 107 e 1
109 110 a 1
109 110 b 1
109 29 c 2
109 125 d 2
109 61 e 3
110 111 a 1
110 111 b 1
110 4 c 4
110 26 d 4
110 120 e 1
111 112 a 1
111 112 b 1
111 104 c 3
111 92 d 0
111 14 e 1
112 113 a 1
112 113 b 1
112 55 e 2
113 114 a 1
113 114 b 1
113 43 c 2
113 90 d 2
113 10 e 2
114 115 a 1
114 115 b 1
114 44 c 4
114 43 e 1
115 116 a 1
115 116 b 1
115 89 c 1
115 34 e 1
116 117 a 1
116 117 b 1
116 35 c 1
116 105 d 3
117 118 a 1
117 118 b 1
117 42 e 1
118 119 a 1
118 119 b 1
118 56 c 0
118 125 d 0
118 53 e 4
119 120 a 1
119 120 b 1
119 58 c 2
119 48 d 0
119 1 e 1
120 121 a 1
120 121 b 1
120 48 c 1
120 24 d 1
120 53 e 3
121 122 a 1
121 122 b 1
121 31 c 1
121 97 d 3
121 51 e 0
122 123 a 1
122 123 b 1
122 2 c 1
122 79 d 4
122 119 e 2
123 124 a 1
123 124 b 1
123 17 c 1
123 33 e 0
124 125 a 1
124 125 b 1
124 6 d 4
124 25 e 2
125 126 a 1
125 126 b 1
125 97 d 2
125 39 e 0
126 127 a 1
126 127 b 1
126 60 c 1
126 48 d 4
126 65 e 1
127 128 a 1
127 128 b 1
127 64 c 4
127 95 d 3
127 109 e 0
128 128 a 0
128 128 b 0
128 75 c 4
128 39 d 1
128 111 e 2

93 128 599 5 5 0
1 2 a 1
1 2 b 1
1 56 c 0
1 38 d 4
1 55 e 1
2 3 a 1
2 3 b 1
2 56 c 0
2 110 d 1
2 39 e 1
3 4 a 1
3 4 b 1
3 90 c 3
3 42 e 4
4 5 a 1
4 5 b 1
4 118 c 4
4 59 d 4
4 41 e 0
5 6 a 1
5 6 b 1
5 53 c 3
5 47 d 2
5 17 e 0
6 7 a 1
6 7 b 1
6 1 c 0
6 96 d 1
6 115 e 3
7 8 a 1
7 8 b 1
7 32 c 1
7 81 d 3
7 46 e 2
8 9 a 1
8 9 b 1
8 67 c 0
8 51 d 2
8 69 e 1
9 10 a 1
9 10 b 1
9 91 c 2
9 125 d 3
9 58 e 4
10 11 a 1
10 11 b 1
10 103 c 3
10 27 d 0
10 86 e 2
11 12 a 1
11 12 b 1
11 127 c 3
11 44 d 4
11 18 e 0
12 13 a 1
12 13 b 1
12 13 c 4
12 56 d 0
12 103 e 3
13 14 a 1
13 14 b 1
13 121 c 4
13 119 d 1
13 121 e 1
14 15 a 1
14 15 b 1
14 59 c 1
14 19 d 3
14 119 e 2
15 16 a 1
15 16 b 1
15 2 c 0
15 2 d 0
15 125 e 4
16 17 a 1
16 17 b 1
16 124 c 3
16 91 d 3
17 18 a 1
17 18 b 1
17 59 c 4
17 68 d 1
17 122 e 1
18 19 a 1
18 19 b 1
18 69 d 2
18 94 e 4
19 20 a 1
19 20 b 1
19 24 c 0
19 12 d 1
20 21 a 1
20 21 b 1
20 120 c 4
20 10 d 1
20 38 e 0
21 22 a 1
21 22 b 1
21 60 c 1
21 6 d 3
21 55 e 3
22 23 a 1
22 23 b 1
22 55 c 4
22 28 d 3
22 14 e 3
23 24 a 1
23 24 b 1
23 57 c 0
23 5 d 4
23 118 e 0
24 25 a 1
24 25 b 1
24 70 c 3
24 88 d 0
25 26 a 1
25 26 b 1
25 18 d 1
25 17 e 2
26 27 a 1
26 27 b 1
26 44 c 2
26 30 e 3
27 28 a 1
27 28 b 1
27 83 c 4
27 17 d 4
27 10 e 2
28 29 a 1
28 29 b 1
28 5 c 3
28 102 d 4
28 91 e 3
29 30 a 1
29 30 b 1
29 98 d 1
29 106 e 1
30 31 a 1
30 31 b 1
30 11 c 1
30 49 d 3
30 4 e 3
31 32 a 1
31 32 b 1
31 125 c 3
31 127 e 2
32 33 a 1
32 33 b 1
32 49 c 0
32 69 d 0
32 5 e 0
33 34 a 1
33 34 b 1
33 9 c 4
33 63 d 3
34 35 a 1
34 35 b 1
34 28 d 1
34 29 e 0
35 36 a 1
35 36 b 1
35 58 c 1
35 18 d 0
36 37 a 1
36 37 b 1
36 16 c 4
36 17 d 4
36 3 e 4
37 38 a 1
37 38 b 1
37 125 c 0
37 28 d 0
37 38 e 2
38 39 a 1
38 39 b 1
38 50 c 0
38 37 d 1
38 30 e 3
39 40 a 1
39 40 b 1
39 106 c 3
39 18 d 1
39 48 e 0
40 41 a 1
40 41 b 1
40 93 c 4
40 37 d 3
40 101 e 0
41 42 a 1
41 42 b 1
41 120 c 1
41 44 d 3
41 54 e 2
42 43 a 1
42 43 b 1
42 32 c 2
42 42 d 0
42 4 e 4
43 44 a 1
43 44 b 1
43 73 c 4
43 105 d 0
43 116 e 4
44 45 a 1
44 45 b 1
44 125 c 3
44 103 d 2
45 46 a 1
45 46 b 1
45 126 d 1
45 97 e 4
46 47 a 1
46 47 b 1
46 34 c 1
46 4 d 4
46 45 e 4
47 48 a 1
47 48 b 1
47 74 c 2
47 40 d 3
48 49 a 1
48 49 b 1
48 2 c 0
48 93 d 0
48 95 e 2
49 50 a 1
49 50 b 1
49 124 c 1
50 51 a 1
50 51 b 1
50 24 d 4
50 122 e 4
51 52 a 1
51 52 b 1
51 121 c 3
51 25 d 1
51 125 e 4
52 53 a 1
52 53 b 1
52 78 e 1
53 54 a 1
53 54 b 1
53 4 c 4
53 125 d 0
53 13 e 1
54 55 a 1
54 55 b 1
54 2 c 0
54 121 d 2
54 119 e 3
55 56 a 1
55 56 b 1
55 122 c 2
55 34 d 2
55 108 e 0
56 57 a 1
56 57 b 1
56 116 c 0
57 58 a 1
57 58 b 1
57 83 c 4
57 57 d 0
57 78 e 4
58 59 a 1
58 59 b 1
58 81 c 0
58 109 d 1
58 11 e 0
59 60 a 1
59 60 b 1
59 39 c 1
59 19 d 2
59 63 e 0
60 61 a 1
60 61 b 1
60 104 c 1
60 36 d 0
60 51 e 4
61 62 a 1
61 62 b 1
61 59 d 1
61 67 e 0
62 63 a 1
62 63 b 1
62 69 c 3
62 86 d 1
62 19 e 1
63 64 a 1
63 64 b 1
63 43 c 1
63 78 d 4
63 23 e 1
64 65 a 1
64 65 b 1
64 8 c 0
64 91 d 3
64 38 e 0
65 66 a 1
65 66 b 1
65 70 c 4
65 96 d 0
65 52 e 3
66 67 a 1
66 67 b 1
66 124 c 4
66 49 d 4
66 59 e 4
67 68 a 1
67 68 b 1
67 26 c 2
67 76 d 4
67 60 e 3
68 69 a 1
68 69 b 1
68 35 c 2
68 25 d 2
68 3 e 0
69 70 a 1
69 70 b 1
69 49 c 0
69 22 d 1
69 88 e 1
70 71 a 1
70 71 b 1
70 66 c 1
70 27 d 2
70 127 e 4
71 72 a 1
71 72 b 1
71 88 c 4
71 46 d 3
71 82 e 1
72 73 a 1
72 73 b 1
72 115 c 0
72 17 d 4
73 74 a 1
73 74 b 1
73 124 c 3
73 89 d 0
73 69 e 1
74 75 a 1
74 75 b 1
74 40 c 1
74 120 d 0
74 15 e 3
75 76 a 1
75 76 b 1
75 5 c 0
75 19 d 4
75 73 e 0
76 77 a 1
76 77 b 1
76 98 c 0
76 66 d 3
76 126 e 1
77 78 a 1
77 78 b 1
77 125 d 1
77 121 e 4
78 79 a 1
78 79 b 1
78 13 c 1
78 28 d 1
78 118 e 3
79 80 a 1
79 80 b 1
79 18 c 2
79 23 d 1
79 8 e 1
80 81 a 1
80 81 b 1
80 119 d 3
80 123 e 2
81 82 a 1
81 82 b 1
81 22 c 1
81 34 e 4
82 83 a 1
82 83 b 1
82 92 c 3
82 117 e 4
83 84 a 1
83 84 b 1
83 66 c 4
83 20 d 2
83 70 e 3
84 85 a 1
84 85 b 1
84 21 c 2
84 85 d 4
85 86 a 1
85 86 b 1
85 33 c 1
85 65 d 0
85 29 e 4
86 87 a 1
86 87 b 1
86 79 c 4
86 22 d 2
86 11 e 0
87 88 a 1
87 88 b 1
87 51 c 2
87 66 d 3
87 123 e 1
88 89 a 1
88 89 b 1
88 91 c 4
88 101 d 0
89 90 a 1
89 90 b 1
89 73 d 3
89 106 e 1
90 91 a 1
90 91 b 1
90 29 c 2
90 69 e 4
91 92 a 1
91 92 b 1
91 59 c 4
91 54 d 3
91 84 e 4
92 93 a 1
92 93 b 1
92 25 c 1
92 74 d 2
92 40 e 0
93 94 a 1
93 94 b 1
93 104 c 1
93 53 d 0
93 96 e 4
94 95 a 1
94 95 b 1
94 71 c 1
94 14 d 3
94 92 e 4
95 96 a 1
95 96 b 1
95 22 c 3
95 113 e 2
96 97 a 1
96 97 b 1
96 11 c 1
96 39 d 1
97 98 a 1
97 98 b 1
97 30 c 1
97 89 d 0
97 112 e 2
98 99 a 1
98 99 b 1
98 73 d 1
98 4 e 4
99 100 a 1
99 100 b 1
99 127 c 4
99 80 d 2
99 47 e 3
100 101 a 1
100 101 b 1
100 20 c 0
100 118 d 1
100 25 e 2
101 102 a 1
101 102 b 1
101 93 c 3
101 2 d 1
101 109 e 3
102 103 a 1
102 103 b 1
102 20 c 3
102 49 d 3
102 68 e 2
103 104 a 1
103 104 b 1
103 107 c 3
103 94 d 3
103 120 e 2
104 105 a 1
104 105 b 1
104 28 c 0
104 122 d 3
104 61 e 0
105 106 a 1
105 106 b 1
105 98 c 4
105 102 d 0
105 34 e 0
106 107 a 1
106 107 b 1
106 83 c 1
106 82 d 2
107 108 a 1
107 108 b 1
107 106 c 1
107 44 d 4
107 76 e 0
108 109 a 1
108 109 b 1
108 120 c 1
108 39 d 0
108 100 e 2
109 110 a 1
109 110 b 1
109 83 c 0
109 108 e 3
110 111 a 1
110 111 b 1
110 29 c 4
110 19 d 4
110 117 e 2
111 112 a 1
111 112 b 1
111 116 c 0
111 43 d 0
111 53 e 1
112 113 a 1
112 113 b 1
112 64 c 3
112 18 d 4
112 62 e 4
113 114 a 1
113 114 b 1
113 97 c 2
113 62 d 3
114 115 a 1
114 115 b 1
114 9 c 3
114 119 d 3
114 100 e 4
115 116 a 1
115 116 b 1
115 34 c 1
115 64 d 4
116 117 a 1
116 117 b 1
116 13 c 2
116 79 d 0
116 60 e 4
117 118 a 1
117 118 b 1
117 113 c 0
117 44 e 2
118 119 a 1
118 119 b 1
118 121 c 3
118 97 e 2
119 120 a 1
119 120 b 1
119 93 c 0
119 69 d 0
119 45 e 1
120 121 a 1
120 121 b 1
120 67 c 0
120 3 d 1
120 113 e 3
121 122 a 1
121 122 b 1
121 35 c 2
121 47 d 3
121 16 e 4
122 123 a 1
122 123 b 1
122 90 c 2
122 110 d 3
122 10 e 1
123 124 a 1
123 124 b 1
123 20 c 2
123 106 d 1
123 22 e 1
124 125 a 1
124 125 b 1
124 116 c 0
124 3 d 2
124 122 e 0
125 126 a 1
125 126 b 1
125 100 c 0
125 82 d 4
125 59 e 0
126 127 a 1
126 127 b 1
126 56 c 4
126 38 d 3
126 100 e 4
127 128 a 1
127 128 b 1
127 63 c 3
127 118 d 3
127 3 e 4
128 128 a 0
128 128 b 0
128 52 c 4
128 89 d 2
128 61 e 0

94 128 598 5 5 0
1 2 a 1
1 2 b 1
1 104 c 2
1 102 d 4
1 120 e 3
2 3 a 1
2 3 b 1
2 106 c 2
2 47 d 2
2 115 e 3
3 4 a 1
3 4 b 1
3 87 d 4
3 36 e 2
4 5 a 1
4 5 b 1
4 55 c 2
4 77 d 0
4 27 e 0
5 6 a 1
5 6 b 1
5 47 c 3
5 95 d 1
6 7 a 1
6 7 b 1
6 50 c 2
6 65 d 1
6 114 e 2
7 8 a 1
7 8 b 1
7 4 c 4
7 65 d 4
7 70 e 4
8 9 a 1
8 9 b 1
8 74 c 0
8 64 d 2
8 17 e 1
9 10 a 1
9 10 b 1
9 80 c 2
9 49 e 2
10 11 a 1
10 11 b 1
10 67 c 1
10 114 d 1
10 94 e 4
11 12 a 1
11 12 b 1
11 77 c 0
11 83 d 1
11 80 e 1
12 13 a 1
12 13 b 1
12 57 c 4
12 113 d 1
13 14 a 1
13 14 b 1
13 58 c 3
13 61 d 2
13 19 e 1
14 15 a 1
14 15 b 1
14 7 c 0
14 58 d 0
14 40 e 2
15 16 a 1
15 16 b 1
15 73 d 0
15 79 e 1
16 17 a 1
16 17 b 1
16 10 c 3
16 92 e 1
17 18 a 1
17 18 b 1
17 122 c 4
17 47 d 0
17 96 e 2
18 19 a 1
18 19 b 1
18 82 c 4
18 90 d 0
18 6 e 4
19 20 a 1
19 20 b 1
19 73 c 1
19 57 d 3
19 71 e 2
20 21 a 1
20 21 b 1
20 47 c 1
20 43 d 0
20 42 e 1
21 22 a 1
21 22 b 1
21 54 c 2
21 121 d 2
21 107 e 1
22 23 a 1
22 23 b 1
22 88 c 4
22 7 d 4
22 63 e 2
23 24 a 1
23 24 b 1
23 16 d 2
23 24 e 2
24 25 a 1
24 25 b 1
24 60 c 2
24 61 d 4
24 8 e 0
25 26 a 1
25 26 b 1
25 33 c 4
25 125 d 0
25 119 e 0
26 27 a 1
26 27 b 1
26 4 c 3
26 35 d 1
26 4 e 4
27 28 a 1
27 28 b 1
27 102 c 4
27 29 d 0
27 54 e 1
28 29 a 1
28 29 b 1
28 68 c 3
28 9 e 2
29 30 a 1
29 30 b 1
29 119 c 4
29 59 d 3
29 100 e 3
30 31 a 1
30 31 b 1
30 102 c 2
30 56 d 0
30 25 e 1
31 32 a 1
31 32 b 1
31 84 c 4
31 65 d 3
31 113 e 4
32 33 a 1
32 33 b 1
32 64 c 1
32 106 d 2
32 21 e 2
33 34 a 1
33 34 b 1
33 39 c 1
33 20 d 1
33 59 e 0
34 35 a 1
34 35 b 1
34 5 d 0
34 75 e 1
35 36 a 1
35 36 b 1
35 28 c 1
35 127 d 4
35 69 e 2
36 37 a 1
36 37 b 1
36 112 c 1
36 41 d 3
36 73 e 1
37 38 a 1
37 38 b 1
37 90 c 4
37 27 d 0
37 105 e 0
38 39 a 1
38 39 b 1
38 70 c 0
38 106 d 3
38 127 e 0
39 40 a 1
39 40 b 1
39 106 c 3
39 51 d 4
39 14 e 3
40 41 a 1
40 41 b 1
40 101 c 3
40 107 e 0
41 42 a 1
41 42 b 1
41 25 c 1
41 51 d 2
41 112 e 4
42 43 a 1
42 43 b 1
42 15 c 1
42 10 d 2
42 90 e 2
43 44 a 1
43 44 b 1
43 97 c 2
43 103 d 4
43 67 e 1
44 45 a 1
44 45 b 1
44 15 c 1
44 29 d 2
44 1 e 1
45 46 a 1
45 46 b 1
45 8 c 3
45 1 d 1
45 84 e 4
46 47 a 1
46 47 b 1
46 16 c 3
46 5 d 0
47 48 a 1
47 48 b 1
47 4 c 1
47 106 d 4
47 68 e 2
48 49 a 1
48 49 b 1
48 71 c 2
48 65 e 4
49 50 a 1
49 50 b 1
49 31 c 4
49 104 d 0
49 105 e 3
50 51 a 1
50 51 b 1
50 114 c 1
50 111 d 4
50 37 e 1
51 52 a 1
51 52 b 1
51 83 c 0
51 104 e 0
52 53 a 1
52 53 b 1
52 111 c 4
52 113 e 3
53 54 a 1
53 54 b 1
53 82 c 4
53 48 d 0
53 14 e 3
54 55 a 1
54 55 b 1
54 2 c 0
54 16 d 3
54 84 e 4
55 56 a 1
55 56 b 1
55 46 c 2
55 105 d 0
55 102 e 3
56 57 a 1
56 57 b 1
56 21 c 1
56 32 d 4
56 66 e 0
57 58 a 1
57 58 b 1
57 3 c 3
57 66 d 3
57 49 e 1
58 59 a 1
58 59 b 1
58 120 d 3
58 7 e 4
59 60 a 1
59 60 b 1
59 63 c 4
59 127 d 1
60 61 a 1
60 61 b 1
60 26 c 4
60 85 d 4
60 38 e 0
61 62 a 1
61 62 b 1
61 17 c 3
61 10 d 1
62 63 a 1
62 63 b 1
62 4 c 1
62 61 d 4
62 41 e 2
63 64 a 1
63 64 b 1
63 109 c 3
63 36 d 4
63 88 e 0
64 65 a 1
64 65 b 1
64 40 c 0
64 56 d 1
64 126 e 0
65 66 a 1
65 66 b 1
65 12 c 4
65 15 d 3
65 83 e 4
66 67 a 1
66 67 b 1
66 89 c 1
66 76 d 4
66 107 e 2
67 68 a 1
67 68 b 1
67 28 c 0
67 111 d 0
67 27 e 2
68 69 a 1
68 69 b 1
68 67 c 0
68 63 d 2
69 70 a 1
69 70 b 1
69 76 c 1
69 5 d 0
69 85 e 1
70 71 a 1
70 71 b 1
70 16 c 3
70 35 d 0
70 22 e 0
71 72 a 1
71 72 b 1
71 90 c 1
71 65 d 4
71 25 e 4
72 73 a 1
72 73 b 1
72 114 c 4
72 8 d 1
72 124 e 3
73 74 a 1
73 74 b 1
73 20 c 4
74 75 a 1
74 75 b 1
74 18 c 3
74 35 d 2
75 76 a 1
75 76 b 1
75 39 c 3
75 45 d 0
75 116 e 0
76 77 a 1
76 77 b 1
76 75 c 4
76 73 d 4
76 15 e 3
77 78 a 1
77 78 b 1
77 93 c 1
77 64 d 3
77 89 e 2
78 79 a 1
78 79 b 1
78 89 d 3
78 40 e 4
79 80 a 1
79 80 b 1
79 118 c 3
79 25 d 3
79 49 e 0
80 81 a 1
80 81 b 1
80 117 e 2
81 82 a 1
81 82 b 1
81 9 c 1
81 38 e 3
82 83 a 1
82 83 b 1
82 11 c 0
82 60 d 1
82 124 e 2
83 84 a 1
83 84 b 1
83 126 c 1
83 103 d 1
83 82 e 0
84 85 a 1
84 85 b 1
84 44 e 3
85 86 a 1
85 86 b 1
85 15 c 0
85 81 d 2
85 8 e 2
86 87 a 1
86 87 b 1
86 8 c 3
86 90 d 1
86 76 e 2
87 88 a 1
87 88 b 1
87 2 c 1
87 68 d 1
87 23 e 3
88 89 a 1
88 89 b 1
88 80 c 0
88 94 d 4
88 101 e 2
89 90 a 1
89 90 b 1
89 73 c 4
89 86 d 2
90 91 a 1
90 91 b 1
90 42 c 1
90 31 d 1
90 66 e 3
91 92 a 1
91 92 b 1
91 68 c 3
91 114 d 2
91 97 e 1
92 93 a 1
92 93 b 1
92 68 c 0
92 123 d 4
93 94 a 1
93 94 b 1
93 33 c 4
93 51 d 1
93 2 e 2
94 95 a 1
94 95 b 1
94 78 c 1
94 116 d 0
94 119 e 3
95 96 a 1
95 96 b 1
95 75 c 2
95 10 d 1
95 63 e 3
96 97 a 1
96 97 b 1
96 92 c 1
96 109 d 1
96 36 e 3
97 98 a 1
97 98 b 1
97 89 c 3
97 116 d 3
98 99 a 1
98 99 b 1
98 127 d 4
98 103 e 4
99 100 a 1
99 100 b 1
99 100 c 4
99 10 d 2
99 75 e 3
100 101 a 1
100 101 b 1
100 14 c 1
100 79 d 4
100 98 e 1
101 102 a 1
101 102 b 1
101 23 c 2
101 105 d 1
101 22 e 1
102 103 a 1
102 103 b 1
102 9 c 2
102 64 d 2
102 57 e 4
103 104 a 1
103 104 b 1
103 49 c 2
103 30 d 0
103 111 e 0
104 105 a 1
104 105 b 1
104 27 c 3
104 45 d 0
104 88 e 2
105 106 a 1
105 106 b 1
105 117 c 4
105 34 d 1
105 54 e 4
106 107 a 1
106 107 b 1
106 12 c 0
106 32 d 2
106 126 e 4
107 108 a 1
107 108 b 1
107 28 c 2
107 92 e 3
108 109 a 1
108 109 b 1
108 109 c 2
108 84 d 4
109 110 a 1
109 110 b 1
109 115 d 1
110 111 a 1
110 111 b 1
110 3 c 1
110 30 d 3
110 44 e 0
111 112 a 1
111 112 b 1
111 20 c 2
111 71 d 3
111 75 e 2
112 113 a 1
112 113 b 1
112 32 c 0
112 106 d 1
112 118 e 3
113 114 a 1
113 114 b 1
113 80 c 0
113 74 d 4
113 27 e 1
114 115 a 1
114 115 b 1
114 59 c 4
114 47 d 3
114 40 e 4
115 116 a 1
115 116 b 1
115 62 e 2
116 117 a 1
116 117 b 1
116 70 c 4
116 69 d 3
117 118 a 1
117 118 b 1
117 94 c 1
117 118 d 3
117 56 e 0
118 119 a 1
118 119 b 1
118 56 c 0
119 120 a 1
119 120 b 1
119 43 c 3
119 69 e 0
120 121 a 1
120 121 b 1
120 88 c 3
120 125 d 1
120 62 e 2
121 122 a 1
121 122 b 1
121 25 c 1
121 15 d 1
121 54 e 1
122 123 a 1
122 123 b 1
122 57 d 3
122 97 e 3
123 124 a 1
123 124 b 1
123 83 c 1
123 85 d 3
123 31 e 2
124 125 a 1
124 125 b 1
124 8 c 4
124 29 d 4
124 80 e 2
125 126 a 1
125 126 b 1
125 22 c 1
125 118 d 3
125 93 e 1
126 127 a 1
126 127 b 1
126 81 c 1
126 17 d 2
126 36 e 4
127 128 a 1
127 128 b 1
127 119 c 0
127 17 d 1
127 76 e 0
128 128 a 0
128 128 b 0
128 6 c 1
128 87 d 4
128 119 e 2

95 128 597 5 5 0
1 2 a 1
1 2 b 1
1 28 c 1
1 65 d 2
2 3 a 1
2 3 b 1
2 27 c 2
2 121 d 4
2 80 e 4
3 4 a 1
3 4 b 1
3 109 c 3
3 81 d 4
3 71 e 1
4 5 a 1
4 5 b 1
4 73 c 0
4 81 d 2
5 6 a 1
5 6 b 1
5 90 c 4
5 40 d 1
5 106 e 1
6 7 a 1
6 7 b 1
6 67 c 3
6 82 d 1
7 8 a 1
7 8 b 1
7 100 c 1
7 125 d 0
7 71 e 3
8 9 a 1
8 9 b 1
8 14 c 3
8 112 d 4
8 27 e 1
9 10 a 1
9 10 b 1
9 21 c 1
9 12 d 0
9 50 e 4
10 11 a 1
10 11 b 1
10 75 c 2
10 75 d 0
10 89 e 0
11 12 a 1
11 12 b 1
11 32 d 1
11 19 e 1
12 13 a 1
12 13 b 1
12 81 c 2
12 40 d 0
12 32 e 2
13 14 a 1
13 14 b 1
13 74 c 3
13 9 d 1
13 88 e 4
14 15 a 1
14 15 b 1
14 73 c 3
14 127 d 3
14 31 e 4
15 16 a 1
15 16 b 1
15 34 c 0
15 76 d 4
15 3 e 0
16 17 a 1
16 17 b 1
16 9 c 3
16 46 d 1
16 113 e 0
17 18 a 1
17 18 b 1
17 59 c 1
17 7 d 2
17 62 e 4
18 19 a 1
18 19 b 1
18 21 c 4
18 7 d 1
18 19 e 4
19 20 a 1
19 20 b 1
19 46 c 3
19 66 d 4
19 111 e 4
20 21 a 1
20 21 b 1
20 81 c 3
20 10 d 0
20 41 e 1
21 22 a 1
21 22 b 1
21 41 c 2
21 70 e 2
22 23 a 1
22 23 b 1
22 40 c 4
22 90 d 4
22 53 e 1
23 24 a 1
23 24 b 1
23 116 c 1
23 70 d 2
23 68 e 3
24 25 a 1
24 25 b 1
24 100 c 1
24 90 d 0
24 18 e 2
25 26 a 1
25 26 b 1
25 127 c 4
25 58 d 4
25 98 e 4
26 27 a 1
26 27 b 1
26 111 c 0
26 40 d 1
27 28 a 1
27 28 b 1
27 51 c 0
27 18 d 0
27 48 e 0
28 29 a 1
28 29 b 1
28 24 c 3
28 3 d 3
28 40 e 1
29 30 a 1
29 30 b 1
29 64 c 1
29 100 d 1
29 112 e 2
30 31 a 1
30 31 b 1
30 7 c 0
30 96 d 2
30 24 e 1
31 32 a 1
31 32 b 1
31 121 d 4
32 33 a 1
32 33 b 1
32 37 c 0
32 108 d 2
32 4 e 2
33 34 a 1
33 34 b 1
33 28 c 0
33 54 d 4
33 109 e 1
34 35 a 1
34 35 b 1
34 8 c 2
34 33 d 3
34 39 e 3
35 36 a 1
35 36 b 1
35 6 c 4
35 56 d 3
35 95 e 4
36 37 a 1
36 37 b 1
36 7 c 1
36 51 d 3
37 38 a 1
37 38 b 1
37 79 c 2
37 106 e 1
38 39 a 1
38 39 b 1
38 124 c 2
38 103 d 0
38 71 e 1
39 40 a 1
39 40 b 1
39 79 c 3
39 69 d 2
39 57 e 0
40 41 a 1
40 41 b 1
40 29 c 3
40 62 d 4
41 42 a 1
41 42 b 1
41 113 c 3
41 97 e 4
42 43 a 1
42 43 b 1
42 93 c 2
42 103 d 4
42 90 e 1
43 44 a 1
43 44 b 1
43 117 c 3
43 2 d 4
43 79 e 3
44 45 a 1
44 45 b 1
44 62 c 0
44 32 d 4
44 47 e 2
45 46 a 1
45 46 b 1
45 33 c 3
45 69 d 3
45 55 e 4
46 47 a 1
46 47 b 1
46 104 c 0
46 11 d 4
46 9 e 1
47 48 a 1
47 48 b 1
47 83 d 3
47 59 e 1
48 49 a 1
48 49 b 1
48 87 c 3
48 93 d 2
49 50 a 1
49 50 b 1
49 109 c 3
49 96 d 4
49 94 e 0
50 51 a 1
50 51 b 1
50 47 c 0
50 124 d 3
50 108 e 4
51 52 a 1
51 52 b 1
51 74 c 3
51 41 d 2
51 37 e 4
52 53 a 1
52 53 b 1
52 113 c 2
52 49 d 3
52 86 e 0
53 54 a 1
53 54 b 1
53 111 c 1
53 72 d 2
54 55 a 1
54 55 b 1
54 104 c 1
54 72 e 1
55 56 a 1
55 56 b 1
55 103 c 3
55 76 d 2
55 8 e 2
56 57 a 1
56 57 b 1
56 123 c 1
56 68 d 1
56 123 e 1
57 58 a 1
57 58 b 1
57 1 c 3
57 3 d 3
57 120 e 0
58 59 a 1
58 59 b 1
58 114 c 2
58 71 d 1
58 60 e 0
59 60 a 1
59 60 b 1
59 107 c 3
59 71 d 3
59 23 e 4
60 61 a 1
60 61 b 1
60 62 c 0
60 65 d 1
60 13 e 4
61 62 a 1
61 62 b 1
61 68 c 3
61 103 d 4
61 86 e 1
62 63 a 1
62 63 b 1
63 64 a 1
63 64 b 1
63 68 c 1
63 85 d 0
63 90 e 4
64 65 a 1
64 65 b 1
64 80 d 3
64 40 e 1
65 66 a 1
65 66 b 1
65 121 c 1
65 103 d 1
65 92 e 4
66 67 a 1
66 67 b 1
66 13 c 1
66 13 d 3
66 118 e 1
67 68 a 1
67 68 b 1
67 111 c 0
67 38 d 1
67 106 e 3
68 69 a 1
68 69 b 1
68 63 c 4
68 93 d 1
68 110 e 4
69 70 a 1
69 70 b 1
69 97 c 3
69 104 d 1
69 65 e 1
70 71 a 1
70 71 b 1
70 42 c 4
70 100 d 3
70 15 e 3
71 72 a 1
71 72 b 1
71 30 c 3
71 54 d 0
71 95 e 2
72 73 a 1
72 73 b 1
72 57 c 2
72 23 d 3
72 82 e 4
73 74 a 1
73 74 b 1
73 89 e 3
74 75 a 1
74 75 b 1
74 10 c 0
74 100 d 2
74 117 e 4
75 76 a 1
75 76 b 1
75 50 c 3
75 93 d 4
75 82 e 0
76 77 a 1
76 77 b 1
76 124 c 4
76 99 d 1
77 78 a 1
77 78 b 1
77 51 d 0
77 34 e 0
78 79 a 1
78 79 b 1
78 58 c 3
78 27 d 0
78 93 e 1
79 80 a 1
79 80 b 1
79 19 c 0
79 6 d 1
79 9 e 0
80 81 a 1
80 81 b 1
80 94 d 1
80 5 e 4
81 82 a 1
81 82 b 1
81 1 d 1
81 94 e 1
82 83 a 1
82 83 b 1
82 75 c 3
82 81 d 0
82 30 e 0
83 84 a 1
83 84 b 1
83 73 c 0
83 84 d 1
83 94 e 2
84 85 a 1
84 85 b 1
84 104 d 1
84 103 e 0
85 86 a 1
85 86 b 1
85 15 d 3
85 82 e 3
86 87 a 1
86 87 b 1
86 121 c 3
86 27 d 3
86 125 e 3
87 88 a 1
87 88 b 1
87 105 c 2
87 70 e 4
88 89 a 1
88 89 b 1
88 115 c 3
88 121 d 0
88 2 e 3
89 90 a 1
89 90 b 1
89 8 c 1
89 20 d 3
89 115 e 4
90 91 a 1
90 91 b 1
90 11 c 3
90 124 d 1
90 125 e 0
91 92 a 1
91 92 b 1
91 20 c 1
91 28 d 0
91 88 e 1
92 93 a 1
92 93 b 1
92 111 c 0
92 98 d 4
92 69 e 2
93 94 a 1
93 94 b 1
93 46 c 4
93 95 d 3
94 95 a 1
94 95 b 1
94 30 c 3
94 48 d 3
94 98 e 0
95 96 a 1
95 96 b 1
95 72 c 0
95 66 d 0
95 118 e 3
96 97 a 1
96 97 b 1
96 71 c 3
96 85 d 2
97 98 a 1
97 98 b 1
97 76 c 3
97 84 d 2
97 95 e 4
98 99 a 1
98 99 b 1
98 28 c 4
98 113 d 1
98 96 e 3
99 100 a 1
99 100 b 1
99 24 c 2
99 55 d 3
99 49 e 4
100 101 a 1
100 101 b 1
100 116 c 2
100 7 d 0
100 115 e 2
101 102 a 1
101 102 b 1
101 32 c 4
101 76 d 4
101 77 e 0
102 103 a 1
102 103 b 1
102 70 c 1
102 38 e 0
103 104 a 1
103 104 b 1
103 116 c 4
103 106 d 1
103 106 e 2
104 105 a 1
104 105 b 1
104 20 e 4
105 106 a 1
105 106 b 1
105 116 c 4
105 11 d 1
105 50 e 3
106 107 a 1
106 107 b 1
106 125 c 3
106 65 d 2
106 8 e 0
107 108 a 1
107 108 b 1
107 32 c 2
107 93 d 3
108 109 a 1
108 109 b 1
108 126 c 0
108 114 d 1
108 94 e 0
109 110 a 1
109 110 b 1
109 106 c 2
109 50 d 4
109 112 e 4
110 111 a 1
110 111 b 1
110 107 c 1
110 92 e 3
111 112 a 1
111 112 b 1
111 25 d 1
111 24 e 2
112 113 a 1
112 113 b 1
112 42 c 4
112 95 d 1
113 114 a 1
113 114 b 1
113 19 c 4
113 117 d 0
113 14 e 0
114 115 a 1
114 115 b 1
114 70 c 1
114 11 d 2
114 86 e 4
115 116 a 1
115 116 b 1
115 125 c 1
115 54 d 1
115 95 e 0
116 117 a 1
116 117 b 1
116 87 c 4
116 73 d 0
116 127 e 3
117 118 a 1
117 118 b 1
117 71 c 0
117 93 e 4
118 119 a 1
118 119 b 1
118 57 c 1
118 27 d 3
118 91 e 0
119 120 a 1
119 120 b 1
119 31 c 3
119 19 d 2
119 1 e 2
120 121 a 1
120 121 b 1
120 19 c 0
120 85 d 3
120 32 e 3
121 122 a 1
121 122 b 1
121 77 c 1
121 111 d 2
122 123 a 1
122 123 b 1
122 25 c 2
122 32 d 1
122 50 e 2
123 124 a 1
123 124 b 1
123 24 c 3
123 124 d 4
123 95 e 4
124 125 a 1
124 125 b 1
124 12 c 0
124 17 d 1
124 24 e 2
125 126 a 1
125 126 b 1
125 77 c 0
125 27 d 0
125 60 e 1
126 127 a 1
126 127 b 1
126 17 c 2
126 9 d 0
126 67 e 2
127 128 a 1
127 128 b 1
127 50 d 3
127 25 e 0
128 128 a 0
128 128 b 0
128 62 c 0

96 128 600 5 5 0
1 2 a 1
1 2 b 1
1 29 c 1
1 127 d 0
2 3 a 1
2 3 b 1
2 47 d 2
2 127 e 2
3 4 a 1
3 4 b 1
3 3 c 1
3 106 d 2
3 26 e 0
4 5 a 1
4 5 b 1
4 70 c 0
4 1 d 3
5 6 a 1
5 6 b 1
5 40 c 0
5 87 d 3
5 43 e 4
6 7 a 1
6 7 b 1
6 13 c 3
6 108 d 0
6 78 e 1
7 8 a 1
7 8 b 1
7 21 c 0
7 29 d 2
7 76 e 1
8 9 a 1
8 9 b 1
8 79 c 2
8 74 d 1
9 10 a 1
9 10 b 1
9 35 c 3
9 120 d 3
9 127 e 3
10 11 a 1
10 11 b 1
10 108 c 1
10 25 e 4
11 12 a 1
11 12 b 1
11 89 d 2
11 46 e 1
12 13 a 1
12 13 b 1
12 63 c 2
12 86 e 4
13 14 a 1
13 14 b 1
13 41 c 3
13 54 e 1
14 15 a 1
14 15 b 1
14 55 c 4
14 40 d 1
14 57 e 1
15 16 a 1
15 16 b 1
15 125 d 1
15 19 e 1
16 17 a 1
16 17 b 1
16 46 c 0
16 31 d 0
16 105 e 3
17 18 a 1
17 18 b 1
17 115 d 4
17 56 e 2
18 19 a 1
18 19 b 1
18 10 c 4
18 77 d 3
18 108 e 0
19 20 a 1
19 20 b 1
19 101 c 2
19 3 e 3
20 21 a 1
20 21 b 1
20 101 c 0
20 13 d 0
20 3 e 0
21 22 a 1
21 22 b 1
21 41 c 2
21 47 d 2
21 76 e 3
22 23 a 1
22 23 b 1
22 60 c 3
22 120 d 0
22 1 e 4
23 24 a 1
23 24 b 1
23 97 c 4
23 100 d 3
23 7 e 1
24 25 a 1
24 25 b 1
24 11 c 0
24 30 e 0
25 26 a 1
25 26 b 1
25 4 c 2
25 59 d 1
25 120 e 0
26 27 a 1
26 27 b 1
26 107 c 3
26 92 d 3
26 69 e 0
27 28 a 1
27 28 b 1
27 85 c 0
27 30 d 4
27 119 e 4
28 29 a 1
28 29 b 1
28 120 c 3
28 93 d 3
28 32 e 1
29 30 a 1
29 30 b 1
29 4 c 1
29 68 d 4
29 35 e 0
30 31 a 1
30 31 b 1
30 71 c 4
30 35 d 4
30 79 e 4
31 32 a 1
31 32 b 1
31 110 c 4
31 46 d 3
31 46 e 0
32 33 a 1
32 33 b 1
32 91 c 1
32 114 d 0
32 35 e 4
33 34 a 1
33 34 b 1
33 90 c 3
33 30 d 4
33 54 e 4
34 35 a 1
34 35 b 1
34 42 c 4
34 63 e 0
35 36 a 1
35 36 b 1
35 63 d 3
35 64 e 3
36 37 a 1
36 37 b 1
36 102 c 1
36 83 d 2
36 91 e 2
37 38 a 1
37 38 b 1
37 93 d 2
37 19 e 3
38 39 a 1
38 39 b 1
38 24 c 1
38 75 d 2
38 58 e 0
39 40 a 1
39 40 b 1
39 22 c 0
39 97 e 3
40 41 a 1
40 41 b 1
40 78 c 0
40 35 d 0
40 61 e 4
41 42 a 1
41 42 b 1
41 62 c 3
41 113 d 0
41 1 e 0
42 43 a 1
42 43 b 1
42 35 d 0
42 14 e 3
43 44 a 1
43 44 b 1
43 51 c 0
43 20 d 3
44 45 a 1
44 45 b 1
44 11 c 3
44 1 d 4
44 62 e 0
45 46 a 1
45 46 b 1
45 4 c 0
45 54 d 1
45 107 e 0
46 47 a 1
46 47 b 1
46 35 c 1
46 28 d 0
46 52 e 1
47 48 a 1
47 48 b 1
47 51 c 4
47 23 d 0
47 102 e 2
48 49 a 1
48 49 b 1
48 46 c 2
48 113 d 0
48 32 e 1
49 50 a 1
49 50 b 1
49 101 c 0
49 121 d 1
50 51 a 1
50 51 b 1
50 127 c 2
50 50 d 3
50 11 e 4
51 52 a 1
51 52 b 1
51 69 c 0
51 37 d 0
51 104 e 0
52 53 a 1
52 53 b 1
52 14 c 0
52 71 d 1
52 119 e 2
53 54 a 1
53 54 b 1
53 115 c 3
53 110 d 2
53 40 e 4
54 55 a 1
54 55 b 1
54 55 c 2
54 55 d 2
54 35 e 4
55 56 a 1
55 56 b 1
55 62 c 0
55 1 d 4
55 35 e 0
56 57 a 1
56 57 b 1
56 28 c 3
56 10 d 3
56 122 e 2
57 58 a 1
57 58 b 1
57 104 c 0
57 92 d 1
57 39 e 1
58 59 a 1
58 59 b 1
58 77 c 0
58 21 e 1
59 60 a 1
59 60 b 1
59 75 c 4
59 50 d 2
59 29 e 3
60 61 a 1
60 61 b 1
60 87 c 4
60 109 d 4
61 62 a 1
61 62 b 1
61 35 c 0
61 37 d 0
61 37 e 1
62 63 a 1
62 63 b 1
62 112 c 3
62 85 d 0
63 64 a 1
63 64 b 1
63 110 c 1
63 38 d 2
63 25 e 0
64 65 a 1
64 65 b 1
64 65 d 3
64 90 e 1
65 66 a 1
65 66 b 1
65 118 c 0
65 108 d 0
65 89 e 2
66 67 a 1
66 67 b 1
66 8 c 1
66 51 e 2
67 68 a 1
67 68 b 1
67 100 c 2
67 23 d 2
67 127 e 4
68 69 a 1
68 69 b 1
68 62 e 2
69 70 a 1
69 70 b 1
69 58 c 2
69 71 d 4
69 71 e 0
70 71 a 1
70 71 b 1
70 37 c 3
70 37 d 3
70 114 e 2
71 72 a 1
71 72 b 1
71 66 c 1
71 87 d 3
71 8 e 0
72 73 a 1
72 73 b 1
72 93 c 4
72 65 d 3
72 40 e 3
73 74 a 1
73 74 b 1
73 54 c 0
73 37 d 1
73 33 e 2
74 75 a 1
74 75 b 1
74 14 c 0
74 8 d 3
74 33 e 4
75 76 a 1
75 76 b 1
75 48 d 3
75 110 e 2
76 77 a 1
76 77 b 1
76 78 c 4
76 99 d 1
76 80 e 1
77 78 a 1
77 78 b 1
77 5 c 2
77 57 d 0
77 2 e 3
78 79 a 1
78 79 b 1
78 95 c 2
78 74 e 0
79 80 a 1
79 80 b 1
79 48 c 2
79 48 d 3
79 120 e 0
80 81 a 1
80 81 b 1
80 39 c 0
80 2 d 2
80 73 e 4
81 82 a 1
81 82 b 1
81 111 c 2
81 127 d 0
81 3 e 1
82 83 a 1
82 83 b 1
82 34 c 3
82 40 d 4
82 19 e 2
83 84 a 1
83 84 b 1
83 101 c 1
83 110 d 0
83 23 e 0
84 85 a 1
84 85 b 1
84 17 c 2
84 100 d 2
84 93 e 2
85 86 a 1
85 86 b 1
85 11 c 0
85 88 d 2
85 120 e 4
86 87 a 1
86 87 b 1
86 11 c 4
86 5 d 0
87 88 a 1
87 88 b 1
87 126 c 0
87 11 d 3
87 57 e 4
88 89 a 1
88 89 b 1
88 37 c 1
88 11 d 0
88 39 e 1
89 90 a 1
89 90 b 1
89 13 c 0
89 109 d 2
89 72 e 3
90 91 a 1
90 91 b 1
90 53 c 1
90 88 d 2
90 89 e 3
91 92 a 1
91 92 b 1
91 95 c 0
91 111 d 3
91 74 e 3
92 93 a 1
92 93 b 1
92 67 c 4
92 40 d 0
92 114 e 3
93 94 a 1
93 94 b 1
93 88 c 0
93 88 d 1
93 6 e 4
94 95 a 1
94 95 b 1
94 74 c 2
94 90 d 0
94 102 e 0
95 96 a 1
95 96 b 1
95 98 c 1
95 12 d 1
95 20 e 2
96 97 a 1
96 97 b 1
96 100 c 1
96 107 d 4
96 117 e 0
97 98 a 1
97 98 b 1
97 70 c 2
97 91 d 1
97 65 e 2
98 99 a 1
98 99 b 1
98 96 c 0
98 81 e 1
99 100 a 1
99 100 b 1
99 29 c 0
99 29 d 0
100 101 a 1
100 101 b 1
100 113 c 2
100 42 d 4
100 101 e 0
101 102 a 1
101 102 b 1
101 41 d 1
101 88 e 2
102 103 a 1
102 103 b 1
102 87 c 1
102 66 d 1
102 122 e 1
103 104 a 1
103 104 b 1
103 113 c 1
103 36 d 1
103 61 e 0
104 105 a 1
104 105 b 1
104 86 c 1
104 41 d 4
104 6 e 4
105 106 a 1
105 106 b 1
105 2 c 2
105 105 d 2
105 120 e 0
106 107 a 1
106 107 b 1
106 66 c 4
106 59 d 4
106 26 e 2
107 108 a 1
107 108 b 1
107 10 c 1
107 58 d 1
107 47 e 4
108 109 a 1
108 109 b 1
108 90 c 2
108 73 d 0
108 96 e 1
109 110 a 1
109 110 b 1
109 76 c 3
109 7 d 1
109 31 e 3
110 111 a 1
110 111 b 1
110 94 c 4
110 82 d 0
110 57 e 1
111 112 a 1
111 112 b 1
111 50 d 4
112 113 a 1
112 113 b 1
112 4 c 0
112 107 d 1
112 63 e 1
113 114 a 1
113 114 b 1
113 49 c 2
113 2 d 1
113 95 e 3
114 115 a 1
114 115 b 1
114 54 c 3
114 120 d 0
114 70 e 1
115 116 a 1
115 116 b 1
115 62 d 2
115 113 e 0
116 117 a 1
116 117 b 1
116 7 c 2
116 80 d 2
116 97 e 3
117 118 a 1
117 118 b 1
117 84 c 2
117 70 d 4
118 119 a 1
118 119 b 1
118 25 c 3
118 66 d 4
118 36 e 1
119 120 a 1
119 120 b 1
119 69 d 2
119 33 e 3
120 121 a 1
120 121 b 1
120 126 c 3
120 110 d 3
120 119 e 2
121 122 a 1
121 122 b 1
121 42 c 0
121 19 e 1
122 123 a 1
122 123 b 1
122 85 c 2
122 78 d 1
122 69 e 0
123 124 a 1
123 124 b 1
123 19 c 0
123 27 d 3
123 9 e 1
124 125 a 1
124 125 b 1
124 21 c 3
124 119 d 1
124 78 e 0
125 126 a 1
125 126 b 1
125 29 c 0
125 11 d 3
125 12 e 1
126 127 a 1
126 127 b 1
126 1 c 0
126 121 e 2
127 128 a 1
127 128 b 1
127 83 c 1
127 126 d 3
127 125 e 3
128 128 a 0
128 128 b 0
128 21 c 4
128 6 e 0

97 128 594 5 5 0
1 2 a 1
1 2 b 1
1 6 c 1
1 83 d 0
1 44 e 3
2 3 a 1
2 3 b 1
2 74 c 1
2 55 d 2
2 7 e 2
3 4 a 1
3 4 b 1
3 28 c 3
3 91 d 0
3 71 e 2
4 5 a 1
4 5 b 1
4 97 c 4
4 24 d 2
4 16 e 1
5 6 a 1
5 6 b 1
5 112 c 4
5 61 e 3
6 7 a 1
6 7 b 1
6 13 c 4
6 78 d 1
6 48 e 3
7 8 a 1
7 8 b 1
7 39 c 2
7 106 d 0
7 83 e 4
8 9 a 1
8 9 b 1
8 82 c 3
9 10 a 1
9 10 b 1
9 99 c 4
9 1 d 0
10 11 a 1
10 11 b 1
10 55 c 2
10 12 e 3
11 12 a 1
11 12 b 1
11 92 c 2
11 124 d 4
11 97 e 1
12 13 a 1
12 13 b 1
12 76 c 4
12 125 d 2
12 60 e 2
13 14 a 1
13 14 b 1
13 80 c 3
13 55 d 0
13 1 e 0
14 15 a 1
14 15 b 1
14 113 c 4
14 46 d 4
15 16 a 1
15 16 b 1
15 13 d 3
15 49 e 1
16 17 a 1
16 17 b 1
16 93 c 1
16 58 d 2
16 18 e 2
17 18 a 1
17 18 b 1
17 62 c 2
17 30 d 1
17 117 e 3
18 19 a 1
18 19 b 1
18 74 c 0
18 63 d 4
18 9 e 4
19 20 a 1
19 20 b 1
19 39 c 4
19 1 d 4
19 12 e 1
20 21 a 1
20 21 b 1
20 61 c 0
20 113 d 4
20 77 e 3
21 22 a 1
21 22 b 1
21 36 c 1
21 70 d 1
21 27 e 1
22 23 a 1
22 23 b 1
22 3 c 2
22 84 e 3
23 24 a 1
23 24 b 1
23 116 c 1
23 72 d 3
23 103 e 2
24 25 a 1
24 25 b 1
24 37 d 1
24 80 e 4
25 26 a 1
25 26 b 1
25 112 c 3
25 7 d 4
25 54 e 0
26 27 a 1
26 27 b 1
26 79 c 4
26 101 d 0
26 84 e 3
27 28 a 1
27 28 b 1
27 115 c 4
27 99 d 2
27 37 e 2
28 29 a 1
28 29 b 1
28 28 c 2
28 104 d 2
29 30 a 1
29 30 b 1
29 13 d 4
29 49 e 0
30 31 a 1
30 31 b 1
30 27 c 3
30 74 d 4
30 6 e 3
31 32 a 1
31 32 b 1
31 17 c 2
31 123 e 4
32 33 a 1
32 33 b 1
32 72 c 4
32 48 d 0
32 15 e 4
33 34 a 1
33 34 b 1
33 72 d 4
33 66 e 3
34 35 a 1
34 35 b 1
34 54 c 4
34 20 d 0
34 2 e 0
35 36 a 1
35 36 b 1
35 123 c 3
35 55 d 3
36 37 a 1
36 37 b 1
36 21 c 2
36 97 d 1
36 46 e 3
37 38 a 1
37 38 b 1
37 28 c 1
37 93 d 4
37 85 e 2
38 39 a 1
38 39 b 1
38 15 c 4
38 56 d 0
38 82 e 1
39 40 a 1
39 40 b 1
39 83 c 4
39 18 d 0
40 41 a 1
40 41 b 1
40 8 d 1
41 42 a 1
41 42 b 1
41 67 c 4
41 49 d 3
41 58 e 4
42 43 a 1
42 43 b 1
42 95 c 1
42 53 d 0
42 35 e 3
43 44 a 1
43 44 b 1
43 56 c 2
43 64 d 2
43 123 e 3
44 45 a 1
44 45 b 1
44 90 c 1
44 102 d 2
44 101 e 2
45 46 a 1
45 46 b 1
45 67 d 3
45 111 e 1
46 47 a 1
46 47 b 1
46 57 c 0
46 6 d 0
46 35 e 3
47 48 a 1
47 48 b 1
47 83 c 0
47 63 d 1
48 49 a 1
48 49 b 1
48 5 c 2
48 90 d 4
48 2 e 4
49 50 a 1
49 50 b 1
49 119 c 4
49 13 d 2
49 77 e 1
50 51 a 1
50 51 b 1
50 91 c 3
50 118 d 2
50 83 e 0
51 52 a 1
51 52 b 1
51 70 c 2
51 32 d 0
51 79 e 1
52 53 a 1
52 53 b 1
52 3 c 1
52 38 d 0
52 15 e 3
53 54 a 1
53 54 b 1
53 3 c 2
53 9 d 2
53 109 e 0
54 55 a 1
54 55 b 1
54 71 c 2
54 124 d 1
54 94 e 4
55 56 a 1
55 56 b 1
55 89 c 0
55 23 d 4
55 78 e 2
56 57 a 1
56 57 b 1
56 62 e 3
57 58 a 1
57 58 b 1
57 12 c 3
57 34 d 3
58 59 a 1
58 59 b 1
58 90 c 1
58 51 d 1
59 60 a 1
59 60 b 1
59 26 c 4
59 31 e 2
60 61 a 1
60 61 b 1
60 44 c 1
60 34 d 3
61 62 a 1
61 62 b 1
61 66 c 4
61 96 d 1
61 99 e 3
62 63 a 1
62 63 b 1
62 3 c 3
62 15 d 1
62 29 e 2
63 64 a 1
63 64 b 1
63 93 c 3
63 7 d 2
63 102 e 4
64 65 a 1
64 65 b 1
64 61 c 0
64 121 d 1
64 48 e 1
65 66 a 1
65 66 b 1
65 96 c 3
65 101 d 0
66 67 a 1
66 67 b 1
66 65 c 1
66 103 d 2
66 112 e 3
67 68 a 1
67 68 b 1
67 51 c 2
67 21 d 2
67 91 e 3
68 69 a 1
68 69 b 1
68 92 d 4
68 34 e 4
69 70 a 1
69 70 b 1
69 101 c 0
69 19 d 1
69 94 e 1
70 71 a 1
70 71 b 1
70 15 d 1
71 72 a 1
71 72 b 1
71 24 e 4
72 73 a 1
72 73 b 1
72 1 c 0
72 76 d 3
72 45 e 4
73 74 a 1
73 74 b 1
73 10 c 3
73 78 d 1
73 107 e 0
74 75 a 1
74 75 b 1
74 22 d 2
74 104 e 2
75 76 a 1
75 76 b 1
75 103 c 1
75 74 d 2
75 112 e 4
76 77 a 1
76 77 b 1
76 43 c 0
76 118 d 4
76 72 e 4
77 78 a 1
77 78 b 1
77 13 c 1
77 125 d 1
77 111 e 1
78 79 a 1
78 79 b 1
78 119 c 2
78 61 d 0
78 83 e 4
79 80 a 1
79 80 b 1
79 37 c 2
79 16 e 2
80 81 a 1
80 81 b 1
80 3 c 0
80 77 d 1
80 49 e 4
81 82 a 1
81 82 b 1
81 104 d 1
81 104 e 0
82 83 a 1
82 83 b 1
82 118 c 3
82 101 d 3
82 43 e 3
83 84 a 1
83 84 b 1
83 5 c 1
83 33 d 4
83 80 e 1
84 85 a 1
84 85 b 1
84 74 c 4
84 104 d 2
84 118 e 4
85 86 a 1
85 86 b 1
85 102 c 1
85 20 d 3
85 34 e 3
86 87 a 1
86 87 b 1
86 13 c 0
86 57 d 0
86 93 e 2
87 88 a 1
87 88 b 1
87 83 c 2
87 94 d 2
88 89 a 1
88 89 b 1
88 120 c 4
88 89 d 3
88 112 e 2
89 90 a 1
89 90 b 1
89 29 c 2
89 101 e 3
90 91 a 1
90 91 b 1
90 123 c 4
90 118 d 1
90 46 e 1
91 92 a 1
91 92 b 1
91 15 c 0
91 109 d 2
92 93 a 1
92 93 b 1
92 18 c 3
92 1 d 4
93 94 a 1
93 94 b 1
93 75 c 2
93 62 d 2
93 41 e 4
94 95 a 1
94 95 b 1
94 44 c 2
94 67 d 0
94 75 e 1
95 96 a 1
95 96 b 1
95 53 c 3
95 65 d 1
95 1 e 0
96 97 a 1
96 97 b 1
96 4 d 0
96 4 e 4
97 98 a 1
97 98 b 1
97 58 c 3
97 119 e 3
98 99 a 1
98 99 b 1
98 2 c 2
98 29 d 4
98 86 e 1
99 100 a 1
99 100 b 1
99 71 c 1
99 33 d 4
99 32 e 3
100 101 a 1
100 101 b 1
100 127 c 2
100 36 d 4
101 102 a 1
101 102 b 1
101 67 c 2
101 113 d 2
101 22 e 1
102 103 a 1
102 103 b 1
102 33 c 3
102 88 d 1
102 126 e 3
103 104 a 1
103 104 b 1
103 123 c 1
103 13 d 1
103 79 e 4
104 105 a 1
104 105 b 1
104 2 c 0
104 12 d 1
104 15 e 4
105 106 a 1
105 106 b 1
105 82 c 0
105 67 d 0
105 16 e 0
106 107 a 1
106 107 b 1
106 15 c 1
106 28 d 4
106 22 e 3
107 108 a 1
107 108 b 1
107 9 c 3
107 67 d 1
107 111 e 4
108 109 a 1
108 109 b 1
108 50 c 2
108 111 d 3
108 42 e 4
109 110 a 1
109 110 b 1
109 111 c 0
109 10 d 0
109 114 e 4
110 111 a 1
110 111 b 1
110 69 c 2
110 70 d 0
110 8 e 0
111 112 a 1
111 112 b 1
111 54 c 0
111 53 d 1
112 113 a 1
112 113 b 1
112 35 c 2
112 123 d 2
112 18 e 3
113 114 a 1
113 114 b 1
113 79 c 0
113 20 d 0
113 43 e 4
114 115 a 1
114 115 b 1
114 24 c 3
114 16 e 0
115 116 a 1
115 116 b 1
115 112 c 0
115 74 d 2
115 86 e 1
116 117 a 1
116 117 b 1
116 54 c 0
116 109 d 0
116 76 e 0
117 118 a 1
117 118 b 1
117 36 c 0
117 93 d 0
117 126 e 3
118 119 a 1
118 119 b 1
118 112 c 0
118 65 d 4
118 12 e 0
119 120 a 1
119 120 b 1
119 41 c 1
119 45 d 4
119 124 e 3
120 121 a 1
120 121 b 1
120 59 c 3
120 97 d 2
120 36 e 4
121 122 a 1
121 122 b 1
121 18 c 2
121 111 d 1
122 123 a 1
122 123 b 1
122 76 c 3
122 92 d 0
122 100 e 4
123 124 a 1
123 124 b 1
123 94 c 4
123 115 d 0
123 41 e 1
124 125 a 1
124 125 b 1
124 6 c 3
124 115 d 4
124 53 e 2
125 126 a 1
125 126 b 1
125 27 c 1
125 42 d 0
125 1 e 3
126 127 a 1
126 127 b 1
126 36 c 0
126 111 d 1
127 128 a 1
127 128 b 1
127 98 c 0
127 15 d 1
128 128 a 0
128 128 b 0
128 9 c 4
128 23 d 4
128 52 e 4

98 128 592 5 5 0
1 2 a 1
1 2 b 1
1 23 e 1
2 3 a 1
2 3 b 1
2 14 c 3
2 105 e 0
3 4 a 1
3 4 b 1
3 54 c 3
3 123 d 2
3 57 e 4
4 5 a 1
4 5 b 1
4 63 c 2
4 19 d 1
4 111 e 4
5 6 a 1
5 6 b 1
5 13 e 1
6 7 a 1
6 7 b 1
6 39 c 1
6 3 d 3
6 19 e 1
7 8 a 1
7 8 b 1
7 105 c 2
7 54 d 2
7 27 e 4
8 9 a 1
8 9 b 1
8 102 c 4
8 126 d 2
8 81 e 1
9 10 a 1
9 10 b 1
9 94 c 1
9 59 d 3
9 32 e 0
10 11 a 1
10 11 b 1
10 45 c 0
10 107 d 3
10 10 e 3
11 12 a 1
11 12 b 1
11 19 c 2
11 114 d 4
11 52 e 3
12 13 a 1
12 13 b 1
12 23 d 0
12 27 e 4
13 14 a 1
13 14 b 1
13 39 c 1
13 48 d 0
14 15 a 1
14 15 b 1
14 30 c 2
14 116 d 4
14 99 e 4
15 16 a 1
15 16 b 1
15 80 c 0
15 96 d 2
15 59 e 3
16 17 a 1
16 17 b 1
16 24 c 2
16 109 e 4
17 18 a 1
17 18 b 1
17 94 c 1
17 9 e 2
18 19 a 1
18 19 b 1
18 36 c 4
18 48 d 0
18 35 e 3
19 20 a 1
19 20 b 1
19 45 c 4
19 101 e 3
20 21 a 1
20 21 b 1
20 44 c 3
20 23 d 1
20 103 e 4
21 22 a 1
21 22 b 1
21 60 c 4
21 19 d 0
21 6 e 0
22 23 a 1
22 23 b 1
22 90 c 0
22 66 e 1
23 24 a 1
23 24 b 1
23 84 c 4
23 124 d 1
23 55 e 0
24 25 a 1
24 25 b 1
24 41 c 1
24 8 d 2
24 115 e 3
25 26 a 1
25 26 b 1
25 85 c 1
25 86 d 0
25 52 e 3
26 27 a 1
26 27 b 1
26 38 c 4
26 33 d 0
26 4 e 3
27 28 a 1
27 28 b 1
27 18 c 1
28 29 a 1
28 29 b 1
28 77 c 2
28 125 d 4
28 63 e 1
29 30 a 1
29 30 b 1
29 72 c 3
29 10 d 0
29 121 e 1
30 31 a 1
30 31 b 1
30 53 c 3
30 39 d 1
30 89 e 0
31 32 a 1
31 32 b 1
31 68 c 1
31 42 d 2
31 112 e 1
32 33 a 1
32 33 b 1
32 29 c 1
32 24 d 4
32 6 e 1
33 34 a 1
33 34 b 1
33 47 c 3
33 38 d 3
34 35 a 1
34 35 b 1
34 86 c 3
34 26 d 1
34 112 e 1
35 36 a 1
35 36 b 1
35 16 c 2
35 62 d 3
35 95 e 3
36 37 a 1
36 37 b 1
36 4 c 1
36 100 d 2
36 44 e 1
37 38 a 1
37 38 b 1
37 113 c 0
37 27 d 2
37 46 e 1
38 39 a 1
38 39 b 1
38 1 d 3
38 103 e 0
39 40 a 1
39 40 b 1
39 88 d 2
39 13 e 3
40 41 a 1
40 41 b 1
40 114 c 2
40 70 d 4
40 3 e 2
41 42 a 1
41 42 b 1
41 47 d 2
41 36 e 4
42 43 a 1
42 43 b 1
42 62 c 3
42 61 d 3
42 47 e 0
43 44 a 1
43 44 b 1
43 8 c 1
43 125 d 1
43 104 e 1
44 45 a 1
44 45 b 1
44 85 d 4
44 42 e 1
45 46 a 1
45 46 b 1
45 97 c 1
45 40 d 3
45 16 e 4
46 47 a 1
46 47 b 1
46 118 c 3
46 108 d 4
46 31 e 1
47 48 a 1
47 48 b 1
47 33 c 0
47 118 e 4
48 49 a 1
48 49 b 1
48 91 c 0
48 80 d 3
48 32 e 2
49 50 a 1
49 50 b 1
49 54 c 0
49 50 d 4
49 78 e 0
50 51 a 1
50 51 b 1
50 1 c 1
50 110 d 3
50 23 e 2
51 52 a 1
51 52 b 1
51 64 c 1
51 24 d 4
51 5 e 0
52 53 a 1
52 53 b 1
52 60 c 4
52 39 d 3
52 119 e 3
53 54 a 1
53 54 b 1
53 72 c 4
53 33 d 0
53 91 e 4
54 55 a 1
54 55 b 1
54 100 d 1
54 87 e 1
55 56 a 1
55 56 b 1
55 101 c 3
55 8 d 0
55 16 e 2
56 57 a 1
56 57 b 1
56 45 c 1
56 69 d 0
57 58 a 1
57 58 b 1
57 34 c 4
57 103 d 2
57 94 e 4
58 59 a 1
58 59 b 1
58 6 c 3
58 117 d 1
58 21 e 3
59 60 a 1
59 60 b 1
59 23 c 3
59 62 d 3
59 16 e 2
60 61 a 1
60 61 b 1
60 58 c 1
60 72 d 4
60 37 e 1
61 62 a 1
61 62 b 1
61 95 c 3
61 84 d 4
61 59 e 2
62 63 a 1
62 63 b 1
62 97 c 4
62 61 d 4
62 24 e 1
63 64 a 1
63 64 b 1
63 61 c 0
63 48 e 2
64 65 a 1
64 65 b 1
64 62 c 4
64 52 e 0
65 66 a 1
65 66 b 1
65 56 c 0
65 78 d 1
65 9 e 2
66 67 a 1
66 67 b 1
66 103 c 0
66 47 e 0
67 68 a 1
67 68 b 1
67 4 d 4
67 46 e 0
68 69 a 1
68 69 b 1
68 87 c 3
68 86 d 3
68 63 e 0
69 70 a 1
69 70 b 1
69 36 c 1
69 101 d 2
70 71 a 1
70 71 b 1
70 14 c 4
70 55 d 4
70 84 e 3
71 72 a 1
71 72 b 1
71 16 c 4
71 64 d 2
71 120 e 2
72 73 a 1
72 73 b 1
72 88 c 2
72 11 d 2
72 4 e 0
73 74 a 1
73 74 b 1
73 108 c 4
73 40 d 3
73 62 e 3
74 75 a 1
74 75 b 1
74 100 c 4
74 67 d 3
75 76 a 1
75 76 b 1
75 51 d 0
75 98 e 3
76 77 a 1
76 77 b 1
76 15 c 2
76 117 d 4
77 78 a 1
77 78 b 1
77 6 c 1
77 73 d 2
77 37 e 3
78 79 a 1
78 79 b 1
78 47 d 4
78 62 e 0
79 80 a 1
79 80 b 1
79 81 c 3
79 95 d 2
79 33 e 0
80 81 a 1
80 81 b 1
80 74 c 1
80 6 d 3
80 40 e 0
81 82 a 1
81 82 b 1
81 42 c 0
81 108 d 4
81 33 e 1
82 83 a 1
82 83 b 1
82 46 c 3
82 69 d 3
83 84 a 1
83 84 b 1
83 35 c 0
83 104 d 3
83 124 e 1
84 85 a 1
84 85 b 1
84 9 c 2
84 10 d 1
85 86 a 1
85 86 b 1
85 79 c 3
85 53 d 3
85 105 e 3
86 87 a 1
86 87 b 1
86 30 c 3
86 97 d 4
86 17 e 1
87 88 a 1
87 88 b 1
87 55 c 1
87 68 d 0
87 40 e 2
88 89 a 1
88 89 b 1
88 101 c 4
88 19 d 2
88 22 e 0
89 90 a 1
89 90 b 1
89 120 c 0
89 47 d 2
90 91 a 1
90 91 b 1
90 122 c 4
90 1 d 3
90 34 e 3
91 92 a 1
91 92 b 1
91 73 d 3
91 83 e 0
92 93 a 1
92 93 b 1
92 13 c 2
92 63 d 0
92 70 e 4
93 94 a 1
93 94 b 1
93 74 c 3
93 125 e 0
94 95 a 1
94 95 b 1
94 45 c 3
94 42 d 2
94 30 e 2
95 96 a 1
95 96 b 1
95 32 c 1
95 32 d 3
95 59 e 2
96 97 a 1
96 97 b 1
96 47 c 4
96 118 d 3
97 98 a 1
97 98 b 1
97 52 c 3
97 66 e 1
98 99 a 1
98 99 b 1
98 122 c 4
99 100 a 1
99 100 b 1
99 15 d 1
99 14 e 4
100 101 a 1
100 101 b 1
100 3 c 0
100 95 e 0
101 102 a 1
101 102 b 1
101 34 c 1
101 3 d 3
102 103 a 1
102 103 b 1
102 37 c 2
102 47 e 3
103 104 a 1
103 104 b 1
103 36 c 1
103 16 d 1
103 3 e 0
104 105 a 1
104 105 b 1
104 123 c 0
104 26 d 4
104 43 e 0
105 106 a 1
105 106 b 1
105 90 c 0
105 96 d 0
105 21 e 2
106 107 a 1
106 107 b 1
106 14 c 0
106 45 d 2
106 61 e 3
107 108 a 1
107 108 b 1
107 68 c 4
107 117 d 3
107 123 e 0
108 109 a 1
108 109 b 1
108 48 c 3
108 48 d 1
108 26 e 4
109 110 a 1
109 110 b 1
109 63 c 2
109 5 d 2
109 11 e 0
110 111 a 1
110 111 b 1
110 1 c 1
110 29 d 4
110 73 e 3
111 112 a 1
111 112 b 1
111 63 c 1
111 37 d 3
111 106 e 2
112 113 a 1
112 113 b 1
112 61 c 0
112 55 d 0
112 17 e 1
113 114 a 1
113 114 b 1
113 116 c 2
113 41 d 2
114 115 a 1
114 115 b 1
114 115 c 4
114 1 d 3
114 125 e 0
115 116 a 1
115 116 b 1
115 111 c 1
115 103 d 4
115 60 e 2
116 117 a 1
116 117 b 1
116 19 c 2
116 87 d 2
116 110 e 0
117 118 a 1
117 118 b 1
117 50 c 4
117 107 d 0
118 119 a 1
118 119 b 1
118 40 d 4
118 55 e 1
119 120 a 1
119 120 b 1
119 92 c 4
119 57 d 4
119 37 e 3
120 121 a 1
120 121 b 1
120 19 c 2
120 92 d 2
120 28 e 4
121 122 a 1
121 122 b 1
121 59 c 4
121 57 d 4
121 100 e 1
122 123 a 1
122 123 b 1
122 105 c 0
122 13 d 2
123 124 a 1
123 124 b 1
123 111 c 2
123 62 d 1
123 52 e 2
124 125 a 1
124 125 b 1
124 109 c 4
124 15 d 0
124 116 e 3
125 126 a 1
125 126 b 1
125 61 c 2
125 58 d 4
125 124 e 4
126 127 a 1
126 127 b 1
126 96 c 4
126 67 d 2
126 7 e 0
127 128 a 1
127 128 b 1
127 32 c 1
127 89 d 2
127 100 e 2
128 128 a 0
128 128 b 0
128 10 d 3
128 124 e 2

99 128 601 5 5 0
1 2 a 1
1 2 b 1
1 19 c 4
1 65 d 0
1 13 e 3
2 3 a 1
2 3 b 1
2 29 c 0
2 50 d 0
2 16 e 1
3 4 a 1
3 4 b 1
3 30 c 1
3 87 e 2
4 5 a 1
4 5 b 1
4 61 c 0
4 60 d 1
4 125 e 0
5 6 a 1
5 6 b 1
5 98 c 4
5 58 d 3
5 38 e 3
6 7 a 1
6 7 b 1
6 40 c 2
6 45 d 1
6 102 e 2
7 8 a 1
7 8 b 1
7 127 c 0
7 106 d 3
7 29 e 4
8 9 a 1
8 9 b 1
8 122 c 1
8 2 d 2
8 69 e 3
9 10 a 1
9 10 b 1
9 2 c 3
9 63 d 2
9 120 e 1
10 11 a 1
10 11 b 1
10 30 d 3
10 101 e 3
11 12 a 1
11 12 b 1
11 93 c 1
11 20 d 0
11 50 e 2
12 13 a 1
12 13 b 1
12 83 d 3
12 95 e 4
13 14 a 1
13 14 b 1
13 47 e 2
14 15 a 1
14 15 b 1
14 75 c 0
14 8 d 2
14 2 e 1
15 16 a 1
15 16 b 1
15 98 c 1
15 10 d 2
15 127 e 4
16 17 a 1
16 17 b 1
16 39 d 1
16 13 e 1
17 18 a 1
17 18 b 1
17 37 c 2
17 123 d 0
17 49 e 3
18 19 a 1
18 19 b 1
18 65 c 3
18 39 d 0
18 57 e 3
19 20 a 1
19 20 b 1
19 122 c 2
19 85 d 3
19 87 e 1
20 21 a 1
20 21 b 1
20 83 c 4
20 13 e 3
21 22 a 1
21 22 b 1
21 72 c 3
21 102 d 1
21 86 e 1
22 23 a 1
22 23 b 1
22 29 c 1
22 13 d 4
22 116 e 4
23 24 a 1
23 24 b 1
23 103 c 4
23 12 d 1
23 125 e 3
24 25 a 1
24 25 b 1
24 13 c 0
24 126 d 2
24 122 e 3
25 26 a 1
25 26 b 1
25 47 c 2
25 122 d 4
25 78 e 3
26 27 a 1
26 27 b 1
26 48 c 1
26 61 d 0
26 120 e 3
27 28 a 1
27 28 b 1
27 117 c 4
27 83 e 4
28 29 a 1
28 29 b 1
28 62 c 2
28 22 d 2
28 112 e 4
29 30 a 1
29 30 b 1
29 14 c 2
29 34 d 2
29 55 e 3
30 31 a 1
30 31 b 1
30 55 c 2
30 16 d 2
31 32 a 1
31 32 b 1
31 108 c 4
32 33 a 1
32 33 b 1
32 103 c 1
32 98 d 4
32 45 e 3
33 34 a 1
33 34 b 1
33 110 d 0
33 71 e 4
34 35 a 1
34 35 b 1
34 31 c 1
34 112 d 4
34 101 e 1
35 36 a 1
35 36 b 1
35 104 c 4
35 23 d 1
35 90 e 4
36 37 a 1
36 37 b 1
36 2 c 1
36 46 d 1
36 90 e 2
37 38 a 1
37 38 b 1
37 80 c 4
37 113 d 0
37 60 e 2
38 39 a 1
38 39 b 1
38 27 c 4
38 111 d 2
38 121 e 3
39 40 a 1
39 40 b 1
39 16 c 3
39 40 d 3
39 107 e 3
40 41 a 1
40 41 b 1
40 73 c 1
40 80 d 2
40 119 e 1
41 42 a 1
41 42 b 1
41 63 c 2
41 70 d 2
41 106 e 2
42 43 a 1
42 43 b 1
42 75 c 0
42 72 d 2
42 40 e 1
43 44 a 1
43 44 b 1
43 21 c 0
43 21 d 2
43 14 e 3
44 45 a 1
44 45 b 1
44 97 c 4
44 122 d 3
44 18 e 2
45 46 a 1
45 46 b 1
45 44 d 3
46 47 a 1
46 47 b 1
46 51 c 1
46 111 e 2
47 48 a 1
47 48 b 1
47 33 c 3
47 47 e 0
48 49 a 1
48 49 b 1
48 4 c 2
48 96 d 1
48 57 e 0
49 50 a 1
49 50 b 1
49 110 c 2
49 57 d 0
49 116 e 4
50 51 a 1
50 51 b 1
50 108 c 2
50 17 d 0
50 76 e 1
51 52 a 1
51 52 b 1
51 2 c 0
51 18 d 0
51 98 e 3
52 53 a 1
52 53 b 1
52 22 c 2
52 17 d 2
52 74 e 0
53 54 a 1
53 54 b 1
53 127 c 0
53 123 d 4
53 94 e 1
54 55 a 1
54 55 b 1
54 118 c 1
54 52 d 1
54 38 e 2
55 56 a 1
55 56 b 1
55 105 c 3
55 10 d 0
56 57 a 1
56 57 b 1
56 127 c 0
56 5 d 0
56 7 e 1
57 58 a 1
57 58 b 1
57 94 c 2
57 81 d 1
57 127 e 1
58 59 a 1
58 59 b 1
58 114 d 3
58 49 e 3
59 60 a 1
59 60 b 1
59 14 c 4
59 59 d 2
59 123 e 0
60 61 a 1
60 61 b 1
60 76 c 3
60 30 d 3
61 62 a 1
61 62 b 1
61 69 c 3
61 123 d 0
62 63 a 1
62 63 b 1
62 37 c 3
62 88 d 0
62 97 e 1
63 64 a 1
63 64 b 1
63 33 c 1
63 97 d 1
63 124 e 1
64 65 a 1
64 65 b 1
64 40 c 1
64 10 d 2
64 71 e 4
65 66 a 1
65 66 b 1
65 105 c 0
65 55 d 1
65 13 e 4
66 67 a 1
66 67 b 1
66 34 c 4
66 84 d 3
66 105 e 4
67 68 a 1
67 68 b 1
67 20 c 1
67 71 d 3
67 62 e 2
68 69 a 1
68 69 b 1
68 103 d 2
68 107 e 3
69 70 a 1
69 70 b 1
69 49 c 0
69 91 d 4
69 96 e 2
70 71 a 1
70 71 b 1
70 85 c 1
70 100 d 3
70 56 e 2
71 72 a 1
71 72 b 1
71 106 c 4
71 62 d 0
71 61 e 1
72 73 a 1
72 73 b 1
72 13 c 2
72 39 d 0
72 35 e 4
73 74 a 1
73 74 b 1
73 61 c 2
73 116 d 0
74 75 a 1
74 75 b 1
74 53 c 1
74 1 d 1
75 76 a 1
75 76 b 1
75 70 c 0
75 117 e 0
76 77 a 1
76 77 b 1
76 50 c 1
76 17 d 0
76 108 e 2
77 78 a 1
77 78 b 1
77 102 c 1
77 109 d 3
78 79 a 1
78 79 b 1
78 77 c 4
78 38 d 2
78 97 e 1
79 80 a 1
79 80 b 1
79 95 c 2
79 74 d 1
79 124 e 1
80 81 a 1
80 81 b 1
80 122 c 4
80 123 d 0
80 53 e 2
81 82 a 1
81 82 b 1
81 27 c 2
81 12 e 3
82 83 a 1
82 83 b 1
82 26 c 3
82 49 d 2
82 121 e 3
83 84 a 1
83 84 b 1
83 39 c 3
83 55 d 2
83 36 e 2
84 85 a 1
84 85 b 1
84 118 c 1
84 18 d 3
84 101 e 2
85 86 a 1
85 86 b 1
85 51 d 3
85 75 e 1
86 87 a 1
86 87 b 1
86 23 d 2
86 46 e 2
87 88 a 1
87 88 b 1
87 33 c 4
87 16 d 1
87 89 e 4
88 89 a 1
88 89 b 1
88 112 c 0
88 71 d 0
88 98 e 4
89 90 a 1
89 90 b 1
89 58 c 0
89 85 d 3
90 91 a 1
90 91 b 1
90 74 c 1
90 46 d 4
90 5 e 3
91 92 a 1
91 92 b 1
91 77 c 3
91 92 d 4
91 99 e 4
92 93 a 1
92 93 b 1
92 72 c 1
92 121 e 3
93 94 a 1
93 94 b 1
93 11 c 0
93 5 d 0
93 79 e 2
94 95 a 1
94 95 b 1
94 22 c 0
94 124 d 0
94 78 e 0
95 96 a 1
95 96 b 1
95 60 c 1
95 125 e 3
96 97 a 1
96 97 b 1
96 83 c 3
96 96 d 3
96 46 e 0
97 98 a 1
97 98 b 1
97 41 c 4
97 77 d 2
97 33 e 4
98 99 a 1
98 99 b 1
98 68 c 0
98 103 d 0
98 20 e 4
99 100 a 1
99 100 b 1
99 11 c 3
99 64 d 4
99 48 e 3
100 101 a 1
100 101 b 1
100 24 c 1
100 91 d 3
100 92 e 2
101 102 a 1
101 102 b 1
101 23 c 1
101 80 d 4
102 103 a 1
102 103 b 1
102 14 c 0
102 24 d 1
102 59 e 2
103 104 a 1
103 104 b 1
103 84 c 1
103 59 d 4
103 62 e 3
104 105 a 1
104 105 b 1
104 127 c 2
104 4 d 0
104 124 e 0
105 106 a 1
105 106 b 1
105 34 c 2
105 84 d 3
105 96 e 1
106 107 a 1
106 107 b 1
106 27 c 4
106 78 d 4
106 65 e 0
107 108 a 1
107 108 b 1
107 32 c 3
107 34 d 2
108 109 a 1
108 109 b 1
108 111 c 1
108 122 d 1
108 47 e 0
109 110 a 1
109 110 b 1
109 19 c 4
109 125 d 1
109 11 e 2
110 111 a 1
110 111 b 1
110 74 c 4
110 1 e 3
111 112 a 1
111 112 b 1
111 67 d 0
111 63 e 2
112 113 a 1
112 113 b 1
112 36 c 1
112 28 d 3
112 101 e 2
113 114 a 1
113 114 b 1
113 52 c 0
113 109 d 3
113 22 e 4
114 115 a 1
114 115 b 1
114 97 c 4
114 15 d 4
115 116 a 1
115 116 b 1
115 67 c 0
115 118 d 2
115 83 e 2
116 117 a 1
116 117 b 1
116 126 c 3
116 54 d 4
116 65 e 4
117 118 a 1
117 118 b 1
117 45 c 1
117 102 d 4
117 87 e 1
118 119 a 1
118 119 b 1
118 35 c 0
118 77 d 2
118 41 e 2
119 120 a 1
119 120 b 1
119 76 c 4
119 70 d 3
119 31 e 1
120 121 a 1
120 121 b 1
120 127 c 0
120 19 d 1
120 2 e 1
121 122 a 1
121 122 b 1
121 52 c 4
121 106 d 2
121 116 e 4
122 123 a 1
122 123 b 1
122 84 c 3
122 120 e 4
123 124 a 1
123 124 b 1
123 37 d 1
123 119 e 0
124 125 a 1
124 125 b 1
124 97 c 4
124 30 d 3
124 113 e 3
125 126 a 1
125 126 b 1
125 84 c 2
125 11 d 3
125 47 e 1
126 127 a 1
126 127 b 1
126 53 c 2
126 14 d 0
126 4 e 1
127 128 a 1
127 128 b 1
127 23 c 4
127 41 d 2
127 113 e 1
128 128 a 0
128 128 b 0
128 4 c 2
128 25 d 1

