0 128 640 5 5 0
1 2 a 3
1 2 b 2
1 6 c 1
1 93 d 0
1 75 e 0
2 3 a 2
2 3 b 3
2 50 c 2
2 105 d 2
2 42 e 4
3 4 a 0
3 4 b 1
3 34 c 2
3 123 d 3
3 29 e 0
4 5 a 0
4 5 b 1
4 9 c 2
4 106 d 2
4 76 e 0
5 6 a 2
5 6 b 0
5 33 c 0
5 55 d 4
5 34 e 4
6 7 a 4
6 7 b 2
6 37 c 4
6 1 d 0
6 76 e 1
7 8 a 4
7 8 b 3
7 88 c 1
7 14 d 4
7 62 e 4
8 9 a 2
8 9 b 3
8 125 c 3
8 73 d 0
8 46 e 1
9 10 a 0
9 10 b 2
9 93 c 1
9 62 d 3
9 23 e 3
10 11 a 4
10 11 b 2
10 68 c 4
10 32 d 3
10 56 e 2
11 12 a 0
11 12 b 0
11 4 c 2
11 68 d 3
11 18 e 4
12 13 a 0
12 13 b 0
12 113 c 1
12 35 d 2
12 109 e 4
13 14 a 1
13 14 b 2
13 99 c 3
13 92 d 1
13 83 e 4
14 15 a 4
14 15 b 1
14 55 c 1
14 47 d 1
14 19 e 2
15 16 a 2
15 16 b 3
15 78 c 1
15 3 d 0
15 64 e 3
16 17 a 2
16 17 b 1
16 12 c 2
16 98 d 2
16 48 e 3
17 18 a 3
17 18 b 2
17 90 c 2
17 120 d 1
17 126 e 0
18 19 a 4
18 19 b 1
18 37 c 1
18 23 d 2
18 8 e 0
19 20 a 2
19 20 b 1
19 93 c 0
19 53 d 2
19 113 e 4
20 21 a 1
20 21 b 2
20 119 c 3
20 108 d 2
20 31 e 1
21 22 a 2
21 22 b 2
21 107 c 4
21 121 d 1
21 63 e 4
22 23 a 0
22 23 b 0
22 55 c 1
22 62 d 3
22 60 e 4
23 24 a 1
23 24 b 2
23 90 c 2
23 65 d 3
23 76 e 4
24 25 a 4
24 25 b 1
24 89 c 1
24 43 d 4
24 100 e 4
25 26 a 2
25 26 b 0
25 62 c 3
25 73 d 0
25 62 e 0
26 27 a 1
26 27 b 2
26 20 c 1
26 14 d 3
26 90 e 1
27 28 a 0
27 28 b 1
27 108 c 2
27 15 d 2
27 122 e 2
28 29 a 3
28 29 b 1
28 91 c 0
28 5 d 2
28 36 e 2
29 30 a 1
29 30 b 2
29 122 c 2
29 79 d 2
29 36 e 0
30 31 a 3
30 31 b 4
30 100 c 0
30 110 d 0
30 8 e 3
31 32 a 3
31 32 b 2
31 60 c 2
31 7 d 3
31 34 e 4
32 33 a 0
32 33 b 2
32 37 c 3
32 100 d 1
32 10 e 3
33 34 a 1
33 34 b 1
33 71 c 2
33 115 d 2
33 25 e 1
34 35 a 0
34 35 b 0
34 81 c 0
34 69 d 3
34 110 e 1
35 36 a 4
35 36 b 4
35 113 c 2
35 17 d 3
35 109 e 4
36 37 a 3
36 37 b 4
36 94 c 4
36 47 d 3
36 59 e 3
37 38 a 0
37 38 b 2
37 79 c 0
37 29 d 2
37 68 e 0
38 39 a 3
38 39 b 1
38 1 c 0
38 125 d 2
38 54 e 1
39 40 a 0
39 40 b 4
39 52 c 0
39 21 d 1
39 3 e 4
40 41 a 3
40 41 b 0
40 46 c 1
40 78 d 0
40 98 e 0
41 42 a 0
41 42 b 2
41 55 c 4
41 53 d 1
41 78 e 0
42 43 a 1
42 43 b 0
42 28 c 4
42 125 d 0
42 5 e 2
43 44 a 0
43 44 b 0
43 45 c 2
43 123 d 4
43 11 e 1
44 45 a 0
44 45 b 4
44 63 c 4
44 40 d 1
44 37 e 1
45 46 a 3
45 46 b 3
45 42 c 1
45 35 d 3
45 94 e 4
46 47 a 2
46 47 b 2
46 75 c 3
46 45 d 3
46 6 e 3
47 48 a 2
47 48 b 2
47 3 c 1
47 43 d 0
47 45 e 2
48 49 a 1
48 49 b 3
48 54 c 4
48 39 d 0
48 44 e 4
49 50 a 3
49 50 b 4
49 78 c 1
49 79 d 2
49 29 e 4
50 51 a 0
50 51 b 3
50 54 c 0
50 117 d 4
50 94 e 1
51 52 a 1
51 52 b 3
51 95 c 3
51 13 d 3
51 19 e 2
52 53 a 2
52 53 b 3
52 62 c 1
52 50 d 0
52 32 e 4
53 54 a 2
53 54 b 0
53 75 c 1
53 34 d 2
53 51 e 2
54 55 a 1
54 55 b 0
54 4 c 2
54 61 d 1
54 56 e 3
55 56 a 4
55 56 b 3
55 104 c 0
55 10 d 2
55 98 e 4
56 57 a 3
56 57 b 3
56 125 c 3
56 49 d 4
56 41 e 2
57 58 a 2
57 58 b 4
57 74 c 1
57 2 d 1
57 71 e 2
58 59 a 4
58 59 b 1
58 93 c 3
58 109 d 2
58 58 e 3
59 60 a 0
59 60 b 0
59 71 c 2
59 8 d 0
59 69 e 4
60 61 a 1
60 61 b 0
60 27 c 4
60 13 d 0
60 110 e 2
61 62 a 2
61 62 b 4
61 115 c 1
61 88 d 0
61 1 e 3
62 63 a 3
62 63 b 3
62 107 c 4
62 109 d 0
62 12 e 0
63 64 a 3
63 64 b 4
63 35 c 3
63 112 d 3
63 98 e 0
64 65 a 0
64 65 b 2
64 65 c 0
64 44 d 0
64 24 e 2
65 66 a 4
65 66 b 2
65 109 c 0
65 13 d 4
65 10 e 4
66 67 a 0
66 67 b 0
66 83 c 1
66 37 d 1
66 87 e 4
67 68 a 1
67 68 b 2
67 37 c 2
67 43 d 3
67 97 e 3
68 69 a 3
68 69 b 0
68 23 c 2
68 119 d 2
68 78 e 2
69 70 a 0
69 70 b 0
69 97 c 0
69 7 d 0
69 10 e 4
70 71 a 3
70 71 b 4
70 64 c 4
70 126 d 3
70 67 e 0
71 72 a 3
71 72 b 4
71 117 c 3
71 32 d 4
71 107 e 4
72 73 a 3
72 73 b 1
72 68 c 2
72 86 d 1
72 57 e 4
73 74 a 2
73 74 b 3
73 118 c 1
73 48 d 0
73 40 e 0
74 75 a 3
74 75 b 1
74 88 c 0
74 94 d 0
74 119 e 4
75 76 a 4
75 76 b 2
75 58 c 4
75 54 d 2
75 40 e 0
76 77 a 0
76 77 b 0
76 113 c 0
76 50 d 4
76 1 e 0
77 78 a 0
77 78 b 1
77 85 c 4
77 111 d 4
77 13 e 3
78 79 a 3
78 79 b 3
78 67 c 3
78 47 d 1
78 28 e 3
79 80 a 0
79 80 b 4
79 28 c 4
79 87 d 2
79 63 e 3
80 81 a 0
80 81 b 4
80 69 c 3
80 113 d 0
80 77 e 3
81 82 a 1
81 82 b 4
81 37 c 3
81 43 d 4
81 97 e 2
82 83 a 4
82 83 b 1
82 42 c 2
82 87 d 0
82 89 e 2
83 84 a 4
83 84 b 2
83 69 c 2
83 106 d 3
83 88 e 2
84 85 a 0
84 85 b 3
84 105 c 3
84 125 d 1
84 69 e 2
85 86 a 2
85 86 b 3
85 15 c 0
85 78 d 4
85 75 e 4
86 87 a 2
86 87 b 2
86 53 c 1
86 64 d 3
86 87 e 4
87 88 a 3
87 88 b 4
87 90 c 3
87 86 d 2
87 29 e 2
88 89 a 4
88 89 b 3
88 4 c 0
88 60 d 1
88 19 e 4
89 90 a 0
89 90 b 4
89 59 c 3
89 63 d 3
89 115 e 3
90 91 a 1
90 91 b 3
90 11 c 2
90 80 d 1
90 61 e 0
91 92 a 1
91 92 b 3
91 6 c 3
91 5 d 4
91 52 e 4
92 93 a 0
92 93 b 4
92 63 c 0
92 24 d 0
92 92 e 3
93 94 a 0
93 94 b 0
93 80 c 1
93 102 d 3
93 2 e 1
94 95 a 4
94 95 b 1
94 85 c 2
94 113 d 1
94 52 e 2
95 96 a 1
95 96 b 3
95 111 c 1
95 94 d 3
95 69 e 1
96 97 a 0
96 97 b 2
96 66 c 4
96 120 d 4
96 75 e 3
97 98 a 0
97 98 b 3
97 119 c 0
97 43 d 3
97 32 e 1
98 99 a 0
98 99 b 4
98 58 c 4
98 10 d 1
98 100 e 3
99 100 a 4
99 100 b 1
99 61 c 0
99 73 d 1
99 121 e 2
100 101 a 2
100 101 b 0
100 52 c 4
100 67 d 4
100 5 e 2
101 102 a 0
101 102 b 2
101 87 c 0
101 118 d 1
101 116 e 1
102 103 a 2
102 103 b 2
102 99 c 2
102 2 d 2
102 116 e 1
103 104 a 4
103 104 b 3
103 25 c 2
103 46 d 0
103 119 e 2
104 105 a 3
104 105 b 2
104 61 c 3
104 99 d 2
104 53 e 3
105 106 a 2
105 106 b 2
105 25 c 0
105 47 d 0
105 39 e 1
106 107 a 0
106 107 b 2
106 119 c 0
106 67 d 3
106 13 e 3
107 108 a 2
107 108 b 0
107 43 c 4
107 117 d 3
107 104 e 3
108 109 a 3
108 109 b 3
108 6 c 0
108 63 d 3
108 1 e 1
109 110 a 0
109 110 b 2
109 100 c 1
109 62 d 3
109 96 e 2
110 111 a 2
110 111 b 2
110 31 c 4
110 52 d 1
110 86 e 1
111 112 a 4
111 112 b 4
111 26 c 3
111 7 d 4
111 116 e 1
112 113 a 4
112 113 b 3
112 55 c 1
112 63 d 2
112 17 e 1
113 114 a 2
113 114 b 2
113 97 c 3
113 11 d 0
113 72 e 2
114 115 a 1
114 115 b 2
114 3 c 1
114 61 d 3
114 120 e 4
115 116 a 1
115 116 b 0
115 14 c 1
115 74 d 0
115 66 e 4
116 117 a 4
116 117 b 3
116 120 c 1
116 75 d 1
116 14 e 3
117 118 a 0
117 118 b 1
117 55 c 3
117 127 d 3
117 7 e 2
118 119 a 3
118 119 b 1
118 74 c 3
118 70 d 1
118 26 e 4
119 120 a 1
119 120 b 2
119 49 c 2
119 39 d 1
119 123 e 4
120 121 a 3
120 121 b 4
120 111 c 3
120 75 d 2
120 32 e 3
121 122 a 1
121 122 b 3
121 15 c 0
121 128 d 0
121 68 e 0
122 123 a 0
122 123 b 0
122 29 c 2
122 55 d 2
122 101 e 0
123 124 a 4
123 124 b 2
123 40 c 4
123 6 d 2
123 70 e 4
124 125 a 3
124 125 b 2
124 71 c 3
124 39 d 0
124 110 e 0
125 126 a 2
125 126 b 0
125 17 c 4
125 119 d 2
125 40 e 1
126 127 a 3
126 127 b 0
126 35 c 3
126 120 d 2
126 1 e 2
127 128 a 1
127 128 b 3
127 30 c 2
127 80 d 2
127 76 e 3
128 1 a 2
128 1 b 2
128 38 c 1
128 71 d 3
128 33 e 0

1 128 640 5 5 0
1 2 a 2
1 2 b 3
1 100 c 4
1 77 d 2
1 90 e 3
2 3 a 4
2 3 b 3
2 5 c 0
2 114 d 4
2 21 e 1
3 4 a 0
3 4 b 0
3 57 c 2
3 107 d 2
3 53 e 0
4 5 a 0
4 5 b 1
4 53 c 2
4 20 d 1
4 96 e 2
5 6 a 4
5 6 b 0
5 49 c 0
5 104 d 3
5 2 e 1
6 7 a 2
6 7 b 1
6 106 c 0
6 11 d 4
6 73 e 4
7 8 a 2
7 8 b 2
7 33 c 0
7 65 d 1
7 40 e 4
8 9 a 4
8 9 b 2
8 27 c 3
8 116 d 4
8 84 e 2
9 10 a 1
9 10 b 2
9 31 c 0
9 50 d 4
9 74 e 2
10 11 a 4
10 11 b 3
10 123 c 3
10 44 d 0
10 70 e 4
11 12 a 3
11 12 b 3
11 127 c 0
11 57 d 3
11 77 e 4
12 13 a 0
12 13 b 3
12 128 c 3
12 80 d 0
12 37 e 0
13 14 a 2
13 14 b 3
13 87 c 0
13 18 d 1
13 88 e 3
14 15 a 2
14 15 b 0
14 96 c 2
14 62 d 3
14 52 e 3
15 16 a 4
15 16 b 0
15 123 c 2
15 58 d 2
15 77 e 4
16 17 a 4
16 17 b 2
16 14 c 4
16 17 d 2
16 122 e 4
17 18 a 2
17 18 b 1
17 128 c 2
17 111 d 0
17 84 e 0
18 19 a 1
18 19 b 4
18 64 c 2
18 39 d 2
18 59 e 0
19 20 a 3
19 20 b 3
19 60 c 1
19 46 d 2
19 80 e 0
20 21 a 3
20 21 b 3
20 107 c 1
20 29 d 2
20 123 e 3
21 22 a 0
21 22 b 3
21 67 c 0
21 51 d 2
21 103 e 4
22 23 a 2
22 23 b 4
22 67 c 2
22 81 d 3
22 1 e 4
23 24 a 3
23 24 b 4
23 107 c 3
23 124 d 3
23 125 e 1
24 25 a 1
24 25 b 3
24 63 c 0
24 94 d 3
24 82 e 3
25 26 a 2
25 26 b 4
25 72 c 0
25 69 d 2
25 57 e 1
26 27 a 4
26 27 b 4
26 18 c 3
26 34 d 0
26 49 e 3
27 28 a 3
27 28 b 2
27 47 c 0
27 12 d 2
27 125 e 2
28 29 a 4
28 29 b 3
28 51 c 1
28 59 d 2
28 36 e 0
29 30 a 2
29 30 b 4
29 54 c 4
29 13 d 0
29 113 e 3
30 31 a 3
30 31 b 2
30 85 c 3
30 4 d 1
30 113 e 0
31 32 a 2
31 32 b 2
31 49 c 1
31 70 d 4
31 120 e 1
32 33 a 2
32 33 b 2
32 110 c 0
32 27 d 2
32 28 e 1
33 34 a 4
33 34 b 4
33 54 c 0
33 115 d 4
33 55 e 0
34 35 a 4
34 35 b 1
34 51 c 2
34 94 d 3
34 105 e 0
35 36 a 2
35 36 b 2
35 25 c 2
35 18 d 1
35 21 e 1
36 37 a 4
36 37 b 1
36 25 c 2
36 104 d 2
36 95 e 3
37 38 a 0
37 38 b 1
37 111 c 0
37 95 d 1
37 53 e 4
38 39 a 4
38 39 b 2
38 85 c 2
38 23 d 1
38 67 e 3
39 40 a 4
39 40 b 4
39 14 c 2
39 88 d 0
39 124 e 2
40 41 a 2
40 41 b 0
40 92 c 4
40 9 d 4
40 24 e 3
41 42 a 0
41 42 b 3
41 10 c 3
41 57 d 0
41 16 e 1
42 43 a 4
42 43 b 1
42 99 c 1
42 25 d 2
42 36 e 2
43 44 a 4
43 44 b 2
43 56 c 1
43 128 d 3
43 86 e 3
44 45 a 1
44 45 b 3
44 94 c 2
44 102 d 1
44 109 e 4
45 46 a 1
45 46 b 4
45 46 c 2
45 105 d 1
45 115 e 0
46 47 a 3
46 47 b 0
46 4 c 1
46 75 d 4
46 54 e 1
47 48 a 4
47 48 b 2
47 64 c 4
47 114 d 2
47 75 e 0
48 49 a 1
48 49 b 2
48 72 c 3
48 103 d 0
48 6 e 3
49 50 a 2
49 50 b 4
49 4 c 0
49 87 d 0
49 4 e 4
50 51 a 0
50 51 b 1
50 96 c 1
50 21 d 3
50 33 e 0
51 52 a 2
51 52 b 0
51 78 c 0
51 22 d 2
51 2 e 4
52 53 a 3
52 53 b 3
52 65 c 2
52 116 d 3
52 12 e 3
53 54 a 0
53 54 b 2
53 51 c 2
53 108 d 0
53 107 e 0
54 55 a 4
54 55 b 0
54 32 c 1
54 95 d 0
54 13 e 3
55 56 a 1
55 56 b 3
55 9 c 4
55 84 d 3
55 36 e 1
56 57 a 4
56 57 b 1
56 114 c 3
56 117 d 4
56 39 e 0
57 58 a 0
57 58 b 1
57 100 c 3
57 14 d 2
57 81 e 4
58 59 a 1
58 59 b 3
58 108 c 2
58 17 d 0
58 33 e 2
59 60 a 0
59 60 b 1
59 26 c 0
59 21 d 3
59 88 e 1
60 61 a 2
60 61 b 1
60 3 c 2
60 82 d 0
60 126 e 3
61 62 a 4
61 62 b 0
61 63 c 3
61 38 d 1
61 94 e 0
62 63 a 3
62 63 b 2
62 107 c 3
62 20 d 4
62 5 e 3
63 64 a 1
63 64 b 4
63 40 c 0
63 63 d 1
63 71 e 3
64 65 a 4
64 65 b 0
64 27 c 0
64 115 d 4
64 58 e 0
65 66 a 4
65 66 b 4
65 107 c 2
65 29 d 0
65 57 e 3
66 67 a 1
66 67 b 0
66 70 c 4
66 78 d 2
66 98 e 4
67 68 a 1
67 68 b 2
67 92 c 0
67 60 d 0
67 24 e 0
68 69 a 1
68 69 b 1
68 98 c 1
68 64 d 3
68 2 e 1
69 70 a 4
69 70 b 2
69 17 c 1
69 89 d 0
69 11 e 3
70 71 a 3
70 71 b 0
70 37 c 3
70 40 d 1
70 96 e 4
71 72 a 4
71 72 b 2
71 94 c 3
71 114 d 3
71 116 e 3
72 73 a 0
72 73 b 1
72 2 c 4
72 34 d 0
72 127 e 0
73 74 a 4
73 74 b 4
73 88 c 2
73 68 d 2
73 123 e 0
74 75 a 4
74 75 b 4
74 46 c 1
74 10 d 3
74 38 e 1
75 76 a 1
75 76 b 1
75 85 c 2
75 75 d 3
75 3 e 2
76 77 a 3
76 77 b 0
76 32 c 0
76 127 d 0
76 89 e 0
77 78 a 3
77 78 b 2
77 105 c 1
77 69 d 2
77 50 e 2
78 79 a 3
78 79 b 4
78 12 c 4
78 93 d 1
78 93 e 2
79 80 a 2
79 80 b 1
79 106 c 3
79 46 d 0
79 108 e 4
80 81 a 1
80 81 b 0
80 103 c 0
80 65 d 1
80 55 e 1
81 82 a 3
81 82 b 4
81 107 c 0
81 67 d 3
81 87 e 1
82 83 a 0
82 83 b 0
82 101 c 1
82 7 d 4
82 44 e 1
83 84 a 1
83 84 b 2
83 68 c 3
83 2 d 0
83 88 e 1
84 85 a 0
84 85 b 4
84 124 c 0
84 78 d 1
84 65 e 4
85 86 a 1
85 86 b 2
85 7 c 1
85 40 d 4
85 19 e 0
86 87 a 4
86 87 b 2
86 98 c 1
86 114 d 2
86 60 e 1
87 88 a 2
87 88 b 1
87 12 c 4
87 49 d 0
87 110 e 0
88 89 a 0
88 89 b 0
88 10 c 1
88 16 d 3
88 33 e 2
89 90 a 0
89 90 b 4
89 101 c 0
89 91 d 0
89 14 e 4
90 91 a 4
90 91 b 1
90 42 c 3
90 4 d 3
90 52 e 0
91 92 a 3
91 92 b 2
91 105 c 2
91 34 d 0
91 87 e 4
92 93 a 0
92 93 b 3
92 55 c 3
92 109 d 0
92 124 e 3
93 94 a 2
93 94 b 3
93 44 c 3
93 68 d 0
93 111 e 1
94 95 a 4
94 95 b 4
94 102 c 1
94 39 d 2
94 61 e 3
95 96 a 0
95 96 b 4
95 4 c 2
95 61 d 4
95 58 e 0
96 97 a 0
96 97 b 4
96 43 c 1
96 79 d 1
96 125 e 2
97 98 a 3
97 98 b 2
97 5 c 0
97 75 d 0
97 95 e 2
98 99 a 0
98 99 b 0
98 61 c 0
98 66 d 4
98 127 e 0
99 100 a 4
99 100 b 3
99 4 c 0
99 106 d 4
99 64 e 4
100 101 a 2
100 101 b 2
100 15 c 4
100 29 d 4
100 73 e 4
101 102 a 0
101 102 b 2
101 23 c 1
101 88 d 0
101 5 e 2
102 103 a 3
102 103 b 3
102 88 c 2
102 61 d 0
102 33 e 4
103 104 a 2
103 104 b 4
103 18 c 0
103 17 d 1
103 17 e 0
104 105 a 4
104 105 b 3
104 11 c 0
104 63 d 3
104 11 e 4
105 106 a 4
105 106 b 2
105 11 c 2
105 83 d 1
105 10 e 3
106 107 a 1
106 107 b 2
106 94 c 4
106 128 d 2
106 76 e 0
107 108 a 3
107 108 b 2
107 86 c 0
107 26 d 0
107 84 e 0
108 109 a 1
108 109 b 3
108 70 c 2
108 28 d 1
108 105 e 0
109 110 a 0
109 110 b 4
109 8 c 1
109 36 d 3
109 21 e 0
110 111 a 1
110 111 b 2
110 120 c 2
110 114 d 0
110 39 e 2
111 112 a 1
111 112 b 1
111 119 c 4
111 109 d 4
111 50 e 3
112 113 a 0
112 113 b 0
112 105 c 2
112 30 d 3
112 11 e 2
113 114 a 1
113 114 b 3
113 55 c 1
113 51 d 2
113 79 e 2
114 115 a 0
114 115 b 4
114 78 c 1
114 125 d 4
114 91 e 0
115 116 a 3
115 116 b 3
115 30 c 1
115 115 d 1
115 82 e 0
116 117 a 2
116 117 b 1
116 27 c 2
116 44 d 4
116 26 e 0
117 118 a 2
117 118 b 0
117 63 c 4
117 104 d 2
117 95 e 2
118 119 a 4
118 119 b 2
118 7 c 1
118 8 d 3
118 15 e 4
119 120 a 0
119 120 b 2
119 114 c 3
119 18 d 1
119 93 e 0
120 121 a 0
120 121 b 4
120 5 c 1
120 46 d 0
120 62 e 3
121 122 a 4
121 122 b 4
121 74 c 4
121 44 d 3
121 110 e 2
122 123 a 2
122 123 b 0
122 75 c 3
122 124 d 4
122 108 e 0
123 124 a 2
123 124 b 1
123 28 c 0
123 51 d 0
123 122 e 2
124 125 a 1
124 125 b 0
124 79 c 0
124 13 d 2
124 30 e 1
125 126 a 0
125 126 b 4
125 125 c 3
125 101 d 4
125 36 e 4
126 127 a 3
126 127 b 4
126 68 c 3
126 63 d 1
126 26 e 2
127 128 a 0
127 128 b 0
127 67 c 1
127 63 d 1
127 82 e 1
128 1 a 0
128 1 b 4
128 32 c 1
128 47 d 2
128 99 e 4

2 128 640 5 5 0
1 2 a 4
1 2 b 2
1 2 c 3
1 125 d 0
1 40 e 4
2 3 a 1
2 3 b 1
2 24 c 2
2 58 d 3
2 64 e 1
3 4 a 2
3 4 b 2
3 16 c 3
3 28 d 1
3 12 e 0
4 5 a 2
4 5 b 3
4 32 c 4
4 125 d 3
4 52 e 3
5 6 a 1
5 6 b 3
5 1 c 0
5 90 d 3
5 35 e 1
6 7 a 3
6 7 b 2
6 111 c 2
6 85 d 1
6 6 e 2
7 8 a 4
7 8 b 3
7 42 c 3
7 52 d 3
7 81 e 1
8 9 a 3
8 9 b 3
8 120 c 0
8 95 d 0
8 58 e 1
9 10 a 2
9 10 b 2
9 33 c 4
9 102 d 0
9 60 e 2
10 11 a 3
10 11 b 3
10 114 c 3
10 121 d 1
10 21 e 0
11 12 a 4
11 12 b 2
11 59 c 0
11 109 d 2
11 73 e 2
12 13 a 3
12 13 b 1
12 80 c 0
12 62 d 1
12 29 e 4
13 14 a 2
13 14 b 0
13 11 c 4
13 7 d 1
13 28 e 0
14 15 a 3
14 15 b 3
14 72 c 2
14 12 d 1
14 21 e 0
15 16 a 4
15 16 b 3
15 104 c 0
15 49 d 1
15 27 e 4
16 17 a 4
16 17 b 1
16 79 c 2
16 128 d 1
16 4 e 2
17 18 a 3
17 18 b 3
17 103 c 2
17 39 d 3
17 106 e 4
18 19 a 3
18 19 b 2
18 26 c 4
18 119 d 3
18 46 e 1
19 20 a 2
19 20 b 2
19 91 c 1
19 103 d 4
19 112 e 2
20 21 a 1
20 21 b 4
20 30 c 4
20 15 d 3
20 23 e 1
21 22 a 1
21 22 b 2
21 92 c 2
21 45 d 2
21 79 e 3
22 23 a 3
22 23 b 0
22 16 c 4
22 35 d 2
22 6 e 1
23 24 a 1
23 24 b 3
23 60 c 2
23 119 d 0
23 111 e 1
24 25 a 3
24 25 b 3
24 101 c 4
24 81 d 3
24 128 e 3
25 26 a 4
25 26 b 2
25 18 c 0
25 1 d 2
25 115 e 0
26 27 a 2
26 27 b 3
26 81 c 4
26 119 d 3
26 72 e 4
27 28 a 3
27 28 b 0
27 50 c 0
27 72 d 2
27 65 e 2
28 29 a 3
28 29 b 1
28 75 c 0
28 48 d 4
28 100 e 3
29 30 a 4
29 30 b 2
29 50 c 1
29 11 d 4
29 125 e 1
30 31 a 1
30 31 b 3
30 6 c 3
30 90 d 4
30 26 e 0
31 32 a 1
31 32 b 0
31 102 c 0
31 68 d 1
31 13 e 4
32 33 a 3
32 33 b 4
32 120 c 1
32 19 d 4
32 110 e 1
33 34 a 1
33 34 b 2
33 100 c 3
33 51 d 0
33 22 e 2
34 35 a 1
34 35 b 4
34 86 c 2
34 54 d 2
34 36 e 0
35 36 a 2
35 36 b 0
35 128 c 0
35 82 d 0
35 124 e 0
36 37 a 3
36 37 b 1
36 21 c 1
36 97 d 0
36 67 e 4
37 38 a 3
37 38 b 3
37 79 c 2
37 97 d 1
37 101 e 0
38 39 a 2
38 39 b 0
38 106 c 2
38 114 d 3
38 15 e 2
39 40 a 2
39 40 b 3
39 39 c 4
39 90 d 1
39 54 e 3
40 41 a 0
40 41 b 2
40 74 c 4
40 4 d 2
40 14 e 4
41 42 a 3
41 42 b 1
41 28 c 4
41 125 d 2
41 19 e 3
42 43 a 4
42 43 b 1
42 105 c 1
42 118 d 2
42 3 e 4
43 44 a 0
43 44 b 3
43 3 c 4
43 69 d 3
43 98 e 2
44 45 a 2
44 45 b 1
44 62 c 0
44 99 d 2
44 117 e 4
45 46 a 0
45 46 b 2
45 114 c 1
45 111 d 2
45 71 e 2
46 47 a 4
46 47 b 2
46 124 c 3
46 42 d 2
46 39 e 3
47 48 a 3
47 48 b 3
47 61 c 1
47 121 d 2
47 40 e 2
48 49 a 0
48 49 b 2
48 26 c 4
48 102 d 0
48 32 e 4
49 50 a 4
49 50 b 0
49 122 c 2
49 31 d 2
49 42 e 4
50 51 a 0
50 51 b 4
50 75 c 4
50 118 d 3
50 36 e 2
51 52 a 0
51 52 b 3
51 125 c 4
51 95 d 2
51 49 e 0
52 53 a 3
52 53 b 1
52 5 c 2
52 117 d 3
52 56 e 1
53 54 a 1
53 54 b 4
53 92 c 0
53 117 d 4
53 100 e 1
54 55 a 2
54 55 b 0
54 125 c 3
54 66 d 0
54 34 e 1
55 56 a 2
55 56 b 2
55 106 c 0
55 95 d 1
55 37 e 4
56 57 a 4
56 57 b 3
56 40 c 1
56 120 d 4
56 101 e 4
57 58 a 3
57 58 b 0
57 63 c 1
57 90 d 2
57 28 e 2
58 59 a 0
58 59 b 4
58 59 c 1
58 118 d 2
58 72 e 3
59 60 a 1
59 60 b 4
59 45 c 2
59 98 d 0
59 44 e 3
60 61 a 3
60 61 b 1
60 42 c 1
60 87 d 3
60 78 e 4
61 62 a 4
61 62 b 0
61 75 c 0
61 52 d 0
61 122 e 0
62 63 a 2
62 63 b 4
62 44 c 4
62 122 d 0
62 62 e 0
63 64 a 4
63 64 b 2
63 110 c 3
63 78 d 0
63 108 e 0
64 65 a 2
64 65 b 1
64 53 c 2
64 122 d 3
64 28 e 0
65 66 a 0
65 66 b 4
65 41 c 1
65 109 d 1
65 39 e 2
66 67 a 3
66 67 b 3
66 121 c 3
66 54 d 2
66 45 e 2
67 68 a 0
67 68 b 2
67 84 c 4
67 13 d 0
67 16 e 3
68 69 a 2
68 69 b 2
68 110 c 0
68 74 d 1
68 118 e 1
69 70 a 4
69 70 b 4
69 1 c 3
69 107 d 3
69 75 e 2
70 71 a 1
70 71 b 4
70 73 c 2
70 18 d 2
70 61 e 1
71 72 a 2
71 72 b 0
71 7 c 0
71 5 d 4
71 62 e 0
72 73 a 1
72 73 b 3
72 127 c 1
72 45 d 3
72 5 e 2
73 74 a 1
73 74 b 2
73 122 c 0
73 24 d 2
73 13 e 4
74 75 a 2
74 75 b 3
74 69 c 0
74 119 d 0
74 21 e 4
75 76 a 1
75 76 b 4
75 48 c 2
75 32 d 1
75 30 e 4
76 77 a 4
76 77 b 4
76 16 c 4
76 12 d 4
76 113 e 3
77 78 a 3
77 78 b 4
77 61 c 4
77 90 d 0
77 22 e 1
78 79 a 4
78 79 b 1
78 21 c 1
78 75 d 1
78 94 e 2
79 80 a 3
79 80 b 1
79 119 c 2
79 68 d 1
79 90 e 2
80 81 a 4
80 81 b 2
80 72 c 0
80 80 d 0
80 97 e 1
81 82 a 2
81 82 b 2
81 114 c 0
81 27 d 4
81 14 e 2
82 83 a 3
82 83 b 0
82 96 c 3
82 120 d 2
82 63 e 1
83 84 a 0
83 84 b 2
83 3 c 1
83 91 d 0
83 23 e 3
84 85 a 3
84 85 b 0
84 80 c 3
84 95 d 0
84 125 e 3
85 86 a 1
85 86 b 4
85 64 c 0
85 66 d 2
85 28 e 1
86 87 a 0
86 87 b 2
86 78 c 4
86 100 d 0
86 97 e 3
87 88 a 2
87 88 b 3
87 125 c 3
87 76 d 3
87 128 e 3
88 89 a 4
88 89 b 4
88 79 c 0
88 35 d 4
88 111 e 1
89 90 a 2
89 90 b 4
89 79 c 2
89 55 d 2
89 104 e 1
90 91 a 1
90 91 b 3
90 8 c 0
90 121 d 1
90 107 e 2
91 92 a 1
91 92 b 0
91 12 c 3
91 127 d 1
91 58 e 3
92 93 a 0
92 93 b 4
92 110 c 0
92 3 d 1
92 92 e 1
93 94 a 2
93 94 b 2
93 72 c 3
93 98 d 4
93 27 e 4
94 95 a 2
94 95 b 1
94 54 c 2
94 29 d 2
94 6 e 0
95 96 a 3
95 96 b 3
95 89 c 3
95 92 d 1
95 112 e 2
96 97 a 1
96 97 b 4
96 85 c 1
96 102 d 3
96 111 e 3
97 98 a 4
97 98 b 1
97 83 c 4
97 43 d 0
97 93 e 3
98 99 a 1
98 99 b 1
98 128 c 3
98 58 d 1
98 90 e 0
99 100 a 0
99 100 b 3
99 11 c 1
99 75 d 4
99 72 e 0
100 101 a 1
100 101 b 3
100 43 c 1
100 54 d 3
100 77 e 2
101 102 a 3
101 102 b 4
101 23 c 3
101 122 d 0
101 85 e 4
102 103 a 2
102 103 b 1
102 12 c 4
102 55 d 1
102 14 e 0
103 104 a 3
103 104 b 0
103 75 c 1
103 52 d 1
103 106 e 3
104 105 a 1
104 105 b 1
104 25 c 2
104 90 d 0
104 33 e 3
105 106 a 2
105 106 b 4
105 61 c 0
105 55 d 2
105 44 e 4
106 107 a 4
106 107 b 4
106 5 c 4
106 124 d 2
106 75 e 4
107 108 a 0
107 108 b 3
107 65 c 3
107 127 d 1
107 127 e 0
108 109 a 0
108 109 b 4
108 70 c 3
108 58 d 4
108 17 e 4
109 110 a 4
109 110 b 0
109 108 c 0
109 74 d 1
109 9 e 4
110 111 a 3
110 111 b 3
110 17 c 1
110 113 d 4
110 56 e 2
111 112 a 0
111 112 b 3
111 20 c 4
111 20 d 0
111 47 e 4
112 113 a 1
112 113 b 0
112 91 c 3
112 62 d 2
112 69 e 3
113 114 a 4
113 114 b 2
113 77 c 0
113 27 d 3
113 21 e 0
114 115 a 1
114 115 b 1
114 88 c 3
114 126 d 1
114 126 e 1
115 116 a 2
115 116 b 1
115 109 c 3
115 91 d 0
115 33 e 2
116 117 a 2
116 117 b 4
116 127 c 3
116 78 d 4
116 102 e 1
117 118 a 2
117 118 b 1
117 8 c 3
117 18 d 0
117 120 e 3
118 119 a 1
118 119 b 3
118 3 c 4
118 11 d 3
118 68 e 4
119 120 a 3
119 120 b 4
119 115 c 2
119 61 d 1
119 126 e 1
120 121 a 3
120 121 b 3
120 91 c 1
120 82 d 2
120 28 e 3
121 122 a 4
121 122 b 2
121 68 c 2
121 24 d 4
121 89 e 3
122 123 a 3
122 123 b 2
122 58 c 2
122 128 d 4
122 51 e 4
123 124 a 1
123 124 b 1
123 79 c 1
123 32 d 0
123 109 e 2
124 125 a 4
124 125 b 4
124 22 c 0
124 50 d 2
124 14 e 0
125 126 a 1
125 126 b 1
125 41 c 2
125 19 d 1
125 96 e 2
126 127 a 3
126 127 b 4
126 36 c 3
126 69 d 4
126 115 e 3
127 128 a 2
127 128 b 3
127 40 c 2
127 110 d 0
127 23 e 1
128 1 a 1
128 1 b 2
128 89 c 2
128 86 d 0
128 101 e 0

3 128 640 5 5 0
1 2 a 4
1 2 b 4
1 96 c 3
1 109 d 2
1 55 e 2
2 3 a 0
2 3 b 4
2 106 c 1
2 66 d 1
2 43 e 2
3 4 a 1
3 4 b 4
3 39 c 2
3 13 d 3
3 36 e 2
4 5 a 2
4 5 b 0
4 76 c 4
4 38 d 2
4 72 e 0
5 6 a 1
5 6 b 0
5 17 c 2
5 12 d 2
5 3 e 2
6 7 a 3
6 7 b 3
6 52 c 4
6 96 d 1
6 3 e 0
7 8 a 2
7 8 b 1
7 116 c 4
7 103 d 0
7 59 e 4
8 9 a 0
8 9 b 2
8 22 c 3
8 11 d 0
8 96 e 1
9 10 a 0
9 10 b 4
9 100 c 4
9 90 d 1
9 111 e 4
10 11 a 2
10 11 b 4
10 41 c 3
10 5 d 3
10 36 e 1
11 12 a 1
11 12 b 0
11 54 c 1
11 98 d 0
11 4 e 2
12 13 a 3
12 13 b 3
12 96 c 2
12 107 d 1
12 85 e 1
13 14 a 1
13 14 b 1
13 127 c 1
13 61 d 3
13 32 e 0
14 15 a 4
14 15 b 4
14 113 c 0
14 26 d 2
14 54 e 1
15 16 a 4
15 16 b 4
15 21 c 1
15 104 d 3
15 40 e 1
16 17 a 4
16 17 b 3
16 81 c 1
16 48 d 1
16 78 e 4
17 18 a 4
17 18 b 4
17 13 c 0
17 31 d 1
17 65 e 4
18 19 a 3
18 19 b 1
18 53 c 2
18 8 d 3
18 96 e 2
19 20 a 2
19 20 b 3
19 59 c 3
19 96 d 1
19 79 e 0
20 21 a 1
20 21 b 0
20 18 c 3
20 64 d 0
20 115 e 3
21 22 a 2
21 22 b 0
21 52 c 1
21 103 d 4
21 120 e 4
22 23 a 1
22 23 b 3
22 29 c 3
22 53 d 3
22 75 e 0
23 24 a 4
23 24 b 4
23 77 c 3
23 49 d 2
23 32 e 1
24 25 a 3
24 25 b 4
24 74 c 0
24 5 d 0
24 109 e 1
25 26 a 1
25 26 b 4
25 28 c 0
25 125 d 2
25 109 e 1
26 27 a 2
26 27 b 3
26 80 c 1
26 11 d 2
26 31 e 4
27 28 a 4
27 28 b 4
27 118 c 3
27 69 d 3
27 68 e 4
28 29 a 3
28 29 b 3
28 34 c 1
28 101 d 4
28 100 e 1
29 30 a 2
29 30 b 1
29 110 c 2
29 73 d 0
29 74 e 0
30 31 a 0
30 31 b 0
30 119 c 3
30 113 d 1
30 3 e 4
31 32 a 3
31 32 b 4
31 92 c 3
31 3 d 3
31 99 e 4
32 33 a 2
32 33 b 3
32 66 c 4
32 74 d 4
32 127 e 3
33 34 a 4
33 34 b 1
33 82 c 4
33 50 d 3
33 52 e 1
34 35 a 3
34 35 b 3
34 57 c 0
34 78 d 2
34 31 e 0
35 36 a 4
35 36 b 3
35 39 c 1
35 83 d 4
35 35 e 2
36 37 a 1
36 37 b 3
36 81 c 0
36 27 d 4
36 103 e 2
37 38 a 1
37 38 b 4
37 111 c 1
37 35 d 0
37 85 e 3
38 39 a 4
38 39 b 0
38 63 c 0
38 12 d 1
38 28 e 4
39 40 a 1
39 40 b 3
39 128 c 2
39 29 d 4
39 47 e 2
40 41 a 4
40 41 b 1
40 120 c 2
40 64 d 1
40 68 e 4
41 42 a 2
41 42 b 3
41 110 c 0
41 1 d 0
41 85 e 4
42 43 a 0
42 43 b 0
42 48 c 3
42 18 d 4
42 34 e 0
43 44 a 1
43 44 b 3
43 15 c 0
43 73 d 4
43 45 e 1
44 45 a 2
44 45 b 0
44 94 c 1
44 32 d 1
44 61 e 2
45 46 a 1
45 46 b 2
45 118 c 3
45 53 d 4
45 92 e 3
46 47 a 4
46 47 b 2
46 53 c 0
46 72 d 4
46 88 e 1
47 48 a 0
47 48 b 2
47 123 c 4
47 64 d 3
47 70 e 1
48 49 a 1
48 49 b 0
48 44 c 2
48 37 d 0
48 122 e 4
49 50 a 0
49 50 b 3
49 48 c 4
49 39 d 4
49 17 e 4
50 51 a 3
50 51 b 0
50 118 c 4
50 22 d 2
50 103 e 2
51 52 a 1
51 52 b 2
51 108 c 0
51 104 d 3
51 33 e 4
52 53 a 4
52 53 b 4
52 9 c 3
52 54 d 3
52 36 e 0
53 54 a 0
53 54 b 3
53 68 c 1
53 63 d 1
53 28 e 4
54 55 a 2
54 55 b 4
54 26 c 0
54 100 d 0
54 119 e 1
55 56 a 2
55 56 b 4
55 12 c 2
55 42 d 4
55 103 e 0
56 57 a 3
56 57 b 2
56 30 c 2
56 59 d 2
56 99 e 1
57 58 a 3
57 58 b 0
57 89 c 0
57 102 d 0
57 38 e 3
58 59 a 4
58 59 b 4
58 74 c 0
58 26 d 1
58 47 e 3
59 60 a 1
59 60 b 3
59 128 c 0
59 111 d 1
59 63 e 0
60 61 a 3
60 61 b 2
60 18 c 1
60 29 d 4
60 94 e 3
61 62 a 1
61 62 b 2
61 23 c 2
61 2 d 3
61 87 e 3
62 63 a 4
62 63 b 4
62 45 c 0
62 32 d 0
62 55 e 3
63 64 a 3
63 64 b 2
63 115 c 1
63 29 d 4
63 82 e 1
64 65 a 1
64 65 b 3
64 14 c 1
64 66 d 2
64 62 e 2
65 66 a 2
65 66 b 3
65 40 c 2
65 124 d 0
65 86 e 3
66 67 a 0
66 67 b 2
66 108 c 1
66 94 d 3
66 56 e 3
67 68 a 4
67 68 b 0
67 11 c 2
67 29 d 0
67 71 e 4
68 69 a 1
68 69 b 0
68 58 c 4
68 19 d 1
68 42 e 3
69 70 a 2
69 70 b 1
69 49 c 1
69 61 d 2
69 76 e 2
70 71 a 2
70 71 b 2
70 46 c 0
70 61 d 1
70 90 e 3
71 72 a 4
71 72 b 2
71 112 c 2
71 88 d 0
71 71 e 2
72 73 a 0
72 73 b 4
72 61 c 2
72 120 d 3
72 75 e 0
73 74 a 3
73 74 b 2
73 93 c 3
73 44 d 2
73 96 e 2
74 75 a 1
74 75 b 1
74 28 c 4
74 35 d 2
74 68 e 2
75 76 a 3
75 76 b 1
75 75 c 0
75 53 d 2
75 122 e 3
76 77 a 0
76 77 b 4
76 64 c 1
76 90 d 4
76 73 e 1
77 78 a 2
77 78 b 2
77 81 c 3
77 48 d 2
77 59 e 1
78 79 a 1
78 79 b 4
78 93 c 4
78 121 d 0
78 31 e 1
79 80 a 3
79 80 b 2
79 68 c 1
79 27 d 1
79 7 e 4
80 81 a 4
80 81 b 2
80 106 c 4
80 31 d 4
80 75 e 1
81 82 a 4
81 82 b 3
81 56 c 2
81 51 d 2
81 4 e 1
82 83 a 4
82 83 b 0
82 26 c 3
82 40 d 1
82 18 e 1
83 84 a 1
83 84 b 0
83 2 c 0
83 116 d 0
83 23 e 1
84 85 a 2
84 85 b 1
84 100 c 3
84 49 d 4
84 121 e 3
85 86 a 4
85 86 b 0
85 56 c 2
85 28 d 2
85 100 e 1
86 87 a 2
86 87 b 1
86 123 c 1
86 23 d 1
86 70 e 2
87 88 a 1
87 88 b 2
87 46 c 4
87 39 d 3
87 81 e 2
88 89 a 1
88 89 b 2
88 85 c 2
88 118 d 4
88 124 e 3
89 90 a 0
89 90 b 0
89 121 c 0
89 83 d 3
89 3 e 4
90 91 a 1
90 91 b 4
90 39 c 0
90 45 d 4
90 98 e 3
91 92 a 0
91 92 b 4
91 111 c 2
91 28 d 1
91 94 e 2
92 93 a 3
92 93 b 3
92 102 c 2
92 88 d 3
92 124 e 2
93 94 a 4
93 94 b 1
93 36 c 3
93 63 d 1
93 8 e 0
94 95 a 2
94 95 b 1
94 71 c 3
94 84 d 4
94 15 e 1
95 96 a 1
95 96 b 4
95 110 c 0
95 59 d 4
95 101 e 1
96 97 a 2
96 97 b 2
96 63 c 1
96 62 d 3
96 32 e 4
97 98 a 0
97 98 b 3
97 97 c 0
97 74 d 2
97 27 e 2
98 99 a 3
98 99 b 0
98 2 c 3
98 115 d 2
98 117 e 3
99 100 a 4
99 100 b 3
99 83 c 1
99 108 d 4
99 15 e 2
100 101 a 4
100 101 b 1
100 7 c 1
100 15 d 2
100 17 e 4
101 102 a 2
101 102 b 0
101 87 c 1
101 91 d 4
101 102 e 1
102 103 a 3
102 103 b 1
102 1 c 1
102 113 d 0
102 59 e 0
103 104 a 3
103 104 b 3
103 69 c 0
103 23 d 1
103 4 e 1
104 105 a 3
104 105 b 3
104 102 c 1
104 53 d 3
104 119 e 1
105 106 a 0
105 106 b 3
105 47 c 0
105 91 d 3
105 14 e 4
106 107 a 2
106 107 b 3
106 108 c 1
106 56 d 4
106 10 e 2
107 108 a 0
107 108 b 3
107 108 c 4
107 36 d 4
107 107 e 2
108 109 a 2
108 109 b 1
108 6 c 4
108 23 d 1
108 121 e 1
109 110 a 2
109 110 b 2
109 17 c 1
109 48 d 1
109 62 e 4
110 111 a 0
110 111 b 3
110 106 c 3
110 47 d 4
110 9 e 3
111 112 a 0
111 112 b 3
111 113 c 4
111 123 d 0
111 108 e 4
112 113 a 1
112 113 b 1
112 12 c 0
112 29 d 0
112 63 e 3
113 114 a 0
113 114 b 1
113 35 c 4
113 67 d 4
113 28 e 3
114 115 a 2
114 115 b 1
114 35 c 1
114 62 d 4
114 97 e 0
115 116 a 3
115 116 b 0
115 124 c 1
115 4 d 2
115 49 e 2
116 117 a 3
116 117 b 3
116 35 c 4
116 47 d 1
116 114 e 1
117 118 a 1
117 118 b 3
117 16 c 1
117 124 d 4
117 80 e 4
118 119 a 3
118 119 b 1
118 64 c 1
118 77 d 1
118 57 e 4
119 120 a 2
119 120 b 3
119 52 c 0
119 40 d 0
119 95 e 0
120 121 a 1
120 121 b 2
120 113 c 2
120 53 d 3
120 58 e 2
121 122 a 4
121 122 b 4
121 126 c 3
121 67 d 2
121 3 e 0
122 123 a 4
122 123 b 1
122 105 c 3
122 68 d 2
122 58 e 0
123 124 a 3
123 124 b 3
123 66 c 0
123 77 d 3
123 33 e 4
124 125 a 3
124 125 b 2
124 30 c 2
124 23 d 3
124 62 e 1
125 126 a 4
125 126 b 2
125 22 c 3
125 1 d 1
125 93 e 4
126 127 a 1
126 127 b 0
126 69 c 0
126 11 d 4
126 11 e 0
127 128 a 1
127 128 b 4
127 77 c 1
127 92 d 2
127 29 e 2
128 1 a 1
128 1 b 0
128 83 c 1
128 61 d 2
128 39 e 3

4 128 640 5 5 0
1 2 a 3
1 2 b 2
1 127 c 3
1 28 d 4
1 5 e 3
2 3 a 4
2 3 b 3
2 125 c 0
2 11 d 0
2 86 e 3
3 4 a 3
3 4 b 1
3 126 c 3
3 62 d 4
3 123 e 4
4 5 a 2
4 5 b 0
4 56 c 2
4 16 d 1
4 28 e 4
5 6 a 0
5 6 b 1
5 97 c 1
5 126 d 4
5 36 e 3
6 7 a 4
6 7 b 1
6 56 c 3
6 42 d 3
6 64 e 3
7 8 a 2
7 8 b 1
7 125 c 2
7 89 d 0
7 100 e 2
8 9 a 0
8 9 b 4
8 116 c 1
8 118 d 4
8 70 e 2
9 10 a 3
9 10 b 0
9 102 c 0
9 13 d 0
9 97 e 4
10 11 a 3
10 11 b 4
10 31 c 1
10 81 d 2
10 115 e 3
11 12 a 4
11 12 b 3
11 113 c 0
11 23 d 0
11 128 e 4
12 13 a 2
12 13 b 4
12 48 c 2
12 88 d 4
12 77 e 3
13 14 a 0
13 14 b 3
13 52 c 3
13 51 d 3
13 101 e 1
14 15 a 3
14 15 b 2
14 90 c 3
14 105 d 0
14 23 e 3
15 16 a 4
15 16 b 1
15 3 c 1
15 95 d 4
15 118 e 2
16 17 a 0
16 17 b 1
16 19 c 3
16 31 d 4
16 88 e 1
17 18 a 4
17 18 b 1
17 115 c 2
17 87 d 2
17 87 e 3
18 19 a 1
18 19 b 2
18 16 c 0
18 88 d 4
18 83 e 4
19 20 a 4
19 20 b 4
19 90 c 1
19 24 d 1
19 111 e 2
20 21 a 3
20 21 b 1
20 70 c 1
20 49 d 1
20 15 e 4
21 22 a 0
21 22 b 1
21 76 c 2
21 97 d 0
21 96 e 2
22 23 a 1
22 23 b 1
22 105 c 2
22 8 d 2
22 80 e 2
23 24 a 0
23 24 b 2
23 31 c 4
23 44 d 3
23 18 e 2
24 25 a 1
24 25 b 2
24 112 c 3
24 120 d 3
24 27 e 0
25 26 a 4
25 26 b 3
25 102 c 2
25 56 d 2
25 40 e 3
26 27 a 3
26 27 b 0
26 15 c 1
26 95 d 4
26 54 e 1
27 28 a 1
27 28 b 2
27 121 c 2
27 2 d 3
27 8 e 1
28 29 a 0
28 29 b 4
28 58 c 1
28 91 d 3
28 36 e 2
29 30 a 0
29 30 b 1
29 107 c 0
29 70 d 4
29 86 e 2
30 31 a 0
30 31 b 3
30 39 c 1
30 71 d 4
30 44 e 4
31 32 a 0
31 32 b 4
31 17 c 2
31 2 d 1
31 120 e 0
32 33 a 1
32 33 b 0
32 75 c 0
32 65 d 4
32 81 e 0
33 34 a 2
33 34 b 0
33 128 c 4
33 114 d 2
33 19 e 3
34 35 a 2
34 35 b 2
34 92 c 4
34 39 d 3
34 90 e 1
35 36 a 3
35 36 b 1
35 14 c 4
35 20 d 4
35 11 e 0
36 37 a 0
36 37 b 3
36 77 c 1
36 20 d 4
36 75 e 1
37 38 a 1
37 38 b 3
37 79 c 2
37 36 d 4
37 6 e 0
38 39 a 3
38 39 b 0
38 83 c 2
38 102 d 4
38 105 e 3
39 40 a 2
39 40 b 3
39 25 c 4
39 32 d 1
39 104 e 1
40 41 a 3
40 41 b 4
40 101 c 1
40 59 d 2
40 58 e 4
41 42 a 4
41 42 b 2
41 128 c 2
41 68 d 0
41 88 e 1
42 43 a 3
42 43 b 3
42 55 c 1
42 110 d 4
42 1 e 0
43 44 a 3
43 44 b 2
43 90 c 0
43 14 d 0
43 57 e 2
44 45 a 2
44 45 b 4
44 61 c 4
44 30 d 1
44 69 e 3
45 46 a 4
45 46 b 0
45 59 c 1
45 59 d 1
45 48 e 0
46 47 a 4
46 47 b 4
46 46 c 2
46 38 d 0
46 73 e 0
47 48 a 3
47 48 b 3
47 120 c 0
47 70 d 4
47 35 e 1
48 49 a 0
48 49 b 1
48 125 c 3
48 37 d 3
48 20 e 4
49 50 a 2
49 50 b 1
49 39 c 3
49 111 d 0
49 55 e 1
50 51 a 2
50 51 b 4
50 96 c 3
50 118 d 2
50 106 e 0
51 52 a 3
51 52 b 1
51 28 c 2
51 49 d 2
51 80 e 2
52 53 a 2
52 53 b 2
52 77 c 4
52 56 d 1
52 80 e 1
53 54 a 0
53 54 b 0
53 108 c 2
53 73 d 1
53 20 e 4
54 55 a 3
54 55 b 1
54 119 c 4
54 70 d 1
54 12 e 3
55 56 a 3
55 56 b 4
55 109 c 2
55 53 d 3
55 104 e 1
56 57 a 2
56 57 b 0
56 83 c 2
56 63 d 1
56 33 e 1
57 58 a 3
57 58 b 0
57 51 c 1
57 49 d 2
57 112 e 0
58 59 a 4
58 59 b 4
58 24 c 1
58 126 d 0
58 85 e 0
59 60 a 1
59 60 b 0
59 20 c 4
59 59 d 4
59 18 e 4
60 61 a 3
60 61 b 2
60 58 c 0
60 34 d 4
60 46 e 2
61 62 a 0
61 62 b 0
61 36 c 2
61 16 d 1
61 115 e 2
62 63 a 3
62 63 b 3
62 109 c 2
62 7 d 2
62 112 e 2
63 64 a 1
63 64 b 3
63 56 c 2
63 44 d 1
63 119 e 1
64 65 a 4
64 65 b 0
64 40 c 0
64 73 d 4
64 32 e 1
65 66 a 0
65 66 b 3
65 102 c 4
65 76 d 3
65 68 e 2
66 67 a 3
66 67 b 3
66 30 c 2
66 71 d 0
66 3 e 2
67 68 a 0
67 68 b 4
67 2 c 2
67 110 d 1
67 63 e 4
68 69 a 4
68 69 b 1
68 70 c 4
68 28 d 1
68 30 e 1
69 70 a 4
69 70 b 0
69 34 c 4
69 79 d 0
69 12 e 2
70 71 a 2
70 71 b 0
70 83 c 2
70 39 d 2
70 55 e 2
71 72 a 2
71 72 b 1
71 25 c 2
71 107 d 3
71 17 e 1
72 73 a 0
72 73 b 2
72 59 c 1
72 4 d 4
72 81 e 4
73 74 a 2
73 74 b 1
73 127 c 0
73 127 d 2
73 114 e 1
74 75 a 1
74 75 b 1
74 51 c 1
74 15 d 1
74 51 e 4
75 76 a 0
75 76 b 2
75 39 c 4
75 9 d 2
75 21 e 2
76 77 a 2
76 77 b 3
76 47 c 1
76 103 d 0
76 97 e 4
77 78 a 0
77 78 b 0
77 38 c 2
77 70 d 1
77 31 e 1
78 79 a 0
78 79 b 4
78 102 c 4
78 104 d 1
78 32 e 1
79 80 a 1
79 80 b 2
79 81 c 4
79 50 d 3
79 117 e 0
80 81 a 2
80 81 b 4
80 76 c 0
80 47 d 3
80 117 e 0
81 82 a 2
81 82 b 4
81 62 c 0
81 11 d 0
81 59 e 0
82 83 a 0
82 83 b 0
82 21 c 4
82 24 d 4
82 37 e 2
83 84 a 4
83 84 b 3
83 65 c 2
83 77 d 0
83 86 e 2
84 85 a 0
84 85 b 2
84 55 c 1
84 66 d 3
84 53 e 0
85 86 a 3
85 86 b 4
85 112 c 3
85 54 d 3
85 109 e 3
86 87 a 4
86 87 b 0
86 104 c 4
86 9 d 3
86 107 e 4
87 88 a 4
87 88 b 3
87 31 c 0
87 66 d 0
87 99 e 3
88 89 a 0
88 89 b 2
88 27 c 1
88 10 d 3
88 74 e 1
89 90 a 4
89 90 b 4
89 100 c 4
89 46 d 3
89 93 e 4
90 91 a 0
90 91 b 4
90 6 c 0
90 33 d 4
90 25 e 2
91 92 a 3
91 92 b 0
91 18 c 2
91 121 d 0
91 65 e 0
92 93 a 4
92 93 b 3
92 30 c 1
92 109 d 3
92 92 e 3
93 94 a 0
93 94 b 1
93 65 c 0
93 93 d 0
93 52 e 2
94 95 a 3
94 95 b 2
94 24 c 0
94 74 d 4
94 88 e 0
95 96 a 4
95 96 b 4
95 67 c 4
95 89 d 3
95 27 e 1
96 97 a 2
96 97 b 3
96 104 c 2
96 85 d 3
96 18 e 4
97 98 a 1
97 98 b 2
97 47 c 2
97 42 d 4
97 26 e 3
98 99 a 0
98 99 b 4
98 69 c 4
98 107 d 1
98 80 e 4
99 100 a 3
99 100 b 1
99 90 c 1
99 76 d 2
99 23 e 0
100 101 a 4
100 101 b 2
100 34 c 1
100 41 d 3
100 21 e 0
101 102 a 2
101 102 b 3
101 88 c 1
101 125 d 2
101 54 e 0
102 103 a 2
102 103 b 3
102 54 c 1
102 108 d 0
102 40 e 3
103 104 a 2
103 104 b 3
103 126 c 1
103 58 d 3
103 93 e 0
104 105 a 2
104 105 b 0
104 116 c 4
104 81 d 3
104 13 e 4
105 106 a 3
105 106 b 3
105 97 c 0
105 62 d 3
105 49 e 0
106 107 a 1
106 107 b 3
106 18 c 3
106 52 d 4
106 9 e 2
107 108 a 3
107 108 b 1
107 87 c 3
107 9 d 2
107 22 e 2
108 109 a 1
108 109 b 0
108 5 c 2
108 52 d 4
108 33 e 3
109 110 a 3
109 110 b 1
109 117 c 2
109 85 d 4
109 50 e 4
110 111 a 0
110 111 b 1
110 2 c 0
110 45 d 4
110 26 e 0
111 112 a 2
111 112 b 4
111 14 c 2
111 34 d 3
111 106 e 1
112 113 a 4
112 113 b 0
112 126 c 4
112 60 d 2
112 121 e 0
113 114 a 0
113 114 b 1
113 58 c 0
113 43 d 1
113 98 e 1
114 115 a 1
114 115 b 4
114 46 c 2
114 62 d 2
114 4 e 2
115 116 a 1
115 116 b 0
115 75 c 2
115 109 d 2
115 128 e 1
116 117 a 3
116 117 b 1
116 6 c 4
116 80 d 0
116 62 e 0
117 118 a 4
117 118 b 3
117 88 c 3
117 38 d 1
117 105 e 2
118 119 a 2
118 119 b 1
118 61 c 2
118 79 d 0
118 110 e 4
119 120 a 4
119 120 b 2
119 53 c 4
119 82 d 3
119 1 e 4
120 121 a 1
120 121 b 1
120 70 c 3
120 88 d 3
120 24 e 4
121 122 a 4
121 122 b 0
121 120 c 0
121 47 d 3
121 110 e 1
122 123 a 2
122 123 b 1
122 88 c 0
122 73 d 0
122 1 e 3
123 124 a 1
123 124 b 1
123 117 c 2
123 58 d 2
123 20 e 1
124 125 a 0
124 125 b 4
124 102 c 0
124 61 d 2
124 46 e 3
125 126 a 1
125 126 b 1
125 66 c 3
125 47 d 2
125 25 e 1
126 127 a 3
126 127 b 4
126 38 c 3
126 18 d 3
126 100 e 1
127 128 a 3
127 128 b 1
127 51 c 1
127 11 d 3
127 98 e 0
128 1 a 1
128 1 b 4
128 13 c 2
128 101 d 4
128 41 e 3

5 128 640 5 5 0
1 2 a 3
1 2 b 0
1 93 c 0
1 12 d 0
1 19 e 4
2 3 a 3
2 3 b 2
2 80 c 4
2 19 d 0
2 64 e 0
3 4 a 1
3 4 b 1
3 22 c 4
3 47 d 3
3 19 e 0
4 5 a 1
4 5 b 3
4 99 c 2
4 57 d 4
4 48 e 4
5 6 a 1
5 6 b 2
5 114 c 2
5 48 d 4
5 4 e 3
6 7 a 0
6 7 b 4
6 125 c 0
6 52 d 4
6 61 e 1
7 8 a 3
7 8 b 4
7 70 c 4
7 12 d 0
7 78 e 3
8 9 a 2
8 9 b 3
8 18 c 1
8 33 d 0
8 108 e 1
9 10 a 3
9 10 b 1
9 40 c 1
9 1 d 4
9 20 e 1
10 11 a 0
10 11 b 1
10 86 c 3
10 94 d 1
10 2 e 2
11 12 a 0
11 12 b 3
11 108 c 4
11 12 d 4
11 59 e 1
12 13 a 1
12 13 b 1
12 63 c 4
12 6 d 4
12 5 e 0
13 14 a 1
13 14 b 1
13 40 c 4
13 105 d 2
13 105 e 2
14 15 a 1
14 15 b 3
14 2 c 0
14 119 d 2
14 56 e 1
15 16 a 2
15 16 b 1
15 48 c 0
15 22 d 1
15 3 e 2
16 17 a 1
16 17 b 2
16 20 c 2
16 78 d 2
16 34 e 0
17 18 a 0
17 18 b 3
17 25 c 4
17 79 d 0
17 46 e 3
18 19 a 4
18 19 b 4
18 42 c 2
18 104 d 0
18 6 e 1
19 20 a 3
19 20 b 0
19 57 c 0
19 17 d 1
19 78 e 2
20 21 a 3
20 21 b 2
20 57 c 4
20 99 d 2
20 107 e 4
21 22 a 2
21 22 b 4
21 36 c 4
21 26 d 0
21 9 e 2
22 23 a 2
22 23 b 1
22 118 c 4
22 26 d 4
22 21 e 1
23 24 a 0
23 24 b 1
23 48 c 0
23 103 d 3
23 67 e 3
24 25 a 3
24 25 b 2
24 86 c 2
24 43 d 4
24 9 e 2
25 26 a 3
25 26 b 4
25 113 c 3
25 52 d 1
25 34 e 4
26 27 a 2
26 27 b 1
26 13 c 4
26 116 d 0
26 13 e 0
27 28 a 1
27 28 b 3
27 60 c 3
27 127 d 4
27 11 e 0
28 29 a 3
28 29 b 1
28 18 c 2
28 16 d 0
28 36 e 3
29 30 a 2
29 30 b 0
29 39 c 1
29 4 d 4
29 34 e 0
30 31 a 2
30 31 b 2
30 24 c 3
30 93 d 0
30 21 e 1
31 32 a 3
31 32 b 3
31 6 c 4
31 65 d 0
31 77 e 3
32 33 a 1
32 33 b 3
32 21 c 4
32 121 d 4
32 99 e 4
33 34 a 2
33 34 b 0
33 110 c 1
33 114 d 0
33 49 e 2
34 35 a 1
34 35 b 4
34 62 c 0
34 63 d 3
34 85 e 2
35 36 a 2
35 36 b 3
35 53 c 2
35 21 d 3
35 50 e 1
36 37 a 1
36 37 b 0
36 8 c 4
36 77 d 1
36 111 e 4
37 38 a 3
37 38 b 4
37 112 c 2
37 102 d 2
37 118 e 4
38 39 a 1
38 39 b 0
38 40 c 0
38 1 d 0
38 118 e 2
39 40 a 0
39 40 b 2
39 114 c 1
39 99 d 0
39 98 e 3
40 41 a 4
40 41 b 2
40 19 c 1
40 118 d 4
40 112 e 3
41 42 a 3
41 42 b 1
41 82 c 1
41 72 d 3
41 26 e 0
42 43 a 2
42 43 b 0
42 126 c 4
42 11 d 4
42 32 e 2
43 44 a 0
43 44 b 0
43 101 c 4
43 19 d 2
43 4 e 3
44 45 a 4
44 45 b 3
44 93 c 4
44 91 d 2
44 13 e 1
45 46 a 2
45 46 b 4
45 63 c 4
45 128 d 1
45 68 e 0
46 47 a 4
46 47 b 4
46 103 c 1
46 69 d 3
46 122 e 0
47 48 a 3
47 48 b 0
47 53 c 3
47 13 d 3
47 65 e 3
48 49 a 4
48 49 b 3
48 15 c 4
48 100 d 4
48 110 e 1
49 50 a 1
49 50 b 4
49 93 c 4
49 119 d 1
49 29 e 1
50 51 a 2
50 51 b 1
50 11 c 0
50 23 d 2
50 45 e 4
51 52 a 2
51 52 b 0
51 11 c 1
51 57 d 4
51 64 e 3
52 53 a 2
52 53 b 0
52 80 c 0
52 121 d 0
52 60 e 3
53 54 a 0
53 54 b 4
53 84 c 0
53 19 d 3
53 77 e 1
54 55 a 4
54 55 b 2
54 19 c 4
54 105 d 0
54 96 e 3
55 56 a 1
55 56 b 3
55 14 c 4
55 128 d 4
55 42 e 0
56 57 a 2
56 57 b 3
56 73 c 4
56 2 d 2
56 31 e 0
57 58 a 0
57 58 b 4
57 77 c 2
57 61 d 3
57 123 e 1
58 59 a 2
58 59 b 0
58 39 c 3
58 35 d 4
58 60 e 1
59 60 a 2
59 60 b 1
59 103 c 2
59 72 d 1
59 38 e 0
60 61 a 0
60 61 b 3
60 34 c 4
60 103 d 0
60 62 e 1
61 62 a 3
61 62 b 2
61 112 c 1
61 94 d 1
61 80 e 4
62 63 a 1
62 63 b 3
62 110 c 2
62 45 d 1
62 105 e 2
63 64 a 2
63 64 b 2
63 61 c 4
63 123 d 4
63 93 e 3
64 65 a 4
64 65 b 3
64 2 c 0
64 16 d 1
64 66 e 2
65 66 a 2
65 66 b 3
65 100 c 0
65 92 d 1
65 115 e 1
66 67 a 2
66 67 b 2
66 17 c 3
66 111 d 3
66 14 e 4
67 68 a 0
67 68 b 1
67 57 c 3
67 127 d 2
67 118 e 2
68 69 a 3
68 69 b 2
68 17 c 3
68 102 d 4
68 82 e 3
69 70 a 0
69 70 b 4
69 82 c 4
69 33 d 4
69 12 e 4
70 71 a 1
70 71 b 3
70 55 c 2
70 81 d 2
70 84 e 1
71 72 a 4
71 72 b 2
71 3 c 0
71 62 d 4
71 26 e 3
72 73 a 3
72 73 b 2
72 120 c 1
72 79 d 4
72 23 e 1
73 74 a 2
73 74 b 4
73 97 c 0
73 19 d 3
73 69 e 4
74 75 a 2
74 75 b 2
74 9 c 2
74 60 d 0
74 98 e 0
75 76 a 0
75 76 b 4
75 66 c 0
75 30 d 1
75 113 e 3
76 77 a 4
76 77 b 3
76 95 c 1
76 52 d 2
76 57 e 0
77 78 a 1
77 78 b 2
77 58 c 1
77 28 d 3
77 68 e 0
78 79 a 0
78 79 b 4
78 47 c 4
78 22 d 4
78 97 e 2
79 80 a 4
79 80 b 1
79 30 c 1
79 9 d 1
79 34 e 0
80 81 a 2
80 81 b 3
80 109 c 2
80 126 d 3
80 95 e 4
81 82 a 1
81 82 b 2
81 4 c 4
81 35 d 3
81 49 e 0
82 83 a 4
82 83 b 1
82 80 c 2
82 73 d 4
82 120 e 3
83 84 a 3
83 84 b 1
83 65 c 1
83 102 d 2
83 86 e 0
84 85 a 0
84 85 b 3
84 75 c 0
84 19 d 1
84 49 e 3
85 86 a 4
85 86 b 0
85 104 c 1
85 15 d 3
85 53 e 2
86 87 a 3
86 87 b 4
86 20 c 0
86 59 d 0
86 80 e 3
87 88 a 3
87 88 b 1
87 80 c 4
87 29 d 0
87 52 e 0
88 89 a 2
88 89 b 4
88 33 c 4
88 93 d 3
88 88 e 0
89 90 a 3
89 90 b 0
89 14 c 3
89 74 d 4
89 120 e 2
90 91 a 3
90 91 b 3
90 37 c 3
90 86 d 2
90 16 e 2
91 92 a 1
91 92 b 2
91 118 c 4
91 21 d 1
91 101 e 1
92 93 a 3
92 93 b 2
92 22 c 4
92 67 d 1
92 124 e 4
93 94 a 0
93 94 b 2
93 29 c 1
93 59 d 2
93 33 e 2
94 95 a 0
94 95 b 4
94 40 c 0
94 128 d 2
94 97 e 3
95 96 a 0
95 96 b 4
95 89 c 0
95 56 d 2
95 16 e 3
96 97 a 3
96 97 b 0
96 82 c 4
96 44 d 0
96 68 e 4
97 98 a 3
97 98 b 4
97 62 c 3
97 74 d 2
97 88 e 4
98 99 a 1
98 99 b 4
98 72 c 2
98 35 d 4
98 107 e 3
99 100 a 4
99 100 b 1
99 33 c 4
99 109 d 0
99 94 e 1
100 101 a 3
100 101 b 3
100 126 c 1
100 2 d 1
100 89 e 0
101 102 a 4
101 102 b 1
101 24 c 1
101 95 d 0
101 71 e 4
102 103 a 1
102 103 b 0
102 43 c 2
102 38 d 0
102 85 e 3
103 104 a 2
103 104 b 0
103 119 c 2
103 28 d 0
103 119 e 4
104 105 a 4
104 105 b 1
104 66 c 3
104 44 d 0
104 99 e 3
105 106 a 1
105 106 b 3
105 84 c 1
105 98 d 3
105 19 e 2
106 107 a 2
106 107 b 2
106 121 c 0
106 113 d 1
106 72 e 1
107 108 a 3
107 108 b 0
107 3 c 2
107 45 d 2
107 2 e 0
108 109 a 4
108 109 b 2
108 69 c 4
108 18 d 3
108 9 e 0
109 110 a 2
109 110 b 4
109 25 c 0
109 59 d 2
109 103 e 0
110 111 a 4
110 111 b 0
110 91 c 4
110 108 d 3
110 107 e 1
111 112 a 2
111 112 b 1
111 108 c 1
111 9 d 0
111 39 e 4
112 113 a 2
112 113 b 2
112 48 c 2
112 28 d 4
112 115 e 2
113 114 a 0
113 114 b 4
113 16 c 2
113 83 d 4
113 105 e 4
114 115 a 4
114 115 b 0
114 120 c 1
114 127 d 0
114 103 e 0
115 116 a 1
115 116 b 2
115 90 c 2
115 22 d 1
115 16 e 1
116 117 a 1
116 117 b 4
116 42 c 0
116 50 d 4
116 74 e 0
117 118 a 3
117 118 b 0
117 96 c 3
117 16 d 4
117 65 e 4
118 119 a 2
118 119 b 1
118 122 c 1
118 18 d 4
118 99 e 1
119 120 a 1
119 120 b 0
119 119 c 1
119 61 d 1
119 98 e 4
120 121 a 4
120 121 b 1
120 92 c 1
120 60 d 2
120 54 e 4
121 122 a 1
121 122 b 4
121 50 c 4
121 91 d 0
121 24 e 3
122 123 a 4
122 123 b 0
122 6 c 0
122 13 d 0
122 8 e 0
123 124 a 0
123 124 b 1
123 104 c 4
123 103 d 3
123 72 e 3
124 125 a 4
124 125 b 3
124 109 c 2
124 34 d 2
124 94 e 2
125 126 a 0
125 126 b 0
125 46 c 4
125 29 d 3
125 22 e 4
126 127 a 4
126 127 b 2
126 71 c 2
126 88 d 4
126 125 e 3
127 128 a 3
127 128 b 4
127 88 c 3
127 122 d 4
127 104 e 2
128 1 a 1
128 1 b 2
128 6 c 2
128 76 d 1
128 107 e 3

6 128 640 5 5 0
1 2 a 4
1 2 b 2
1 123 c 3
1 60 d 3
1 98 e 0
2 3 a 4
2 3 b 1
2 98 c 2
2 91 d 4
2 107 e 2
3 4 a 4
3 4 b 4
3 109 c 3
3 96 d 0
3 106 e 2
4 5 a 4
4 5 b 3
4 79 c 1
4 34 d 2
4 4 e 1
5 6 a 0
5 6 b 3
5 66 c 2
5 34 d 1
5 37 e 3
6 7 a 3
6 7 b 4
6 2 c 3
6 127 d 3
6 122 e 1
7 8 a 3
7 8 b 2
7 79 c 3
7 127 d 0
7 119 e 2
8 9 a 0
8 9 b 4
8 111 c 3
8 13 d 2
8 82 e 1
9 10 a 2
9 10 b 3
9 42 c 4
9 53 d 1
9 6 e 1
10 11 a 3
10 11 b 2
10 77 c 4
10 42 d 3
10 81 e 3
11 12 a 4
11 12 b 4
11 39 c 2
11 65 d 3
11 55 e 3
12 13 a 0
12 13 b 4
12 15 c 3
12 115 d 4
12 125 e 0
13 14 a 3
13 14 b 0
13 92 c 2
13 95 d 3
13 46 e 2
14 15 a 3
14 15 b 2
14 107 c 2
14 69 d 3
14 25 e 0
15 16 a 1
15 16 b 3
15 29 c 1
15 12 d 4
15 81 e 1
16 17 a 4
16 17 b 4
16 86 c 0
16 62 d 3
16 44 e 1
17 18 a 2
17 18 b 3
17 127 c 4
17 6 d 2
17 68 e 0
18 19 a 1
18 19 b 1
18 5 c 3
18 57 d 3
18 121 e 1
19 20 a 2
19 20 b 4
19 88 c 3
19 74 d 4
19 109 e 3
20 21 a 0
20 21 b 1
20 109 c 4
20 84 d 0
20 7 e 0
21 22 a 2
21 22 b 3
21 60 c 0
21 20 d 4
21 113 e 1
22 23 a 3
22 23 b 1
22 67 c 2
22 108 d 4
22 26 e 0
23 24 a 1
23 24 b 2
23 1 c 0
23 98 d 3
23 53 e 2
24 25 a 4
24 25 b 1
24 123 c 1
24 31 d 3
24 55 e 0
25 26 a 2
25 26 b 4
25 59 c 0
25 112 d 0
25 93 e 1
26 27 a 3
26 27 b 1
26 76 c 1
26 72 d 4
26 36 e 3
27 28 a 4
27 28 b 0
27 63 c 3
27 60 d 1
27 79 e 1
28 29 a 4
28 29 b 4
28 41 c 3
28 5 d 0
28 100 e 4
29 30 a 3
29 30 b 0
29 35 c 1
29 2 d 4
29 47 e 1
30 31 a 3
30 31 b 2
30 73 c 4
30 52 d 0
30 62 e 1
31 32 a 0
31 32 b 1
31 59 c 1
31 64 d 2
31 99 e 0
32 33 a 2
32 33 b 4
32 31 c 0
32 112 d 2
32 53 e 2
33 34 a 1
33 34 b 0
33 29 c 3
33 50 d 0
33 16 e 4
34 35 a 3
34 35 b 1
34 97 c 1
34 23 d 4
34 16 e 1
35 36 a 1
35 36 b 3
35 29 c 3
35 86 d 2
35 26 e 1
36 37 a 4
36 37 b 2
36 4 c 3
36 71 d 0
36 83 e 1
37 38 a 0
37 38 b 4
37 80 c 3
37 104 d 4
37 39 e 0
38 39 a 3
38 39 b 4
38 61 c 4
38 91 d 2
38 67 e 1
39 40 a 1
39 40 b 3
39 12 c 1
39 102 d 4
39 27 e 0
40 41 a 1
40 41 b 4
40 1 c 1
40 114 d 0
40 102 e 0
41 42 a 2
41 42 b 0
41 101 c 0
41 12 d 4
41 29 e 2
42 43 a 4
42 43 b 4
42 4 c 3
42 103 d 1
42 127 e 3
43 44 a 1
43 44 b 4
43 48 c 0
43 88 d 3
43 15 e 1
44 45 a 4
44 45 b 1
44 61 c 4
44 88 d 4
44 21 e 0
45 46 a 3
45 46 b 2
45 3 c 2
45 6 d 3
45 25 e 1
46 47 a 3
46 47 b 2
46 95 c 4
46 35 d 2
46 107 e 4
47 48 a 3
47 48 b 0
47 50 c 3
47 20 d 1
47 30 e 4
48 49 a 4
48 49 b 3
48 97 c 3
48 99 d 2
48 8 e 3
49 50 a 0
49 50 b 3
49 83 c 0
49 62 d 2
49 68 e 1
50 51 a 2
50 51 b 3
50 118 c 2
50 119 d 4
50 48 e 3
51 52 a 3
51 52 b 4
51 58 c 4
51 2 d 4
51 111 e 4
52 53 a 3
52 53 b 3
52 20 c 0
52 122 d 4
52 104 e 4
53 54 a 3
53 54 b 4
53 124 c 0
53 29 d 0
53 69 e 2
54 55 a 4
54 55 b 3
54 112 c 2
54 75 d 1
54 117 e 0
55 56 a 0
55 56 b 4
55 111 c 3
55 11 d 0
55 43 e 4
56 57 a 2
56 57 b 0
56 127 c 2
56 5 d 4
56 93 e 2
57 58 a 0
57 58 b 2
57 39 c 2
57 9 d 2
57 69 e 3
58 59 a 4
58 59 b 2
58 118 c 3
58 7 d 3
58 99 e 4
59 60 a 1
59 60 b 3
59 122 c 0
59 21 d 1
59 121 e 1
60 61 a 1
60 61 b 0
60 73 c 0
60 109 d 4
60 14 e 3
61 62 a 0
61 62 b 0
61 124 c 4
61 107 d 4
61 108 e 2
62 63 a 2
62 63 b 4
62 47 c 2
62 19 d 4
62 34 e 1
63 64 a 3
63 64 b 0
63 2 c 0
63 9 d 1
63 2 e 4
64 65 a 1
64 65 b 2
64 27 c 0
64 24 d 1
64 36 e 3
65 66 a 0
65 66 b 4
65 34 c 3
65 44 d 3
65 97 e 0
66 67 a 4
66 67 b 1
66 68 c 1
66 87 d 0
66 89 e 4
67 68 a 0
67 68 b 3
67 48 c 0
67 80 d 2
67 110 e 4
68 69 a 4
68 69 b 3
68 29 c 2
68 111 d 3
68 70 e 2
69 70 a 2
69 70 b 3
69 66 c 4
69 50 d 2
69 77 e 0
70 71 a 2
70 71 b 0
70 92 c 3
70 60 d 0
70 49 e 2
71 72 a 2
71 72 b 3
71 44 c 0
71 80 d 3
71 100 e 0
72 73 a 4
72 73 b 4
72 118 c 0
72 90 d 2
72 29 e 4
73 74 a 1
73 74 b 0
73 3 c 2
73 103 d 0
73 87 e 1
74 75 a 0
74 75 b 0
74 32 c 2
74 40 d 4
74 81 e 3
75 76 a 1
75 76 b 0
75 29 c 0
75 115 d 4
75 12 e 4
76 77 a 1
76 77 b 2
76 79 c 2
76 66 d 2
76 81 e 4
77 78 a 0
77 78 b 2
77 14 c 3
77 50 d 4
77 40 e 4
78 79 a 1
78 79 b 2
78 55 c 2
78 4 d 4
78 97 e 2
79 80 a 2
79 80 b 3
79 44 c 3
79 32 d 0
79 15 e 4
80 81 a 4
80 81 b 2
80 79 c 4
80 13 d 4
80 9 e 2
81 82 a 1
81 82 b 3
81 10 c 3
81 122 d 1
81 103 e 3
82 83 a 3
82 83 b 4
82 75 c 1
82 57 d 2
82 11 e 0
83 84 a 0
83 84 b 3
83 128 c 2
83 63 d 0
83 21 e 3
84 85 a 2
84 85 b 2
84 31 c 3
84 37 d 3
84 109 e 0
85 86 a 1
85 86 b 4
85 32 c 4
85 41 d 1
85 61 e 0
86 87 a 3
86 87 b 0
86 1 c 0
86 46 d 0
86 117 e 2
87 88 a 0
87 88 b 1
87 66 c 1
87 55 d 3
87 69 e 2
88 89 a 0
88 89 b 3
88 102 c 4
88 112 d 0
88 38 e 0
89 90 a 2
89 90 b 0
89 120 c 4
89 38 d 3
89 82 e 2
90 91 a 0
90 91 b 4
90 3 c 3
90 74 d 2
90 71 e 1
91 92 a 2
91 92 b 3
91 25 c 3
91 114 d 1
91 72 e 4
92 93 a 2
92 93 b 2
92 77 c 3
92 88 d 3
92 92 e 3
93 94 a 2
93 94 b 2
93 57 c 0
93 89 d 3
93 77 e 0
94 95 a 4
94 95 b 2
94 121 c 2
94 119 d 2
94 42 e 0
95 96 a 1
95 96 b 3
95 46 c 4
95 87 d 4
95 70 e 4
96 97 a 3
96 97 b 0
96 124 c 1
96 68 d 3
96 54 e 1
97 98 a 1
97 98 b 1
97 12 c 1
97 42 d 3
97 87 e 0
98 99 a 0
98 99 b 1
98 10 c 0
98 28 d 3
98 70 e 0
99 100 a 2
99 100 b 2
99 40 c 3
99 78 d 4
99 102 e 1
100 101 a 3
100 101 b 4
100 26 c 1
100 27 d 1
100 93 e 4
101 102 a 4
101 102 b 4
101 24 c 2
101 1 d 2
101 23 e 3
102 103 a 0
102 103 b 2
102 95 c 0
102 32 d 1
102 66 e 3
103 104 a 4
103 104 b 0
103 48 c 4
103 63 d 1
103 80 e 1
104 105 a 2
104 105 b 0
104 79 c 0
104 71 d 3
104 121 e 3
105 106 a 1
105 106 b 4
105 6 c 3
105 70 d 4
105 54 e 1
106 107 a 4
106 107 b 4
106 32 c 0
106 109 d 1
106 70 e 2
107 108 a 3
107 108 b 3
107 110 c 4
107 18 d 1
107 45 e 2
108 109 a 2
108 109 b 3
108 69 c 2
108 47 d 3
108 49 e 0
109 110 a 0
109 110 b 3
109 125 c 2
109 97 d 1
109 91 e 2
110 111 a 2
110 111 b 2
110 116 c 4
110 106 d 0
110 124 e 3
111 112 a 4
111 112 b 1
111 9 c 4
111 47 d 4
111 37 e 0
112 113 a 1
112 113 b 0
112 33 c 3
112 59 d 4
112 45 e 1
113 114 a 2
113 114 b 0
113 38 c 0
113 58 d 2
113 47 e 0
114 115 a 0
114 115 b 1
114 3 c 1
114 127 d 4
114 10 e 3
115 116 a 4
115 116 b 2
115 42 c 2
115 127 d 3
115 95 e 2
116 117 a 2
116 117 b 2
116 14 c 3
116 83 d 2
116 22 e 2
117 118 a 2
117 118 b 2
117 41 c 1
117 58 d 1
117 90 e 3
118 119 a 4
118 119 b 3
118 118 c 0
118 20 d 3
118 24 e 3
119 120 a 2
119 120 b 4
119 120 c 3
119 104 d 0
119 4 e 4
120 121 a 3
120 121 b 0
120 50 c 1
120 95 d 4
120 20 e 3
121 122 a 1
121 122 b 0
121 45 c 3
121 71 d 0
121 3 e 4
122 123 a 1
122 123 b 3
122 117 c 0
122 17 d 0
122 79 e 1
123 124 a 0
123 124 b 2
123 28 c 4
123 83 d 3
123 59 e 2
124 125 a 1
124 125 b 2
124 53 c 4
124 71 d 3
124 78 e 4
125 126 a 3
125 126 b 1
125 90 c 0
125 74 d 4
125 82 e 0
126 127 a 4
126 127 b 1
126 39 c 3
126 94 d 4
126 86 e 1
127 128 a 4
127 128 b 1
127 61 c 2
127 41 d 3
127 45 e 3
128 1 a 1
128 1 b 2
128 64 c 0
128 115 d 1
128 109 e 0

7 128 640 5 5 0
1 2 a 4
1 2 b 0
1 89 c 0
1 44 d 2
1 112 e 3
2 3 a 0
2 3 b 3
2 53 c 2
2 100 d 4
2 86 e 0
3 4 a 1
3 4 b 4
3 4 c 0
3 80 d 2
3 1 e 2
4 5 a 3
4 5 b 0
4 123 c 1
4 76 d 2
4 24 e 4
5 6 a 2
5 6 b 1
5 82 c 3
5 83 d 4
5 5 e 4
6 7 a 4
6 7 b 4
6 70 c 1
6 9 d 3
6 119 e 1
7 8 a 3
7 8 b 4
7 24 c 4
7 50 d 2
7 96 e 1
8 9 a 3
8 9 b 2
8 13 c 3
8 56 d 3
8 120 e 2
9 10 a 2
9 10 b 2
9 108 c 1
9 41 d 1
9 56 e 3
10 11 a 2
10 11 b 2
10 3 c 3
10 54 d 2
10 96 e 3
11 12 a 0
11 12 b 4
11 35 c 3
11 54 d 4
11 114 e 4
12 13 a 0
12 13 b 1
12 31 c 2
12 32 d 2
12 53 e 0
13 14 a 4
13 14 b 1
13 80 c 3
13 21 d 0
13 50 e 2
14 15 a 4
14 15 b 2
14 20 c 3
14 84 d 1
14 58 e 3
15 16 a 4
15 16 b 1
15 74 c 0
15 67 d 4
15 94 e 4
16 17 a 2
16 17 b 1
16 88 c 4
16 109 d 4
16 118 e 2
17 18 a 0
17 18 b 1
17 38 c 0
17 126 d 3
17 27 e 2
18 19 a 1
18 19 b 4
18 32 c 2
18 73 d 0
18 44 e 2
19 20 a 0
19 20 b 3
19 55 c 3
19 67 d 4
19 77 e 0
20 21 a 0
20 21 b 3
20 97 c 4
20 5 d 3
20 99 e 3
21 22 a 3
21 22 b 2
21 21 c 3
21 78 d 4
21 26 e 2
22 23 a 3
22 23 b 3
22 79 c 0
22 127 d 4
22 95 e 4
23 24 a 1
23 24 b 2
23 18 c 4
23 29 d 3
23 102 e 1
24 25 a 0
24 25 b 2
24 97 c 2
24 82 d 3
24 37 e 4
25 26 a 1
25 26 b 4
25 69 c 4
25 108 d 0
25 87 e 0
26 27 a 0
26 27 b 0
26 75 c 2
26 92 d 3
26 123 e 3
27 28 a 3
27 28 b 1
27 2 c 4
27 57 d 0
27 82 e 2
28 29 a 2
28 29 b 1
28 1 c 4
28 59 d 1
28 100 e 3
29 30 a 3
29 30 b 3
29 95 c 3
29 64 d 2
29 123 e 0
30 31 a 2
30 31 b 3
30 57 c 2
30 74 d 2
30 39 e 2
31 32 a 0
31 32 b 4
31 48 c 4
31 127 d 3
31 56 e 4
32 33 a 0
32 33 b 3
32 105 c 3
32 39 d 0
32 71 e 0
33 34 a 1
33 34 b 2
33 11 c 1
33 50 d 2
33 46 e 3
34 35 a 0
34 35 b 4
34 68 c 0
34 48 d 4
34 11 e 1
35 36 a 1
35 36 b 3
35 68 c 3
35 87 d 4
35 65 e 2
36 37 a 3
36 37 b 2
36 64 c 4
36 128 d 4
36 119 e 2
37 38 a 3
37 38 b 1
37 112 c 1
37 42 d 3
37 23 e 3
38 39 a 0
38 39 b 3
38 18 c 0
38 117 d 4
38 80 e 2
39 40 a 3
39 40 b 1
39 101 c 2
39 41 d 2
39 21 e 3
40 41 a 1
40 41 b 3
40 46 c 0
40 45 d 3
40 28 e 3
41 42 a 3
41 42 b 0
41 55 c 0
41 16 d 1
41 95 e 2
42 43 a 3
42 43 b 3
42 75 c 3
42 3 d 3
42 30 e 1
43 44 a 0
43 44 b 2
43 59 c 4
43 93 d 0
43 91 e 4
44 45 a 4
44 45 b 3
44 93 c 3
44 22 d 3
44 93 e 1
45 46 a 1
45 46 b 1
45 7 c 3
45 76 d 3
45 45 e 2
46 47 a 2
46 47 b 1
46 24 c 0
46 65 d 1
46 28 e 4
47 48 a 3
47 48 b 4
47 111 c 4
47 91 d 0
47 60 e 4
48 49 a 0
48 49 b 2
48 114 c 3
48 35 d 1
48 98 e 4
49 50 a 3
49 50 b 2
49 9 c 4
49 70 d 3
49 42 e 1
50 51 a 1
50 51 b 3
50 33 c 3
50 23 d 0
50 115 e 0
51 52 a 1
51 52 b 2
51 41 c 1
51 11 d 4
51 95 e 1
52 53 a 4
52 53 b 1
52 24 c 3
52 60 d 2
52 84 e 4
53 54 a 1
53 54 b 4
53 101 c 0
53 103 d 3
53 126 e 3
54 55 a 3
54 55 b 4
54 13 c 3
54 109 d 1
54 74 e 2
55 56 a 3
55 56 b 2
55 16 c 0
55 85 d 1
55 109 e 1
56 57 a 2
56 57 b 4
56 117 c 3
56 73 d 0
56 91 e 2
57 58 a 0
57 58 b 2
57 66 c 0
57 21 d 4
57 80 e 4
58 59 a 0
58 59 b 1
58 4 c 1
58 43 d 4
58 74 e 1
59 60 a 1
59 60 b 4
59 77 c 1
59 34 d 0
59 13 e 4
60 61 a 0
60 61 b 4
60 49 c 0
60 50 d 2
60 30 e 0
61 62 a 4
61 62 b 4
61 72 c 3
61 57 d 2
61 72 e 0
62 63 a 3
62 63 b 3
62 48 c 4
62 58 d 4
62 27 e 1
63 64 a 4
63 64 b 3
63 8 c 1
63 88 d 1
63 104 e 4
64 65 a 2
64 65 b 1
64 117 c 0
64 95 d 0
64 70 e 1
65 66 a 2
65 66 b 0
65 32 c 2
65 60 d 2
65 16 e 4
66 67 a 2
66 67 b 3
66 54 c 0
66 128 d 1
66 100 e 2
67 68 a 3
67 68 b 3
67 104 c 1
67 97 d 0
67 37 e 4
68 69 a 2
68 69 b 4
68 105 c 3
68 56 d 2
68 122 e 2
69 70 a 4
69 70 b 4
69 114 c 0
69 4 d 3
69 77 e 3
70 71 a 0
70 71 b 0
70 65 c 4
70 102 d 4
70 78 e 1
71 72 a 4
71 72 b 1
71 21 c 0
71 35 d 4
71 109 e 0
72 73 a 2
72 73 b 3
72 52 c 3
72 38 d 0
72 99 e 0
73 74 a 2
73 74 b 3
73 101 c 2
73 123 d 0
73 42 e 1
74 75 a 3
74 75 b 2
74 119 c 2
74 84 d 3
74 128 e 0
75 76 a 0
75 76 b 4
75 56 c 1
75 8 d 4
75 104 e 2
76 77 a 3
76 77 b 3
76 126 c 4
76 15 d 3
76 40 e 0
77 78 a 3
77 78 b 1
77 34 c 4
77 8 d 2
77 77 e 4
78 79 a 3
78 79 b 4
78 128 c 1
78 51 d 0
78 34 e 0
79 80 a 0
79 80 b 1
79 121 c 0
79 119 d 0
79 61 e 0
80 81 a 1
80 81 b 0
80 113 c 1
80 93 d 4
80 115 e 0
81 82 a 2
81 82 b 2
81 81 c 4
81 18 d 3
81 94 e 3
82 83 a 1
82 83 b 4
82 5 c 1
82 105 d 3
82 94 e 2
83 84 a 4
83 84 b 3
83 127 c 4
83 87 d 3
83 21 e 0
84 85 a 2
84 85 b 3
84 51 c 3
84 118 d 3
84 105 e 1
85 86 a 3
85 86 b 2
85 25 c 0
85 3 d 2
85 6 e 3
86 87 a 0
86 87 b 3
86 46 c 2
86 96 d 1
86 90 e 1
87 88 a 2
87 88 b 3
87 115 c 0
87 18 d 3
87 23 e 2
88 89 a 2
88 89 b 1
88 108 c 0
88 68 d 1
88 52 e 3
89 90 a 1
89 90 b 2
89 34 c 4
89 66 d 0
89 108 e 3
90 91 a 1
90 91 b 1
90 34 c 1
90 126 d 2
90 62 e 4
91 92 a 4
91 92 b 3
91 124 c 0
91 15 d 4
91 108 e 2
92 93 a 2
92 93 b 1
92 69 c 2
92 45 d 3
92 124 e 2
93 94 a 1
93 94 b 3
93 21 c 2
93 55 d 4
93 58 e 0
94 95 a 2
94 95 b 3
94 10 c 4
94 45 d 1
94 51 e 0
95 96 a 0
95 96 b 0
95 67 c 4
95 54 d 0
95 59 e 4
96 97 a 0
96 97 b 1
96 101 c 3
96 27 d 4
96 104 e 0
97 98 a 3
97 98 b 4
97 26 c 4
97 74 d 4
97 21 e 4
98 99 a 4
98 99 b 4
98 13 c 1
98 84 d 1
98 97 e 0
99 100 a 4
99 100 b 0
99 111 c 1
99 111 d 2
99 45 e 4
100 101 a 3
100 101 b 0
100 118 c 0
100 117 d 2
100 33 e 2
101 102 a 2
101 102 b 4
101 88 c 2
101 99 d 0
101 39 e 4
102 103 a 2
102 103 b 3
102 84 c 3
102 91 d 2
102 111 e 3
103 104 a 2
103 104 b 0
103 41 c 3
103 34 d 1
103 106 e 3
104 105 a 4
104 105 b 0
104 29 c 4
104 35 d 0
104 79 e 4
105 106 a 3
105 106 b 3
105 120 c 0
105 106 d 2
105 24 e 3
106 107 a 4
106 107 b 4
106 6 c 4
106 41 d 3
106 5 e 2
107 108 a 1
107 108 b 0
107 25 c 2
107 55 d 4
107 25 e 2
108 109 a 0
108 109 b 3
108 4 c 3
108 12 d 1
108 24 e 3
109 110 a 0
109 110 b 3
109 33 c 2
109 71 d 3
109 16 e 4
110 111 a 4
110 111 b 3
110 76 c 2
110 40 d 0
110 77 e 1
111 112 a 3
111 112 b 3
111 102 c 2
111 22 d 4
111 98 e 3
112 113 a 0
112 113 b 3
112 83 c 2
112 26 d 4
112 39 e 2
113 114 a 0
113 114 b 1
113 124 c 3
113 98 d 2
113 54 e 3
114 115 a 1
114 115 b 2
114 78 c 3
114 63 d 2
114 108 e 4
115 116 a 3
115 116 b 2
115 57 c 3
115 40 d 0
115 110 e 1
116 117 a 2
116 117 b 0
116 50 c 4
116 52 d 0
116 34 e 0
117 118 a 2
117 118 b 1
117 49 c 3
117 35 d 4
117 50 e 4
118 119 a 3
118 119 b 0
118 51 c 3
118 86 d 3
118 13 e 0
119 120 a 2
119 120 b 0
119 57 c 1
119 83 d 1
119 101 e 2
120 121 a 1
120 121 b 4
120 71 c 4
120 66 d 3
120 50 e 0
121 122 a 1
121 122 b 0
121 103 c 3
121 115 d 1
121 45 e 1
122 123 a 2
122 123 b 0
122 36 c 2
122 86 d 0
122 86 e 4
123 124 a 3
123 124 b 3
123 15 c 2
123 128 d 0
123 111 e 3
124 125 a 0
124 125 b 0
124 61 c 1
124 45 d 4
124 126 e 4
125 126 a 0
125 126 b 2
125 70 c 0
125 56 d 0
125 79 e 2
126 127 a 2
126 127 b 3
126 72 c 1
126 37 d 1
126 111 e 3
127 128 a 4
127 128 b 2
127 98 c 4
127 24 d 3
127 50 e 3
128 1 a 0
128 1 b 3
128 58 c 4
128 91 d 4
128 47 e 1

8 128 640 5 5 0
1 2 a 3
1 2 b 3
1 120 c 4
1 92 d 0
1 63 e 4
2 3 a 4
2 3 b 0
2 72 c 2
2 44 d 3
2 1 e 3
3 4 a 0
3 4 b 3
3 91 c 4
3 1 d 0
3 89 e 1
4 5 a 3
4 5 b 2
4 102 c 1
4 53 d 4
4 108 e 1
5 6 a 2
5 6 b 4
5 34 c 1
5 69 d 1
5 38 e 0
6 7 a 3
6 7 b 3
6 75 c 1
6 83 d 3
6 52 e 1
7 8 a 3
7 8 b 4
7 34 c 3
7 37 d 1
7 10 e 3
8 9 a 3
8 9 b 4
8 107 c 1
8 35 d 3
8 94 e 1
9 10 a 4
9 10 b 0
9 111 c 2
9 93 d 2
9 43 e 1
10 11 a 3
10 11 b 1
10 122 c 2
10 3 d 3
10 47 e 0
11 12 a 1
11 12 b 3
11 94 c 0
11 106 d 4
11 109 e 0
12 13 a 0
12 13 b 2
12 110 c 0
12 14 d 1
12 44 e 0
13 14 a 2
13 14 b 4
13 4 c 2
13 10 d 1
13 119 e 3
14 15 a 3
14 15 b 3
14 125 c 4
14 34 d 1
14 27 e 2
15 16 a 0
15 16 b 0
15 55 c 3
15 58 d 0
15 44 e 1
16 17 a 0
16 17 b 4
16 26 c 3
16 92 d 3
16 127 e 2
17 18 a 4
17 18 b 0
17 12 c 4
17 54 d 3
17 49 e 4
18 19 a 4
18 19 b 2
18 123 c 1
18 25 d 3
18 31 e 3
19 20 a 0
19 20 b 0
19 87 c 4
19 124 d 4
19 108 e 3
20 21 a 3
20 21 b 4
20 20 c 1
20 119 d 0
20 127 e 2
21 22 a 4
21 22 b 1
21 45 c 1
21 72 d 4
21 2 e 0
22 23 a 2
22 23 b 0
22 28 c 0
22 81 d 3
22 100 e 3
23 24 a 0
23 24 b 0
23 99 c 0
23 24 d 0
23 88 e 3
24 25 a 2
24 25 b 0
24 7 c 2
24 69 d 2
24 83 e 1
25 26 a 2
25 26 b 4
25 15 c 3
25 40 d 2
25 18 e 2
26 27 a 4
26 27 b 3
26 9 c 3
26 49 d 4
26 18 e 2
27 28 a 4
27 28 b 4
27 6 c 1
27 117 d 2
27 21 e 3
28 29 a 4
28 29 b 2
28 25 c 1
28 48 d 3
28 36 e 2
29 30 a 0
29 30 b 4
29 91 c 0
29 62 d 2
29 8 e 2
30 31 a 3
30 31 b 0
30 106 c 0
30 32 d 3
30 80 e 4
31 32 a 0
31 32 b 1
31 102 c 4
31 125 d 4
31 78 e 4
32 33 a 0
32 33 b 3
32 114 c 1
32 31 d 1
32 25 e 0
33 34 a 2
33 34 b 2
33 57 c 0
33 114 d 1
33 12 e 0
34 35 a 0
34 35 b 4
34 102 c 3
34 8 d 2
34 70 e 1
35 36 a 3
35 36 b 1
35 43 c 3
35 23 d 4
35 41 e 4
36 37 a 3
36 37 b 0
36 59 c 3
36 121 d 2
36 91 e 2
37 38 a 1
37 38 b 3
37 80 c 4
37 44 d 1
37 72 e 3
38 39 a 1
38 39 b 2
38 38 c 1
38 80 d 2
38 29 e 1
39 40 a 2
39 40 b 4
39 126 c 2
39 43 d 3
39 78 e 1
40 41 a 2
40 41 b 1
40 28 c 0
40 40 d 1
40 17 e 4
41 42 a 4
41 42 b 0
41 73 c 4
41 84 d 1
41 97 e 3
42 43 a 3
42 43 b 2
42 82 c 2
42 96 d 0
42 125 e 1
43 44 a 2
43 44 b 3
43 7 c 2
43 34 d 3
43 102 e 4
44 45 a 0
44 45 b 1
44 60 c 3
44 19 d 4
44 100 e 0
45 46 a 3
45 46 b 1
45 75 c 3
45 82 d 2
45 2 e 4
46 47 a 3
46 47 b 1
46 17 c 3
46 32 d 2
46 13 e 0
47 48 a 3
47 48 b 3
47 109 c 3
47 98 d 0
47 25 e 3
48 49 a 3
48 49 b 3
48 68 c 1
48 34 d 0
48 124 e 2
49 50 a 4
49 50 b 2
49 127 c 2
49 14 d 3
49 81 e 1
50 51 a 3
50 51 b 1
50 11 c 3
50 120 d 0
50 118 e 0
51 52 a 1
51 52 b 3
51 88 c 1
51 84 d 1
51 14 e 4
52 53 a 1
52 53 b 4
52 91 c 4
52 61 d 2
52 128 e 3
53 54 a 0
53 54 b 1
53 13 c 3
53 112 d 3
53 118 e 3
54 55 a 4
54 55 b 2
54 105 c 3
54 80 d 4
54 95 e 4
55 56 a 1
55 56 b 0
55 114 c 1
55 96 d 4
55 110 e 1
56 57 a 0
56 57 b 0
56 42 c 3
56 76 d 0
56 25 e 1
57 58 a 2
57 58 b 0
57 28 c 3
57 97 d 2
57 26 e 4
58 59 a 1
58 59 b 1
58 83 c 3
58 16 d 3
58 113 e 0
59 60 a 4
59 60 b 4
59 96 c 0
59 111 d 3
59 96 e 3
60 61 a 1
60 61 b 1
60 89 c 1
60 55 d 3
60 110 e 0
61 62 a 3
61 62 b 3
61 84 c 2
61 71 d 4
61 101 e 4
62 63 a 0
62 63 b 1
62 112 c 2
62 32 d 2
62 84 e 2
63 64 a 3
63 64 b 0
63 77 c 0
63 103 d 1
63 13 e 3
64 65 a 4
64 65 b 1
64 15 c 4
64 102 d 3
64 40 e 3
65 66 a 0
65 66 b 0
65 95 c 0
65 12 d 2
65 126 e 2
66 67 a 3
66 67 b 3
66 105 c 2
66 104 d 0
66 47 e 3
67 68 a 2
67 68 b 0
67 95 c 2
67 50 d 4
67 29 e 0
68 69 a 1
68 69 b 0
68 116 c 1
68 66 d 0
68 110 e 1
69 70 a 4
69 70 b 1
69 98 c 0
69 22 d 2
69 14 e 3
70 71 a 4
70 71 b 4
70 101 c 4
70 80 d 3
70 42 e 2
71 72 a 0
71 72 b 2
71 62 c 0
71 54 d 3
71 55 e 0
72 73 a 3
72 73 b 1
72 49 c 0
72 49 d 2
72 105 e 2
73 74 a 3
73 74 b 3
73 8 c 3
73 79 d 4
73 60 e 3
74 75 a 3
74 75 b 3
74 13 c 0
74 65 d 2
74 111 e 4
75 76 a 0
75 76 b 2
75 19 c 3
75 93 d 2
75 3 e 0
76 77 a 0
76 77 b 2
76 110 c 4
76 28 d 0
76 64 e 4
77 78 a 1
77 78 b 1
77 118 c 2
77 29 d 3
77 49 e 2
78 79 a 3
78 79 b 4
78 9 c 2
78 33 d 1
78 35 e 2
79 80 a 1
79 80 b 2
79 6 c 1
79 13 d 1
79 42 e 0
80 81 a 3
80 81 b 3
80 82 c 4
80 108 d 4
80 28 e 0
81 82 a 4
81 82 b 2
81 87 c 1
81 106 d 2
81 20 e 1
82 83 a 0
82 83 b 3
82 128 c 3
82 90 d 3
82 113 e 0
83 84 a 3
83 84 b 0
83 62 c 4
83 48 d 4
83 84 e 0
84 85 a 0
84 85 b 4
84 6 c 3
84 7 d 0
84 37 e 1
85 86 a 3
85 86 b 4
85 81 c 3
85 29 d 0
85 14 e 0
86 87 a 2
86 87 b 2
86 27 c 1
86 82 d 2
86 127 e 2
87 88 a 3
87 88 b 1
87 100 c 4
87 45 d 1
87 40 e 0
88 89 a 2
88 89 b 0
88 50 c 1
88 87 d 1
88 2 e 4
89 90 a 2
89 90 b 3
89 12 c 3
89 30 d 3
89 71 e 0
90 91 a 0
90 91 b 0
90 1 c 0
90 115 d 2
90 117 e 4
91 92 a 4
91 92 b 3
91 31 c 0
91 108 d 1
91 79 e 2
92 93 a 0
92 93 b 1
92 125 c 1
92 67 d 2
92 92 e 1
93 94 a 2
93 94 b 0
93 49 c 3
93 85 d 0
93 102 e 3
94 95 a 3
94 95 b 3
94 90 c 2
94 35 d 4
94 124 e 4
95 96 a 2
95 96 b 4
95 24 c 2
95 85 d 4
95 113 e 3
96 97 a 0
96 97 b 3
96 15 c 2
96 50 d 0
96 90 e 1
97 98 a 3
97 98 b 0
97 104 c 0
97 42 d 2
97 20 e 0
98 99 a 4
98 99 b 2
98 80 c 3
98 76 d 0
98 60 e 3
99 100 a 1
99 100 b 2
99 119 c 4
99 80 d 0
99 52 e 1
100 101 a 0
100 101 b 1
100 17 c 0
100 14 d 4
100 37 e 4
101 102 a 0
101 102 b 3
101 88 c 1
101 5 d 2
101 120 e 4
102 103 a 4
102 103 b 3
102 9 c 4
102 85 d 3
102 92 e 4
103 104 a 0
103 104 b 2
103 99 c 2
103 69 d 1
103 67 e 3
104 105 a 2
104 105 b 4
104 43 c 2
104 62 d 4
104 100 e 3
105 106 a 3
105 106 b 2
105 42 c 4
105 78 d 3
105 59 e 2
106 107 a 3
106 107 b 3
106 45 c 2
106 38 d 0
106 4 e 4
107 108 a 0
107 108 b 1
107 4 c 4
107 28 d 1
107 68 e 1
108 109 a 4
108 109 b 4
108 4 c 1
108 42 d 0
108 64 e 3
109 110 a 4
109 110 b 4
109 6 c 0
109 109 d 0
109 4 e 2
110 111 a 4
110 111 b 2
110 101 c 0
110 39 d 2
110 94 e 0
111 112 a 3
111 112 b 1
111 3 c 0
111 61 d 0
111 96 e 2
112 113 a 3
112 113 b 2
112 69 c 1
112 58 d 4
112 97 e 1
113 114 a 2
113 114 b 4
113 18 c 2
113 74 d 1
113 124 e 1
114 115 a 1
114 115 b 4
114 89 c 1
114 64 d 1
114 15 e 3
115 116 a 4
115 116 b 0
115 8 c 2
115 16 d 3
115 62 e 4
116 117 a 3
116 117 b 3
116 21 c 1
116 86 d 4
116 110 e 0
117 118 a 2
117 118 b 3
117 121 c 3
117 77 d 4
117 74 e 2
118 119 a 1
118 119 b 0
118 48 c 0
118 89 d 4
118 66 e 2
119 120 a 1
119 120 b 3
119 58 c 3
119 126 d 2
119 7 e 0
120 121 a 0
120 121 b 2
120 29 c 0
120 102 d 4
120 16 e 0
121 122 a 3
121 122 b 2
121 97 c 4
121 95 d 4
121 24 e 2
122 123 a 0
122 123 b 4
122 18 c 3
122 90 d 0
122 29 e 4
123 124 a 4
123 124 b 1
123 66 c 0
123 109 d 2
123 98 e 1
124 125 a 3
124 125 b 4
124 5 c 4
124 82 d 4
124 110 e 1
125 126 a 0
125 126 b 0
125 115 c 2
125 102 d 4
125 11 e 2
126 127 a 2
126 127 b 1
126 41 c 0
126 43 d 1
126 72 e 3
127 128 a 4
127 128 b 3
127 71 c 2
127 70 d 4
127 120 e 0
128 1 a 2
128 1 b 2
128 116 c 2
128 2 d 4
128 49 e 2

9 128 640 5 5 0
1 2 a 0
1 2 b 2
1 86 c 3
1 75 d 0
1 77 e 0
2 3 a 2
2 3 b 0
2 26 c 2
2 52 d 0
2 108 e 4
3 4 a 4
3 4 b 0
3 114 c 0
3 114 d 2
3 112 e 1
4 5 a 3
4 5 b 2
4 18 c 1
4 94 d 1
4 128 e 2
5 6 a 0
5 6 b 2
5 50 c 4
5 119 d 3
5 6 e 3
6 7 a 1
6 7 b 1
6 16 c 4
6 94 d 1
6 49 e 1
7 8 a 2
7 8 b 0
7 107 c 0
7 88 d 4
7 115 e 3
8 9 a 4
8 9 b 3
8 8 c 3
8 79 d 2
8 4 e 2
9 10 a 4
9 10 b 1
9 49 c 1
9 81 d 1
9 93 e 3
10 11 a 4
10 11 b 4
10 49 c 3
10 15 d 2
10 62 e 1
11 12 a 0
11 12 b 2
11 89 c 2
11 95 d 3
11 41 e 1
12 13 a 0
12 13 b 4
12 126 c 4
12 59 d 1
12 100 e 3
13 14 a 4
13 14 b 0
13 121 c 0
13 64 d 3
13 123 e 2
14 15 a 1
14 15 b 2
14 37 c 0
14 48 d 0
14 60 e 2
15 16 a 1
15 16 b 2
15 101 c 2
15 113 d 0
15 57 e 0
16 17 a 2
16 17 b 0
16 27 c 3
16 12 d 2
16 73 e 2
17 18 a 3
17 18 b 4
17 50 c 0
17 46 d 0
17 8 e 4
18 19 a 3
18 19 b 0
18 21 c 4
18 42 d 0
18 82 e 1
19 20 a 1
19 20 b 4
19 54 c 1
19 117 d 0
19 76 e 2
20 21 a 2
20 21 b 0
20 8 c 1
20 40 d 2
20 91 e 3
21 22 a 3
21 22 b 0
21 5 c 2
21 2 d 3
21 43 e 0
22 23 a 3
22 23 b 2
22 41 c 3
22 99 d 2
22 41 e 4
23 24 a 3
23 24 b 2
23 117 c 2
23 82 d 3
23 9 e 3
24 25 a 4
24 25 b 2
24 109 c 3
24 121 d 0
24 65 e 4
25 26 a 1
25 26 b 0
25 25 c 3
25 36 d 2
25 12 e 3
26 27 a 2
26 27 b 0
26 8 c 2
26 69 d 3
26 104 e 0
27 28 a 2
27 28 b 0
27 73 c 0
27 114 d 3
27 25 e 1
28 29 a 4
28 29 b 0
28 112 c 2
28 101 d 1
28 36 e 4
29 30 a 0
29 30 b 1
29 24 c 3
29 123 d 0
29 84 e 3
30 31 a 3
30 31 b 0
30 91 c 2
30 55 d 1
30 56 e 2
31 32 a 0
31 32 b 1
31 91 c 1
31 60 d 3
31 35 e 1
32 33 a 2
32 33 b 3
32 60 c 0
32 86 d 2
32 43 e 2
33 34 a 4
33 34 b 0
33 39 c 4
33 113 d 1
33 43 e 2
34 35 a 4
34 35 b 0
34 73 c 2
34 32 d 3
34 65 e 2
35 36 a 0
35 36 b 1
35 82 c 1
35 24 d 2
35 80 e 4
36 37 a 2
36 37 b 0
36 119 c 3
36 51 d 0
36 127 e 3
37 38 a 2
37 38 b 0
37 112 c 0
37 109 d 3
37 56 e 0
38 39 a 1
38 39 b 4
38 123 c 0
38 106 d 2
38 42 e 2
39 40 a 2
39 40 b 4
39 87 c 0
39 110 d 0
39 72 e 2
40 41 a 3
40 41 b 4
40 74 c 3
40 100 d 4
40 71 e 1
41 42 a 1
41 42 b 1
41 27 c 2
41 88 d 1
41 36 e 3
42 43 a 1
42 43 b 3
42 24 c 4
42 124 d 2
42 28 e 0
43 44 a 1
43 44 b 3
43 18 c 4
43 38 d 3
43 50 e 4
44 45 a 1
44 45 b 0
44 92 c 3
44 80 d 1
44 44 e 2
45 46 a 4
45 46 b 3
45 80 c 0
45 24 d 3
45 22 e 4
46 47 a 4
46 47 b 4
46 73 c 3
46 62 d 2
46 62 e 0
47 48 a 1
47 48 b 1
47 42 c 4
47 41 d 2
47 54 e 4
48 49 a 0
48 49 b 0
48 86 c 0
48 97 d 3
48 86 e 1
49 50 a 4
49 50 b 2
49 54 c 2
49 22 d 0
49 55 e 1
50 51 a 3
50 51 b 4
50 54 c 1
50 24 d 3
50 57 e 1
51 52 a 3
51 52 b 4
51 72 c 0
51 93 d 3
51 126 e 3
52 53 a 2
52 53 b 3
52 95 c 2
52 126 d 2
52 108 e 1
53 54 a 4
53 54 b 1
53 117 c 0
53 58 d 1
53 47 e 0
54 55 a 2
54 55 b 3
54 6 c 4
54 114 d 0
54 52 e 3
55 56 a 4
55 56 b 2
55 19 c 3
55 43 d 3
55 47 e 4
56 57 a 3
56 57 b 3
56 32 c 0
56 15 d 2
56 23 e 3
57 58 a 1
57 58 b 2
57 54 c 3
57 109 d 1
57 37 e 2
58 59 a 4
58 59 b 3
58 98 c 4
58 52 d 4
58 88 e 3
59 60 a 3
59 60 b 1
59 52 c 4
59 123 d 2
59 116 e 2
60 61 a 3
60 61 b 0
60 64 c 0
60 125 d 2
60 126 e 0
61 62 a 0
61 62 b 3
61 33 c 3
61 21 d 1
61 65 e 1
62 63 a 0
62 63 b 2
62 113 c 1
62 70 d 3
62 77 e 4
63 64 a 2
63 64 b 2
63 82 c 0
63 54 d 2
63 115 e 1
64 65 a 3
64 65 b 4
64 104 c 4
64 46 d 1
64 74 e 0
65 66 a 1
65 66 b 1
65 93 c 0
65 27 d 1
65 45 e 0
66 67 a 2
66 67 b 3
66 92 c 2
66 16 d 2
66 58 e 2
67 68 a 3
67 68 b 1
67 22 c 1
67 66 d 0
67 84 e 0
68 69 a 2
68 69 b 1
68 64 c 2
68 11 d 3
68 34 e 1
69 70 a 0
69 70 b 1
69 19 c 4
69 104 d 3
69 14 e 0
70 71 a 3
70 71 b 4
70 74 c 3
70 123 d 0
70 71 e 3
71 72 a 0
71 72 b 0
71 39 c 4
71 9 d 0
71 64 e 1
72 73 a 0
72 73 b 2
72 111 c 4
72 124 d 3
72 47 e 1
73 74 a 4
73 74 b 2
73 106 c 0
73 99 d 4
73 15 e 1
74 75 a 4
74 75 b 1
74 100 c 0
74 109 d 3
74 30 e 2
75 76 a 1
75 76 b 1
75 47 c 2
75 114 d 1
75 95 e 0
76 77 a 3
76 77 b 2
76 30 c 1
76 106 d 4
76 24 e 1
77 78 a 0
77 78 b 1
77 11 c 0
77 115 d 4
77 85 e 1
78 79 a 3
78 79 b 0
78 82 c 3
78 79 d 1
78 100 e 0
79 80 a 3
79 80 b 0
79 83 c 2
79 100 d 2
79 88 e 4
80 81 a 4
80 81 b 2
80 116 c 3
80 59 d 2
80 6 e 2
81 82 a 1
81 82 b 4
81 29 c 2
81 2 d 3
81 11 e 4
82 83 a 1
82 83 b 0
82 59 c 2
82 10 d 4
82 68 e 3
83 84 a 1
83 84 b 3
83 61 c 3
83 73 d 2
83 84 e 4
84 85 a 4
84 85 b 3
84 26 c 0
84 89 d 4
84 33 e 0
85 86 a 1
85 86 b 1
85 73 c 0
85 119 d 4
85 87 e 4
86 87 a 2
86 87 b 2
86 71 c 1
86 4 d 4
86 100 e 3
87 88 a 3
87 88 b 1
87 21 c 2
87 8 d 3
87 122 e 2
88 89 a 3
88 89 b 2
88 55 c 4
88 42 d 1
88 16 e 4
89 90 a 3
89 90 b 2
89 55 c 0
89 57 d 3
89 97 e 1
90 91 a 3
90 91 b 3
90 31 c 4
90 39 d 2
90 108 e 3
91 92 a 0
91 92 b 2
91 2 c 0
91 9 d 2
91 115 e 4
92 93 a 0
92 93 b 0
92 116 c 4
92 24 d 4
92 124 e 3
93 94 a 2
93 94 b 3
93 14 c 1
93 50 d 1
93 82 e 2
94 95 a 1
94 95 b 4
94 107 c 3
94 90 d 2
94 5 e 4
95 96 a 1
95 96 b 1
95 45 c 0
95 52 d 2
95 102 e 4
96 97 a 2
96 97 b 0
96 121 c 1
96 10 d 1
96 12 e 4
97 98 a 2
97 98 b 0
97 118 c 0
97 73 d 2
97 82 e 4
98 99 a 1
98 99 b 3
98 82 c 2
98 4 d 4
98 87 e 4
99 100 a 1
99 100 b 2
99 62 c 0
99 113 d 4
99 124 e 1
100 101 a 0
100 101 b 2
100 109 c 0
100 103 d 3
100 105 e 2
101 102 a 4
101 102 b 2
101 25 c 3
101 102 d 0
101 8 e 1
102 103 a 0
102 103 b 1
102 125 c 1
102 15 d 3
102 9 e 1
103 104 a 3
103 104 b 1
103 92 c 1
103 40 d 1
103 92 e 1
104 105 a 0
104 105 b 0
104 121 c 1
104 25 d 4
104 58 e 3
105 106 a 1
105 106 b 2
105 28 c 2
105 113 d 0
105 29 e 4
106 107 a 4
106 107 b 1
106 20 c 3
106 98 d 4
106 67 e 0
107 108 a 2
107 108 b 1
107 47 c 1
107 65 d 4
107 48 e 0
108 109 a 3
108 109 b 4
108 68 c 0
108 7 d 2
108 40 e 1
109 110 a 0
109 110 b 4
109 42 c 2
109 83 d 4
109 57 e 3
110 111 a 3
110 111 b 2
110 62 c 0
110 101 d 3
110 47 e 0
111 112 a 1
111 112 b 2
111 96 c 0
111 36 d 1
111 29 e 1
112 113 a 2
112 113 b 2
112 119 c 1
112 25 d 2
112 91 e 1
113 114 a 0
113 114 b 3
113 105 c 2
113 114 d 4
113 2 e 4
114 115 a 4
114 115 b 1
114 35 c 0
114 128 d 1
114 114 e 3
115 116 a 0
115 116 b 3
115 23 c 0
115 57 d 1
115 77 e 0
116 117 a 1
116 117 b 1
116 57 c 2
116 55 d 4
116 122 e 1
117 118 a 3
117 118 b 2
117 1 c 1
117 55 d 1
117 35 e 2
118 119 a 1
118 119 b 4
118 108 c 0
118 27 d 0
118 55 e 1
119 120 a 1
119 120 b 1
119 123 c 3
119 105 d 0
119 104 e 4
120 121 a 2
120 121 b 2
120 51 c 3
120 73 d 4
120 46 e 4
121 122 a 2
121 122 b 3
121 27 c 2
121 10 d 2
121 66 e 2
122 123 a 3
122 123 b 4
122 65 c 4
122 30 d 0
122 36 e 3
123 124 a 1
123 124 b 0
123 53 c 2
123 26 d 1
123 21 e 4
124 125 a 1
124 125 b 2
124 12 c 3
124 55 d 0
124 30 e 4
125 126 a 1
125 126 b 1
125 95 c 4
125 84 d 4
125 8 e 0
126 127 a 1
126 127 b 3
126 73 c 0
126 113 d 2
126 97 e 2
127 128 a 4
127 128 b 3
127 109 c 4
127 53 d 4
127 125 e 3
128 1 a 1
128 1 b 4
128 109 c 2
128 105 d 0
128 115 e 0

10 128 640 5 5 0
1 2 a 3
1 2 b 1
1 116 c 0
1 123 d 1
1 28 e 1
2 3 a 3
2 3 b 3
2 45 c 4
2 125 d 0
2 23 e 1
3 4 a 2
3 4 b 2
3 74 c 2
3 35 d 4
3 72 e 4
4 5 a 2
4 5 b 4
4 126 c 1
4 72 d 4
4 84 e 4
5 6 a 1
5 6 b 2
5 3 c 0
5 105 d 1
5 38 e 3
6 7 a 0
6 7 b 2
6 21 c 3
6 40 d 0
6 110 e 3
7 8 a 3
7 8 b 4
7 116 c 4
7 74 d 4
7 29 e 3
8 9 a 3
8 9 b 4
8 102 c 0
8 58 d 0
8 106 e 0
9 10 a 1
9 10 b 4
9 51 c 1
9 4 d 0
9 80 e 1
10 11 a 4
10 11 b 1
10 39 c 0
10 91 d 3
10 13 e 1
11 12 a 0
11 12 b 0
11 20 c 3
11 20 d 4
11 36 e 4
12 13 a 4
12 13 b 0
12 78 c 4
12 40 d 4
12 92 e 1
13 14 a 3
13 14 b 0
13 45 c 2
13 54 d 1
13 64 e 2
14 15 a 2
14 15 b 0
14 14 c 3
14 127 d 1
14 29 e 3
15 16 a 2
15 16 b 0
15 82 c 1
15 104 d 3
15 7 e 3
16 17 a 2
16 17 b 2
16 93 c 0
16 123 d 4
16 83 e 1
17 18 a 4
17 18 b 0
17 24 c 4
17 102 d 1
17 30 e 1
18 19 a 3
18 19 b 1
18 112 c 1
18 122 d 3
18 69 e 3
19 20 a 0
19 20 b 0
19 85 c 4
19 45 d 3
19 107 e 2
20 21 a 0
20 21 b 4
20 60 c 1
20 25 d 1
20 119 e 0
21 22 a 0
21 22 b 1
21 29 c 0
21 124 d 1
21 19 e 2
22 23 a 4
22 23 b 1
22 118 c 2
22 54 d 4
22 46 e 0
23 24 a 1
23 24 b 1
23 70 c 2
23 77 d 1
23 122 e 3
24 25 a 1
24 25 b 4
24 18 c 2
24 108 d 0
24 111 e 3
25 26 a 4
25 26 b 1
25 100 c 2
25 95 d 3
25 71 e 0
26 27 a 0
26 27 b 0
26 71 c 0
26 25 d 4
26 127 e 3
27 28 a 1
27 28 b 3
27 76 c 1
27 47 d 3
27 92 e 1
28 29 a 3
28 29 b 1
28 8 c 3
28 91 d 4
28 100 e 1
29 30 a 3
29 30 b 4
29 20 c 2
29 121 d 4
29 97 e 1
30 31 a 1
30 31 b 4
30 12 c 4
30 13 d 1
30 97 e 4
31 32 a 3
31 32 b 2
31 16 c 1
31 59 d 1
31 57 e 2
32 33 a 3
32 33 b 4
32 70 c 1
32 77 d 0
32 125 e 4
33 34 a 2
33 34 b 1
33 85 c 1
33 49 d 0
33 9 e 4
34 35 a 1
34 35 b 2
34 108 c 2
34 121 d 4
34 124 e 3
35 36 a 1
35 36 b 4
35 57 c 0
35 89 d 4
35 56 e 3
36 37 a 1
36 37 b 2
36 115 c 4
36 44 d 0
36 99 e 1
37 38 a 1
37 38 b 2
37 81 c 3
37 111 d 4
37 105 e 1
38 39 a 3
38 39 b 2
38 16 c 0
38 68 d 3
38 119 e 0
39 40 a 1
39 40 b 2
39 112 c 0
39 113 d 4
39 1 e 3
40 41 a 1
40 41 b 1
40 55 c 0
40 95 d 4
40 61 e 4
41 42 a 4
41 42 b 0
41 45 c 3
41 27 d 1
41 38 e 4
42 43 a 3
42 43 b 1
42 31 c 4
42 88 d 4
42 123 e 3
43 44 a 0
43 44 b 4
43 93 c 3
43 107 d 2
43 61 e 1
44 45 a 2
44 45 b 3
44 60 c 3
44 78 d 4
44 52 e 1
45 46 a 2
45 46 b 4
45 20 c 0
45 30 d 2
45 107 e 0
46 47 a 0
46 47 b 1
46 66 c 3
46 28 d 4
46 47 e 3
47 48 a 4
47 48 b 4
47 39 c 2
47 47 d 0
47 20 e 4
48 49 a 3
48 49 b 0
48 39 c 3
48 97 d 0
48 112 e 1
49 50 a 0
49 50 b 0
49 44 c 0
49 94 d 2
49 94 e 1
50 51 a 3
50 51 b 0
50 33 c 2
50 120 d 0
50 60 e 2
51 52 a 3
51 52 b 0
51 119 c 4
51 38 d 1
51 45 e 0
52 53 a 2
52 53 b 1
52 35 c 0
52 128 d 4
52 24 e 0
53 54 a 1
53 54 b 3
53 29 c 4
53 68 d 1
53 39 e 4
54 55 a 1
54 55 b 3
54 99 c 3
54 84 d 4
54 73 e 0
55 56 a 4
55 56 b 0
55 116 c 3
55 54 d 4
55 49 e 2
56 57 a 1
56 57 b 0
56 86 c 0
56 19 d 0
56 85 e 3
57 58 a 0
57 58 b 1
57 16 c 2
57 56 d 4
57 111 e 2
58 59 a 1
58 59 b 2
58 48 c 0
58 24 d 4
58 127 e 3
59 60 a 1
59 60 b 1
59 71 c 2
59 72 d 2
59 71 e 3
60 61 a 3
60 61 b 2
60 104 c 1
60 2 d 0
60 78 e 0
61 62 a 4
61 62 b 4
61 45 c 3
61 35 d 3
61 94 e 4
62 63 a 2
62 63 b 0
62 50 c 2
62 45 d 3
62 6 e 0
63 64 a 2
63 64 b 4
63 23 c 0
63 69 d 4
63 24 e 1
64 65 a 1
64 65 b 0
64 2 c 4
64 53 d 4
64 44 e 4
65 66 a 3
65 66 b 0
65 27 c 0
65 107 d 0
65 27 e 0
66 67 a 2
66 67 b 1
66 14 c 3
66 121 d 1
66 5 e 1
67 68 a 1
67 68 b 3
67 13 c 3
67 19 d 2
67 76 e 3
68 69 a 0
68 69 b 2
68 76 c 3
68 20 d 0
68 22 e 3
69 70 a 1
69 70 b 3
69 3 c 1
69 122 d 4
69 79 e 4
70 71 a 1
70 71 b 3
70 111 c 0
70 101 d 3
70 36 e 4
71 72 a 0
71 72 b 0
71 81 c 4
71 28 d 4
71 10 e 2
72 73 a 3
72 73 b 4
72 109 c 3
72 8 d 3
72 53 e 2
73 74 a 2
73 74 b 0
73 12 c 1
73 54 d 0
73 33 e 3
74 75 a 2
74 75 b 0
74 123 c 1
74 89 d 1
74 13 e 2
75 76 a 0
75 76 b 4
75 10 c 1
75 70 d 0
75 122 e 0
76 77 a 4
76 77 b 1
76 14 c 4
76 119 d 3
76 48 e 3
77 78 a 1
77 78 b 2
77 95 c 0
77 9 d 3
77 58 e 3
78 79 a 4
78 79 b 2
78 90 c 2
78 62 d 3
78 101 e 2
79 80 a 4
79 80 b 4
79 96 c 3
79 123 d 1
79 69 e 2
80 81 a 2
80 81 b 4
80 86 c 0
80 75 d 3
80 48 e 4
81 82 a 3
81 82 b 0
81 35 c 0
81 90 d 0
81 65 e 2
82 83 a 4
82 83 b 0
82 53 c 2
82 122 d 1
82 87 e 2
83 84 a 4
83 84 b 3
83 125 c 0
83 34 d 2
83 19 e 4
84 85 a 2
84 85 b 4
84 110 c 0
84 106 d 3
84 93 e 0
85 86 a 2
85 86 b 0
85 1 c 2
85 16 d 4
85 95 e 0
86 87 a 2
86 87 b 4
86 52 c 4
86 119 d 3
86 8 e 4
87 88 a 4
87 88 b 3
87 6 c 1
87 35 d 0
87 11 e 4
88 89 a 3
88 89 b 3
88 125 c 4
88 62 d 4
88 94 e 2
89 90 a 0
89 90 b 3
89 33 c 3
89 21 d 3
89 60 e 1
90 91 a 0
90 91 b 1
90 126 c 0
90 27 d 3
90 35 e 4
91 92 a 2
91 92 b 0
91 38 c 3
91 102 d 1
91 86 e 1
92 93 a 1
92 93 b 3
92 44 c 0
92 45 d 2
92 92 e 0
93 94 a 3
93 94 b 1
93 42 c 2
93 80 d 2
93 127 e 4
94 95 a 3
94 95 b 4
94 60 c 4
94 80 d 1
94 78 e 0
95 96 a 3
95 96 b 4
95 3 c 4
95 82 d 2
95 27 e 4
96 97 a 1
96 97 b 0
96 35 c 3
96 33 d 0
96 126 e 4
97 98 a 3
97 98 b 3
97 69 c 0
97 41 d 3
97 81 e 3
98 99 a 0
98 99 b 0
98 21 c 4
98 125 d 3
98 49 e 3
99 100 a 2
99 100 b 4
99 69 c 4
99 81 d 4
99 3 e 0
100 101 a 0
100 101 b 3
100 9 c 0
100 1 d 4
100 109 e 2
101 102 a 1
101 102 b 0
101 25 c 3
101 8 d 1
101 89 e 0
102 103 a 0
102 103 b 4
102 50 c 4
102 10 d 3
102 118 e 3
103 104 a 3
103 104 b 2
103 21 c 1
103 75 d 3
103 54 e 2
104 105 a 3
104 105 b 1
104 6 c 0
104 53 d 3
104 80 e 1
105 106 a 3
105 106 b 4
105 79 c 3
105 85 d 1
105 64 e 3
106 107 a 2
106 107 b 3
106 58 c 4
106 94 d 0
106 66 e 3
107 108 a 0
107 108 b 2
107 27 c 1
107 38 d 3
107 91 e 4
108 109 a 0
108 109 b 1
108 68 c 3
108 36 d 3
108 80 e 2
109 110 a 3
109 110 b 0
109 14 c 1
109 120 d 4
109 45 e 0
110 111 a 0
110 111 b 3
110 86 c 1
110 99 d 1
110 64 e 4
111 112 a 4
111 112 b 4
111 126 c 1
111 75 d 0
111 27 e 3
112 113 a 0
112 113 b 2
112 104 c 2
112 56 d 3
112 21 e 3
113 114 a 4
113 114 b 4
113 127 c 2
113 90 d 3
113 73 e 0
114 115 a 0
114 115 b 3
114 46 c 4
114 128 d 0
114 21 e 3
115 116 a 0
115 116 b 2
115 102 c 3
115 34 d 1
115 29 e 0
116 117 a 1
116 117 b 4
116 29 c 0
116 88 d 3
116 70 e 1
117 118 a 0
117 118 b 2
117 73 c 1
117 97 d 2
117 59 e 1
118 119 a 3
118 119 b 0
118 105 c 1
118 29 d 2
118 108 e 0
119 120 a 3
119 120 b 3
119 125 c 3
119 19 d 3
119 10 e 3
120 121 a 2
120 121 b 4
120 9 c 0
120 108 d 0
120 12 e 3
121 122 a 1
121 122 b 2
121 21 c 3
121 118 d 4
121 44 e 3
122 123 a 0
122 123 b 1
122 48 c 0
122 35 d 1
122 107 e 1
123 124 a 1
123 124 b 3
123 104 c 0
123 7 d 4
123 9 e 2
124 125 a 4
124 125 b 4
124 84 c 0
124 93 d 2
124 14 e 4
125 126 a 3
125 126 b 1
125 11 c 3
125 2 d 4
125 68 e 4
126 127 a 1
126 127 b 4
126 42 c 2
126 120 d 4
126 58 e 0
127 128 a 2
127 128 b 1
127 82 c 1
127 100 d 1
127 67 e 2
128 1 a 2
128 1 b 2
128 39 c 0
128 17 d 1
128 117 e 0

11 128 640 5 5 0
1 2 a 2
1 2 b 1
1 82 c 1
1 107 d 4
1 42 e 2
2 3 a 4
2 3 b 1
2 128 c 2
2 5 d 0
2 2 e 3
3 4 a 0
3 4 b 4
3 97 c 2
3 20 d 4
3 95 e 4
4 5 a 2
4 5 b 4
4 42 c 2
4 113 d 0
4 104 e 3
5 6 a 1
5 6 b 1
5 19 c 3
5 27 d 3
5 7 e 2
6 7 a 4
6 7 b 1
6 89 c 2
6 50 d 2
6 107 e 0
7 8 a 0
7 8 b 2
7 61 c 1
7 125 d 4
7 6 e 4
8 9 a 0
8 9 b 2
8 4 c 0
8 101 d 1
8 16 e 4
9 10 a 0
9 10 b 1
9 117 c 2
9 120 d 4
9 2 e 0
10 11 a 3
10 11 b 0
10 94 c 0
10 104 d 1
10 28 e 3
11 12 a 3
11 12 b 4
11 15 c 2
11 9 d 3
11 96 e 4
12 13 a 3
12 13 b 2
12 93 c 2
12 86 d 3
12 20 e 4
13 14 a 1
13 14 b 3
13 33 c 2
13 108 d 1
13 68 e 2
14 15 a 0
14 15 b 4
14 55 c 0
14 13 d 3
14 62 e 3
15 16 a 3
15 16 b 4
15 127 c 3
15 31 d 0
15 20 e 0
16 17 a 2
16 17 b 0
16 95 c 1
16 42 d 0
16 29 e 0
17 18 a 4
17 18 b 1
17 62 c 2
17 94 d 2
17 117 e 1
18 19 a 0
18 19 b 2
18 11 c 4
18 10 d 2
18 120 e 1
19 20 a 4
19 20 b 1
19 52 c 0
19 38 d 2
19 75 e 0
20 21 a 0
20 21 b 0
20 48 c 1
20 75 d 1
20 83 e 1
21 22 a 1
21 22 b 3
21 117 c 2
21 53 d 0
21 59 e 2
22 23 a 3
22 23 b 4
22 2 c 1
22 72 d 3
22 115 e 1
23 24 a 4
23 24 b 2
23 87 c 4
23 8 d 1
23 44 e 1
24 25 a 1
24 25 b 0
24 120 c 3
24 31 d 1
24 93 e 0
25 26 a 1
25 26 b 3
25 110 c 0
25 91 d 3
25 65 e 0
26 27 a 2
26 27 b 3
26 69 c 2
26 46 d 4
26 86 e 2
27 28 a 3
27 28 b 0
27 15 c 2
27 44 d 2
27 96 e 1
28 29 a 3
28 29 b 3
28 96 c 1
28 16 d 1
28 100 e 3
29 30 a 0
29 30 b 3
29 80 c 3
29 55 d 3
29 45 e 3
30 31 a 1
30 31 b 2
30 124 c 1
30 35 d 0
30 74 e 4
31 32 a 1
31 32 b 1
31 5 c 2
31 122 d 2
31 14 e 2
32 33 a 2
32 33 b 1
32 15 c 1
32 5 d 4
32 15 e 0
33 34 a 0
33 34 b 0
33 68 c 2
33 49 d 1
33 40 e 1
34 35 a 3
34 35 b 1
34 79 c 2
34 17 d 1
34 119 e 0
35 36 a 2
35 36 b 2
35 97 c 1
35 90 d 1
35 95 e 0
36 37 a 1
36 37 b 2
36 47 c 3
36 101 d 2
36 7 e 0
37 38 a 2
37 38 b 1
37 113 c 1
37 49 d 1
37 89 e 4
38 39 a 2
38 39 b 0
38 100 c 0
38 95 d 0
38 4 e 1
39 40 a 4
39 40 b 2
39 74 c 4
39 52 d 3
39 123 e 0
40 41 a 0
40 41 b 0
40 101 c 4
40 26 d 0
40 115 e 0
41 42 a 2
41 42 b 1
41 128 c 0
41 31 d 2
41 105 e 4
42 43 a 4
42 43 b 0
42 102 c 0
42 117 d 2
42 26 e 3
43 44 a 2
43 44 b 4
43 104 c 0
43 112 d 3
43 9 e 3
44 45 a 4
44 45 b 0
44 91 c 4
44 11 d 0
44 124 e 3
45 46 a 2
45 46 b 1
45 24 c 0
45 99 d 1
45 127 e 4
46 47 a 2
46 47 b 4
46 123 c 4
46 59 d 3
46 96 e 0
47 48 a 3
47 48 b 2
47 100 c 1
47 118 d 2
47 49 e 3
48 49 a 3
48 49 b 3
48 57 c 3
48 32 d 2
48 74 e 3
49 50 a 2
49 50 b 0
49 98 c 3
49 102 d 4
49 68 e 1
50 51 a 3
50 51 b 1
50 75 c 4
50 25 d 3
50 127 e 1
51 52 a 2
51 52 b 4
51 102 c 1
51 46 d 3
51 29 e 1
52 53 a 3
52 53 b 4
52 38 c 0
52 65 d 3
52 4 e 1
53 54 a 2
53 54 b 0
53 5 c 3
53 14 d 1
53 96 e 2
54 55 a 0
54 55 b 0
54 127 c 0
54 119 d 4
54 30 e 4
55 56 a 0
55 56 b 3
55 21 c 4
55 1 d 0
55 114 e 3
56 57 a 2
56 57 b 0
56 75 c 3
56 86 d 1
56 83 e 4
57 58 a 4
57 58 b 4
57 42 c 3
57 68 d 3
57 122 e 3
58 59 a 3
58 59 b 2
58 63 c 4
58 61 d 0
58 102 e 2
59 60 a 4
59 60 b 4
59 26 c 1
59 85 d 4
59 91 e 4
60 61 a 3
60 61 b 1
60 80 c 1
60 71 d 1
60 94 e 3
61 62 a 0
61 62 b 4
61 121 c 1
61 113 d 0
61 58 e 0
62 63 a 3
62 63 b 3
62 50 c 0
62 83 d 0
62 127 e 2
63 64 a 4
63 64 b 2
63 28 c 3
63 20 d 2
63 126 e 0
64 65 a 2
64 65 b 2
64 92 c 4
64 124 d 0
64 78 e 3
65 66 a 4
65 66 b 2
65 25 c 3
65 123 d 3
65 73 e 3
66 67 a 3
66 67 b 2
66 1 c 1
66 33 d 4
66 16 e 1
67 68 a 1
67 68 b 2
67 68 c 2
67 36 d 3
67 3 e 2
68 69 a 4
68 69 b 4
68 23 c 4
68 94 d 2
68 74 e 4
69 70 a 1
69 70 b 0
69 51 c 1
69 76 d 3
69 79 e 2
70 71 a 3
70 71 b 1
70 84 c 2
70 15 d 4
70 65 e 2
71 72 a 0
71 72 b 0
71 58 c 2
71 111 d 1
71 19 e 1
72 73 a 0
72 73 b 3
72 43 c 1
72 83 d 2
72 123 e 4
73 74 a 0
73 74 b 0
73 110 c 0
73 74 d 4
73 115 e 1
74 75 a 1
74 75 b 1
74 81 c 2
74 6 d 2
74 60 e 4
75 76 a 3
75 76 b 1
75 37 c 4
75 91 d 0
75 86 e 2
76 77 a 0
76 77 b 4
76 61 c 1
76 68 d 2
76 8 e 0
77 78 a 1
77 78 b 4
77 115 c 4
77 95 d 3
77 94 e 3
78 79 a 1
78 79 b 0
78 35 c 0
78 108 d 3
78 38 e 0
79 80 a 3
79 80 b 1
79 46 c 3
79 82 d 4
79 115 e 2
80 81 a 2
80 81 b 4
80 120 c 4
80 26 d 1
80 26 e 0
81 82 a 1
81 82 b 3
81 105 c 4
81 114 d 1
81 56 e 0
82 83 a 0
82 83 b 0
82 112 c 3
82 43 d 2
82 42 e 1
83 84 a 1
83 84 b 2
83 124 c 2
83 59 d 3
83 18 e 2
84 85 a 2
84 85 b 0
84 1 c 0
84 59 d 1
84 89 e 2
85 86 a 2
85 86 b 4
85 121 c 0
85 106 d 2
85 40 e 0
86 87 a 4
86 87 b 1
86 97 c 0
86 41 d 1
86 109 e 0
87 88 a 2
87 88 b 2
87 56 c 3
87 125 d 1
87 93 e 2
88 89 a 4
88 89 b 4
88 3 c 2
88 17 d 1
88 108 e 3
89 90 a 3
89 90 b 3
89 75 c 2
89 49 d 2
89 86 e 2
90 91 a 2
90 91 b 0
90 29 c 2
90 80 d 3
90 26 e 4
91 92 a 3
91 92 b 2
91 9 c 2
91 2 d 4
91 122 e 0
92 93 a 0
92 93 b 2
92 36 c 3
92 3 d 3
92 124 e 0
93 94 a 1
93 94 b 0
93 6 c 3
93 46 d 2
93 107 e 4
94 95 a 3
94 95 b 4
94 77 c 2
94 6 d 0
94 87 e 2
95 96 a 2
95 96 b 1
95 24 c 0
95 49 d 3
95 17 e 3
96 97 a 3
96 97 b 1
96 12 c 1
96 120 d 4
96 48 e 4
97 98 a 4
97 98 b 4
97 83 c 2
97 73 d 3
97 15 e 2
98 99 a 2
98 99 b 4
98 24 c 1
98 53 d 3
98 76 e 0
99 100 a 0
99 100 b 2
99 12 c 0
99 114 d 2
99 75 e 2
100 101 a 4
100 101 b 4
100 100 c 1
100 90 d 2
100 49 e 3
101 102 a 2
101 102 b 4
101 89 c 2
101 106 d 3
101 105 e 1
102 103 a 2
102 103 b 2
102 39 c 2
102 68 d 4
102 35 e 0
103 104 a 4
103 104 b 0
103 14 c 3
103 45 d 1
103 79 e 3
104 105 a 4
104 105 b 3
104 84 c 4
104 16 d 1
104 38 e 0
105 106 a 2
105 106 b 3
105 65 c 4
105 121 d 3
105 34 e 3
106 107 a 0
106 107 b 4
106 33 c 2
106 27 d 4
106 1 e 0
107 108 a 4
107 108 b 1
107 70 c 4
107 74 d 4
107 70 e 0
108 109 a 4
108 109 b 1
108 3 c 1
108 2 d 1
108 56 e 0
109 110 a 3
109 110 b 3
109 50 c 0
109 94 d 0
109 97 e 0
110 111 a 2
110 111 b 0
110 47 c 3
110 34 d 3
110 16 e 4
111 112 a 0
111 112 b 4
111 91 c 4
111 50 d 3
111 88 e 0
112 113 a 0
112 113 b 3
112 26 c 1
112 24 d 4
112 15 e 0
113 114 a 4
113 114 b 4
113 85 c 2
113 1 d 2
113 79 e 3
114 115 a 1
114 115 b 1
114 121 c 4
114 65 d 0
114 120 e 1
115 116 a 2
115 116 b 4
115 118 c 2
115 75 d 3
115 44 e 3
116 117 a 2
116 117 b 2
116 64 c 3
116 58 d 2
116 82 e 0
117 118 a 4
117 118 b 2
117 82 c 2
117 75 d 2
117 20 e 0
118 119 a 2
118 119 b 3
118 38 c 2
118 96 d 2
118 97 e 4
119 120 a 2
119 120 b 1
119 62 c 4
119 126 d 2
119 107 e 2
120 121 a 0
120 121 b 0
120 30 c 4
120 80 d 3
120 42 e 1
121 122 a 2
121 122 b 3
121 80 c 2
121 34 d 1
121 87 e 3
122 123 a 1
122 123 b 2
122 94 c 4
122 103 d 3
122 114 e 1
123 124 a 4
123 124 b 0
123 92 c 1
123 52 d 2
123 60 e 2
124 125 a 3
124 125 b 2
124 92 c 4
124 66 d 2
124 62 e 2
125 126 a 2
125 126 b 4
125 119 c 1
125 112 d 2
125 64 e 1
126 127 a 0
126 127 b 0
126 75 c 1
126 62 d 1
126 83 e 1
127 128 a 0
127 128 b 2
127 119 c 1
127 83 d 1
127 72 e 2
128 1 a 0
128 1 b 0
128 33 c 1
128 120 d 1
128 55 e 2

12 128 640 5 5 0
1 2 a 2
1 2 b 1
1 112 c 2
1 27 d 1
1 121 e 3
2 3 a 2
2 3 b 2
2 19 c 2
2 77 d 1
2 45 e 1
3 4 a 3
3 4 b 4
3 56 c 4
3 68 d 1
3 55 e 1
4 5 a 0
4 5 b 4
4 21 c 2
4 90 d 3
4 60 e 1
5 6 a 0
5 6 b 2
5 99 c 0
5 12 d 4
5 39 e 3
6 7 a 0
6 7 b 4
6 94 c 3
6 125 d 4
6 40 e 2
7 8 a 3
7 8 b 3
7 70 c 0
7 112 d 0
7 48 e 2
8 9 a 0
8 9 b 2
8 97 c 0
8 81 d 2
8 118 e 4
9 10 a 2
9 10 b 3
9 119 c 0
9 44 d 4
9 117 e 1
10 11 a 4
10 11 b 3
10 85 c 0
10 52 d 2
10 107 e 2
11 12 a 2
11 12 b 0
11 75 c 2
11 62 d 3
11 91 e 3
12 13 a 2
12 13 b 0
12 45 c 2
12 67 d 3
12 12 e 0
13 14 a 2
13 14 b 3
13 85 c 3
13 98 d 2
13 9 e 2
14 15 a 2
14 15 b 1
14 31 c 2
14 91 d 0
14 31 e 1
15 16 a 2
15 16 b 1
15 108 c 4
15 21 d 4
15 97 e 1
16 17 a 3
16 17 b 3
16 32 c 0
16 26 d 2
16 39 e 1
17 18 a 0
17 18 b 3
17 37 c 0
17 21 d 4
17 11 e 1
18 19 a 4
18 19 b 1
18 101 c 4
18 91 d 2
18 107 e 2
19 20 a 0
19 20 b 2
19 83 c 4
19 95 d 3
19 106 e 2
20 21 a 2
20 21 b 4
20 99 c 0
20 60 d 4
20 111 e 1
21 22 a 4
21 22 b 3
21 14 c 2
21 47 d 3
21 36 e 4
22 23 a 2
22 23 b 0
22 79 c 2
22 26 d 4
22 120 e 2
23 24 a 4
23 24 b 4
23 40 c 1
23 3 d 1
23 29 e 0
24 25 a 4
24 25 b 3
24 30 c 3
24 19 d 1
24 11 e 3
25 26 a 4
25 26 b 0
25 56 c 1
25 23 d 4
25 123 e 1
26 27 a 1
26 27 b 0
26 4 c 4
26 2 d 0
26 109 e 3
27 28 a 1
27 28 b 4
27 18 c 2
27 105 d 3
27 35 e 3
28 29 a 0
28 29 b 4
28 120 c 3
28 5 d 4
28 36 e 3
29 30 a 4
29 30 b 1
29 76 c 2
29 53 d 0
29 58 e 3
30 31 a 0
30 31 b 3
30 45 c 0
30 122 d 1
30 115 e 3
31 32 a 0
31 32 b 2
31 58 c 0
31 121 d 2
31 36 e 1
32 33 a 3
32 33 b 3
32 25 c 4
32 124 d 1
32 97 e 1
33 34 a 3
33 34 b 2
33 114 c 0
33 113 d 4
33 6 e 3
34 35 a 2
34 35 b 0
34 113 c 3
34 105 d 4
34 50 e 2
35 36 a 2
35 36 b 4
35 72 c 1
35 27 d 4
35 71 e 1
36 37 a 0
36 37 b 2
36 42 c 4
36 95 d 0
36 107 e 3
37 38 a 2
37 38 b 0
37 81 c 0
37 51 d 1
37 10 e 4
38 39 a 1
38 39 b 0
38 121 c 4
38 57 d 0
38 81 e 4
39 40 a 2
39 40 b 4
39 99 c 2
39 55 d 4
39 52 e 4
40 41 a 4
40 41 b 1
40 83 c 1
40 22 d 0
40 105 e 2
41 42 a 0
41 42 b 4
41 18 c 0
41 99 d 1
41 107 e 3
42 43 a 3
42 43 b 3
42 109 c 3
42 81 d 4
42 121 e 0
43 44 a 0
43 44 b 3
43 51 c 3
43 53 d 4
43 20 e 4
44 45 a 4
44 45 b 3
44 59 c 1
44 8 d 2
44 4 e 3
45 46 a 2
45 46 b 2
45 92 c 2
45 105 d 0
45 84 e 4
46 47 a 0
46 47 b 0
46 116 c 3
46 25 d 1
46 81 e 3
47 48 a 4
47 48 b 1
47 97 c 0
47 125 d 1
47 15 e 1
48 49 a 2
48 49 b 2
48 11 c 1
48 31 d 4
48 100 e 4
49 50 a 3
49 50 b 3
49 88 c 3
49 45 d 1
49 107 e 1
50 51 a 0
50 51 b 0
50 54 c 0
50 121 d 0
50 2 e 3
51 52 a 0
51 52 b 3
51 21 c 1
51 119 d 0
51 76 e 3
52 53 a 1
52 53 b 0
52 106 c 3
52 66 d 2
52 48 e 3
53 54 a 3
53 54 b 4
53 46 c 3
53 24 d 4
53 88 e 0
54 55 a 3
54 55 b 4
54 92 c 1
54 89 d 4
54 51 e 3
55 56 a 0
55 56 b 0
55 118 c 4
55 12 d 3
55 116 e 2
56 57 a 1
56 57 b 1
56 1 c 3
56 89 d 2
56 17 e 1
57 58 a 0
57 58 b 4
57 5 c 4
57 16 d 0
57 68 e 3
58 59 a 2
58 59 b 1
58 14 c 2
58 33 d 1
58 13 e 3
59 60 a 3
59 60 b 1
59 45 c 3
59 34 d 2
59 46 e 4
60 61 a 3
60 61 b 4
60 120 c 2
60 77 d 4
60 46 e 1
61 62 a 0
61 62 b 2
61 5 c 2
61 126 d 0
61 87 e 4
62 63 a 0
62 63 b 2
62 115 c 0
62 57 d 4
62 56 e 0
63 64 a 1
63 64 b 3
63 98 c 0
63 34 d 4
63 35 e 0
64 65 a 0
64 65 b 3
64 118 c 0
64 4 d 4
64 48 e 1
65 66 a 1
65 66 b 4
65 87 c 0
65 75 d 3
65 56 e 1
66 67 a 4
66 67 b 3
66 52 c 4
66 9 d 3
66 91 e 4
67 68 a 3
67 68 b 4
67 60 c 1
67 117 d 4
67 122 e 2
68 69 a 4
68 69 b 0
68 35 c 4
68 103 d 1
68 62 e 1
69 70 a 3
69 70 b 4
69 35 c 0
69 93 d 2
69 16 e 0
70 71 a 2
70 71 b 2
70 120 c 1
70 122 d 0
70 30 e 0
71 72 a 4
71 72 b 4
71 99 c 1
71 1 d 2
71 92 e 0
72 73 a 0
72 73 b 1
72 40 c 1
72 94 d 0
72 1 e 2
73 74 a 4
73 74 b 4
73 16 c 3
73 30 d 1
73 6 e 3
74 75 a 3
74 75 b 3
74 104 c 1
74 114 d 3
74 42 e 0
75 76 a 4
75 76 b 3
75 128 c 1
75 48 d 4
75 113 e 1
76 77 a 4
76 77 b 3
76 45 c 1
76 82 d 0
76 32 e 2
77 78 a 4
77 78 b 2
77 71 c 1
77 117 d 0
77 67 e 4
78 79 a 0
78 79 b 4
78 44 c 2
78 90 d 1
78 39 e 4
79 80 a 2
79 80 b 4
79 59 c 2
79 105 d 3
79 96 e 3
80 81 a 0
80 81 b 0
80 89 c 0
80 41 d 0
80 68 e 1
81 82 a 0
81 82 b 3
81 112 c 4
81 73 d 2
81 110 e 3
82 83 a 1
82 83 b 3
82 107 c 4
82 27 d 4
82 61 e 1
83 84 a 4
83 84 b 4
83 59 c 0
83 19 d 1
83 82 e 4
84 85 a 4
84 85 b 0
84 85 c 2
84 77 d 4
84 21 e 0
85 86 a 4
85 86 b 3
85 50 c 2
85 4 d 4
85 48 e 0
86 87 a 1
86 87 b 3
86 77 c 0
86 27 d 2
86 18 e 1
87 88 a 1
87 88 b 3
87 41 c 0
87 24 d 1
87 110 e 0
88 89 a 3
88 89 b 4
88 72 c 3
88 36 d 4
88 58 e 0
89 90 a 1
89 90 b 0
89 53 c 3
89 13 d 4
89 49 e 2
90 91 a 4
90 91 b 0
90 124 c 4
90 68 d 0
90 81 e 1
91 92 a 4
91 92 b 0
91 44 c 0
91 95 d 4
91 93 e 4
92 93 a 4
92 93 b 2
92 91 c 3
92 24 d 0
92 92 e 0
93 94 a 1
93 94 b 0
93 34 c 3
93 76 d 2
93 24 e 0
94 95 a 0
94 95 b 3
94 29 c 1
94 125 d 3
94 32 e 3
95 96 a 4
95 96 b 3
95 109 c 3
95 80 d 3
95 70 e 1
96 97 a 2
96 97 b 2
96 54 c 1
96 16 d 1
96 34 e 3
97 98 a 1
97 98 b 3
97 33 c 0
97 41 d 3
97 14 e 3
98 99 a 1
98 99 b 1
98 91 c 4
98 45 d 4
98 39 e 2
99 100 a 0
99 100 b 2
99 19 c 1
99 83 d 1
99 82 e 0
100 101 a 4
100 101 b 0
100 128 c 1
100 115 d 0
100 53 e 3
101 102 a 2
101 102 b 2
101 89 c 3
101 12 d 4
101 58 e 4
102 103 a 4
102 103 b 4
102 91 c 4
102 62 d 3
102 16 e 2
103 104 a 4
103 104 b 0
103 71 c 2
103 80 d 4
103 41 e 3
104 105 a 3
104 105 b 0
104 98 c 4
104 43 d 2
104 60 e 0
105 106 a 1
105 106 b 1
105 115 c 0
105 93 d 3
105 69 e 2
106 107 a 4
106 107 b 2
106 72 c 1
106 23 d 1
106 128 e 0
107 108 a 2
107 108 b 4
107 49 c 2
107 47 d 4
107 114 e 3
108 109 a 1
108 109 b 0
108 3 c 4
108 31 d 1
108 96 e 4
109 110 a 4
109 110 b 0
109 22 c 2
109 4 d 3
109 86 e 3
110 111 a 2
110 111 b 3
110 72 c 2
110 32 d 2
110 33 e 0
111 112 a 1
111 112 b 0
111 120 c 3
111 88 d 4
111 86 e 3
112 113 a 3
112 113 b 2
112 12 c 2
112 55 d 0
112 73 e 1
113 114 a 4
113 114 b 4
113 107 c 0
113 105 d 2
113 22 e 4
114 115 a 0
114 115 b 4
114 3 c 1
114 65 d 1
114 27 e 2
115 116 a 4
115 116 b 4
115 69 c 4
115 52 d 4
115 124 e 2
116 117 a 3
116 117 b 0
116 36 c 0
116 91 d 3
116 30 e 3
117 118 a 1
117 118 b 4
117 26 c 4
117 117 d 3
117 44 e 0
118 119 a 1
118 119 b 3
118 35 c 2
118 98 d 0
118 22 e 3
119 120 a 4
119 120 b 1
119 63 c 4
119 41 d 1
119 12 e 4
120 121 a 0
120 121 b 1
120 116 c 4
120 115 d 0
120 8 e 2
121 122 a 3
121 122 b 3
121 74 c 0
121 14 d 2
121 65 e 4
122 123 a 0
122 123 b 2
122 77 c 0
122 107 d 3
122 57 e 3
123 124 a 1
123 124 b 4
123 15 c 2
123 32 d 2
123 48 e 2
124 125 a 2
124 125 b 4
124 35 c 2
124 103 d 3
124 46 e 0
125 126 a 3
125 126 b 0
125 35 c 0
125 29 d 2
125 125 e 1
126 127 a 3
126 127 b 2
126 43 c 1
126 68 d 4
126 44 e 1
127 128 a 1
127 128 b 4
127 92 c 2
127 2 d 0
127 14 e 4
128 1 a 2
128 1 b 4
128 90 c 3
128 31 d 0
128 57 e 4

13 128 640 5 5 0
1 2 a 3
1 2 b 3
1 79 c 1
1 11 d 3
1 7 e 4
2 3 a 0
2 3 b 1
2 101 c 2
2 86 d 3
2 24 e 4
3 4 a 0
3 4 b 0
3 79 c 3
3 53 d 0
3 78 e 3
4 5 a 4
4 5 b 1
4 65 c 4
4 4 d 3
4 80 e 0
5 6 a 0
5 6 b 3
5 115 c 0
5 62 d 4
5 8 e 1
6 7 a 1
6 7 b 2
6 35 c 0
6 7 d 1
6 37 e 1
7 8 a 3
7 8 b 4
7 16 c 3
7 35 d 3
7 25 e 1
8 9 a 2
8 9 b 1
8 127 c 0
8 124 d 2
8 28 e 2
9 10 a 2
9 10 b 3
9 58 c 3
9 32 d 2
9 39 e 3
10 11 a 1
10 11 b 3
10 12 c 3
10 64 d 3
10 122 e 0
11 12 a 4
11 12 b 0
11 70 c 4
11 50 d 3
11 23 e 4
12 13 a 2
12 13 b 0
12 61 c 1
12 112 d 1
12 68 e 1
13 14 a 1
13 14 b 1
13 73 c 0
13 24 d 0
13 13 e 0
14 15 a 2
14 15 b 2
14 72 c 4
14 106 d 1
14 64 e 2
15 16 a 2
15 16 b 2
15 25 c 1
15 76 d 4
15 111 e 4
16 17 a 0
16 17 b 2
16 34 c 0
16 73 d 2
16 113 e 4
17 18 a 0
17 18 b 3
17 75 c 0
17 13 d 2
17 97 e 1
18 19 a 1
18 19 b 3
18 128 c 3
18 107 d 1
18 30 e 3
19 20 a 0
19 20 b 1
19 51 c 2
19 88 d 1
19 74 e 0
20 21 a 2
20 21 b 0
20 87 c 0
20 109 d 2
20 75 e 0
21 22 a 0
21 22 b 2
21 102 c 2
21 105 d 1
21 76 e 0
22 23 a 3
22 23 b 0
22 92 c 1
22 45 d 0
22 61 e 0
23 24 a 0
23 24 b 3
23 57 c 3
23 62 d 3
23 79 e 1
24 25 a 1
24 25 b 3
24 3 c 2
24 70 d 0
24 121 e 2
25 26 a 2
25 26 b 3
25 66 c 0
25 19 d 3
25 118 e 1
26 27 a 0
26 27 b 1
26 3 c 4
26 22 d 3
26 68 e 1
27 28 a 2
27 28 b 0
27 86 c 4
27 102 d 2
27 39 e 0
28 29 a 3
28 29 b 1
28 79 c 4
28 59 d 0
28 36 e 3
29 30 a 2
29 30 b 1
29 8 c 1
29 115 d 1
29 6 e 1
30 31 a 2
30 31 b 2
30 30 c 0
30 16 d 0
30 92 e 1
31 32 a 1
31 32 b 4
31 48 c 0
31 56 d 4
31 121 e 2
32 33 a 1
32 33 b 1
32 99 c 0
32 51 d 3
32 115 e 1
33 34 a 2
33 34 b 4
33 96 c 3
33 113 d 4
33 37 e 0
34 35 a 1
34 35 b 2
34 84 c 1
34 2 d 3
34 45 e 0
35 36 a 3
35 36 b 4
35 111 c 0
35 28 d 1
35 110 e 0
36 37 a 4
36 37 b 4
36 102 c 4
36 24 d 4
36 15 e 0
37 38 a 0
37 38 b 0
37 113 c 3
37 117 d 4
37 122 e 1
38 39 a 2
38 39 b 2
38 78 c 2
38 83 d 3
38 94 e 2
39 40 a 0
39 40 b 1
39 60 c 0
39 122 d 0
39 46 e 4
40 41 a 0
40 41 b 2
40 1 c 1
40 81 d 4
40 31 e 2
41 42 a 3
41 42 b 1
41 100 c 0
41 103 d 1
41 46 e 3
42 43 a 1
42 43 b 3
42 51 c 1
42 109 d 3
42 24 e 1
43 44 a 1
43 44 b 1
43 63 c 1
43 58 d 4
43 96 e 3
44 45 a 4
44 45 b 2
44 91 c 2
44 70 d 2
44 76 e 3
45 46 a 0
45 46 b 4
45 96 c 3
45 47 d 3
45 104 e 4
46 47 a 0
46 47 b 2
46 44 c 2
46 55 d 1
46 2 e 0
47 48 a 0
47 48 b 3
47 31 c 2
47 68 d 3
47 44 e 3
48 49 a 3
48 49 b 4
48 29 c 0
48 95 d 4
48 62 e 3
49 50 a 3
49 50 b 4
49 14 c 0
49 53 d 2
49 81 e 0
50 51 a 0
50 51 b 3
50 97 c 4
50 25 d 3
50 69 e 1
51 52 a 3
51 52 b 2
51 4 c 1
51 128 d 0
51 59 e 3
52 53 a 1
52 53 b 3
52 110 c 1
52 4 d 4
52 28 e 2
53 54 a 4
53 54 b 2
53 22 c 4
53 98 d 4
53 17 e 2
54 55 a 4
54 55 b 3
54 121 c 3
54 123 d 0
54 8 e 4
55 56 a 4
55 56 b 4
55 24 c 4
55 86 d 4
55 53 e 1
56 57 a 2
56 57 b 4
56 119 c 0
56 29 d 2
56 14 e 1
57 58 a 1
57 58 b 3
57 31 c 1
57 28 d 0
57 79 e 4
58 59 a 0
58 59 b 2
58 29 c 4
58 69 d 4
58 116 e 3
59 60 a 0
59 60 b 2
59 128 c 2
59 47 d 0
59 66 e 2
60 61 a 0
60 61 b 3
60 95 c 3
60 18 d 2
60 62 e 4
61 62 a 4
61 62 b 4
61 81 c 4
61 76 d 1
61 51 e 4
62 63 a 0
62 63 b 2
62 116 c 4
62 95 d 2
62 49 e 4
63 64 a 3
63 64 b 0
63 103 c 3
63 113 d 0
63 8 e 0
64 65 a 0
64 65 b 1
64 79 c 2
64 75 d 3
64 81 e 1
65 66 a 4
65 66 b 2
65 86 c 2
65 91 d 4
65 102 e 4
66 67 a 0
66 67 b 2
66 39 c 0
66 50 d 3
66 102 e 0
67 68 a 2
67 68 b 3
67 115 c 0
67 6 d 3
67 50 e 3
68 69 a 3
68 69 b 1
68 111 c 0
68 48 d 0
68 114 e 0
69 70 a 3
69 70 b 2
69 83 c 1
69 47 d 4
69 16 e 4
70 71 a 3
70 71 b 2
70 93 c 3
70 36 d 1
70 59 e 3
71 72 a 2
71 72 b 3
71 76 c 2
71 84 d 1
71 102 e 2
72 73 a 4
72 73 b 1
72 102 c 2
72 42 d 2
72 71 e 3
73 74 a 4
73 74 b 1
73 115 c 4
73 50 d 3
73 88 e 1
74 75 a 2
74 75 b 3
74 63 c 2
74 30 d 4
74 89 e 0
75 76 a 0
75 76 b 2
75 27 c 3
75 69 d 4
75 76 e 0
76 77 a 4
76 77 b 3
76 93 c 0
76 31 d 1
76 120 e 2
77 78 a 0
77 78 b 4
77 91 c 1
77 74 d 3
77 103 e 3
78 79 a 0
78 79 b 4
78 116 c 1
78 9 d 3
78 104 e 4
79 80 a 1
79 80 b 3
79 8 c 1
79 64 d 3
79 14 e 1
80 81 a 0
80 81 b 4
80 123 c 1
80 121 d 1
80 46 e 1
81 82 a 0
81 82 b 4
81 54 c 4
81 97 d 1
81 101 e 3
82 83 a 1
82 83 b 1
82 37 c 4
82 75 d 0
82 15 e 1
83 84 a 3
83 84 b 1
83 58 c 0
83 44 d 1
83 81 e 0
84 85 a 4
84 85 b 1
84 105 c 2
84 30 d 4
84 17 e 0
85 86 a 4
85 86 b 2
85 42 c 4
85 94 d 2
85 121 e 4
86 87 a 0
86 87 b 4
86 122 c 1
86 78 d 1
86 119 e 4
87 88 a 0
87 88 b 0
87 90 c 3
87 115 d 4
87 64 e 3
88 89 a 1
88 89 b 4
88 78 c 1
88 120 d 4
88 72 e 3
89 90 a 4
89 90 b 1
89 95 c 4
89 41 d 4
89 75 e 3
90 91 a 4
90 91 b 2
90 26 c 2
90 120 d 2
90 72 e 0
91 92 a 3
91 92 b 0
91 15 c 3
91 124 d 3
91 128 e 0
92 93 a 4
92 93 b 1
92 83 c 3
92 109 d 3
92 124 e 0
93 94 a 0
93 94 b 4
93 127 c 0
93 42 d 2
93 4 e 4
94 95 a 1
94 95 b 0
94 46 c 1
94 51 d 4
94 41 e 0
95 96 a 1
95 96 b 1
95 2 c 4
95 47 d 0
95 60 e 3
96 97 a 0
96 97 b 4
96 32 c 0
96 103 d 1
96 84 e 2
97 98 a 2
97 98 b 0
97 47 c 2
97 73 d 2
97 76 e 2
98 99 a 2
98 99 b 3
98 93 c 4
98 102 d 1
98 66 e 0
99 100 a 2
99 100 b 0
99 91 c 0
99 116 d 2
99 26 e 4
100 101 a 4
100 101 b 4
100 92 c 3
100 77 d 2
100 121 e 2
101 102 a 3
101 102 b 0
101 25 c 4
101 110 d 0
101 74 e 1
102 103 a 3
102 103 b 4
102 80 c 2
102 121 d 0
102 60 e 1
103 104 a 3
103 104 b 1
103 65 c 4
103 51 d 4
103 66 e 4
104 105 a 0
104 105 b 4
104 47 c 3
104 7 d 1
104 18 e 1
105 106 a 0
105 106 b 3
105 101 c 2
105 1 d 4
105 39 e 2
106 107 a 3
106 107 b 4
106 47 c 0
106 83 d 0
106 63 e 3
107 108 a 2
107 108 b 3
107 92 c 2
107 84 d 3
107 93 e 1
108 109 a 1
108 109 b 2
108 67 c 3
108 124 d 4
108 72 e 0
109 110 a 2
109 110 b 3
109 59 c 1
109 106 d 4
109 10 e 2
110 111 a 3
110 111 b 2
110 33 c 3
110 94 d 3
110 114 e 0
111 112 a 2
111 112 b 2
111 85 c 3
111 63 d 4
111 19 e 3
112 113 a 1
112 113 b 3
112 61 c 2
112 22 d 3
112 67 e 2
113 114 a 1
113 114 b 3
113 65 c 2
113 17 d 3
113 28 e 0
114 115 a 3
114 115 b 3
114 78 c 1
114 1 d 2
114 126 e 4
115 116 a 1
115 116 b 4
115 84 c 0
115 93 d 1
115 11 e 2
116 117 a 0
116 117 b 1
116 72 c 3
116 60 d 1
116 42 e 2
117 118 a 1
117 118 b 4
117 34 c 1
117 94 d 3
117 5 e 3
118 119 a 1
118 119 b 1
118 95 c 1
118 36 d 1
118 11 e 4
119 120 a 2
119 120 b 3
119 128 c 2
119 20 d 2
119 110 e 2
120 121 a 1
120 121 b 1
120 10 c 4
120 86 d 3
120 37 e 4
121 122 a 4
121 122 b 0
121 4 c 2
121 58 d 2
121 108 e 4
122 123 a 3
122 123 b 1
122 124 c 2
122 47 d 0
122 64 e 4
123 124 a 2
123 124 b 3
123 2 c 2
123 77 d 1
123 99 e 1
124 125 a 4
124 125 b 2
124 43 c 1
124 77 d 0
124 94 e 1
125 126 a 3
125 126 b 2
125 16 c 4
125 11 d 0
125 121 e 4
126 127 a 2
126 127 b 0
126 76 c 2
126 11 d 2
126 69 e 2
127 128 a 3
127 128 b 3
127 1 c 2
127 113 d 0
127 19 e 0
128 1 a 2
128 1 b 4
128 84 c 4
128 7 d 4
128 122 e 0

14 128 640 5 5 0
1 2 a 3
1 2 b 3
1 109 c 4
1 59 d 4
1 86 e 3
2 3 a 3
2 3 b 0
2 120 c 0
2 30 d 1
2 67 e 3
3 4 a 1
3 4 b 4
3 38 c 0
3 102 d 3
3 38 e 4
4 5 a 4
4 5 b 1
4 45 c 4
4 109 d 0
4 36 e 3
5 6 a 0
5 6 b 4
5 67 c 3
5 48 d 1
5 40 e 1
6 7 a 4
6 7 b 2
6 39 c 0
6 81 d 2
6 98 e 3
7 8 a 0
7 8 b 2
7 25 c 0
7 22 d 1
7 67 e 0
8 9 a 2
8 9 b 2
8 93 c 1
8 103 d 1
8 2 e 1
9 10 a 1
9 10 b 3
9 60 c 2
9 84 d 1
9 26 e 1
10 11 a 4
10 11 b 4
10 2 c 0
10 13 d 4
10 73 e 0
11 12 a 2
11 12 b 1
11 1 c 3
11 103 d 4
11 18 e 2
12 13 a 2
12 13 b 4
12 13 c 1
12 94 d 4
12 60 e 0
13 14 a 4
13 14 b 1
13 126 c 4
13 13 d 3
13 81 e 1
14 15 a 2
14 15 b 1
14 49 c 1
14 56 d 2
14 33 e 0
15 16 a 4
15 16 b 2
15 7 c 3
15 67 d 0
15 60 e 3
16 17 a 4
16 17 b 1
16 100 c 4
16 56 d 0
16 123 e 4
17 18 a 3
17 18 b 3
17 49 c 1
17 69 d 3
17 120 e 3
18 19 a 3
18 19 b 0
18 91 c 1
18 59 d 0
18 17 e 0
19 20 a 0
19 20 b 2
19 82 c 0
19 17 d 0
19 105 e 1
20 21 a 0
20 21 b 4
20 11 c 2
20 95 d 4
20 103 e 0
21 22 a 1
21 22 b 4
21 126 c 2
21 99 d 3
21 53 e 1
22 23 a 1
22 23 b 0
22 40 c 4
22 127 d 2
22 66 e 3
23 24 a 0
23 24 b 4
23 11 c 1
23 57 d 4
23 64 e 0
24 25 a 2
24 25 b 3
24 41 c 0
24 57 d 2
24 39 e 4
25 26 a 2
25 26 b 4
25 13 c 4
25 79 d 3
25 48 e 2
26 27 a 3
26 27 b 1
26 66 c 2
26 107 d 4
26 91 e 3
27 28 a 4
27 28 b 0
27 89 c 0
27 34 d 0
27 106 e 4
28 29 a 4
28 29 b 2
28 103 c 2
28 48 d 0
28 100 e 3
29 30 a 2
29 30 b 2
29 5 c 2
29 113 d 4
29 19 e 2
30 31 a 0
30 31 b 2
30 78 c 1
30 102 d 2
30 5 e 2
31 32 a 2
31 32 b 2
31 101 c 3
31 54 d 2
31 15 e 4
32 33 a 2
32 33 b 2
32 109 c 1
32 43 d 0
32 69 e 1
33 34 a 2
33 34 b 3
33 14 c 2
33 49 d 0
33 3 e 2
34 35 a 0
34 35 b 2
34 119 c 3
34 90 d 1
34 104 e 3
35 36 a 0
35 36 b 4
35 86 c 4
35 92 d 3
35 85 e 3
36 37 a 4
36 37 b 4
36 98 c 0
36 17 d 0
36 115 e 1
37 38 a 1
37 38 b 0
37 82 c 0
37 119 d 4
37 42 e 2
38 39 a 1
38 39 b 4
38 98 c 3
38 46 d 4
38 43 e 0
39 40 a 0
39 40 b 0
39 85 c 2
39 124 d 2
39 103 e 4
40 41 a 2
40 41 b 2
40 110 c 3
40 76 d 2
40 21 e 1
41 42 a 3
41 42 b 2
41 118 c 0
41 43 d 3
41 48 e 2
42 43 a 3
42 43 b 2
42 58 c 4
42 74 d 2
42 119 e 1
43 44 a 3
43 44 b 3
43 10 c 4
43 127 d 1
43 107 e 4
44 45 a 0
44 45 b 3
44 58 c 3
44 67 d 1
44 84 e 3
45 46 a 0
45 46 b 3
45 37 c 2
45 53 d 3
45 61 e 0
46 47 a 1
46 47 b 3
46 37 c 3
46 22 d 0
46 115 e 0
47 48 a 1
47 48 b 1
47 28 c 0
47 75 d 4
47 10 e 2
48 49 a 1
48 49 b 4
48 110 c 4
48 94 d 2
48 88 e 1
49 50 a 1
49 50 b 0
49 5 c 4
49 125 d 0
49 119 e 4
50 51 a 2
50 51 b 3
50 75 c 3
50 122 d 1
50 72 e 4
51 52 a 0
51 52 b 0
51 52 c 0
51 73 d 3
51 107 e 2
52 53 a 2
52 53 b 1
52 50 c 4
52 5 d 2
52 72 e 2
53 54 a 3
53 54 b 0
53 62 c 0
53 107 d 3
53 9 e 1
54 55 a 4
54 55 b 4
54 86 c 1
54 94 d 1
54 29 e 0
55 56 a 4
55 56 b 3
55 121 c 2
55 97 d 3
55 55 e 1
56 57 a 1
56 57 b 1
56 44 c 0
56 32 d 1
56 76 e 0
57 58 a 3
57 58 b 1
57 121 c 2
57 104 d 4
57 25 e 4
58 59 a 2
58 59 b 2
58 107 c 1
58 42 d 0
58 27 e 0
59 60 a 3
59 60 b 2
59 20 c 2
59 124 d 3
59 21 e 2
60 61 a 1
60 61 b 3
60 7 c 4
60 23 d 3
60 14 e 0
61 62 a 0
61 62 b 2
61 94 c 1
61 90 d 4
61 80 e 2
62 63 a 1
62 63 b 3
62 52 c 1
62 70 d 2
62 105 e 2
63 64 a 0
63 64 b 0
63 44 c 1
63 128 d 0
63 46 e 1
64 65 a 3
64 65 b 0
64 105 c 2
64 82 d 2
64 51 e 1
65 66 a 4
65 66 b 0
65 20 c 1
65 43 d 4
65 85 e 2
66 67 a 2
66 67 b 4
66 89 c 2
66 26 d 2
66 49 e 4
67 68 a 3
67 68 b 3
67 106 c 3
67 87 d 4
67 41 e 0
68 69 a 2
68 69 b 0
68 123 c 1
68 58 d 0
68 102 e 0
69 70 a 1
69 70 b 2
69 68 c 2
69 65 d 0
69 81 e 2
70 71 a 2
70 71 b 2
70 2 c 4
70 14 d 1
70 24 e 1
71 72 a 4
71 72 b 4
71 118 c 0
71 103 d 3
71 47 e 2
72 73 a 4
72 73 b 3
72 100 c 3
72 53 d 3
72 77 e 0
73 74 a 4
73 74 b 0
73 21 c 2
73 6 d 0
73 107 e 3
74 75 a 2
74 75 b 1
74 86 c 4
74 11 d 0
74 72 e 2
75 76 a 2
75 76 b 4
75 119 c 3
75 26 d 0
75 104 e 1
76 77 a 1
76 77 b 2
76 76 c 3
76 44 d 3
76 16 e 0
77 78 a 3
77 78 b 2
77 48 c 0
77 96 d 0
77 76 e 0
78 79 a 1
78 79 b 0
78 125 c 0
78 119 d 2
78 105 e 0
79 80 a 3
79 80 b 0
79 21 c 0
79 86 d 0
79 123 e 3
80 81 a 4
80 81 b 1
80 93 c 3
80 8 d 3
80 88 e 1
81 82 a 1
81 82 b 0
81 60 c 4
81 57 d 4
81 27 e 4
82 83 a 4
82 83 b 2
82 32 c 0
82 60 d 1
82 34 e 2
83 84 a 1
83 84 b 1
83 121 c 2
83 5 d 2
83 17 e 0
84 85 a 3
84 85 b 0
84 61 c 1
84 47 d 4
84 77 e 1
85 86 a 2
85 86 b 3
85 98 c 2
85 120 d 0
85 1 e 3
86 87 a 0
86 87 b 0
86 103 c 0
86 64 d 3
86 28 e 2
87 88 a 2
87 88 b 4
87 75 c 0
87 14 d 0
87 81 e 2
88 89 a 0
88 89 b 0
88 20 c 3
88 11 d 0
88 22 e 2
89 90 a 4
89 90 b 4
89 74 c 1
89 5 d 4
89 38 e 3
90 91 a 0
90 91 b 3
90 121 c 1
90 109 d 4
90 127 e 0
91 92 a 0
91 92 b 1
91 50 c 4
91 89 d 1
91 100 e 3
92 93 a 2
92 93 b 4
92 11 c 2
92 3 d 2
92 92 e 3
93 94 a 3
93 94 b 4
93 27 c 0
93 72 d 2
93 49 e 4
94 95 a 0
94 95 b 3
94 127 c 0
94 41 d 3
94 114 e 3
95 96 a 1
95 96 b 2
95 87 c 4
95 78 d 0
95 113 e 2
96 97 a 4
96 97 b 2
96 73 c 2
96 126 d 2
96 70 e 3
97 98 a 4
97 98 b 0
97 125 c 1
97 41 d 3
97 74 e 1
98 99 a 1
98 99 b 3
98 32 c 2
98 94 d 2
98 29 e 1
99 100 a 4
99 100 b 3
99 98 c 0
99 85 d 4
99 33 e 4
100 101 a 1
100 101 b 1
100 119 c 3
100 102 d 4
100 125 e 0
101 102 a 4
101 102 b 3
101 26 c 3
101 16 d 0
101 27 e 0
102 103 a 4
102 103 b 3
102 5 c 4
102 115 d 3
102 41 e 3
103 104 a 1
103 104 b 4
103 122 c 2
103 86 d 4
103 28 e 2
104 105 a 3
104 105 b 2
104 61 c 2
104 34 d 1
104 40 e 0
105 106 a 4
105 106 b 3
105 23 c 1
105 101 d 3
105 73 e 1
106 107 a 2
106 107 b 0
106 85 c 0
106 80 d 4
106 62 e 3
107 108 a 3
107 108 b 4
107 71 c 2
107 57 d 0
107 9 e 1
108 109 a 4
108 109 b 1
108 66 c 1
108 26 d 3
108 112 e 4
109 110 a 4
109 110 b 0
109 31 c 4
109 16 d 4
109 127 e 4
110 111 a 4
110 111 b 2
110 57 c 3
110 93 d 3
110 3 e 1
111 112 a 4
111 112 b 3
111 115 c 4
111 102 d 1
111 16 e 2
112 113 a 0
112 113 b 1
112 47 c 3
112 54 d 2
112 125 e 0
113 114 a 2
113 114 b 3
113 88 c 1
113 121 d 2
113 99 e 3
114 115 a 4
114 115 b 2
114 89 c 1
114 2 d 3
114 33 e 1
115 116 a 2
115 116 b 1
115 35 c 1
115 69 d 1
115 91 e 1
116 117 a 1
116 117 b 4
116 43 c 1
116 94 d 1
116 118 e 3
117 118 a 4
117 118 b 1
117 106 c 0
117 8 d 3
117 29 e 2
118 119 a 3
118 119 b 3
118 92 c 3
118 39 d 0
118 64 e 3
119 120 a 2
119 120 b 2
119 1 c 2
119 63 d 0
119 15 e 2
120 121 a 2
120 121 b 3
120 95 c 1
120 122 d 3
120 3 e 4
121 122 a 1
121 122 b 1
121 126 c 2
121 38 d 0
121 86 e 0
122 123 a 0
122 123 b 4
122 107 c 4
122 52 d 4
122 6 e 4
123 124 a 0
123 124 b 0
123 53 c 0
123 58 d 4
123 87 e 3
124 125 a 4
124 125 b 4
124 115 c 4
124 114 d 3
124 78 e 2
125 126 a 2
125 126 b 0
125 60 c 2
125 57 d 2
125 54 e 3
126 127 a 4
126 127 b 4
126 45 c 0
126 17 d 4
126 30 e 4
127 128 a 4
127 128 b 1
127 103 c 2
127 31 d 1
127 89 e 0
128 1 a 2
128 1 b 4
128 14 c 2
128 46 d 3
128 124 e 1

15 128 640 5 5 0
1 2 a 2
1 2 b 1
1 75 c 2
1 42 d 1
1 100 e 4
2 3 a 2
2 3 b 2
2 75 c 2
2 38 d 3
2 46 e 2
3 4 a 2
3 4 b 3
3 62 c 2
3 87 d 3
3 61 e 1
4 5 a 4
4 5 b 1
4 88 c 0
4 22 d 2
4 56 e 0
5 6 a 1
5 6 b 0
5 84 c 0
5 98 d 2
5 9 e 0
6 7 a 0
6 7 b 2
6 108 c 4
6 91 d 1
6 95 e 2
7 8 a 0
7 8 b 2
7 98 c 2
7 73 d 1
7 44 e 2
8 9 a 3
8 9 b 0
8 123 c 1
8 19 d 1
8 40 e 1
9 10 a 2
9 10 b 2
9 126 c 0
9 72 d 4
9 76 e 4
10 11 a 3
10 11 b 2
10 57 c 1
10 25 d 2
10 88 e 4
11 12 a 2
11 12 b 1
11 124 c 0
11 92 d 4
11 78 e 0
12 13 a 2
12 13 b 4
12 28 c 1
12 11 d 4
12 116 e 4
13 14 a 4
13 14 b 3
13 114 c 3
13 67 d 3
13 86 e 3
14 15 a 3
14 15 b 1
14 89 c 1
14 70 d 4
14 66 e 2
15 16 a 3
15 16 b 3
15 52 c 3
15 122 d 2
15 74 e 0
16 17 a 0
16 17 b 1
16 102 c 0
16 104 d 3
16 69 e 4
17 18 a 0
17 18 b 4
17 87 c 3
17 61 d 0
17 78 e 3
18 19 a 4
18 19 b 0
18 117 c 1
18 76 d 4
18 68 e 2
19 20 a 2
19 20 b 0
19 49 c 1
19 10 d 3
19 72 e 1
20 21 a 4
20 21 b 0
20 126 c 2
20 16 d 1
20 67 e 2
21 22 a 3
21 22 b 3
21 86 c 3
21 29 d 1
21 93 e 1
22 23 a 4
22 23 b 2
22 53 c 0
22 17 d 4
22 7 e 1
23 24 a 1
23 24 b 2
23 28 c 3
23 115 d 4
23 114 e 2
24 25 a 3
24 25 b 2
24 15 c 3
24 109 d 4
24 21 e 2
25 26 a 2
25 26 b 0
25 23 c 3
25 75 d 1
25 43 e 2
26 27 a 0
26 27 b 0
26 64 c 4
26 127 d 2
26 50 e 2
27 28 a 3
27 28 b 1
27 28 c 2
27 31 d 2
27 110 e 0
28 29 a 2
28 29 b 4
28 63 c 0
28 101 d 3
28 100 e 1
29 30 a 1
29 30 b 2
29 65 c 2
29 46 d 0
29 95 e 4
30 31 a 4
30 31 b 3
30 63 c 4
30 125 d 3
30 110 e 2
31 32 a 3
31 32 b 3
31 90 c 2
31 117 d 1
31 100 e 3
32 33 a 0
32 33 b 0
32 54 c 1
32 98 d 0
32 87 e 3
33 34 a 3
33 34 b 3
33 124 c 0
33 48 d 0
33 34 e 4
34 35 a 1
34 35 b 2
34 89 c 3
34 114 d 0
34 99 e 2
35 36 a 1
35 36 b 4
35 125 c 3
35 93 d 3
35 125 e 4
36 37 a 3
36 37 b 1
36 29 c 3
36 75 d 3
36 23 e 1
37 38 a 0
37 38 b 2
37 114 c 0
37 56 d 0
37 27 e 3
38 39 a 3
38 39 b 1
38 55 c 4
38 72 d 1
38 56 e 0
39 40 a 1
39 40 b 1
39 46 c 3
39 63 d 1
39 96 e 2
40 41 a 2
40 41 b 1
40 28 c 2
40 8 d 4
40 75 e 0
41 42 a 3
41 42 b 0
41 72 c 1
41 47 d 3
41 115 e 2
42 43 a 3
42 43 b 0
42 1 c 0
42 102 d 1
42 22 e 1
43 44 a 3
43 44 b 2
43 21 c 3
43 3 d 2
43 55 e 2
44 45 a 1
44 45 b 2
44 90 c 4
44 128 d 3
44 28 e 1
45 46 a 4
45 46 b 1
45 41 c 0
45 123 d 4
45 81 e 4
46 47 a 3
46 47 b 2
46 94 c 0
46 52 d 0
46 36 e 4
47 48 a 0
47 48 b 2
47 89 c 1
47 18 d 1
47 39 e 0
48 49 a 4
48 49 b 2
48 128 c 0
48 29 d 0
48 50 e 1
49 50 a 0
49 50 b 2
49 59 c 4
49 5 d 3
49 94 e 3
50 51 a 1
50 51 b 3
50 118 c 4
50 26 d 4
50 11 e 0
51 52 a 2
51 52 b 1
51 35 c 0
51 82 d 1
51 90 e 4
52 53 a 0
52 53 b 4
52 53 c 1
52 70 d 2
52 52 e 1
53 54 a 0
53 54 b 2
53 38 c 3
53 53 d 3
53 65 e 2
54 55 a 3
54 55 b 0
54 114 c 1
54 128 d 2
54 114 e 4
55 56 a 2
55 56 b 2
55 26 c 1
55 44 d 4
55 120 e 3
56 57 a 1
56 57 b 0
56 34 c 0
56 99 d 4
56 74 e 4
57 58 a 1
57 58 b 0
57 19 c 2
57 116 d 2
57 35 e 3
58 59 a 3
58 59 b 1
58 122 c 1
58 78 d 3
58 2 e 1
59 60 a 4
59 60 b 3
59 103 c 0
59 8 d 0
59 40 e 4
60 61 a 2
60 61 b 4
60 111 c 1
60 93 d 0
60 30 e 4
61 62 a 1
61 62 b 0
61 42 c 3
61 40 d 3
61 44 e 3
62 63 a 2
62 63 b 0
62 53 c 0
62 108 d 1
62 98 e 1
63 64 a 0
63 64 b 1
63 49 c 2
63 79 d 1
63 19 e 4
64 65 a 3
64 65 b 4
64 67 c 2
64 26 d 4
64 85 e 3
65 66 a 4
65 66 b 0
65 18 c 1
65 58 d 4
65 3 e 0
66 67 a 0
66 67 b 1
66 76 c 1
66 66 d 2
66 60 e 1
67 68 a 2
67 68 b 0
67 33 c 0
67 103 d 0
67 97 e 3
68 69 a 2
68 69 b 1
68 70 c 2
68 3 d 0
68 26 e 4
69 70 a 2
69 70 b 2
69 116 c 4
69 19 d 4
69 81 e 4
70 71 a 0
70 71 b 2
70 102 c 2
70 57 d 4
70 53 e 1
71 72 a 2
71 72 b 3
71 95 c 1
71 58 d 2
71 57 e 2
72 73 a 4
72 73 b 2
72 33 c 1
72 128 d 2
72 19 e 0
73 74 a 4
73 74 b 3
73 119 c 0
73 25 d 3
73 61 e 4
74 75 a 0
74 75 b 1
74 44 c 1
74 55 d 3
74 119 e 3
75 76 a 0
75 76 b 3
75 18 c 1
75 47 d 3
75 67 e 2
76 77 a 4
76 77 b 0
76 124 c 0
76 122 d 1
76 104 e 0
77 78 a 0
77 78 b 3
77 68 c 3
77 54 d 3
77 112 e 0
78 79 a 4
78 79 b 2
78 70 c 3
78 37 d 3
78 42 e 0
79 80 a 0
79 80 b 3
79 98 c 3
79 45 d 3
79 41 e 4
80 81 a 4
80 81 b 4
80 126 c 3
80 87 d 1
80 66 e 3
81 82 a 1
81 82 b 2
81 2 c 2
81 81 d 2
81 18 e 2
82 83 a 2
82 83 b 1
82 91 c 2
82 108 d 4
82 117 e 3
83 84 a 4
83 84 b 3
83 121 c 2
83 30 d 3
83 16 e 1
84 85 a 1
84 85 b 1
84 80 c 3
84 1 d 2
84 73 e 1
85 86 a 0
85 86 b 0
85 90 c 4
85 82 d 2
85 74 e 3
86 87 a 2
86 87 b 1
86 19 c 2
86 114 d 3
86 1 e 0
87 88 a 0
87 88 b 0
87 124 c 0
87 105 d 1
87 34 e 1
88 89 a 2
88 89 b 1
88 26 c 1
88 94 d 3
88 36 e 4
89 90 a 4
89 90 b 1
89 116 c 2
89 32 d 4
89 64 e 2
90 91 a 0
90 91 b 3
90 24 c 4
90 33 d 3
90 118 e 0
91 92 a 1
91 92 b 2
91 22 c 3
91 118 d 2
91 7 e 0
92 93 a 2
92 93 b 4
92 3 c 4
92 88 d 3
92 124 e 1
93 94 a 4
93 94 b 0
93 119 c 4
93 37 d 0
93 29 e 4
94 95 a 3
94 95 b 2
94 15 c 4
94 96 d 4
94 123 e 0
95 96 a 2
95 96 b 3
95 109 c 0
95 45 d 4
95 103 e 0
96 97 a 2
96 97 b 0
96 51 c 2
96 86 d 0
96 120 e 1
97 98 a 2
97 98 b 3
97 12 c 2
97 72 d 0
97 9 e 0
98 99 a 3
98 99 b 1
98 35 c 0
98 22 d 2
98 56 e 0
99 100 a 0
99 100 b 0
99 41 c 4
99 118 d 0
99 105 e 0
100 101 a 1
100 101 b 2
100 83 c 4
100 63 d 3
100 65 e 2
101 102 a 3
101 102 b 2
101 90 c 4
101 113 d 1
101 43 e 1
102 103 a 1
102 103 b 2
102 122 c 0
102 45 d 1
102 86 e 4
103 104 a 1
103 104 b 4
103 115 c 2
103 57 d 1
103 53 e 1
104 105 a 0
104 105 b 2
104 11 c 3
104 125 d 0
104 126 e 2
105 106 a 0
105 106 b 0
105 10 c 0
105 8 d 4
105 44 e 1
106 107 a 4
106 107 b 0
106 60 c 1
106 12 d 0
106 125 e 2
107 108 a 0
107 108 b 1
107 115 c 1
107 94 d 1
107 116 e 1
108 109 a 2
108 109 b 1
108 2 c 4
108 119 d 3
108 88 e 3
109 110 a 0
109 110 b 0
109 67 c 2
109 118 d 4
109 51 e 4
110 111 a 1
110 111 b 3
110 18 c 3
110 27 d 4
110 84 e 3
111 112 a 3
111 112 b 3
111 80 c 3
111 77 d 4
111 78 e 0
112 113 a 0
112 113 b 2
112 97 c 2
112 21 d 4
112 119 e 0
113 114 a 4
113 114 b 3
113 46 c 0
113 33 d 2
113 105 e 4
114 115 a 0
114 115 b 1
114 36 c 0
114 66 d 3
114 4 e 1
115 116 a 2
115 116 b 4
115 50 c 0
115 110 d 4
115 106 e 3
116 117 a 1
116 117 b 3
116 79 c 4
116 63 d 1
116 2 e 3
117 118 a 0
117 118 b 4
117 114 c 3
117 114 d 4
117 118 e 1
118 119 a 2
118 119 b 0
118 25 c 0
118 105 d 1
118 52 e 1
119 120 a 3
119 120 b 1
119 67 c 1
119 41 d 1
119 113 e 3
120 121 a 0
120 121 b 4
120 117 c 2
120 93 d 3
120 33 e 0
121 122 a 4
121 122 b 4
121 56 c 3
121 81 d 4
121 1 e 0
122 123 a 4
122 123 b 4
122 25 c 4
122 120 d 1
122 13 e 1
123 124 a 4
123 124 b 4
123 40 c 2
123 103 d 4
123 10 e 4
124 125 a 2
124 125 b 2
124 122 c 2
124 87 d 4
124 126 e 3
125 126 a 4
125 126 b 4
125 40 c 4
125 39 d 1
125 50 e 0
126 127 a 0
126 127 b 1
126 78 c 0
126 87 d 3
126 55 e 0
127 128 a 0
127 128 b 4
127 12 c 0
127 14 d 2
127 94 e 2
128 1 a 3
128 1 b 0
128 8 c 3
128 21 d 3
128 62 e 4

16 128 640 5 5 0
1 2 a 4
1 2 b 2
1 105 c 2
1 90 d 2
1 50 e 3
2 3 a 1
2 3 b 4
2 93 c 0
2 111 d 1
2 89 e 2
3 4 a 0
3 4 b 0
3 21 c 3
3 8 d 4
3 21 e 1
4 5 a 3
4 5 b 3
4 68 c 0
4 128 d 1
4 12 e 1
5 6 a 2
5 6 b 3
5 36 c 0
5 84 d 2
5 41 e 4
6 7 a 4
6 7 b 4
6 113 c 0
6 38 d 3
6 28 e 1
7 8 a 4
7 8 b 4
7 107 c 2
7 59 d 1
7 86 e 4
8 9 a 3
8 9 b 1
8 88 c 1
8 126 d 3
8 14 e 4
9 10 a 3
9 10 b 4
9 128 c 2
9 123 d 3
9 63 e 1
10 11 a 1
10 11 b 1
10 48 c 2
10 101 d 3
10 39 e 0
11 12 a 4
11 12 b 4
11 55 c 3
11 17 d 0
11 73 e 0
12 13 a 0
12 13 b 0
12 108 c 1
12 120 d 0
12 108 e 3
13 14 a 3
13 14 b 3
13 38 c 4
13 57 d 0
13 26 e 3
14 15 a 2
14 15 b 2
14 66 c 2
14 21 d 1
14 35 e 2
15 16 a 0
15 16 b 2
15 33 c 4
15 113 d 0
15 23 e 4
16 17 a 1
16 17 b 4
16 39 c 4
16 87 d 1
16 79 e 3
17 18 a 1
17 18 b 0
17 61 c 0
17 117 d 2
17 101 e 3
18 19 a 1
18 19 b 0
18 80 c 1
18 28 d 1
18 55 e 0
19 20 a 4
19 20 b 3
19 80 c 3
19 66 d 1
19 104 e 2
20 21 a 4
20 21 b 4
20 50 c 3
20 1 d 0
20 95 e 0
21 22 a 3
21 22 b 0
21 110 c 2
21 23 d 3
21 70 e 3
22 23 a 0
22 23 b 4
22 2 c 1
22 100 d 2
22 12 e 4
23 24 a 4
23 24 b 2
23 109 c 3
23 110 d 2
23 99 e 2
24 25 a 3
24 25 b 0
24 52 c 3
24 96 d 0
24 67 e 3
25 26 a 2
25 26 b 2
25 97 c 0
25 6 d 1
25 101 e 1
26 27 a 0
26 27 b 1
26 127 c 2
26 83 d 0
26 73 e 0
27 28 a 4
27 28 b 4
27 31 c 2
27 92 d 3
27 49 e 4
28 29 a 4
28 29 b 0
28 86 c 2
28 91 d 4
28 36 e 2
29 30 a 0
29 30 b 3
29 61 c 3
29 44 d 3
29 107 e 4
30 31 a 0
30 31 b 0
30 112 c 4
30 83 d 1
30 23 e 3
31 32 a 4
31 32 b 0
31 15 c 1
31 116 d 0
31 121 e 1
32 33 a 2
32 33 b 2
32 64 c 1
32 89 d 3
32 41 e 2
33 34 a 0
33 34 b 0
33 43 c 0
33 112 d 2
33 128 e 0
34 35 a 0
34 35 b 0
34 124 c 3
34 75 d 0
34 30 e 1
35 36 a 2
35 36 b 2
35 101 c 1
35 30 d 1
35 100 e 1
36 37 a 2
36 37 b 1
36 25 c 4
36 68 d 3
36 123 e 0
37 38 a 4
37 38 b 2
37 82 c 0
37 58 d 0
37 75 e 3
38 39 a 4
38 39 b 2
38 76 c 4
38 34 d 3
38 5 e 3
39 40 a 1
39 40 b 1
39 72 c 4
39 66 d 2
39 26 e 0
40 41 a 4
40 41 b 2
40 10 c 4
40 3 d 0
40 65 e 3
41 42 a 1
41 42 b 2
41 91 c 1
41 114 d 1
41 117 e 1
42 43 a 2
42 43 b 2
42 7 c 3
42 66 d 2
42 117 e 2
43 44 a 0
43 44 b 1
43 96 c 4
43 72 d 2
43 66 e 2
44 45 a 2
44 45 b 0
44 58 c 1
44 126 d 2
44 36 e 4
45 46 a 2
45 46 b 2
45 109 c 0
45 1 d 4
45 37 e 4
46 47 a 2
46 47 b 2
46 86 c 0
46 18 d 3
46 21 e 2
47 48 a 1
47 48 b 4
47 86 c 2
47 24 d 4
47 5 e 4
48 49 a 2
48 49 b 1
48 82 c 3
48 29 d 3
48 76 e 1
49 50 a 0
49 50 b 2
49 49 c 3
49 77 d 1
49 4 e 2
50 51 a 3
50 51 b 1
50 97 c 1
50 122 d 0
50 14 e 2
51 52 a 3
51 52 b 4
51 82 c 1
51 27 d 1
51 10 e 2
52 53 a 0
52 53 b 0
52 121 c 1
52 72 d 4
52 96 e 4
53 54 a 2
53 54 b 0
53 78 c 2
53 63 d 3
53 58 e 2
54 55 a 4
54 55 b 3
54 79 c 1
54 98 d 2
54 7 e 2
55 56 a 0
55 56 b 4
55 123 c 4
55 55 d 0
55 122 e 1
56 57 a 0
56 57 b 4
56 88 c 0
56 103 d 1
56 8 e 2
57 58 a 4
57 58 b 3
57 109 c 2
57 63 d 0
57 110 e 3
58 59 a 4
58 59 b 0
58 73 c 0
58 50 d 1
58 41 e 4
59 60 a 3
59 60 b 2
59 122 c 3
59 85 d 4
59 124 e 1
60 61 a 3
60 61 b 4
60 22 c 2
60 98 d 3
60 110 e 0
61 62 a 0
61 62 b 4
61 54 c 3
61 54 d 3
61 73 e 3
62 63 a 4
62 63 b 0
62 118 c 1
62 82 d 2
62 27 e 1
63 64 a 0
63 64 b 0
63 118 c 4
63 94 d 0
63 57 e 3
64 65 a 0
64 65 b 4
64 92 c 3
64 33 d 3
64 55 e 4
65 66 a 3
65 66 b 3
65 80 c 2
65 10 d 2
65 114 e 3
66 67 a 1
66 67 b 2
66 127 c 3
66 43 d 3
66 6 e 1
67 68 a 0
67 68 b 4
67 24 c 4
67 56 d 2
67 88 e 2
68 69 a 1
68 69 b 2
68 82 c 2
68 12 d 0
68 14 e 2
69 70 a 1
69 70 b 2
69 100 c 2
69 37 d 1
69 17 e 3
70 71 a 1
70 71 b 1
70 11 c 2
70 35 d 0
70 18 e 4
71 72 a 2
71 72 b 2
71 8 c 3
71 77 d 4
71 2 e 0
72 73 a 3
72 73 b 3
72 31 c 1
72 12 d 3
72 25 e 1
73 74 a 4
73 74 b 0
73 25 c 2
73 109 d 3
73 80 e 1
74 75 a 0
74 75 b 2
74 67 c 1
74 35 d 4
74 102 e 1
75 76 a 4
75 76 b 1
75 109 c 4
75 3 d 0
75 95 e 0
76 77 a 0
76 77 b 4
76 108 c 3
76 7 d 2
76 128 e 3
77 78 a 1
77 78 b 2
77 24 c 2
77 76 d 2
77 85 e 1
78 79 a 3
78 79 b 2
78 78 c 1
78 20 d 3
78 43 e 1
79 80 a 3
79 80 b 3
79 112 c 0
79 68 d 0
79 22 e 4
80 81 a 1
80 81 b 3
80 96 c 0
80 102 d 3
80 108 e 2
81 82 a 3
81 82 b 4
81 9 c 4
81 41 d 4
81 72 e 0
82 83 a 3
82 83 b 0
82 86 c 4
82 92 d 3
82 8 e 0
83 84 a 4
83 84 b 3
83 56 c 3
83 119 d 0
83 80 e 3
84 85 a 1
84 85 b 0
84 36 c 3
84 18 d 1
84 5 e 0
85 86 a 4
85 86 b 0
85 18 c 3
85 107 d 3
85 82 e 3
86 87 a 4
86 87 b 4
86 128 c 3
86 101 d 1
86 38 e 0
87 88 a 0
87 88 b 3
87 110 c 0
87 4 d 4
87 52 e 3
88 89 a 0
88 89 b 4
88 95 c 2
88 114 d 2
88 114 e 4
89 90 a 4
89 90 b 1
89 94 c 2
89 124 d 0
89 27 e 2
90 91 a 1
90 91 b 2
90 118 c 0
90 21 d 0
90 45 e 4
91 92 a 0
91 92 b 0
91 57 c 2
91 82 d 2
91 107 e 4
92 93 a 2
92 93 b 4
92 58 c 2
92 109 d 1
92 92 e 4
93 94 a 3
93 94 b 2
93 19 c 0
93 67 d 4
93 74 e 0
94 95 a 4
94 95 b 2
94 96 c 3
94 86 d 2
94 68 e 0
95 96 a 2
95 96 b 2
95 66 c 1
95 75 d 4
95 28 e 4
96 97 a 2
96 97 b 4
96 93 c 2
96 109 d 0
96 106 e 1
97 98 a 1
97 98 b 0
97 90 c 4
97 40 d 1
97 7 e 4
98 99 a 1
98 99 b 4
98 101 c 2
98 15 d 0
98 19 e 3
99 100 a 4
99 100 b 0
99 48 c 0
99 86 d 4
99 112 e 2
100 101 a 0
100 101 b 3
100 111 c 1
100 89 d 1
100 69 e 3
101 102 a 3
101 102 b 1
101 90 c 0
101 19 d 1
101 124 e 4
102 103 a 3
102 103 b 1
102 46 c 1
102 40 d 2
102 67 e 3
103 104 a 2
103 104 b 1
103 44 c 4
103 91 d 2
103 15 e 0
104 105 a 3
104 105 b 4
104 25 c 3
104 24 d 3
104 20 e 0
105 106 a 2
105 106 b 1
105 60 c 3
105 108 d 3
105 78 e 0
106 107 a 1
106 107 b 4
106 99 c 4
106 8 d 4
106 124 e 3
107 108 a 0
107 108 b 3
107 94 c 4
107 67 d 4
107 32 e 3
108 109 a 1
108 109 b 2
108 2 c 4
108 20 d 4
108 128 e 0
109 110 a 3
109 110 b 4
109 39 c 1
109 27 d 4
109 40 e 0
110 111 a 1
110 111 b 3
110 43 c 3
110 25 d 0
110 101 e 1
111 112 a 2
111 112 b 1
111 109 c 2
111 116 d 1
111 75 e 2
112 113 a 2
112 113 b 1
112 82 c 0
112 52 d 1
112 49 e 2
113 114 a 2
113 114 b 1
113 68 c 2
113 9 d 2
113 48 e 0
114 115 a 0
114 115 b 0
114 46 c 0
114 66 d 1
114 39 e 4
115 116 a 2
115 116 b 2
115 2 c 1
115 87 d 2
115 58 e 1
116 117 a 4
116 117 b 4
116 51 c 2
116 96 d 3
116 78 e 4
117 118 a 4
117 118 b 2
117 59 c 4
117 28 d 2
117 14 e 4
118 119 a 2
118 119 b 4
118 21 c 4
118 107 d 4
118 105 e 2
119 120 a 3
119 120 b 4
119 68 c 4
119 84 d 0
119 18 e 1
120 121 a 4
120 121 b 0
120 75 c 2
120 128 d 3
120 127 e 2
121 122 a 2
121 122 b 1
121 51 c 0
121 61 d 0
121 107 e 4
122 123 a 4
122 123 b 4
122 8 c 1
122 124 d 3
122 84 e 0
123 124 a 1
123 124 b 2
123 92 c 3
123 84 d 2
123 126 e 3
124 125 a 0
124 125 b 1
124 66 c 2
124 125 d 1
124 110 e 2
125 126 a 2
125 126 b 4
125 84 c 2
125 85 d 3
125 111 e 0
126 127 a 0
126 127 b 2
126 46 c 4
126 94 d 1
126 16 e 2
127 128 a 4
127 128 b 3
127 113 c 4
127 61 d 1
127 36 e 0
128 1 a 3
128 1 b 4
128 65 c 2
128 61 d 0
128 64 e 4

17 128 640 5 5 0
1 2 a 2
1 2 b 3
1 71 c 0
1 74 d 3
1 65 e 4
2 3 a 1
2 3 b 3
2 48 c 4
2 119 d 0
2 68 e 2
3 4 a 0
3 4 b 2
3 44 c 0
3 121 d 4
3 44 e 0
4 5 a 3
4 5 b 3
4 112 c 2
4 41 d 2
4 32 e 1
5 6 a 1
5 6 b 1
5 52 c 3
5 6 d 1
5 10 e 2
6 7 a 2
6 7 b 1
6 53 c 0
6 48 d 3
6 25 e 2
7 8 a 2
7 8 b 1
7 53 c 0
7 110 d 2
7 63 e 2
8 9 a 1
8 9 b 0
8 118 c 3
8 41 d 4
8 52 e 3
9 10 a 4
9 10 b 3
9 66 c 2
9 111 d 3
9 113 e 2
10 11 a 2
10 11 b 4
10 102 c 1
10 114 d 1
10 54 e 0
11 12 a 4
11 12 b 3
11 51 c 3
11 6 d 2
11 5 e 0
12 13 a 0
12 13 b 2
12 124 c 2
12 38 d 4
12 36 e 0
13 14 a 4
13 14 b 2
13 26 c 4
13 111 d 2
13 31 e 1
14 15 a 3
14 15 b 0
14 107 c 0
14 35 d 2
14 67 e 4
15 16 a 0
15 16 b 4
15 78 c 0
15 39 d 3
15 37 e 2
16 17 a 2
16 17 b 0
16 41 c 1
16 6 d 2
16 25 e 2
17 18 a 0
17 18 b 3
17 100 c 2
17 109 d 2
17 59 e 3
18 19 a 0
18 19 b 1
18 107 c 1
18 44 d 0
18 106 e 3
19 20 a 0
19 20 b 4
19 47 c 4
19 59 d 0
19 71 e 1
20 21 a 2
20 21 b 0
20 38 c 3
20 51 d 4
20 59 e 0
21 22 a 3
21 22 b 1
21 71 c 4
21 80 d 4
21 110 e 2
22 23 a 4
22 23 b 3
22 15 c 1
22 118 d 3
22 81 e 0
23 24 a 4
23 24 b 3
23 126 c 4
23 41 d 3
23 21 e 2
24 25 a 2
24 25 b 0
24 26 c 2
24 19 d 0
24 49 e 0
25 26 a 2
25 26 b 1
25 107 c 1
25 2 d 4
25 96 e 1
26 27 a 4
26 27 b 3
26 126 c 3
26 104 d 3
26 32 e 0
27 28 a 3
27 28 b 3
27 98 c 2
27 89 d 1
27 52 e 2
28 29 a 1
28 29 b 2
28 46 c 0
28 16 d 4
28 36 e 0
29 30 a 0
29 30 b 0
29 121 c 4
29 106 d 4
29 56 e 0
30 31 a 0
30 31 b 3
30 96 c 0
30 105 d 1
30 128 e 3
31 32 a 3
31 32 b 0
31 4 c 3
31 51 d 2
31 79 e 3
32 33 a 0
32 33 b 0
32 10 c 2
32 17 d 1
32 59 e 3
33 34 a 1
33 34 b 1
33 25 c 2
33 112 d 1
33 31 e 1
34 35 a 4
34 35 b 1
34 95 c 2
34 99 d 4
34 25 e 3
35 36 a 0
35 36 b 1
35 12 c 0
35 31 d 2
35 12 e 4
36 37 a 2
36 37 b 1
36 85 c 0
36 125 d 3
36 31 e 3
37 38 a 4
37 38 b 4
37 114 c 0
37 124 d 3
37 60 e 0
38 39 a 1
38 39 b 3
38 33 c 3
38 61 d 3
38 18 e 3
39 40 a 2
39 40 b 2
39 33 c 0
39 5 d 1
39 19 e 4
40 41 a 4
40 41 b 2
40 55 c 4
40 62 d 4
40 119 e 4
41 42 a 3
41 42 b 0
41 45 c 0
41 118 d 4
41 56 e 1
42 43 a 0
42 43 b 3
42 78 c 2
42 95 d 1
42 19 e 0
43 44 a 2
43 44 b 3
43 107 c 2
43 77 d 0
43 13 e 0
44 45 a 3
44 45 b 3
44 90 c 2
44 59 d 1
44 108 e 2
45 46 a 2
45 46 b 2
45 113 c 0
45 70 d 0
45 58 e 2
46 47 a 2
46 47 b 4
46 15 c 0
46 49 d 0
46 70 e 3
47 48 a 0
47 48 b 4
47 20 c 4
47 95 d 2
47 34 e 3
48 49 a 4
48 49 b 3
48 99 c 4
48 92 d 4
48 38 e 0
49 50 a 1
49 50 b 2
49 103 c 4
49 85 d 4
49 107 e 1
50 51 a 3
50 51 b 4
50 12 c 0
50 26 d 3
50 81 e 4
51 52 a 0
51 52 b 3
51 65 c 1
51 35 d 4
51 121 e 4
52 53 a 1
52 53 b 3
52 125 c 4
52 9 d 1
52 76 e 1
53 54 a 0
53 54 b 2
53 55 c 0
53 9 d 2
53 114 e 2
54 55 a 2
54 55 b 3
54 108 c 4
54 5 d 0
54 92 e 3
55 56 a 2
55 56 b 0
55 28 c 2
55 2 d 1
55 59 e 4
56 57 a 2
56 57 b 4
56 78 c 4
56 42 d 2
56 6 e 0
57 58 a 2
57 58 b 0
57 8 c 1
57 75 d 2
57 120 e 4
58 59 a 2
58 59 b 2
58 87 c 3
58 87 d 4
58 16 e 1
59 60 a 2
59 60 b 0
59 77 c 0
59 98 d 4
59 15 e 0
60 61 a 3
60 61 b 3
60 126 c 3
60 39 d 4
60 126 e 4
61 62 a 4
61 62 b 4
61 2 c 2
61 4 d 3
61 37 e 2
62 63 a 4
62 63 b 4
62 119 c 1
62 121 d 2
62 20 e 2
63 64 a 1
63 64 b 4
63 124 c 0
63 45 d 3
63 30 e 4
64 65 a 2
64 65 b 0
64 54 c 0
64 104 d 0
64 89 e 0
65 66 a 0
65 66 b 4
65 78 c 3
65 26 d 4
65 32 e 4
66 67 a 2
66 67 b 0
66 113 c 2
66 83 d 0
66 17 e 4
67 68 a 2
67 68 b 3
67 80 c 4
67 73 d 1
67 16 e 2
68 69 a 2
68 69 b 3
68 30 c 0
68 86 d 0
68 66 e 4
69 70 a 0
69 70 b 2
69 20 c 2
69 119 d 0
69 18 e 4
70 71 a 0
70 71 b 3
70 112 c 0
70 77 d 4
70 47 e 4
71 72 a 4
71 72 b 0
71 113 c 4
71 32 d 0
71 12 e 4
72 73 a 2
72 73 b 3
72 93 c 4
72 87 d 1
72 95 e 3
73 74 a 1
73 74 b 4
73 123 c 3
73 1 d 1
73 34 e 4
74 75 a 1
74 75 b 0
74 26 c 3
74 80 d 2
74 21 e 1
75 76 a 3
75 76 b 3
75 8 c 1
75 24 d 4
75 58 e 3
76 77 a 3
76 77 b 2
76 28 c 4
76 84 d 2
76 88 e 4
77 78 a 4
77 78 b 2
77 44 c 1
77 34 d 1
77 121 e 0
78 79 a 3
78 79 b 2
78 23 c 4
78 66 d 0
78 108 e 3
79 80 a 0
79 80 b 1
79 61 c 2
79 27 d 0
79 67 e 1
80 81 a 2
80 81 b 2
80 2 c 1
80 54 d 3
80 86 e 3
81 82 a 0
81 82 b 4
81 79 c 1
81 65 d 1
81 62 e 3
82 83 a 2
82 83 b 2
82 16 c 0
82 13 d 1
82 91 e 2
83 84 a 1
83 84 b 3
83 55 c 1
83 16 d 3
83 79 e 3
84 85 a 3
84 85 b 1
84 56 c 0
84 99 d 2
84 1 e 0
85 86 a 3
85 86 b 4
85 11 c 2
85 69 d 0
85 26 e 0
86 87 a 4
86 87 b 4
86 45 c 0
86 23 d 0
86 11 e 0
87 88 a 1
87 88 b 3
87 31 c 1
87 94 d 2
87 5 e 0
88 89 a 3
88 89 b 1
88 101 c 2
88 69 d 3
88 128 e 3
89 90 a 1
89 90 b 0
89 8 c 0
89 24 d 4
89 53 e 3
90 91 a 0
90 91 b 0
90 21 c 4
90 74 d 4
90 36 e 2
91 92 a 2
91 92 b 4
91 28 c 0
91 111 d 4
91 14 e 0
92 93 a 2
92 93 b 3
92 50 c 4
92 67 d 0
92 124 e 0
93 94 a 4
93 94 b 4
93 111 c 1
93 33 d 3
93 54 e 4
94 95 a 2
94 95 b 3
94 113 c 0
94 12 d 1
94 77 e 4
95 96 a 2
95 96 b 2
95 87 c 0
95 42 d 0
95 18 e 3
96 97 a 2
96 97 b 1
96 70 c 3
96 68 d 1
96 28 e 3
97 98 a 1
97 98 b 0
97 104 c 0
97 72 d 4
97 70 e 1
98 99 a 2
98 99 b 0
98 104 c 3
98 71 d 2
98 46 e 3
99 100 a 4
99 100 b 0
99 119 c 2
99 119 d 3
99 56 e 0
100 101 a 0
100 101 b 4
100 75 c 3
100 50 d 4
100 9 e 0
101 102 a 3
101 102 b 0
101 26 c 2
101 117 d 0
101 12 e 4
102 103 a 2
102 103 b 2
102 35 c 0
102 98 d 3
102 112 e 2
103 104 a 4
103 104 b 0
103 37 c 4
103 62 d 2
103 40 e 2
104 105 a 1
104 105 b 0
104 102 c 3
104 116 d 2
104 106 e 4
105 106 a 0
105 106 b 2
105 46 c 4
105 16 d 3
105 49 e 0
106 107 a 4
106 107 b 2
106 73 c 2
106 69 d 0
106 59 e 3
107 108 a 1
107 108 b 2
107 9 c 2
107 103 d 1
107 11 e 0
108 109 a 3
108 109 b 2
108 65 c 3
108 114 d 3
108 104 e 2
109 110 a 0
109 110 b 1
109 75 c 4
109 1 d 4
109 92 e 1
110 111 a 1
110 111 b 1
110 3 c 3
110 88 d 3
110 54 e 3
111 112 a 1
111 112 b 0
111 74 c 0
111 91 d 1
111 9 e 1
112 113 a 1
112 113 b 1
112 4 c 0
112 20 d 1
112 43 e 1
113 114 a 1
113 114 b 2
113 26 c 3
113 48 d 3
113 54 e 1
114 115 a 3
114 115 b 0
114 121 c 1
114 3 d 3
114 10 e 3
115 116 a 1
115 116 b 1
115 17 c 4
115 128 d 3
115 73 e 0
116 117 a 0
116 117 b 2
116 87 c 1
116 66 d 1
116 90 e 4
117 118 a 1
117 118 b 0
117 67 c 3
117 6 d 0
117 103 e 0
118 119 a 2
118 119 b 3
118 82 c 1
118 46 d 2
118 94 e 3
119 120 a 2
119 120 b 2
119 5 c 0
119 63 d 1
119 116 e 1
120 121 a 1
120 121 b 1
120 96 c 2
120 100 d 0
120 29 e 2
121 122 a 2
121 122 b 3
121 109 c 4
121 105 d 1
121 22 e 4
122 123 a 2
122 123 b 4
122 55 c 4
122 65 d 2
122 91 e 3
123 124 a 4
123 124 b 1
123 79 c 1
123 1 d 1
123 49 e 1
124 125 a 4
124 125 b 2
124 74 c 1
124 98 d 3
124 30 e 1
125 126 a 1
125 126 b 4
125 64 c 3
125 66 d 0
125 107 e 1
126 127 a 4
126 127 b 4
126 79 c 1
126 36 d 0
126 41 e 0
127 128 a 3
127 128 b 3
127 22 c 3
127 44 d 4
127 41 e 0
128 1 a 2
128 1 b 4
128 59 c 3
128 36 d 0
128 2 e 1

18 128 640 5 5 0
1 2 a 4
1 2 b 1
1 102 c 2
1 122 d 3
1 15 e 3
2 3 a 2
2 3 b 1
2 67 c 3
2 63 d 3
2 111 e 3
3 4 a 4
3 4 b 4
3 3 c 3
3 41 d 4
3 3 e 0
4 5 a 2
4 5 b 4
4 91 c 4
4 18 d 3
4 116 e 0
5 6 a 4
5 6 b 0
5 4 c 0
5 119 d 1
5 42 e 2
6 7 a 1
6 7 b 0
6 58 c 4
6 122 d 1
6 86 e 1
7 8 a 4
7 8 b 2
7 62 c 0
7 97 d 0
7 104 e 0
8 9 a 0
8 9 b 1
8 84 c 2
8 21 d 4
8 26 e 3
9 10 a 2
9 10 b 1
9 69 c 0
9 35 d 3
9 99 e 4
10 11 a 0
10 11 b 4
10 93 c 2
10 62 d 4
10 5 e 4
11 12 a 3
11 12 b 1
11 110 c 0
11 59 d 1
11 128 e 4
12 13 a 1
12 13 b 3
12 75 c 2
12 19 d 4
12 28 e 2
13 14 a 4
13 14 b 4
13 78 c 0
13 101 d 3
13 99 e 2
14 15 a 3
14 15 b 3
14 84 c 0
14 113 d 2
14 36 e 4
15 16 a 2
15 16 b 2
15 59 c 4
15 30 d 4
15 114 e 4
16 17 a 2
16 17 b 2
16 107 c 0
16 117 d 3
16 35 e 3
17 18 a 0
17 18 b 4
17 74 c 2
17 36 d 4
17 82 e 3
18 19 a 2
18 19 b 2
18 70 c 3
18 125 d 2
18 93 e 2
19 20 a 3
19 20 b 0
19 79 c 2
19 116 d 1
19 103 e 1
20 21 a 1
20 21 b 4
20 89 c 0
20 36 d 2
20 87 e 1
21 22 a 0
21 22 b 1
21 95 c 3
21 74 d 0
21 87 e 3
22 23 a 2
22 23 b 2
22 91 c 0
22 72 d 2
22 86 e 0
23 24 a 2
23 24 b 1
23 79 c 4
23 36 d 4
23 6 e 3
24 25 a 1
24 25 b 4
24 64 c 2
24 7 d 4
24 95 e 3
25 26 a 0
25 26 b 2
25 53 c 2
25 62 d 3
25 26 e 0
26 27 a 2
26 27 b 2
26 60 c 2
26 60 d 1
26 55 e 4
27 28 a 1
27 28 b 1
27 102 c 0
27 22 d 4
27 120 e 0
28 29 a 3
28 29 b 3
28 70 c 4
28 5 d 2
28 99 e 1
29 30 a 4
29 30 b 3
29 117 c 4
29 104 d 4
29 68 e 1
30 31 a 3
30 31 b 4
30 17 c 2
30 64 d 0
30 41 e 1
31 32 a 2
31 32 b 1
31 58 c 4
31 50 d 3
31 100 e 2
32 33 a 0
32 33 b 4
32 19 c 4
32 8 d 4
32 13 e 1
33 34 a 4
33 34 b 2
33 71 c 0
33 48 d 0
33 125 e 2
34 35 a 2
34 35 b 2
34 1 c 0
34 59 d 4
34 84 e 1
35 36 a 0
35 36 b 3
35 115 c 0
35 96 d 2
35 115 e 2
36 37 a 1
36 37 b 1
36 80 c 2
36 119 d 2
36 3 e 2
37 38 a 3
37 38 b 2
37 82 c 1
37 126 d 4
37 108 e 4
38 39 a 3
38 39 b 4
38 53 c 0
38 23 d 3
38 95 e 3
39 40 a 0
39 40 b 3
39 58 c 2
39 8 d 2
39 77 e 3
40 41 a 2
40 41 b 2
40 37 c 3
40 57 d 3
40 109 e 1
41 42 a 0
41 42 b 2
41 63 c 4
41 58 d 2
41 58 e 0
42 43 a 2
42 43 b 1
42 85 c 1
42 59 d 2
42 114 e 0
43 44 a 2
43 44 b 2
43 55 c 3
43 18 d 2
43 25 e 2
44 45 a 4
44 45 b 1
44 57 c 3
44 56 d 3
44 116 e 3
45 46 a 4
45 46 b 3
45 53 c 1
45 76 d 2
45 14 e 3
46 47 a 3
46 47 b 1
46 8 c 2
46 15 d 4
46 55 e 3
47 48 a 3
47 48 b 4
47 17 c 3
47 102 d 3
47 128 e 3
48 49 a 2
48 49 b 3
48 53 c 3
48 91 d 2
48 64 e 4
49 50 a 3
49 50 b 4
49 93 c 1
49 28 d 1
49 17 e 3
50 51 a 4
50 51 b 0
50 118 c 4
50 123 d 4
50 83 e 4
51 52 a 0
51 52 b 4
51 112 c 3
51 108 d 2
51 41 e 4
52 53 a 4
52 53 b 1
52 64 c 2
52 10 d 2
52 120 e 4
53 54 a 2
53 54 b 2
53 95 c 1
53 19 d 0
53 107 e 1
54 55 a 1
54 55 b 3
54 72 c 3
54 103 d 3
54 113 e 1
55 56 a 3
55 56 b 3
55 126 c 3
55 13 d 4
55 60 e 0
56 57 a 0
56 57 b 4
56 3 c 0
56 45 d 2
56 68 e 2
57 58 a 2
57 58 b 4
57 98 c 3
57 23 d 2
57 67 e 2
58 59 a 4
58 59 b 3
58 38 c 4
58 59 d 2
58 55 e 0
59 60 a 0
59 60 b 4
59 96 c 0
59 47 d 1
59 99 e 1
60 61 a 3
60 61 b 3
60 38 c 4
60 45 d 1
60 77 e 1
61 62 a 4
61 62 b 3
61 14 c 3
61 17 d 3
61 65 e 1
62 63 a 1
62 63 b 1
62 55 c 4
62 95 d 1
62 77 e 2
63 64 a 4
63 64 b 1
63 65 c 1
63 59 d 3
63 68 e 4
64 65 a 4
64 65 b 1
64 80 c 2
64 112 d 3
64 59 e 3
65 66 a 1
65 66 b 3
65 13 c 1
65 106 d 1
65 15 e 2
66 67 a 0
66 67 b 3
66 36 c 3
66 59 d 0
66 92 e 0
67 68 a 1
67 68 b 2
67 71 c 2
67 26 d 1
67 7 e 0
68 69 a 0
68 69 b 2
68 41 c 1
68 95 d 4
68 54 e 0
69 70 a 1
69 70 b 4
69 4 c 0
69 8 d 0
69 82 e 2
70 71 a 1
70 71 b 4
70 20 c 2
70 56 d 4
70 12 e 1
71 72 a 4
71 72 b 3
71 26 c 3
71 50 d 4
71 85 e 0
72 73 a 3
72 73 b 0
72 90 c 0
72 98 d 3
72 101 e 3
73 74 a 3
73 74 b 1
73 30 c 2
73 85 d 0
73 53 e 4
74 75 a 0
74 75 b 4
74 48 c 1
74 60 d 0
74 4 e 2
75 76 a 2
75 76 b 1
75 99 c 4
75 109 d 3
75 86 e 3
76 77 a 0
76 77 b 1
76 11 c 4
76 98 d 1
76 112 e 0
77 78 a 1
77 78 b 3
77 1 c 4
77 56 d 3
77 93 e 0
78 79 a 0
78 79 b 4
78 32 c 4
78 48 d 1
78 109 e 4
79 80 a 0
79 80 b 0
79 74 c 4
79 50 d 1
79 49 e 2
80 81 a 1
80 81 b 2
80 99 c 0
80 69 d 3
80 128 e 1
81 82 a 3
81 82 b 2
81 85 c 0
81 24 d 1
81 117 e 4
82 83 a 2
82 83 b 2
82 11 c 0
82 125 d 0
82 110 e 0
83 84 a 0
83 84 b 0
83 118 c 3
83 104 d 4
83 15 e 2
84 85 a 3
84 85 b 0
84 11 c 4
84 117 d 0
84 61 e 2
85 86 a 4
85 86 b 1
85 67 c 4
85 95 d 1
85 35 e 1
86 87 a 4
86 87 b 4
86 26 c 3
86 9 d 4
86 48 e 0
87 88 a 1
87 88 b 0
87 16 c 1
87 121 d 0
87 23 e 0
88 89 a 3
88 89 b 0
88 43 c 4
88 88 d 4
88 78 e 0
89 90 a 4
89 90 b 1
89 114 c 1
89 116 d 4
89 15 e 1
90 91 a 1
90 91 b 2
90 116 c 4
90 62 d 1
90 91 e 2
91 92 a 1
91 92 b 2
91 63 c 4
91 76 d 2
91 114 e 1
92 93 a 1
92 93 b 1
92 106 c 0
92 88 d 0
92 91 e 1
93 94 a 4
93 94 b 2
93 12 c 3
93 63 d 2
93 99 e 4
94 95 a 1
94 95 b 2
94 65 c 3
94 3 d 0
94 22 e 2
95 96 a 0
95 96 b 3
95 44 c 3
95 73 d 1
95 71 e 3
96 97 a 3
96 97 b 4
96 112 c 0
96 92 d 4
96 14 e 0
97 98 a 3
97 98 b 1
97 54 c 1
97 40 d 4
97 68 e 0
98 99 a 1
98 99 b 4
98 43 c 2
98 63 d 4
98 9 e 1
99 100 a 4
99 100 b 0
99 127 c 3
99 88 d 0
99 63 e 4
100 101 a 0
100 101 b 3
100 102 c 0
100 75 d 2
100 13 e 4
101 102 a 2
101 102 b 1
101 26 c 0
101 23 d 4
101 92 e 1
102 103 a 4
102 103 b 0
102 88 c 0
102 92 d 0
102 93 e 3
103 104 a 0
103 104 b 1
103 95 c 0
103 97 d 0
103 2 e 4
104 105 a 1
104 105 b 3
104 116 c 3
104 15 d 3
104 128 e 4
105 106 a 3
105 106 b 4
105 96 c 2
105 116 d 1
105 83 e 4
106 107 a 0
106 107 b 2
106 112 c 0
106 65 d 4
106 58 e 0
107 108 a 0
107 108 b 2
107 116 c 0
107 76 d 2
107 55 e 4
108 109 a 2
108 109 b 1
108 65 c 3
108 15 d 3
108 16 e 2
109 110 a 4
109 110 b 1
109 48 c 1
109 39 d 4
109 81 e 1
110 111 a 2
110 111 b 2
110 28 c 2
110 86 d 3
110 71 e 1
111 112 a 0
111 112 b 2
111 103 c 2
111 1 d 2
111 6 e 1
112 113 a 0
112 113 b 4
112 118 c 3
112 51 d 1
112 100 e 2
113 114 a 4
113 114 b 4
113 48 c 4
113 24 d 0
113 125 e 2
114 115 a 1
114 115 b 2
114 4 c 2
114 3 d 1
114 45 e 2
115 116 a 0
115 116 b 3
115 96 c 3
115 105 d 1
115 24 e 0
116 117 a 0
116 117 b 0
116 58 c 4
116 99 d 2
116 38 e 3
117 118 a 4
117 118 b 0
117 11 c 1
117 48 d 4
117 127 e 1
118 119 a 4
118 119 b 4
118 79 c 4
118 48 d 1
118 19 e 1
119 120 a 1
119 120 b 3
119 6 c 4
119 106 d 2
119 21 e 2
120 121 a 2
120 121 b 3
120 54 c 1
120 7 d 3
120 123 e 3
121 122 a 0
121 122 b 0
121 103 c 3
121 85 d 1
121 128 e 4
122 123 a 2
122 123 b 1
122 37 c 0
122 69 d 1
122 34 e 0
123 124 a 3
123 124 b 4
123 2 c 0
123 109 d 2
123 37 e 2
124 125 a 1
124 125 b 2
124 18 c 1
124 7 d 4
124 13 e 4
125 126 a 2
125 126 b 3
125 109 c 0
125 112 d 2
125 40 e 0
126 127 a 1
126 127 b 4
126 48 c 0
126 42 d 4
126 2 e 4
127 128 a 2
127 128 b 1
127 123 c 0
127 91 d 0
127 110 e 4
128 1 a 0
128 1 b 3
128 117 c 3
128 75 d 3
128 4 e 0

19 128 640 5 5 0
1 2 a 4
1 2 b 0
1 68 c 4
1 106 d 3
1 30 e 4
2 3 a 3
2 3 b 4
2 21 c 3
2 72 d 1
2 90 e 4
3 4 a 4
3 4 b 4
3 26 c 0
3 26 d 2
3 27 e 3
4 5 a 2
4 5 b 4
4 7 c 0
4 60 d 2
4 8 e 3
5 6 a 4
5 6 b 4
5 20 c 1
5 41 d 4
5 11 e 4
6 7 a 0
6 7 b 1
6 127 c 1
6 5 d 2
6 82 e 2
7 8 a 2
7 8 b 1
7 7 c 0
7 20 d 3
7 82 e 3
8 9 a 3
8 9 b 2
8 113 c 0
8 64 d 0
8 63 e 1
9 10 a 0
9 10 b 1
9 7 c 2
9 23 d 4
9 22 e 0
10 11 a 4
10 11 b 3
10 20 c 4
10 74 d 2
10 20 e 3
11 12 a 2
11 12 b 1
11 105 c 0
11 47 d 3
11 59 e 1
12 13 a 0
12 13 b 0
12 91 c 2
12 64 d 2
12 84 e 2
13 14 a 4
13 14 b 4
13 67 c 1
13 27 d 4
13 104 e 4
14 15 a 4
14 15 b 2
14 124 c 4
14 128 d 2
14 69 e 3
15 16 a 2
15 16 b 1
15 105 c 2
15 85 d 4
15 128 e 0
16 17 a 2
16 17 b 2
16 108 c 1
16 37 d 2
16 109 e 3
17 18 a 4
17 18 b 3
17 112 c 1
17 28 d 3
17 40 e 3
18 19 a 2
18 19 b 3
18 96 c 1
18 13 d 3
18 16 e 1
19 20 a 3
19 20 b 1
19 46 c 4
19 109 d 1
19 70 e 2
20 21 a 4
20 21 b 1
20 77 c 0
20 85 d 0
20 51 e 1
21 22 a 1
21 22 b 1
21 55 c 4
21 4 d 2
21 127 e 3
22 23 a 1
22 23 b 3
22 104 c 2
22 91 d 4
22 27 e 0
23 24 a 4
23 24 b 1
23 97 c 2
23 95 d 2
23 56 e 1
24 25 a 2
24 25 b 3
24 38 c 0
24 58 d 4
24 77 e 4
25 26 a 2
25 26 b 3
25 64 c 0
25 58 d 0
25 21 e 0
26 27 a 3
26 27 b 0
26 59 c 0
26 80 d 1
26 14 e 2
27 28 a 4
27 28 b 4
27 41 c 1
27 19 d 4
27 123 e 0
28 29 a 1
28 29 b 0
28 30 c 1
28 59 d 1
28 99 e 1
29 30 a 0
29 30 b 0
29 50 c 3
29 38 d 1
29 17 e 3
30 31 a 3
30 31 b 4
30 2 c 1
30 86 d 1
30 18 e 3
31 32 a 0
31 32 b 4
31 47 c 4
31 112 d 2
31 58 e 3
32 33 a 4
32 33 b 3
32 93 c 0
32 63 d 4
32 31 e 4
33 34 a 2
33 34 b 2
33 53 c 2
33 48 d 4
33 27 e 3
34 35 a 3
34 35 b 1
34 100 c 1
34 84 d 2
34 79 e 4
35 36 a 2
35 36 b 0
35 26 c 4
35 96 d 0
35 27 e 1
36 37 a 2
36 37 b 1
36 12 c 3
36 48 d 1
36 39 e 3
37 38 a 1
37 38 b 0
37 115 c 0
37 64 d 2
37 93 e 0
38 39 a 2
38 39 b 2
38 10 c 3
38 49 d 4
38 108 e 0
39 40 a 0
39 40 b 3
39 19 c 1
39 75 d 4
39 70 e 0
40 41 a 3
40 41 b 1
40 83 c 4
40 117 d 1
40 35 e 1
41 42 a 2
41 42 b 3
41 17 c 2
41 62 d 4
41 124 e 3
42 43 a 3
42 43 b 0
42 27 c 3
42 87 d 3
42 17 e 4
43 44 a 0
43 44 b 2
43 66 c 0
43 23 d 1
43 100 e 0
44 45 a 4
44 45 b 3
44 89 c 1
44 118 d 1
44 60 e 4
45 46 a 1
45 46 b 3
45 58 c 3
45 18 d 4
45 35 e 0
46 47 a 1
46 47 b 4
46 64 c 0
46 45 d 2
46 104 e 4
47 48 a 0
47 48 b 2
47 78 c 4
47 45 d 3
47 29 e 0
48 49 a 2
48 49 b 1
48 71 c 4
48 27 d 1
48 25 e 0
49 50 a 4
49 50 b 4
49 20 c 2
49 36 d 4
49 120 e 2
50 51 a 3
50 51 b 4
50 33 c 3
50 27 d 4
50 22 e 0
51 52 a 0
51 52 b 3
51 96 c 1
51 117 d 3
51 24 e 0
52 53 a 4
52 53 b 2
52 68 c 1
52 76 d 3
52 100 e 4
53 54 a 1
53 54 b 1
53 71 c 0
53 92 d 4
53 35 e 0
54 55 a 0
54 55 b 3
54 101 c 0
54 9 d 2
54 70 e 4
55 56 a 0
55 56 b 1
55 31 c 2
55 87 d 3
55 126 e 1
56 57 a 1
56 57 b 3
56 121 c 4
56 113 d 3
56 66 e 2
57 58 a 0
57 58 b 0
57 124 c 0
57 35 d 3
57 77 e 3
58 59 a 1
58 59 b 1
58 53 c 0
58 95 d 2
58 30 e 3
59 60 a 2
59 60 b 0
59 52 c 1
59 60 d 4
59 118 e 0
60 61 a 0
60 61 b 4
60 13 c 3
60 114 d 4
60 93 e 1
61 62 a 1
61 62 b 3
61 91 c 2
61 95 d 3
61 30 e 4
62 63 a 2
62 63 b 2
62 56 c 2
62 5 d 2
62 70 e 3
63 64 a 2
63 64 b 4
63 70 c 0
63 10 d 4
63 41 e 1
64 65 a 0
64 65 b 3
64 41 c 4
64 55 d 3
64 93 e 1
65 66 a 3
65 66 b 0
65 11 c 0
65 122 d 0
65 61 e 3
66 67 a 3
66 67 b 4
66 23 c 3
66 100 d 0
66 103 e 4
67 68 a 0
67 68 b 4
67 126 c 2
67 43 d 0
67 63 e 2
68 69 a 4
68 69 b 3
68 117 c 4
68 40 d 3
68 106 e 2
69 70 a 4
69 70 b 1
69 53 c 1
69 90 d 4
69 83 e 4
70 71 a 0
70 71 b 0
70 121 c 1
70 98 d 4
70 41 e 1
71 72 a 3
71 72 b 0
71 4 c 4
71 5 d 1
71 95 e 4
72 73 a 2
72 73 b 4
72 24 c 0
72 46 d 1
72 42 e 4
73 74 a 3
73 74 b 0
73 128 c 2
73 105 d 2
73 7 e 2
74 75 a 3
74 75 b 0
74 7 c 2
74 104 d 2
74 51 e 3
75 76 a 3
75 76 b 2
75 127 c 0
75 2 d 4
75 49 e 0
76 77 a 2
76 77 b 1
76 59 c 1
76 47 d 0
76 72 e 1
77 78 a 1
77 78 b 3
77 21 c 2
77 13 d 2
77 2 e 3
78 79 a 3
78 79 b 2
78 105 c 0
78 95 d 4
78 46 e 1
79 80 a 0
79 80 b 0
79 23 c 0
79 9 d 0
79 94 e 2
80 81 a 2
80 81 b 2
80 5 c 2
80 20 d 3
80 106 e 4
81 82 a 2
81 82 b 2
81 27 c 2
81 48 d 0
81 107 e 2
82 83 a 3
82 83 b 1
82 70 c 3
82 45 d 3
82 65 e 1
83 84 a 2
83 84 b 4
83 117 c 4
83 1 d 1
83 14 e 4
84 85 a 3
84 85 b 4
84 31 c 1
84 70 d 0
84 57 e 3
85 86 a 4
85 86 b 0
85 59 c 0
85 57 d 2
85 107 e 4
86 87 a 1
86 87 b 1
86 70 c 1
86 60 d 4
86 21 e 0
87 88 a 0
87 88 b 2
87 65 c 4
87 84 d 1
87 104 e 3
88 89 a 4
88 89 b 1
88 48 c 4
88 44 d 0
88 92 e 0
89 90 a 1
89 90 b 4
89 29 c 1
89 16 d 1
89 42 e 2
90 91 a 1
90 91 b 1
90 18 c 1
90 114 d 4
90 81 e 4
91 92 a 2
91 92 b 4
91 34 c 1
91 105 d 0
91 21 e 4
92 93 a 0
92 93 b 0
92 97 c 0
92 45 d 3
92 123 e 1
93 94 a 3
93 94 b 4
93 104 c 1
93 29 d 1
93 79 e 2
94 95 a 1
94 95 b 0
94 82 c 3
94 57 d 3
94 30 e 3
95 96 a 3
95 96 b 4
95 65 c 2
95 40 d 0
95 61 e 2
96 97 a 0
96 97 b 2
96 90 c 0
96 51 d 0
96 64 e 1
97 98 a 3
97 98 b 2
97 68 c 0
97 72 d 4
97 3 e 4
98 99 a 0
98 99 b 3
98 45 c 1
98 120 d 1
98 36 e 2
99 100 a 3
99 100 b 0
99 70 c 4
99 121 d 3
99 6 e 1
100 101 a 4
100 101 b 4
100 66 c 1
100 37 d 2
100 81 e 4
101 102 a 3
101 102 b 2
101 91 c 0
101 121 d 4
101 109 e 2
102 103 a 1
102 103 b 0
102 76 c 0
102 23 d 3
102 10 e 4
103 104 a 2
103 104 b 2
103 88 c 0
103 68 d 1
103 27 e 2
104 105 a 2
104 105 b 2
104 66 c 4
104 106 d 3
104 86 e 2
105 106 a 1
105 106 b 4
105 82 c 3
105 24 d 0
105 54 e 4
106 107 a 0
106 107 b 4
106 87 c 0
106 125 d 4
106 121 e 1
107 108 a 1
107 108 b 1
107 31 c 2
107 113 d 1
107 34 e 0
108 109 a 0
108 109 b 1
108 1 c 2
108 108 d 4
108 120 e 4
109 110 a 3
109 110 b 2
109 84 c 1
109 13 d 3
109 5 e 1
110 111 a 1
110 111 b 4
110 117 c 0
110 20 d 2
110 24 e 0
111 112 a 2
111 112 b 0
111 69 c 1
111 104 d 3
111 68 e 1
112 113 a 4
112 113 b 0
112 40 c 2
112 18 d 1
112 94 e 3
113 114 a 4
113 114 b 1
113 7 c 2
113 64 d 2
113 3 e 3
114 115 a 1
114 115 b 0
114 78 c 2
114 67 d 3
114 16 e 4
115 116 a 1
115 116 b 0
115 111 c 0
115 18 d 4
115 40 e 1
116 117 a 3
116 117 b 1
116 94 c 2
116 68 d 3
116 50 e 1
117 118 a 2
117 118 b 0
117 19 c 1
117 25 d 2
117 87 e 1
118 119 a 2
118 119 b 2
118 11 c 0
118 114 d 0
118 8 e 4
119 120 a 0
119 120 b 1
119 71 c 0
119 85 d 3
119 119 e 0
120 121 a 4
120 121 b 2
120 76 c 2
120 106 d 0
120 25 e 2
121 122 a 2
121 122 b 1
121 33 c 3
121 1 d 4
121 43 e 3
122 123 a 3
122 123 b 2
122 84 c 1
122 9 d 4
122 41 e 4
123 124 a 0
123 124 b 0
123 117 c 2
123 26 d 2
123 88 e 2
124 125 a 0
124 125 b 3
124 25 c 4
124 109 d 1
124 61 e 1
125 126 a 0
125 126 b 0
125 89 c 4
125 94 d 3
125 36 e 0
126 127 a 3
126 127 b 0
126 80 c 4
126 113 d 0
126 27 e 2
127 128 a 4
127 128 b 0
127 33 c 3
127 74 d 0
127 116 e 2
128 1 a 4
128 1 b 4
128 110 c 4
128 51 d 1
128 70 e 1

20 128 640 5 5 0
1 2 a 3
1 2 b 4
1 98 c 1
1 26 d 1
1 108 e 3
2 3 a 1
2 3 b 0
2 40 c 0
2 16 d 4
2 5 e 1
3 4 a 0
3 4 b 0
3 114 c 4
3 75 d 3
3 114 e 2
4 5 a 2
4 5 b 1
4 115 c 2
4 37 d 2
4 92 e 2
5 6 a 2
5 6 b 0
5 101 c 0
5 27 d 0
5 43 e 3
6 7 a 1
6 7 b 2
6 4 c 3
6 79 d 4
6 15 e 3
7 8 a 4
7 8 b 3
7 16 c 1
7 7 d 3
7 123 e 2
8 9 a 2
8 9 b 4
8 79 c 4
8 43 d 2
8 37 e 0
9 10 a 4
9 10 b 2
9 9 c 1
9 75 d 0
9 8 e 2
10 11 a 1
10 11 b 1
10 10 c 1
10 22 d 4
10 99 e 3
11 12 a 0
11 12 b 4
11 36 c 1
11 100 d 1
11 55 e 0
12 13 a 4
12 13 b 1
12 43 c 4
12 46 d 4
12 76 e 2
13 14 a 0
13 14 b 0
13 119 c 1
13 16 d 3
13 44 e 4
14 15 a 3
14 15 b 2
14 101 c 1
14 78 d 2
14 38 e 3
15 16 a 3
15 16 b 4
15 86 c 1
15 76 d 1
15 77 e 0
16 17 a 3
16 17 b 0
16 46 c 2
16 20 d 0
16 119 e 3
17 18 a 1
17 18 b 0
17 86 c 0
17 84 d 4
17 63 e 3
18 19 a 1
18 19 b 3
18 59 c 0
18 93 d 0
18 3 e 1
19 20 a 0
19 20 b 2
19 77 c 1
19 38 d 2
19 102 e 2
20 21 a 3
20 21 b 0
20 1 c 2
20 71 d 4
20 79 e 0
21 22 a 0
21 22 b 3
21 79 c 4
21 126 d 3
21 104 e 3
22 23 a 0
22 23 b 1
22 53 c 4
22 45 d 3
22 32 e 0
23 24 a 0
23 24 b 1
23 50 c 2
23 90 d 0
23 41 e 0
24 25 a 4
24 25 b 1
24 75 c 2
24 45 d 1
24 123 e 1
25 26 a 4
25 26 b 1
25 10 c 4
25 118 d 3
25 79 e 4
26 27 a 3
26 27 b 2
26 122 c 2
26 37 d 3
26 37 e 0
27 28 a 1
27 28 b 1
27 44 c 2
27 79 d 3
27 63 e 0
28 29 a 2
28 29 b 1
28 53 c 0
28 48 d 2
28 35 e 2
29 30 a 0
29 30 b 4
29 46 c 3
29 36 d 1
29 29 e 1
30 31 a 2
30 31 b 0
30 51 c 2
30 44 d 1
30 59 e 1
31 32 a 4
31 32 b 0
31 100 c 1
31 111 d 0
31 79 e 4
32 33 a 1
32 33 b 3
32 103 c 3
32 55 d 0
32 113 e 1
33 34 a 1
33 34 b 3
33 99 c 1
33 112 d 0
33 122 e 4
34 35 a 4
34 35 b 3
34 7 c 2
34 44 d 4
34 10 e 3
35 36 a 2
35 36 b 2
35 1 c 3
35 33 d 1
35 2 e 3
36 37 a 0
36 37 b 3
36 8 c 1
36 41 d 2
36 11 e 0
37 38 a 0
37 38 b 0
37 83 c 0
37 66 d 1
37 13 e 0
38 39 a 2
38 39 b 2
38 31 c 1
38 12 d 1
38 57 e 2
39 40 a 3
39 40 b 3
39 44 c 0
39 77 d 3
39 128 e 2
40 41 a 0
40 41 b 2
40 64 c 1
40 112 d 3
40 25 e 2
41 42 a 1
41 42 b 1
41 36 c 2
41 2 d 1
41 127 e 2
42 43 a 2
42 43 b 2
42 34 c 2
42 52 d 3
42 112 e 2
43 44 a 2
43 44 b 0
43 13 c 4
43 91 d 3
43 112 e 1
44 45 a 4
44 45 b 4
44 57 c 3
44 115 d 2
44 68 e 0
45 46 a 1
45 46 b 4
45 126 c 0
45 24 d 1
45 119 e 0
46 47 a 3
46 47 b 3
46 57 c 4
46 11 d 2
46 89 e 1
47 48 a 2
47 48 b 1
47 75 c 0
47 52 d 1
47 122 e 3
48 49 a 1
48 49 b 1
48 24 c 2
48 26 d 0
48 51 e 3
49 50 a 4
49 50 b 2
49 10 c 0
49 108 d 1
49 30 e 1
50 51 a 0
50 51 b 3
50 12 c 4
50 123 d 0
50 25 e 1
51 52 a 2
51 52 b 2
51 15 c 0
51 62 d 0
51 72 e 2
52 53 a 0
52 53 b 0
52 8 c 4
52 77 d 1
52 16 e 0
53 54 a 0
53 54 b 4
53 111 c 3
53 102 d 2
53 28 e 0
54 55 a 3
54 55 b 2
54 66 c 0
54 108 d 2
54 91 e 2
55 56 a 4
55 56 b 3
55 128 c 3
55 98 d 2
55 127 e 3
56 57 a 0
56 57 b 2
56 47 c 1
56 116 d 0
56 128 e 3
57 58 a 2
57 58 b 1
57 86 c 2
57 111 d 3
57 24 e 1
58 59 a 0
58 59 b 0
58 3 c 1
58 68 d 4
58 69 e 3
59 60 a 2
59 60 b 2
59 71 c 2
59 9 d 0
59 74 e 3
60 61 a 1
60 61 b 4
60 53 c 4
60 119 d 0
60 45 e 3
61 62 a 2
61 62 b 4
61 103 c 0
61 109 d 1
61 58 e 2
62 63 a 1
62 63 b 1
62 121 c 4
62 108 d 0
62 127 e 0
63 64 a 0
63 64 b 0
63 11 c 0
63 25 d 4
63 79 e 4
64 65 a 1
64 65 b 3
64 67 c 0
64 62 d 4
64 63 e 3
65 66 a 1
65 66 b 0
65 73 c 3
65 74 d 3
65 44 e 1
66 67 a 4
66 67 b 0
66 74 c 2
66 76 d 3
66 50 e 1
67 68 a 3
67 68 b 3
67 117 c 4
67 124 d 2
67 54 e 0
68 69 a 0
68 69 b 4
68 1 c 0
68 50 d 4
68 94 e 1
69 70 a 2
69 70 b 4
69 37 c 1
69 108 d 1
69 19 e 3
70 71 a 4
70 71 b 1
70 30 c 2
70 76 d 2
70 6 e 3
71 72 a 3
71 72 b 2
71 45 c 4
71 24 d 3
71 40 e 1
72 73 a 2
72 73 b 0
72 22 c 0
72 57 d 1
72 48 e 1
73 74 a 2
73 74 b 0
73 34 c 3
73 61 d 2
73 26 e 2
74 75 a 0
74 75 b 0
74 30 c 1
74 85 d 0
74 34 e 3
75 76 a 2
75 76 b 4
75 90 c 1
75 87 d 4
75 77 e 2
76 77 a 4
76 77 b 4
76 43 c 1
76 60 d 2
76 96 e 0
77 78 a 4
77 78 b 1
77 105 c 2
77 35 d 4
77 102 e 1
78 79 a 2
78 79 b 4
78 113 c 2
78 77 d 3
78 47 e 4
79 80 a 0
79 80 b 3
79 36 c 0
79 31 d 4
79 76 e 1
80 81 a 0
80 81 b 3
80 103 c 4
80 36 d 1
80 20 e 1
81 82 a 0
81 82 b 0
81 33 c 1
81 8 d 4
81 34 e 3
82 83 a 4
82 83 b 4
82 64 c 1
82 30 d 2
82 84 e 2
83 84 a 0
83 84 b 1
83 53 c 4
83 90 d 0
83 77 e 0
84 85 a 0
84 85 b 0
84 115 c 3
84 87 d 0
84 117 e 0
85 86 a 2
85 86 b 3
85 115 c 3
85 83 d 4
85 116 e 2
86 87 a 4
86 87 b 3
86 51 c 3
86 46 d 3
86 58 e 0
87 88 a 1
87 88 b 4
87 50 c 2
87 111 d 2
87 122 e 4
88 89 a 3
88 89 b 2
88 118 c 0
88 63 d 0
88 42 e 4
89 90 a 0
89 90 b 3
89 7 c 3
89 108 d 3
89 4 e 0
90 91 a 0
90 91 b 4
90 113 c 3
90 103 d 0
90 8 e 2
91 92 a 4
91 92 b 0
91 70 c 3
91 70 d 3
91 121 e 2
92 93 a 1
92 93 b 3
92 25 c 0
92 67 d 2
92 91 e 0
93 94 a 4
93 94 b 4
93 4 c 1
93 59 d 3
93 123 e 3
94 95 a 1
94 95 b 1
94 35 c 3
94 47 d 3
94 103 e 3
95 96 a 1
95 96 b 4
95 23 c 1
95 71 d 0
95 114 e 3
96 97 a 4
96 97 b 1
96 4 c 2
96 74 d 4
96 50 e 2
97 98 a 4
97 98 b 1
97 19 c 0
97 39 d 4
97 1 e 3
98 99 a 2
98 99 b 0
98 112 c 4
98 112 d 4
98 127 e 1
99 100 a 2
99 100 b 4
99 77 c 3
99 90 d 2
99 14 e 2
100 101 a 4
100 101 b 0
100 94 c 3
100 62 d 4
100 84 e 3
101 102 a 2
101 102 b 3
101 91 c 3
101 26 d 1
101 61 e 0
102 103 a 3
102 103 b 0
102 1 c 2
102 17 d 1
102 119 e 2
103 104 a 1
103 104 b 3
103 17 c 3
103 103 d 2
103 116 e 0
104 105 a 1
104 105 b 1
104 79 c 4
104 6 d 2
104 108 e 1
105 106 a 4
105 106 b 1
105 5 c 0
105 124 d 3
105 88 e 1
106 107 a 4
106 107 b 2
106 125 c 1
106 122 d 0
106 120 e 4
107 108 a 2
107 108 b 4
107 11 c 3
107 86 d 4
107 78 e 1
108 109 a 3
108 109 b 2
108 1 c 1
108 10 d 2
108 32 e 2
109 110 a 0
109 110 b 4
109 56 c 3
109 51 d 2
109 122 e 3
110 111 a 4
110 111 b 0
110 13 c 4
110 19 d 0
110 41 e 0
111 112 a 2
111 112 b 1
111 98 c 1
111 15 d 0
111 65 e 4
112 113 a 2
112 113 b 4
112 25 c 1
112 50 d 4
112 24 e 3
113 114 a 1
113 114 b 0
113 29 c 1
113 40 d 1
113 73 e 4
114 115 a 1
114 115 b 3
114 89 c 1
114 68 d 1
114 51 e 2
115 116 a 0
115 116 b 0
115 62 c 4
115 122 d 3
115 119 e 3
116 117 a 4
116 117 b 4
116 66 c 2
116 102 d 3
116 125 e 3
117 118 a 0
117 118 b 0
117 91 c 1
117 67 d 1
117 112 e 1
118 119 a 2
118 119 b 0
118 8 c 2
118 117 d 0
118 61 e 2
119 120 a 1
119 120 b 1
119 73 c 1
119 128 d 1
119 24 e 4
120 121 a 4
120 121 b 0
120 34 c 4
120 14 d 4
120 119 e 2
121 122 a 2
121 122 b 1
121 27 c 3
121 109 d 0
121 21 e 3
122 123 a 4
122 123 b 0
122 67 c 4
122 14 d 3
122 112 e 1
123 124 a 4
123 124 b 2
123 40 c 1
123 7 d 4
123 75 e 2
124 125 a 2
124 125 b 0
124 97 c 4
124 18 d 4
124 45 e 3
125 126 a 2
125 126 b 1
125 5 c 1
125 12 d 1
125 97 e 0
126 127 a 3
126 127 b 2
126 49 c 0
126 119 d 3
126 116 e 4
127 128 a 2
127 128 b 3
127 6 c 0
127 120 d 2
127 57 e 4
128 1 a 0
128 1 b 3
128 40 c 0
128 90 d 4
128 72 e 2

21 128 640 5 5 0
1 2 a 3
1 2 b 1
1 64 c 1
1 9 d 3
1 123 e 2
2 3 a 4
2 3 b 4
2 123 c 0
2 24 d 0
2 112 e 3
3 4 a 3
3 4 b 4
3 9 c 4
3 60 d 2
3 10 e 0
4 5 a 4
4 5 b 1
4 31 c 1
4 78 d 4
4 111 e 3
5 6 a 3
5 6 b 4
5 117 c 0
5 77 d 3
5 11 e 1
6 7 a 3
6 7 b 0
6 72 c 2
6 89 d 1
6 12 e 1
7 8 a 1
7 8 b 4
7 89 c 4
7 57 d 3
7 101 e 2
8 9 a 4
8 9 b 1
8 109 c 3
8 87 d 1
8 75 e 2
9 10 a 2
9 10 b 3
9 75 c 0
9 63 d 1
9 59 e 3
10 11 a 2
10 11 b 3
10 65 c 1
10 35 d 2
10 114 e 0
11 12 a 3
11 12 b 4
11 31 c 4
11 89 d 4
11 114 e 4
12 13 a 4
12 13 b 1
12 58 c 0
12 91 d 4
12 4 e 2
13 14 a 3
13 14 b 4
13 107 c 3
13 70 d 4
13 49 e 0
14 15 a 3
14 15 b 3
14 14 c 0
14 92 d 3
14 71 e 4
15 16 a 1
15 16 b 1
15 3 c 0
15 3 d 4
15 91 e 4
16 17 a 0
16 17 b 4
16 48 c 4
16 67 d 2
16 65 e 3
17 18 a 2
17 18 b 0
17 124 c 2
17 76 d 2
17 21 e 2
18 19 a 3
18 19 b 0
18 86 c 1
18 110 d 1
18 54 e 1
19 20 a 4
19 20 b 1
19 44 c 0
19 31 d 1
19 69 e 0
20 21 a 3
20 21 b 4
20 117 c 3
20 120 d 1
20 42 e 3
21 22 a 0
21 22 b 3
21 39 c 0
21 56 d 3
21 16 e 2
22 23 a 1
22 23 b 4
22 65 c 3
22 63 d 1
22 100 e 2
23 24 a 0
23 24 b 0
23 67 c 1
23 20 d 3
23 90 e 4
24 25 a 1
24 25 b 1
24 49 c 4
24 97 d 2
24 105 e 1
25 26 a 3
25 26 b 3
25 20 c 4
25 114 d 3
25 74 e 4
26 27 a 2
26 27 b 1
26 121 c 4
26 57 d 3
26 124 e 4
27 28 a 3
27 28 b 2
27 111 c 2
27 76 d 1
27 66 e 2
28 29 a 0
28 29 b 1
28 13 c 3
28 101 d 0
28 35 e 4
29 30 a 2
29 30 b 2
29 106 c 1
29 97 d 1
29 106 e 4
30 31 a 4
30 31 b 4
30 35 c 2
30 67 d 3
30 36 e 3
31 32 a 1
31 32 b 2
31 89 c 1
31 46 d 0
31 37 e 1
32 33 a 3
32 33 b 1
32 48 c 1
32 110 d 4
32 3 e 3
33 34 a 1
33 34 b 4
33 82 c 0
33 111 d 1
33 24 e 0
34 35 a 3
34 35 b 0
34 106 c 2
34 68 d 0
34 4 e 0
35 36 a 3
35 36 b 2
35 41 c 0
35 34 d 2
35 42 e 4
36 37 a 1
36 37 b 4
36 68 c 4
36 99 d 4
36 46 e 1
37 38 a 4
37 38 b 3
37 115 c 1
37 3 d 1
37 126 e 3
38 39 a 2
38 39 b 2
38 115 c 1
38 38 d 1
38 70 e 4
39 40 a 0
39 40 b 0
39 6 c 4
39 16 d 2
39 121 e 2
40 41 a 1
40 41 b 0
40 110 c 1
40 43 d 1
40 79 e 1
41 42 a 0
41 42 b 3
41 118 c 4
41 5 d 4
41 65 e 2
42 43 a 0
42 43 b 2
42 105 c 2
42 80 d 4
42 15 e 2
43 44 a 4
43 44 b 2
43 24 c 2
43 96 d 1
43 59 e 1
44 45 a 1
44 45 b 3
44 88 c 1
44 48 d 2
44 12 e 4
45 46 a 3
45 46 b 2
45 2 c 2
45 94 d 3
45 12 e 3
46 47 a 0
46 47 b 0
46 114 c 0
46 42 d 1
46 10 e 4
47 48 a 4
47 48 b 3
47 8 c 3
47 122 d 3
47 24 e 3
48 49 a 3
48 49 b 3
48 42 c 0
48 89 d 2
48 13 e 3
49 50 a 2
49 50 b 3
49 64 c 0
49 116 d 3
49 5 e 0
50 51 a 1
50 51 b 0
50 54 c 1
50 28 d 0
50 92 e 0
51 52 a 1
51 52 b 0
51 126 c 3
51 71 d 3
51 55 e 3
52 53 a 3
52 53 b 3
52 11 c 4
52 14 d 1
52 123 e 3
53 54 a 0
53 54 b 0
53 87 c 3
53 48 d 0
53 84 e 3
54 55 a 0
54 55 b 1
54 95 c 4
54 14 d 2
54 48 e 0
55 56 a 4
55 56 b 0
55 33 c 4
55 45 d 3
55 65 e 2
56 57 a 1
56 57 b 2
56 36 c 0
56 55 d 2
56 126 e 0
57 58 a 3
57 58 b 4
57 112 c 0
57 122 d 1
57 34 e 2
58 59 a 3
58 59 b 1
58 18 c 4
58 104 d 4
58 44 e 2
59 60 a 0
59 60 b 3
59 26 c 2
59 21 d 1
59 93 e 1
60 61 a 2
60 61 b 3
60 29 c 3
60 61 d 0
60 61 e 3
61 62 a 0
61 62 b 1
61 51 c 2
61 59 d 0
61 23 e 1
62 63 a 0
62 63 b 1
62 121 c 0
62 18 d 0
62 120 e 1
63 64 a 1
63 64 b 2
63 16 c 4
63 104 d 2
63 52 e 4
64 65 a 3
64 65 b 4
64 29 c 2
64 6 d 2
64 97 e 0
65 66 a 4
65 66 b 3
65 71 c 1
65 89 d 2
65 90 e 2
66 67 a 4
66 67 b 2
66 60 c 4
66 116 d 0
66 61 e 1
67 68 a 1
67 68 b 3
67 44 c 2
67 12 d 4
67 110 e 1
68 69 a 3
68 69 b 3
68 76 c 2
68 123 d 2
68 17 e 1
69 70 a 3
69 70 b 2
69 85 c 1
69 62 d 1
69 20 e 2
70 71 a 3
70 71 b 0
70 3 c 4
70 119 d 1
70 35 e 0
71 72 a 0
71 72 b 1
71 22 c 3
71 107 d 0
71 50 e 1
72 73 a 1
72 73 b 0
72 84 c 0
72 4 d 2
72 118 e 1
73 74 a 1
73 74 b 0
73 4 c 1
73 80 d 2
73 108 e 3
74 75 a 0
74 75 b 4
74 117 c 2
74 1 d 0
74 81 e 2
75 76 a 2
75 76 b 3
75 117 c 1
75 108 d 4
75 40 e 4
76 77 a 1
76 77 b 4
76 90 c 4
76 10 d 0
76 56 e 4
77 78 a 4
77 78 b 3
77 125 c 3
77 121 d 2
77 11 e 3
78 79 a 0
78 79 b 4
78 58 c 1
78 123 d 2
78 112 e 3
79 80 a 3
79 80 b 0
79 114 c 2
79 118 d 2
79 121 e 4
80 81 a 1
80 81 b 2
80 9 c 0
80 115 d 2
80 126 e 3
81 82 a 4
81 82 b 3
81 104 c 4
81 32 d 2
81 24 e 1
82 83 a 4
82 83 b 2
82 123 c 3
82 78 d 2
82 39 e 4
83 84 a 0
83 84 b 1
83 52 c 1
83 115 d 0
83 77 e 4
84 85 a 0
84 85 b 4
84 6 c 0
84 41 d 2
84 112 e 1
85 86 a 1
85 86 b 3
85 108 c 1
85 45 d 3
85 60 e 1
86 87 a 2
86 87 b 3
86 96 c 4
86 96 d 4
86 31 e 2
87 88 a 3
87 88 b 1
87 100 c 1
87 74 d 3
87 75 e 0
88 89 a 1
88 89 b 2
88 124 c 2
88 18 d 2
88 56 e 1
89 90 a 2
89 90 b 2
89 49 c 0
89 7 d 4
89 31 e 1
90 91 a 0
90 91 b 3
90 16 c 0
90 27 d 4
90 127 e 0
91 92 a 2
91 92 b 0
91 41 c 4
91 99 d 0
91 28 e 2
92 93 a 1
92 93 b 2
92 17 c 2
92 24 d 4
92 123 e 4
93 94 a 4
93 94 b 3
93 96 c 4
93 24 d 4
93 104 e 0
94 95 a 4
94 95 b 1
94 52 c 4
94 102 d 2
94 112 e 4
95 96 a 2
95 96 b 2
95 44 c 3
95 38 d 1
95 103 e 3
96 97 a 2
96 97 b 2
96 109 c 3
96 34 d 3
96 100 e 0
97 98 a 3
97 98 b 1
97 33 c 3
97 71 d 4
97 64 e 0
98 99 a 3
98 99 b 0
98 115 c 1
98 40 d 3
98 26 e 3
99 100 a 0
99 100 b 1
99 20 c 3
99 123 d 4
99 85 e 4
100 101 a 4
100 101 b 4
100 57 c 0
100 23 d 1
100 24 e 1
101 102 a 4
101 102 b 1
101 27 c 4
101 124 d 1
101 78 e 0
102 103 a 3
102 103 b 1
102 118 c 0
102 75 d 0
102 36 e 3
103 104 a 1
103 104 b 2
103 10 c 4
103 74 d 0
103 14 e 1
104 105 a 2
104 105 b 0
104 29 c 1
104 97 d 4
104 66 e 3
105 106 a 4
105 106 b 4
105 119 c 0
105 31 d 2
105 59 e 1
106 107 a 1
106 107 b 4
106 100 c 0
106 54 d 3
106 55 e 1
107 108 a 1
107 108 b 1
107 54 c 4
107 123 d 4
107 57 e 2
108 109 a 3
108 109 b 0
108 64 c 2
108 103 d 2
108 8 e 2
109 110 a 4
109 110 b 2
109 92 c 4
109 25 d 1
109 46 e 1
110 111 a 0
110 111 b 4
110 102 c 2
110 81 d 3
110 122 e 4
111 112 a 0
111 112 b 4
111 63 c 4
111 118 d 3
111 127 e 2
112 113 a 2
112 113 b 4
112 75 c 0
112 17 d 0
112 18 e 3
113 114 a 2
113 114 b 2
113 115 c 4
113 80 d 2
113 80 e 0
114 115 a 4
114 115 b 4
114 36 c 3
114 4 d 0
114 22 e 0
115 116 a 0
115 116 b 0
115 78 c 0
115 35 d 4
115 7 e 3
116 117 a 1
116 117 b 2
116 101 c 1
116 71 d 3
116 9 e 4
117 118 a 4
117 118 b 0
117 100 c 4
117 45 d 4
117 72 e 2
118 119 a 2
118 119 b 4
118 69 c 3
118 55 d 0
118 50 e 2
119 120 a 3
119 120 b 1
119 10 c 0
119 106 d 3
119 122 e 0
120 121 a 3
120 121 b 0
120 55 c 4
120 113 d 4
120 21 e 3
121 122 a 0
121 122 b 3
121 86 c 0
121 24 d 3
121 63 e 2
122 123 a 0
122 123 b 4
122 114 c 3
122 82 d 2
122 119 e 1
123 124 a 0
123 124 b 3
123 28 c 3
123 52 d 1
123 127 e 4
124 125 a 1
124 125 b 3
124 105 c 0
124 119 d 3
124 93 e 3
125 126 a 3
125 126 b 3
125 113 c 1
125 122 d 0
125 93 e 4
126 127 a 2
126 127 b 3
126 82 c 2
126 61 d 0
126 13 e 2
127 128 a 4
127 128 b 0
127 43 c 2
127 103 d 0
127 63 e 3
128 1 a 0
128 1 b 0
128 34 c 1
128 65 d 4
128 10 e 2

22 128 640 5 5 0
1 2 a 0
1 2 b 1
1 94 c 2
1 57 d 0
1 73 e 1
2 3 a 2
2 3 b 1
2 14 c 0
2 97 d 0
2 27 e 1
3 4 a 3
3 4 b 3
3 96 c 0
3 109 d 3
3 97 e 1
4 5 a 4
4 5 b 1
4 10 c 3
4 56 d 3
4 67 e 0
5 6 a 2
5 6 b 0
5 69 c 1
5 63 d 1
5 44 e 1
6 7 a 0
6 7 b 1
6 77 c 2
6 36 d 4
6 73 e 2
7 8 a 1
7 8 b 2
7 99 c 2
7 44 d 4
7 14 e 0
8 9 a 0
8 9 b 2
8 74 c 2
8 66 d 2
8 49 e 0
9 10 a 2
9 10 b 3
9 77 c 0
9 114 d 3
9 45 e 3
10 11 a 2
10 11 b 4
10 56 c 3
10 111 d 2
10 65 e 4
11 12 a 1
11 12 b 3
11 91 c 0
11 14 d 3
11 110 e 2
12 13 a 4
12 13 b 2
12 10 c 2
12 72 d 0
12 124 e 0
13 14 a 2
13 14 b 0
13 31 c 0
13 60 d 3
13 117 e 4
14 15 a 3
14 15 b 2
14 118 c 4
14 43 d 0
14 40 e 1
15 16 a 4
15 16 b 1
15 112 c 2
15 122 d 1
15 40 e 0
16 17 a 4
16 17 b 1
16 113 c 3
16 51 d 4
16 75 e 2
17 18 a 1
17 18 b 4
17 99 c 0
17 4 d 3
17 43 e 1
18 19 a 0
18 19 b 0
18 48 c 4
18 62 d 0
18 41 e 2
19 20 a 3
19 20 b 4
19 75 c 4
19 87 d 0
19 101 e 4
20 21 a 1
20 21 b 0
20 40 c 0
20 105 d 3
20 70 e 0
21 22 a 0
21 22 b 0
21 64 c 3
21 50 d 4
21 120 e 3
22 23 a 0
22 23 b 0
22 14 c 3
22 18 d 2
22 105 e 4
23 24 a 1
23 24 b 1
23 20 c 4
23 15 d 4
23 76 e 1
24 25 a 2
24 25 b 3
24 87 c 1
24 84 d 2
24 23 e 0
25 26 a 2
25 26 b 2
25 94 c 4
25 45 d 3
25 4 e 3
26 27 a 0
26 27 b 1
26 55 c 4
26 13 d 3
26 19 e 0
27 28 a 0
27 28 b 2
27 114 c 3
27 9 d 3
27 6 e 4
28 29 a 1
28 29 b 3
28 37 c 2
28 91 d 4
28 99 e 3
29 30 a 3
29 30 b 3
29 102 c 0
29 95 d 1
29 118 e 3
30 31 a 3
30 31 b 4
30 84 c 0
30 25 d 1
30 77 e 3
31 32 a 1
31 32 b 0
31 14 c 2
31 45 d 1
31 58 e 0
32 33 a 4
32 33 b 0
32 58 c 0
32 101 d 3
32 85 e 2
33 34 a 0
33 34 b 1
33 128 c 0
33 47 d 2
33 119 e 1
34 35 a 0
34 35 b 0
34 12 c 1
34 29 d 0
34 63 e 2
35 36 a 1
35 36 b 2
35 16 c 0
35 99 d 1
35 17 e 3
36 37 a 4
36 37 b 4
36 63 c 4
36 92 d 2
36 18 e 1
37 38 a 4
37 38 b 3
37 83 c 4
37 5 d 4
37 46 e 1
38 39 a 4
38 39 b 0
38 8 c 4
38 128 d 4
38 19 e 1
39 40 a 1
39 40 b 0
39 31 c 4
39 19 d 2
39 51 e 0
40 41 a 3
40 41 b 2
40 92 c 0
40 39 d 1
40 69 e 4
41 42 a 1
41 42 b 4
41 8 c 0
41 73 d 4
41 68 e 4
42 43 a 2
42 43 b 1
42 112 c 0
42 44 d 0
42 110 e 4
43 44 a 0
43 44 b 0
43 99 c 1
43 37 d 1
43 71 e 1
44 45 a 2
44 45 b 4
44 56 c 2
44 46 d 0
44 20 e 3
45 46 a 4
45 46 b 4
45 70 c 4
45 99 d 3
45 96 e 2
46 47 a 4
46 47 b 1
46 107 c 3
46 8 d 2
46 122 e 1
47 48 a 4
47 48 b 1
47 6 c 2
47 1 d 2
47 117 e 2
48 49 a 2
48 49 b 1
48 124 c 4
48 89 d 4
48 39 e 3
49 50 a 4
49 50 b 2
49 54 c 4
49 60 d 4
49 43 e 2
50 51 a 2
50 51 b 0
50 33 c 4
50 124 d 1
50 95 e 2
51 52 a 2
51 52 b 1
51 45 c 3
51 16 d 4
51 103 e 4
52 53 a 3
52 53 b 0
52 79 c 4
52 16 d 0
52 39 e 2
53 54 a 0
53 54 b 0
53 128 c 3
53 58 d 4
53 77 e 2
54 55 a 4
54 55 b 1
54 59 c 4
54 112 d 0
54 69 e 0
55 56 a 4
55 56 b 0
55 2 c 3
55 56 d 4
55 66 e 2
56 57 a 0
56 57 b 2
56 90 c 3
56 59 d 3
56 60 e 0
57 58 a 0
57 58 b 1
57 75 c 4
57 70 d 3
57 109 e 0
58 59 a 1
58 59 b 1
58 97 c 1
58 76 d 4
58 83 e 3
59 60 a 4
59 60 b 3
59 45 c 0
59 98 d 3
59 49 e 1
60 61 a 3
60 61 b 3
60 69 c 0
60 66 d 4
60 13 e 3
61 62 a 3
61 62 b 0
61 63 c 0
61 73 d 4
61 51 e 0
62 63 a 0
62 63 b 2
62 58 c 4
62 120 d 2
62 49 e 0
63 64 a 2
63 64 b 0
63 86 c 3
63 119 d 4
63 90 e 0
64 65 a 1
64 65 b 0
64 55 c 4
64 13 d 3
64 67 e 1
65 66 a 4
65 66 b 0
65 5 c 4
65 41 d 3
65 72 e 0
66 67 a 2
66 67 b 1
66 111 c 1
66 93 d 3
66 8 e 4
67 68 a 4
67 68 b 0
67 36 c 4
67 93 d 4
67 101 e 1
68 69 a 4
68 69 b 4
68 88 c 0
68 4 d 2
68 5 e 0
69 70 a 0
69 70 b 0
69 69 c 2
69 80 d 3
69 84 e 2
70 71 a 0
70 71 b 0
70 39 c 4
70 97 d 4
70 128 e 2
71 72 a 3
71 72 b 3
71 63 c 0
71 126 d 1
71 123 e 1
72 73 a 3
72 73 b 1
72 81 c 1
72 16 d 0
72 124 e 2
73 74 a 2
73 74 b 4
73 38 c 4
73 36 d 0
73 126 e 3
74 75 a 4
74 75 b 0
74 11 c 3
74 109 d 0
74 64 e 3
75 76 a 3
75 76 b 3
75 80 c 4
75 64 d 1
75 68 e 3
76 77 a 3
76 77 b 1
76 74 c 2
76 23 d 4
76 80 e 3
77 78 a 3
77 78 b 1
77 81 c 3
77 15 d 0
77 111 e 3
78 79 a 3
78 79 b 0
78 67 c 2
78 106 d 0
78 113 e 1
79 80 a 1
79 80 b 2
79 127 c 0
79 13 d 0
79 103 e 1
80 81 a 4
80 81 b 2
80 106 c 4
80 2 d 0
80 40 e 2
81 82 a 4
81 82 b 2
81 110 c 0
81 120 d 2
81 79 e 2
82 83 a 2
82 83 b 1
82 118 c 4
82 62 d 3
82 58 e 1
83 84 a 2
83 84 b 3
83 115 c 4
83 76 d 4
83 12 e 2
84 85 a 3
84 85 b 3
84 90 c 1
84 58 d 1
84 44 e 4
85 86 a 0
85 86 b 3
85 36 c 0
85 70 d 3
85 69 e 0
86 87 a 4
86 87 b 4
86 76 c 3
86 83 d 3
86 68 e 4
87 88 a 1
87 88 b 0
87 85 c 4
87 101 d 3
87 93 e 4
88 89 a 0
88 89 b 1
88 66 c 4
88 38 d 0
88 6 e 1
89 90 a 3
89 90 b 0
89 27 c 3
89 99 d 2
89 121 e 4
90 91 a 1
90 91 b 0
90 111 c 0
90 15 d 3
90 54 e 2
91 92 a 3
91 92 b 2
91 76 c 1
91 63 d 1
91 127 e 2
92 93 a 4
92 93 b 0
92 72 c 3
92 45 d 0
92 91 e 1
93 94 a 2
93 94 b 4
93 124 c 0
93 54 d 2
93 20 e 0
94 95 a 3
94 95 b 4
94 4 c 3
94 92 d 2
94 57 e 1
95 96 a 4
95 96 b 2
95 1 c 1
95 68 d 1
95 29 e 2
96 97 a 3
96 97 b 2
96 23 c 0
96 57 d 2
96 86 e 2
97 98 a 4
97 98 b 1
97 111 c 0
97 39 d 3
97 62 e 4
98 99 a 2
98 99 b 1
98 54 c 2
98 33 d 1
98 117 e 3
99 100 a 3
99 100 b 3
99 27 c 0
99 91 d 4
99 93 e 2
100 101 a 3
100 101 b 0
100 85 c 2
100 49 d 2
100 28 e 3
101 102 a 4
101 102 b 3
101 27 c 4
101 30 d 3
101 30 e 2
102 103 a 3
102 103 b 3
102 42 c 1
102 70 d 2
102 17 e 1
103 104 a 1
103 104 b 2
103 67 c 2
103 108 d 3
103 103 e 2
104 105 a 1
104 105 b 1
104 43 c 1
104 124 d 1
104 88 e 1
105 106 a 4
105 106 b 2
105 41 c 0
105 3 d 4
105 93 e 4
106 107 a 2
106 107 b 0
106 11 c 2
106 50 d 4
106 54 e 0
107 108 a 3
107 108 b 4
107 33 c 0
107 96 d 2
107 100 e 2
108 109 a 2
108 109 b 1
108 64 c 2
108 4 d 3
108 48 e 0
109 110 a 0
109 110 b 1
109 64 c 0
109 62 d 0
109 34 e 4
110 111 a 3
110 111 b 4
110 127 c 0
110 79 d 2
110 11 e 4
111 112 a 0
111 112 b 3
111 92 c 0
111 29 d 4
111 124 e 1
112 113 a 4
112 113 b 2
112 61 c 0
112 48 d 0
112 76 e 0
113 114 a 2
113 114 b 4
113 9 c 4
113 56 d 1
113 22 e 4
114 115 a 0
114 115 b 3
114 46 c 0
114 4 d 3
114 57 e 1
115 116 a 4
115 116 b 4
115 29 c 2
115 12 d 1
115 86 e 3
116 117 a 2
116 117 b 3
116 73 c 1
116 104 d 0
116 85 e 4
117 118 a 3
117 118 b 3
117 44 c 4
117 87 d 2
117 97 e 3
118 119 a 0
118 119 b 1
118 66 c 0
118 57 d 1
118 103 e 2
119 120 a 4
119 120 b 0
119 11 c 2
119 21 d 4
119 27 e 2
120 121 a 1
120 121 b 0
120 13 c 3
120 20 d 3
120 115 e 0
121 122 a 2
121 122 b 2
121 80 c 1
121 4 d 2
121 42 e 2
122 123 a 2
122 123 b 0
122 96 c 0
122 86 d 3
122 62 e 3
123 124 a 2
123 124 b 1
123 79 c 1
123 33 d 0
123 114 e 1
124 125 a 1
124 125 b 0
124 48 c 0
124 29 d 0
124 77 e 3
125 126 a 2
125 126 b 4
125 29 c 0
125 40 d 3
125 25 e 3
126 127 a 0
126 127 b 2
126 50 c 2
126 68 d 1
126 102 e 3
127 128 a 4
127 128 b 0
127 16 c 2
127 22 d 4
127 4 e 3
128 1 a 1
128 1 b 3
128 91 c 1
128 105 d 0
128 12 e 2

23 128 640 5 5 0
1 2 a 2
1 2 b 4
1 61 c 1
1 41 d 1
1 88 e 2
2 3 a 2
2 3 b 3
2 96 c 4
2 105 d 4
2 6 e 4
3 4 a 0
3 4 b 0
3 119 c 0
3 94 d 1
3 121 e 3
4 5 a 4
4 5 b 1
4 54 c 4
4 97 d 4
4 87 e 1
5 6 a 4
5 6 b 2
5 85 c 2
5 113 d 0
5 12 e 3
6 7 a 1
6 7 b 1
6 18 c 3
6 46 d 1
6 70 e 0
7 8 a 0
7 8 b 2
7 44 c 0
7 95 d 2
7 120 e 1
8 9 a 2
8 9 b 0
8 104 c 0
8 109 d 4
8 87 e 4
9 10 a 2
9 10 b 3
9 16 c 1
9 102 d 2
9 96 e 1
10 11 a 1
10 11 b 4
10 111 c 1
10 123 d 2
10 79 e 2
11 12 a 1
11 12 b 2
11 86 c 2
11 3 d 4
11 41 e 3
12 13 a 4
12 13 b 4
12 26 c 3
12 118 d 3
12 52 e 3
13 14 a 1
13 14 b 4
13 19 c 3
13 114 d 3
13 122 e 1
14 15 a 4
14 15 b 0
14 31 c 0
14 57 d 2
14 73 e 2
15 16 a 2
15 16 b 4
15 29 c 3
15 48 d 1
15 53 e 0
16 17 a 0
16 17 b 2
16 115 c 1
16 98 d 1
16 21 e 3
17 18 a 0
17 18 b 1
17 9 c 3
17 124 d 1
17 2 e 0
18 19 a 1
18 19 b 0
18 75 c 3
18 78 d 2
18 92 e 1
19 20 a 2
19 20 b 2
19 43 c 1
19 80 d 0
19 68 e 4
20 21 a 0
20 21 b 4
20 28 c 2
20 27 d 4
20 34 e 3
21 22 a 3
21 22 b 4
21 24 c 1
21 107 d 3
21 33 e 1
22 23 a 2
22 23 b 0
22 27 c 1
22 36 d 1
22 46 e 1
23 24 a 1
23 24 b 4
23 37 c 0
23 74 d 0
23 125 e 3
24 25 a 3
24 25 b 4
24 60 c 4
24 7 d 2
24 5 e 4
25 26 a 3
25 26 b 0
25 104 c 1
25 41 d 2
25 126 e 3
26 27 a 0
26 27 b 4
26 54 c 3
26 34 d 3
26 106 e 3
27 28 a 4
27 28 b 1
27 54 c 2
27 6 d 1
27 9 e 3
28 29 a 4
28 29 b 0
28 124 c 1
28 16 d 4
28 99 e 0
29 30 a 2
29 30 b 3
29 34 c 1
29 29 d 0
29 67 e 3
30 31 a 1
30 31 b 4
30 69 c 0
30 47 d 4
30 54 e 2
31 32 a 3
31 32 b 4
31 4 c 2
31 108 d 1
31 16 e 3
32 33 a 2
32 33 b 4
32 4 c 1
32 29 d 0
32 103 e 3
33 34 a 0
33 34 b 3
33 110 c 1
33 47 d 3
33 21 e 0
34 35 a 3
34 35 b 1
34 111 c 3
34 53 d 1
34 58 e 0
35 36 a 1
35 36 b 2
35 55 c 0
35 100 d 2
35 57 e 3
36 37 a 3
36 37 b 4
36 123 c 2
36 21 d 2
36 54 e 0
37 38 a 4
37 38 b 3
37 115 c 0
37 71 d 1
37 30 e 3
38 39 a 4
38 39 b 2
38 93 c 3
38 27 d 2
38 32 e 3
39 40 a 3
39 40 b 2
39 120 c 1
39 86 d 4
39 44 e 1
40 41 a 0
40 41 b 4
40 10 c 1
40 98 d 0
40 123 e 2
41 42 a 1
41 42 b 2
41 90 c 2
41 77 d 2
41 6 e 4
42 43 a 4
42 43 b 4
42 54 c 3
42 73 d 3
42 13 e 0
43 44 a 2
43 44 b 2
43 111 c 1
43 42 d 0
43 18 e 3
44 45 a 3
44 45 b 1
44 88 c 0
44 107 d 1
44 92 e 0
45 46 a 2
45 46 b 4
45 74 c 3
45 41 d 4
45 117 e 1
46 47 a 3
46 47 b 0
46 35 c 2
46 38 d 0
46 43 e 4
47 48 a 4
47 48 b 0
47 67 c 1
47 72 d 2
47 19 e 4
48 49 a 3
48 49 b 4
48 14 c 2
48 24 d 4
48 1 e 2
49 50 a 4
49 50 b 0
49 108 c 4
49 68 d 0
49 18 e 1
50 51 a 1
50 51 b 0
50 76 c 2
50 28 d 2
50 34 e 0
51 52 a 0
51 52 b 4
51 28 c 4
51 24 d 3
51 86 e 2
52 53 a 1
52 53 b 3
52 83 c 1
52 81 d 4
52 19 e 0
53 54 a 3
53 54 b 3
53 104 c 1
53 4 d 0
53 5 e 1
54 55 a 0
54 55 b 2
54 88 c 0
54 18 d 1
54 26 e 0
55 56 a 2
55 56 b 2
55 36 c 0
55 3 d 2
55 4 e 2
56 57 a 2
56 57 b 4
56 80 c 2
56 126 d 0
56 58 e 3
57 58 a 2
57 58 b 0
57 101 c 0
57 82 d 0
57 119 e 4
58 59 a 1
58 59 b 0
58 112 c 3
58 113 d 4
58 58 e 3
59 60 a 4
59 60 b 3
59 128 c 4
59 111 d 2
59 68 e 4
60 61 a 0
60 61 b 2
60 44 c 2
60 7 d 3
60 29 e 3
61 62 a 2
61 62 b 1
61 11 c 3
61 23 d 1
61 16 e 3
62 63 a 3
62 63 b 0
62 59 c 3
62 31 d 3
62 42 e 3
63 64 a 3
63 64 b 1
63 91 c 2
63 70 d 3
63 63 e 1
64 65 a 1
64 65 b 2
64 16 c 4
64 84 d 2
64 101 e 2
65 66 a 3
65 66 b 0
65 4 c 4
65 57 d 3
65 119 e 1
66 67 a 0
66 67 b 1
66 98 c 2
66 5 d 0
66 19 e 0
67 68 a 1
67 68 b 1
67 91 c 1
67 110 d 2
67 28 e 4
68 69 a 3
68 69 b 0
68 36 c 3
68 78 d 3
68 57 e 1
69 70 a 2
69 70 b 0
69 117 c 2
69 34 d 3
69 85 e 0
70 71 a 2
70 71 b 0
70 12 c 3
70 11 d 4
70 29 e 1
71 72 a 0
71 72 b 0
71 40 c 4
71 81 d 0
71 4 e 4
72 73 a 1
72 73 b 0
72 15 c 1
72 91 d 4
72 66 e 1
73 74 a 1
73 74 b 2
73 9 c 3
73 56 d 1
73 81 e 1
74 75 a 2
74 75 b 2
74 98 c 0
74 26 d 3
74 111 e 1
75 76 a 2
75 76 b 2
75 107 c 1
75 85 d 2
75 31 e 4
76 77 a 1
76 77 b 1
76 122 c 1
76 100 d 1
76 40 e 0
77 78 a 1
77 78 b 4
77 102 c 2
77 101 d 1
77 20 e 1
78 79 a 1
78 79 b 2
78 11 c 2
78 24 d 3
78 50 e 2
79 80 a 0
79 80 b 1
79 76 c 1
79 100 d 1
79 20 e 0
80 81 a 4
80 81 b 2
80 12 c 1
80 82 d 4
80 18 e 3
81 82 a 1
81 82 b 1
81 52 c 4
81 15 d 3
81 69 e 0
82 83 a 0
82 83 b 0
82 48 c 4
82 111 d 2
82 13 e 4
83 84 a 1
83 84 b 3
83 114 c 0
83 101 d 3
83 12 e 3
84 85 a 2
84 85 b 4
84 110 c 3
84 11 d 2
84 40 e 3
85 86 a 2
85 86 b 3
85 28 c 3
85 32 d 4
85 13 e 1
86 87 a 0
86 87 b 0
86 121 c 0
86 5 d 0
86 41 e 1
87 88 a 3
87 88 b 4
87 6 c 2
87 63 d 1
87 46 e 3
88 89 a 2
88 89 b 2
88 71 c 0
88 121 d 2
88 20 e 2
89 90 a 2
89 90 b 3
89 69 c 3
89 127 d 0
89 20 e 3
90 91 a 3
90 91 b 3
90 13 c 2
90 68 d 4
90 45 e 3
91 92 a 0
91 92 b 4
91 47 c 1
91 92 d 1
91 35 e 4
92 93 a 4
92 93 b 4
92 64 c 0
92 3 d 4
92 123 e 3
93 94 a 3
93 94 b 4
93 89 c 0
93 20 d 3
93 1 e 3
94 95 a 2
94 95 b 4
94 21 c 4
94 18 d 2
94 66 e 2
95 96 a 0
95 96 b 1
95 22 c 4
95 35 d 3
95 18 e 0
96 97 a 4
96 97 b 3
96 1 c 2
96 16 d 3
96 8 e 2
97 98 a 3
97 98 b 0
97 125 c 1
97 71 d 4
97 124 e 1
98 99 a 1
98 99 b 4
98 56 c 1
98 89 d 0
98 16 e 1
99 100 a 4
99 100 b 3
99 99 c 1
99 124 d 4
99 36 e 3
100 101 a 3
100 101 b 4
100 49 c 1
100 10 d 3
100 96 e 4
101 102 a 4
101 102 b 0
101 91 c 1
101 128 d 2
101 47 e 3
102 103 a 0
102 103 b 2
102 31 c 2
102 128 d 2
102 62 e 4
103 104 a 4
103 104 b 0
103 61 c 3
103 79 d 1
103 1 e 1
104 105 a 3
104 105 b 1
104 120 c 4
104 88 d 4
104 46 e 0
105 106 a 0
105 106 b 4
105 27 c 0
105 39 d 2
105 64 e 3
106 107 a 4
106 107 b 0
106 114 c 4
106 111 d 2
106 117 e 3
107 108 a 1
107 108 b 0
107 76 c 2
107 4 d 1
107 80 e 0
108 109 a 4
108 109 b 2
108 128 c 3
108 98 d 0
108 24 e 3
109 110 a 2
109 110 b 0
109 101 c 2
109 36 d 2
109 87 e 1
110 111 a 0
110 111 b 2
110 88 c 4
110 14 d 1
110 92 e 0
111 112 a 0
111 112 b 3
111 57 c 1
111 4 d 4
111 58 e 2
112 113 a 4
112 113 b 3
112 110 c 1
112 16 d 1
112 70 e 4
113 114 a 0
113 114 b 2
113 95 c 0
113 95 d 2
113 29 e 0
114 115 a 1
114 115 b 2
114 121 c 4
114 69 d 3
114 28 e 3
115 116 a 3
115 116 b 3
115 44 c 2
115 53 d 2
115 102 e 2
116 117 a 3
116 117 b 1
116 109 c 4
116 74 d 4
116 97 e 0
117 118 a 0
117 118 b 4
117 52 c 4
117 65 d 4
117 57 e 1
118 119 a 3
118 119 b 1
118 126 c 4
118 124 d 0
118 92 e 2
119 120 a 1
119 120 b 4
119 76 c 1
119 128 d 3
119 124 e 2
120 121 a 4
120 121 b 1
120 35 c 4
120 120 d 1
120 17 e 0
121 122 a 4
121 122 b 2
121 10 c 0
121 48 d 4
121 84 e 1
122 123 a 4
122 123 b 2
122 15 c 0
122 27 d 2
122 69 e 4
123 124 a 2
123 124 b 0
123 66 c 4
123 77 d 3
123 38 e 3
124 125 a 4
124 125 b 3
124 56 c 0
124 2 d 3
124 125 e 3
125 126 a 2
125 126 b 3
125 10 c 3
125 21 d 2
125 22 e 3
126 127 a 2
126 127 b 3
126 83 c 2
126 10 d 2
126 127 e 0
127 128 a 1
127 128 b 1
127 53 c 3
127 5 d 4
127 10 e 3
128 1 a 4
128 1 b 4
128 85 c 4
128 80 d 4
128 78 e 4

24 128 640 5 5 0
1 2 a 0
1 2 b 0
1 91 c 4
1 89 d 4
1 38 e 4
2 3 a 2
2 3 b 3
2 115 c 2
2 49 d 4
2 49 e 3
3 4 a 2
3 4 b 4
3 78 c 2
3 14 d 0
3 80 e 1
4 5 a 3
4 5 b 1
4 34 c 3
4 74 d 0
4 43 e 4
5 6 a 4
5 6 b 4
5 37 c 0
5 98 d 1
5 45 e 2
6 7 a 3
6 7 b 1
6 22 c 1
6 120 d 0
6 3 e 3
7 8 a 0
7 8 b 3
7 53 c 4
7 82 d 0
7 33 e 0
8 9 a 2
8 9 b 0
8 70 c 1
8 89 d 3
8 61 e 1
9 10 a 4
9 10 b 3
9 18 c 4
9 26 d 1
9 82 e 1
10 11 a 2
10 11 b 1
10 101 c 2
10 72 d 2
10 30 e 2
11 12 a 4
11 12 b 0
11 17 c 1
11 56 d 3
11 37 e 3
12 13 a 3
12 13 b 0
12 106 c 4
12 99 d 3
12 44 e 1
13 14 a 1
13 14 b 2
13 72 c 2
13 104 d 3
13 62 e 1
14 15 a 3
14 15 b 1
14 8 c 2
14 7 d 3
14 42 e 4
15 16 a 0
15 16 b 3
15 11 c 0
15 39 d 2
15 3 e 4
16 17 a 1
16 17 b 0
16 53 c 2
16 81 d 1
16 31 e 4
17 18 a 2
17 18 b 1
17 111 c 1
17 51 d 1
17 24 e 4
18 19 a 0
18 19 b 3
18 38 c 3
18 31 d 4
18 78 e 0
19 20 a 2
19 20 b 0
19 74 c 1
19 9 d 0
19 100 e 3
20 21 a 0
20 21 b 3
20 80 c 4
20 12 d 0
20 62 e 3
21 22 a 4
21 22 b 3
21 48 c 0
21 101 d 3
21 9 e 1
22 23 a 3
22 23 b 2
22 103 c 4
22 118 d 1
22 51 e 3
23 24 a 1
23 24 b 3
23 119 c 3
23 69 d 1
23 111 e 3
24 25 a 3
24 25 b 0
24 98 c 1
24 123 d 0
24 50 e 2
25 26 a 2
25 26 b 0
25 51 c 2
25 101 d 1
25 57 e 2
26 27 a 2
26 27 b 2
26 117 c 1
26 118 d 3
26 1 e 0
27 28 a 1
27 28 b 2
27 57 c 3
27 67 d 0
27 77 e 2
28 29 a 1
28 29 b 1
28 20 c 0
28 5 d 2
28 35 e 2
29 30 a 1
29 30 b 4
29 31 c 0
29 27 d 4
29 79 e 3
30 31 a 2
30 31 b 1
30 117 c 0
30 6 d 4
30 95 e 2
31 32 a 3
31 32 b 2
31 57 c 0
31 107 d 4
31 37 e 0
32 33 a 4
32 33 b 4
32 14 c 1
32 20 d 2
32 56 e 1
33 34 a 3
33 34 b 1
33 28 c 2
33 111 d 3
33 116 e 1
34 35 a 2
34 35 b 2
34 18 c 3
34 13 d 3
34 117 e 3
35 36 a 3
35 36 b 1
35 30 c 4
35 37 d 3
35 32 e 4
36 37 a 4
36 37 b 4
36 119 c 0
36 15 d 4
36 26 e 3
37 38 a 2
37 38 b 0
37 84 c 1
37 73 d 4
37 79 e 0
38 39 a 4
38 39 b 1
38 114 c 2
38 117 d 1
38 108 e 2
39 40 a 2
39 40 b 4
39 17 c 3
39 89 d 1
39 102 e 2
40 41 a 2
40 41 b 0
40 119 c 1
40 93 d 3
40 113 e 4
41 42 a 2
41 42 b 3
41 108 c 1
41 17 d 1
41 9 e 1
42 43 a 3
42 43 b 1
42 61 c 3
42 37 d 4
42 108 e 0
43 44 a 2
43 44 b 3
43 58 c 3
43 111 d 3
43 30 e 0
44 45 a 4
44 45 b 4
44 56 c 4
44 104 d 1
44 100 e 2
45 46 a 4
45 46 b 3
45 15 c 4
45 47 d 0
45 73 e 4
46 47 a 2
46 47 b 3
46 28 c 2
46 5 d 2
46 28 e 3
47 48 a 4
47 48 b 2
47 64 c 3
47 79 d 3
47 112 e 0
48 49 a 2
48 49 b 3
48 95 c 2
48 23 d 4
48 27 e 3
49 50 a 0
49 50 b 4
49 99 c 1
49 11 d 4
49 56 e 3
50 51 a 3
50 51 b 3
50 54 c 1
50 125 d 3
50 37 e 4
51 52 a 0
51 52 b 3
51 76 c 2
51 97 d 2
51 5 e 0
52 53 a 1
52 53 b 4
52 23 c 1
52 82 d 3
52 63 e 2
53 54 a 2
53 54 b 3
53 16 c 1
53 14 d 2
53 126 e 4
54 55 a 0
54 55 b 0
54 53 c 1
54 117 d 2
54 47 e 0
55 56 a 1
55 56 b 4
55 5 c 4
55 14 d 4
55 5 e 3
56 57 a 1
56 57 b 1
56 6 c 4
56 1 d 4
56 120 e 0
57 58 a 1
57 58 b 3
57 63 c 1
57 30 d 3
57 66 e 4
58 59 a 2
58 59 b 1
58 62 c 3
58 85 d 4
58 97 e 0
59 60 a 3
59 60 b 2
59 20 c 0
59 60 d 4
59 24 e 1
60 61 a 0
60 61 b 2
60 84 c 0
60 13 d 0
60 109 e 1
61 62 a 0
61 62 b 0
61 24 c 0
61 36 d 0
61 44 e 1
62 63 a 1
62 63 b 3
62 124 c 4
62 5 d 3
62 99 e 2
63 64 a 0
63 64 b 4
63 32 c 0
63 84 d 0
63 100 e 3
64 65 a 3
64 65 b 2
64 42 c 4
64 92 d 1
64 71 e 0
65 66 a 3
65 66 b 3
65 66 c 1
65 9 d 3
65 101 e 4
66 67 a 2
66 67 b 1
66 20 c 2
66 109 d 3
66 94 e 4
67 68 a 0
67 68 b 0
67 82 c 1
67 63 d 2
67 20 e 3
68 69 a 3
68 69 b 0
68 48 c 1
68 87 d 0
68 45 e 3
69 70 a 2
69 70 b 0
69 102 c 4
69 51 d 0
69 21 e 4
70 71 a 3
70 71 b 2
70 49 c 4
70 118 d 2
70 122 e 4
71 72 a 2
71 72 b 1
71 82 c 2
71 99 d 0
71 78 e 0
72 73 a 3
72 73 b 1
72 13 c 3
72 102 d 4
72 72 e 1
73 74 a 4
73 74 b 2
73 43 c 3
73 12 d 0
73 99 e 1
74 75 a 4
74 75 b 1
74 121 c 2
74 6 d 3
74 94 e 3
75 76 a 2
75 76 b 0
75 71 c 2
75 42 d 2
75 58 e 0
76 77 a 4
76 77 b 3
76 105 c 1
76 114 d 4
76 64 e 2
77 78 a 1
77 78 b 3
77 58 c 2
77 123 d 2
77 120 e 2
78 79 a 0
78 79 b 2
78 20 c 2
78 6 d 0
78 51 e 0
79 80 a 1
79 80 b 4
79 89 c 0
79 123 d 1
79 2 e 3
80 81 a 1
80 81 b 3
80 110 c 0
80 97 d 4
80 60 e 1
81 82 a 3
81 82 b 1
81 58 c 2
81 103 d 3
81 124 e 1
82 83 a 2
82 83 b 4
82 43 c 2
82 95 d 3
82 32 e 0
83 84 a 0
83 84 b 3
83 49 c 3
83 61 d 3
83 75 e 3
84 85 a 2
84 85 b 3
84 66 c 0
84 29 d 4
84 100 e 1
85 86 a 2
85 86 b 0
85 84 c 0
85 58 d 3
85 22 e 1
86 87 a 3
86 87 b 3
86 102 c 0
86 119 d 2
86 78 e 0
87 88 a 4
87 88 b 2
87 119 c 4
87 90 d 0
87 64 e 3
88 89 a 1
88 89 b 0
88 13 c 2
88 12 d 3
88 97 e 4
89 90 a 3
89 90 b 1
89 48 c 3
89 91 d 4
89 110 e 1
90 91 a 2
90 91 b 2
90 108 c 0
90 56 d 0
90 100 e 1
91 92 a 0
91 92 b 4
91 83 c 1
91 57 d 3
91 6 e 1
92 93 a 0
92 93 b 2
92 120 c 1
92 24 d 0
92 91 e 0
93 94 a 1
93 94 b 0
93 117 c 4
93 50 d 0
93 45 e 2
94 95 a 2
94 95 b 4
94 102 c 0
94 9 d 4
94 11 e 1
95 96 a 4
95 96 b 0
95 107 c 0
95 66 d 1
95 72 e 2
96 97 a 4
96 97 b 2
96 42 c 4
96 40 d 3
96 121 e 1
97 98 a 3
97 98 b 0
97 75 c 3
97 39 d 2
97 123 e 0
98 99 a 4
98 99 b 2
98 123 c 3
98 81 d 0
98 107 e 2
99 100 a 3
99 100 b 0
99 106 c 1
99 93 d 0
99 44 e 3
100 101 a 3
100 101 b 0
100 76 c 2
100 35 d 1
100 100 e 4
101 102 a 0
101 102 b 1
101 92 c 0
101 34 d 0
101 127 e 4
102 103 a 2
102 103 b 1
102 84 c 0
102 122 d 0
102 43 e 2
103 104 a 1
103 104 b 2
103 118 c 1
103 114 d 2
103 90 e 3
104 105 a 2
104 105 b 3
104 6 c 4
104 115 d 4
104 68 e 2
105 106 a 2
105 106 b 3
105 77 c 1
105 11 d 3
105 98 e 1
106 107 a 2
106 107 b 2
106 24 c 0
106 107 d 3
106 116 e 3
107 108 a 0
107 108 b 0
107 55 c 4
107 105 d 2
107 123 e 2
108 109 a 3
108 109 b 1
108 127 c 2
108 127 d 0
108 64 e 4
109 110 a 4
109 110 b 3
109 73 c 3
109 74 d 0
109 75 e 3
110 111 a 0
110 111 b 4
110 112 c 1
110 12 d 3
110 109 e 2
111 112 a 0
111 112 b 1
111 87 c 1
111 42 d 4
111 55 e 2
112 113 a 1
112 113 b 0
112 96 c 0
112 47 d 0
112 128 e 0
113 114 a 2
113 114 b 0
113 118 c 2
113 71 d 0
113 99 e 1
114 115 a 1
114 115 b 4
114 4 c 4
114 69 d 1
114 63 e 0
115 116 a 4
115 116 b 2
115 123 c 4
115 30 d 1
115 53 e 4
116 117 a 0
116 117 b 2
116 80 c 4
116 107 d 3
116 45 e 3
117 118 a 3
117 118 b 2
117 124 c 2
117 107 d 0
117 82 e 3
118 119 a 3
118 119 b 0
118 123 c 0
118 126 d 1
118 17 e 2
119 120 a 0
119 120 b 2
119 77 c 0
119 43 d 0
119 30 e 2
120 121 a 0
120 121 b 2
120 120 c 2
120 27 d 3
120 111 e 4
121 122 a 3
121 122 b 3
121 4 c 4
121 28 d 4
121 63 e 4
122 123 a 3
122 123 b 1
122 126 c 0
122 31 d 3
122 12 e 4
123 124 a 3
123 124 b 3
123 117 c 1
123 58 d 2
123 25 e 3
124 125 a 2
124 125 b 0
124 128 c 0
124 39 d 2
124 109 e 1
125 126 a 3
125 126 b 2
125 54 c 2
125 67 d 2
125 82 e 3
126 127 a 0
126 127 b 1
126 52 c 4
126 16 d 2
126 87 e 1
127 128 a 1
127 128 b 0
127 27 c 3
127 52 d 0
127 79 e 1
128 1 a 1
128 1 b 1
128 15 c 0
128 119 d 3
128 80 e 4

25 128 640 5 5 0
1 2 a 2
1 2 b 0
1 57 c 1
1 73 d 3
1 53 e 0
2 3 a 0
2 3 b 3
2 70 c 3
2 57 d 0
2 28 e 2
3 4 a 3
3 4 b 4
3 102 c 0
3 127 d 4
3 104 e 0
4 5 a 3
4 5 b 1
4 77 c 0
4 116 d 3
4 63 e 3
5 6 a 4
5 6 b 1
5 54 c 4
5 20 d 0
5 13 e 3
6 7 a 3
6 7 b 0
6 91 c 1
6 3 d 2
6 128 e 3
7 8 a 4
7 8 b 1
7 126 c 2
7 5 d 0
7 11 e 4
8 9 a 3
8 9 b 2
8 100 c 0
8 4 d 3
8 99 e 4
9 10 a 1
9 10 b 2
9 84 c 0
9 14 d 4
9 5 e 2
10 11 a 0
10 11 b 2
10 28 c 3
10 84 d 2
10 45 e 1
11 12 a 3
11 12 b 4
11 12 c 2
11 44 d 3
11 96 e 1
12 13 a 2
12 13 b 0
12 121 c 0
12 16 d 4
12 100 e 2
13 14 a 3
13 14 b 3
13 60 c 3
13 30 d 1
13 66 e 2
14 15 a 4
14 15 b 3
14 48 c 2
14 22 d 1
14 75 e 2
15 16 a 1
15 16 b 4
15 56 c 2
15 94 d 3
15 16 e 2
16 17 a 2
16 17 b 4
16 55 c 1
16 1 d 4
16 105 e 4
17 18 a 2
17 18 b 2
17 21 c 0
17 43 d 4
17 111 e 3
18 19 a 4
18 19 b 1
18 65 c 3
18 47 d 2
18 1 e 0
19 20 a 4
19 20 b 1
19 41 c 3
19 2 d 2
19 67 e 2
20 21 a 3
20 21 b 2
20 67 c 0
20 61 d 3
20 26 e 4
21 22 a 4
21 22 b 1
21 8 c 3
21 31 d 2
21 50 e 0
22 23 a 2
22 23 b 1
22 116 c 4
22 9 d 1
22 120 e 2
23 24 a 4
23 24 b 4
23 8 c 0
23 128 d 4
23 32 e 1
24 25 a 2
24 25 b 0
24 72 c 2
24 46 d 4
24 32 e 3
25 26 a 4
25 26 b 4
25 61 c 4
25 97 d 1
25 51 e 0
26 27 a 4
26 27 b 2
26 115 c 4
26 10 d 3
26 88 e 4
27 28 a 4
27 28 b 0
27 124 c 4
27 64 d 1
27 80 e 0
28 29 a 3
28 29 b 1
28 108 c 0
28 59 d 4
28 35 e 2
29 30 a 0
29 30 b 4
29 91 c 3
29 89 d 3
29 27 e 0
30 31 a 0
30 31 b 4
30 102 c 4
30 28 d 3
30 72 e 1
31 32 a 3
31 32 b 1
31 46 c 0
31 41 d 3
31 123 e 1
32 33 a 2
32 33 b 2
32 87 c 4
32 75 d 2
32 74 e 1
33 34 a 1
33 34 b 4
33 11 c 1
33 111 d 0
33 18 e 0
34 35 a 1
34 35 b 3
34 116 c 4
34 38 d 1
34 112 e 2
35 36 a 2
35 36 b 3
35 69 c 4
35 37 d 2
35 71 e 4
36 37 a 2
36 37 b 4
36 50 c 3
36 72 d 3
36 62 e 0
37 38 a 4
37 38 b 1
37 116 c 2
37 11 d 2
37 63 e 1
38 39 a 1
38 39 b 2
38 70 c 3
38 15 d 3
38 121 e 1
39 40 a 2
39 40 b 3
39 106 c 0
39 28 d 0
39 95 e 1
40 41 a 2
40 41 b 3
40 37 c 2
40 25 d 2
40 39 e 4
41 42 a 0
41 42 b 1
41 63 c 0
41 21 d 0
41 75 e 4
42 43 a 1
42 43 b 0
42 4 c 2
42 65 d 2
42 11 e 0
43 44 a 0
43 44 b 1
43 69 c 2
43 116 d 2
43 105 e 4
44 45 a 1
44 45 b 1
44 87 c 2
44 38 d 3
44 44 e 2
45 46 a 0
45 46 b 1
45 19 c 0
45 117 d 4
45 94 e 2
46 47 a 0
46 47 b 4
46 85 c 4
46 35 d 0
46 77 e 1
47 48 a 0
47 48 b 1
47 125 c 1
47 22 d 0
47 14 e 0
48 49 a 3
48 49 b 0
48 113 c 3
48 87 d 4
48 117 e 4
49 50 a 0
49 50 b 3
49 25 c 3
49 19 d 2
49 30 e 0
50 51 a 0
50 51 b 4
50 97 c 2
50 29 d 0
50 104 e 3
51 52 a 3
51 52 b 4
51 59 c 4
51 106 d 2
51 117 e 2
52 53 a 2
52 53 b 0
52 26 c 1
52 20 d 4
52 43 e 3
53 54 a 2
53 54 b 3
53 120 c 0
53 87 d 0
53 54 e 4
54 55 a 2
54 55 b 3
54 81 c 1
54 23 d 4
54 4 e 0
55 56 a 2
55 56 b 0
55 38 c 3
55 88 d 0
55 71 e 1
56 57 a 1
56 57 b 4
56 123 c 3
56 69 d 4
56 118 e 1
57 58 a 0
57 58 b 3
57 89 c 3
57 42 d 3
57 76 e 3
58 59 a 1
58 59 b 3
58 77 c 2
58 121 d 1
58 71 e 4
59 60 a 2
59 60 b 0
59 103 c 3
59 73 d 0
59 43 e 3
60 61 a 2
60 61 b 2
60 60 c 4
60 82 d 3
60 125 e 4
61 62 a 2
61 62 b 3
61 100 c 4
61 114 d 2
61 9 e 0
62 63 a 0
62 63 b 2
62 124 c 1
62 43 d 3
62 92 e 0
63 64 a 4
63 64 b 3
63 37 c 2
63 35 d 1
63 74 e 4
64 65 a 0
64 65 b 4
64 4 c 3
64 35 d 0
64 105 e 1
65 66 a 4
65 66 b 2
65 64 c 3
65 25 d 2
65 20 e 0
66 67 a 2
66 67 b 4
66 7 c 0
66 22 d 2
66 105 e 1
67 68 a 3
67 68 b 4
67 9 c 4
67 80 d 2
67 75 e 2
68 69 a 2
68 69 b 1
68 123 c 3
68 32 d 4
68 97 e 1
69 70 a 1
69 70 b 0
69 22 c 1
69 5 d 2
69 22 e 3
70 71 a 2
70 71 b 1
70 21 c 2
70 32 d 3
70 23 e 3
71 72 a 4
71 72 b 2
71 59 c 4
71 54 d 4
71 87 e 1
72 73 a 1
72 73 b 1
72 74 c 1
72 50 d 1
72 14 e 2
73 74 a 0
73 74 b 0
73 13 c 3
73 32 d 0
73 54 e 2
74 75 a 3
74 75 b 1
74 79 c 2
74 50 d 3
74 13 e 4
75 76 a 1
75 76 b 2
75 98 c 0
75 63 d 4
75 22 e 3
76 77 a 0
76 77 b 1
76 25 c 4
76 63 d 3
76 24 e 4
77 78 a 0
77 78 b 3
77 78 c 3
77 80 d 3
77 29 e 4
78 79 a 0
78 79 b 1
78 93 c 2
78 53 d 1
78 116 e 1
79 80 a 2
79 80 b 2
79 38 c 4
79 82 d 4
79 47 e 0
80 81 a 4
80 81 b 0
80 15 c 1
80 48 d 1
80 38 e 1
81 82 a 1
81 82 b 1
81 128 c 2
81 127 d 3
81 114 e 2
82 83 a 2
82 83 b 4
82 102 c 0
82 15 d 3
82 115 e 1
83 84 a 3
83 84 b 2
83 49 c 3
83 86 d 3
83 75 e 1
84 85 a 4
84 85 b 3
84 85 c 2
84 110 d 2
84 96 e 0
85 86 a 1
85 86 b 0
85 76 c 0
85 20 d 3
85 94 e 3
86 87 a 3
86 87 b 1
86 18 c 4
86 42 d 0
86 51 e 2
87 88 a 1
87 88 b 0
87 40 c 0
87 53 d 3
87 17 e 0
88 89 a 3
88 89 b 2
88 19 c 2
88 96 d 3
88 111 e 4
89 90 a 0
89 90 b 0
89 90 c 2
89 119 d 4
89 9 e 0
90 91 a 1
90 91 b 0
90 11 c 1
90 108 d 1
90 91 e 1
91 92 a 1
91 92 b 1
91 54 c 1
91 86 d 3
91 42 e 0
92 93 a 4
92 93 b 1
92 112 c 4
92 109 d 1
92 123 e 0
93 94 a 3
93 94 b 0
93 81 c 1
93 16 d 2
93 26 e 1
94 95 a 0
94 95 b 0
94 118 c 2
94 63 d 3
94 20 e 4
95 96 a 3
95 96 b 0
95 1 c 0
95 33 d 0
95 61 e 1
96 97 a 2
96 97 b 4
96 20 c 0
96 127 d 0
96 43 e 2
97 98 a 3
97 98 b 0
97 90 c 0
97 71 d 1
97 57 e 2
98 99 a 3
98 99 b 1
98 126 c 1
98 10 d 1
98 6 e 4
99 100 a 2
99 100 b 3
99 49 c 1
99 126 d 2
99 115 e 1
100 101 a 2
100 101 b 4
100 40 c 1
100 125 d 0
100 40 e 3
101 102 a 0
101 102 b 3
101 28 c 3
101 4 d 2
101 16 e 4
102 103 a 3
102 103 b 2
102 73 c 4
102 53 d 1
102 88 e 2
103 104 a 2
103 104 b 0
103 111 c 0
103 85 d 3
103 116 e 0
104 105 a 4
104 105 b 2
104 84 c 1
104 78 d 0
104 26 e 0
105 106 a 4
105 106 b 1
105 64 c 3
105 47 d 1
105 68 e 3
106 107 a 4
106 107 b 0
106 127 c 3
106 39 d 1
106 51 e 0
107 108 a 2
107 108 b 4
107 99 c 1
107 14 d 2
107 103 e 2
108 109 a 0
108 109 b 1
108 63 c 3
108 92 d 1
108 40 e 0
109 110 a 2
109 110 b 4
109 109 c 3
109 48 d 3
109 128 e 1
110 111 a 0
110 111 b 2
110 73 c 3
110 74 d 0
110 62 e 3
111 112 a 3
111 112 b 0
111 52 c 0
111 17 d 2
111 116 e 1
112 113 a 2
112 113 b 2
112 18 c 4
112 14 d 4
112 122 e 3
113 114 a 2
113 114 b 4
113 76 c 4
113 111 d 0
113 106 e 0
114 115 a 4
114 115 b 2
114 79 c 3
114 5 d 2
114 34 e 0
115 116 a 0
115 116 b 4
115 10 c 3
115 70 d 0
115 69 e 2
116 117 a 1
116 117 b 3
116 116 c 3
116 76 d 4
116 57 e 2
117 118 a 2
117 118 b 0
117 4 c 2
117 84 d 2
117 42 e 2
118 119 a 3
118 119 b 4
118 56 c 2
118 64 d 1
118 6 e 4
119 120 a 1
119 120 b 1
119 15 c 4
119 22 d 2
119 127 e 0
120 121 a 2
120 121 b 0
120 14 c 3
120 126 d 3
120 13 e 1
121 122 a 2
121 122 b 3
121 62 c 3
121 72 d 0
121 105 e 3
122 123 a 1
122 123 b 4
122 44 c 4
122 99 d 4
122 19 e 1
123 124 a 2
123 124 b 2
123 105 c 1
123 103 d 1
123 77 e 3
124 125 a 1
124 125 b 1
124 8 c 1
124 12 d 4
124 29 e 4
125 126 a 1
125 126 b 2
125 34 c 2
125 49 d 2
125 79 e 2
126 127 a 0
126 127 b 3
126 85 c 2
126 87 d 1
126 112 e 3
127 128 a 4
127 128 b 1
127 64 c 3
127 35 d 1
127 85 e 4
128 1 a 0
128 1 b 3
128 9 c 1
128 95 d 0
128 18 e 0

26 128 640 5 5 0
1 2 a 2
1 2 b 1
1 87 c 4
1 121 d 1
1 3 e 3
2 3 a 1
2 3 b 1
2 88 c 4
2 2 d 2
2 71 e 2
3 4 a 2
3 4 b 1
3 61 c 1
3 48 d 4
3 63 e 3
4 5 a 3
4 5 b 1
4 57 c 4
4 93 d 3
4 19 e 3
5 6 a 1
5 6 b 0
5 6 c 2
5 6 d 1
5 46 e 1
6 7 a 2
6 7 b 2
6 96 c 2
6 77 d 2
6 61 e 1
7 8 a 2
7 8 b 1
7 7 c 3
7 120 d 0
7 52 e 1
8 9 a 4
8 9 b 1
8 65 c 1
8 111 d 2
8 73 e 3
9 10 a 3
9 10 b 0
9 86 c 4
9 66 d 0
9 119 e 2
10 11 a 3
10 11 b 0
10 19 c 1
10 32 d 2
10 124 e 2
11 12 a 3
11 12 b 0
11 71 c 3
11 97 d 0
11 92 e 3
12 13 a 3
12 13 b 1
12 73 c 4
12 126 d 1
12 92 e 3
13 14 a 3
13 14 b 2
13 112 c 0
13 19 d 1
13 7 e 1
14 15 a 4
14 15 b 1
14 25 c 2
14 100 d 3
14 44 e 1
15 16 a 2
15 16 b 1
15 37 c 2
15 85 d 2
15 94 e 2
16 17 a 2
16 17 b 3
16 120 c 1
16 112 d 2
16 115 e 4
17 18 a 3
17 18 b 3
17 123 c 0
17 99 d 4
17 5 e 2
18 19 a 0
18 19 b 2
18 27 c 4
18 127 d 1
18 116 e 0
19 20 a 1
19 20 b 2
19 72 c 0
19 59 d 4
19 98 e 0
20 21 a 2
20 21 b 3
20 119 c 4
20 47 d 3
20 54 e 4
21 22 a 1
21 22 b 1
21 32 c 0
21 25 d 1
21 26 e 4
22 23 a 0
22 23 b 0
22 65 c 0
22 91 d 2
22 125 e 4
23 24 a 3
23 24 b 2
23 89 c 1
23 122 d 4
23 18 e 3
24 25 a 1
24 25 b 2
24 109 c 2
24 33 d 0
24 78 e 0
25 26 a 2
25 26 b 1
25 7 c 3
25 29 d 1
25 110 e 4
26 27 a 4
26 27 b 1
26 50 c 0
26 95 d 0
26 111 e 2
27 28 a 3
27 28 b 2
27 127 c 0
27 124 d 1
27 20 e 1
28 29 a 2
28 29 b 2
28 3 c 4
28 48 d 1
28 99 e 2
29 30 a 0
29 30 b 2
29 87 c 3
29 87 d 2
29 40 e 3
30 31 a 2
30 31 b 3
30 23 c 0
30 114 d 4
30 113 e 3
31 32 a 2
31 32 b 3
31 99 c 2
31 40 d 2
31 16 e 4
32 33 a 4
32 33 b 1
32 97 c 3
32 67 d 2
32 28 e 1
33 34 a 2
33 34 b 1
33 57 c 4
33 47 d 2
33 113 e 1
34 35 a 1
34 35 b 4
34 23 c 4
34 126 d 3
34 43 e 1
35 36 a 1
35 36 b 0
35 45 c 3
35 102 d 4
35 47 e 2
36 37 a 3
36 37 b 4
36 46 c 0
36 65 d 4
36 34 e 3
37 38 a 3
37 38 b 4
37 84 c 0
37 13 d 4
37 112 e 4
38 39 a 1
38 39 b 3
38 91 c 0
38 106 d 1
38 70 e 0
39 40 a 2
39 40 b 1
39 4 c 3
39 30 d 4
39 24 e 0
40 41 a 0
40 41 b 1
40 19 c 1
40 20 d 2
40 29 e 0
41 42 a 3
41 42 b 3
41 81 c 0
41 89 d 3
41 78 e 3
42 43 a 4
42 43 b 0
42 10 c 3
42 30 d 0
42 106 e 1
43 44 a 1
43 44 b 2
43 16 c 4
43 56 d 2
43 117 e 3
44 45 a 1
44 45 b 2
44 55 c 0
44 35 d 2
44 52 e 4
45 46 a 4
45 46 b 2
45 87 c 2
45 123 d 4
45 50 e 1
46 47 a 3
46 47 b 1
46 77 c 3
46 1 d 3
46 62 e 0
47 48 a 3
47 48 b 1
47 122 c 3
47 29 d 3
47 107 e 4
48 49 a 3
48 49 b 3
48 67 c 4
48 86 d 2
48 15 e 2
49 50 a 1
49 50 b 3
49 15 c 1
49 91 d 0
49 69 e 2
50 51 a 1
50 51 b 1
50 76 c 1
50 125 d 3
50 107 e 2
51 52 a 2
51 52 b 4
51 106 c 0
51 51 d 3
51 36 e 0
52 53 a 0
52 53 b 3
52 94 c 3
52 21 d 0
52 87 e 3
53 54 a 4
53 54 b 0
53 32 c 4
53 97 d 1
53 46 e 1
54 55 a 3
54 55 b 3
54 46 c 2
54 121 d 2
54 24 e 2
55 56 a 4
55 56 b 1
55 7 c 0
55 99 d 4
55 72 e 0
56 57 a 1
56 57 b 4
56 49 c 1
56 72 d 1
56 52 e 4
57 58 a 4
57 58 b 2
57 52 c 0
57 118 d 1
57 22 e 1
58 59 a 4
58 59 b 2
58 28 c 0
58 94 d 1
58 110 e 4
59 60 a 4
59 60 b 2
59 122 c 2
59 22 d 0
59 126 e 4
60 61 a 2
60 61 b 2
60 99 c 1
60 87 d 2
60 77 e 2
61 62 a 1
61 62 b 4
61 112 c 3
61 128 d 3
61 37 e 2
62 63 a 2
62 63 b 2
62 61 c 1
62 18 d 4
62 21 e 4
63 64 a 3
63 64 b 0
63 106 c 4
63 50 d 2
63 111 e 2
64 65 a 2
64 65 b 3
64 29 c 0
64 42 d 1
64 75 e 3
65 66 a 1
65 66 b 1
65 126 c 3
65 104 d 2
65 2 e 1
66 67 a 0
66 67 b 2
66 58 c 3
66 126 d 0
66 52 e 1
67 68 a 1
67 68 b 1
67 128 c 4
67 32 d 0
67 67 e 2
68 69 a 2
68 69 b 0
68 7 c 1
68 42 d 0
68 85 e 1
69 70 a 2
69 70 b 2
69 6 c 1
69 23 d 0
69 86 e 1
70 71 a 3
70 71 b 0
70 58 c 1
70 10 d 4
70 116 e 4
71 72 a 3
71 72 b 0
71 100 c 4
71 73 d 1
71 33 e 0
72 73 a 2
72 73 b 3
72 72 c 4
72 61 d 2
72 20 e 4
73 74 a 3
73 74 b 2
73 47 c 0
73 116 d 2
73 72 e 2
74 75 a 4
74 75 b 4
74 102 c 4
74 31 d 0
74 124 e 2
75 76 a 0
75 76 b 4
75 61 c 4
75 20 d 4
75 49 e 1
76 77 a 4
76 77 b 0
76 9 c 4
76 76 d 3
76 48 e 4
77 78 a 2
77 78 b 4
77 34 c 1
77 102 d 0
77 1 e 4
78 79 a 2
78 79 b 1
78 102 c 2
78 35 d 4
78 117 e 3
79 80 a 3
79 80 b 4
79 52 c 2
79 104 d 1
79 29 e 1
80 81 a 1
80 81 b 2
80 113 c 2
80 64 d 0
80 80 e 3
81 82 a 3
81 82 b 3
81 7 c 2
81 87 d 2
81 41 e 3
82 83 a 0
82 83 b 4
82 97 c 0
82 128 d 4
82 6 e 3
83 84 a 4
83 84 b 4
83 112 c 4
83 47 d 1
83 10 e 0
84 85 a 4
84 85 b 2
84 41 c 0
84 127 d 2
84 28 e 1
85 86 a 2
85 86 b 4
85 5 c 3
85 46 d 0
85 103 e 3
86 87 a 3
86 87 b 1
86 127 c 2
86 28 d 4
86 88 e 1
87 88 a 0
87 88 b 2
87 26 c 1
87 80 d 4
87 34 e 3
88 89 a 3
88 89 b 1
88 88 c 1
88 115 d 2
88 61 e 0
89 90 a 3
89 90 b 4
89 68 c 4
89 83 d 2
89 99 e 4
90 91 a 2
90 91 b 0
90 105 c 2
90 97 d 2
90 18 e 0
91 92 a 1
91 92 b 4
91 89 c 2
91 51 d 2
91 13 e 1
92 93 a 0
92 93 b 4
92 39 c 0
92 2 d 0
92 91 e 3
93 94 a 4
93 94 b 3
93 109 c 4
93 45 d 2
93 70 e 4
94 95 a 4
94 95 b 2
94 71 c 2
94 53 d 1
94 93 e 1
95 96 a 2
95 96 b 1
95 86 c 1
95 64 d 0
95 115 e 4
96 97 a 0
96 97 b 2
96 62 c 4
96 22 d 3
96 29 e 0
97 98 a 3
97 98 b 1
97 40 c 4
97 38 d 4
97 56 e 4
98 99 a 4
98 99 b 0
98 64 c 3
98 2 d 1
98 97 e 1
99 100 a 3
99 100 b 3
99 56 c 3
99 95 d 0
99 123 e 3
100 101 a 2
100 101 b 0
100 68 c 0
100 22 d 0
100 44 e 3
101 102 a 4
101 102 b 4
101 28 c 2
101 37 d 3
101 96 e 1
102 103 a 3
102 103 b 0
102 125 c 1
102 47 d 4
102 69 e 2
103 104 a 4
103 104 b 0
103 40 c 1
103 120 d 4
103 77 e 0
104 105 a 4
104 105 b 0
104 98 c 1
104 106 d 3
104 48 e 1
105 106 a 3
105 106 b 2
105 114 c 0
105 19 d 2
105 103 e 1
106 107 a 2
106 107 b 0
106 38 c 3
106 36 d 4
106 50 e 3
107 108 a 1
107 108 b 4
107 78 c 4
107 115 d 1
107 18 e 1
108 109 a 4
108 109 b 0
108 63 c 0
108 122 d 0
108 80 e 4
109 110 a 3
109 110 b 4
109 81 c 1
109 86 d 4
109 116 e 2
110 111 a 3
110 111 b 1
110 98 c 2
110 73 d 2
110 79 e 0
111 112 a 1
111 112 b 3
111 81 c 4
111 56 d 4
111 114 e 4
112 113 a 1
112 113 b 4
112 4 c 4
112 46 d 1
112 52 e 1
113 114 a 2
113 114 b 3
113 98 c 3
113 87 d 2
113 48 e 1
114 115 a 2
114 115 b 2
114 89 c 0
114 6 d 2
114 69 e 1
115 116 a 0
115 116 b 1
115 90 c 0
115 47 d 2
115 20 e 1
116 117 a 4
116 117 b 1
116 88 c 0
116 110 d 3
116 5 e 0
117 118 a 3
117 118 b 3
117 77 c 1
117 126 d 3
117 67 e 1
118 119 a 0
118 119 b 0
118 52 c 2
118 67 d 4
118 59 e 4
119 120 a 0
119 120 b 0
119 16 c 4
119 65 d 1
119 33 e 3
120 121 a 3
120 121 b 2
120 100 c 2
120 34 d 3
120 107 e 1
121 122 a 1
121 122 b 0
121 57 c 3
121 52 d 3
121 84 e 1
122 123 a 3
122 123 b 1
122 27 c 2
122 104 d 0
122 90 e 0
123 124 a 2
123 124 b 4
123 28 c 2
123 84 d 0
123 64 e 2
124 125 a 0
124 125 b 3
124 79 c 3
124 50 d 1
124 13 e 0
125 126 a 1
125 126 b 1
125 78 c 4
125 95 d 2
125 11 e 1
126 127 a 1
126 127 b 1
126 53 c 3
126 93 d 1
126 73 e 4
127 128 a 2
127 128 b 3
127 37 c 1
127 81 d 0
127 26 e 3
128 1 a 3
128 1 b 1
128 66 c 3
128 6 d 2
128 20 e 3

27 128 640 5 5 0
1 2 a 1
1 2 b 2
1 53 c 2
1 104 d 4
1 17 e 1
2 3 a 2
2 3 b 2
2 43 c 4
2 10 d 3
2 49 e 2
3 4 a 2
3 4 b 2
3 84 c 4
3 33 d 0
3 87 e 1
4 5 a 2
4 5 b 1
4 101 c 1
4 6 d 0
4 39 e 0
5 6 a 0
5 6 b 4
5 22 c 4
5 56 d 4
5 14 e 3
6 7 a 1
6 7 b 3
6 36 c 4
6 87 d 0
6 58 e 1
7 8 a 4
7 8 b 3
7 81 c 4
7 42 d 4
7 30 e 1
8 9 a 0
8 9 b 4
8 95 c 4
8 27 d 3
8 111 e 0
9 10 a 1
9 10 b 0
9 24 c 0
9 54 d 4
9 41 e 3
10 11 a 2
10 11 b 4
10 73 c 0
10 45 d 2
10 11 e 2
11 12 a 1
11 12 b 2
11 67 c 3
11 86 d 1
11 23 e 3
12 13 a 2
12 13 b 2
12 89 c 0
12 43 d 1
12 20 e 2
13 14 a 1
13 14 b 2
13 100 c 2
13 73 d 4
13 11 e 1
14 15 a 2
14 15 b 0
14 66 c 4
14 114 d 2
14 77 e 4
15 16 a 4
15 16 b 4
15 82 c 3
15 12 d 0
15 107 e 3
16 17 a 3
16 17 b 1
16 122 c 3
16 31 d 0
16 61 e 1
17 18 a 3
17 18 b 2
17 34 c 2
17 91 d 1
17 92 e 1
18 19 a 1
18 19 b 1
18 54 c 2
18 16 d 1
18 39 e 1
19 20 a 2
19 20 b 3
19 39 c 0
19 52 d 4
19 66 e 4
20 21 a 2
20 21 b 2
20 107 c 1
20 96 d 3
20 18 e 1
21 22 a 1
21 22 b 1
21 121 c 0
21 83 d 1
21 67 e 4
22 23 a 4
22 23 b 1
22 78 c 2
22 109 d 1
22 66 e 3
23 24 a 4
23 24 b 0
23 106 c 2
23 53 d 3
23 67 e 3
24 25 a 2
24 25 b 4
24 83 c 2
24 85 d 2
24 60 e 0
25 26 a 3
25 26 b 0
25 17 c 2
25 24 d 1
25 104 e 2
26 27 a 0
26 27 b 2
26 49 c 0
26 115 d 0
26 70 e 2
27 28 a 0
27 28 b 3
27 67 c 2
27 121 d 0
27 23 e 4
28 29 a 3
28 29 b 2
28 91 c 3
28 101 d 2
28 99 e 0
29 30 a 0
29 30 b 0
29 19 c 3
29 20 d 4
29 116 e 4
30 31 a 2
30 31 b 3
30 7 c 1
30 8 d 4
30 90 e 4
31 32 a 0
31 32 b 4
31 88 c 0
31 103 d 2
31 101 e 3
32 33 a 3
32 33 b 3
32 43 c 4
32 122 d 2
32 46 e 0
33 34 a 1
33 34 b 4
33 39 c 4
33 46 d 4
33 15 e 0
34 35 a 2
34 35 b 3
34 122 c 2
34 22 d 1
34 38 e 1
35 36 a 0
35 36 b 0
35 84 c 2
35 103 d 1
35 86 e 1
36 37 a 2
36 37 b 4
36 106 c 0
36 123 d 2
36 70 e 3
37 38 a 0
37 38 b 2
37 116 c 4
37 78 d 0
37 96 e 1
38 39 a 2
38 39 b 1
38 48 c 0
38 4 d 3
38 83 e 4
39 40 a 0
39 40 b 4
39 93 c 0
39 97 d 2
39 18 e 2
40 41 a 2
40 41 b 3
40 64 c 4
40 79 d 4
40 83 e 4
41 42 a 1
41 42 b 2
41 35 c 4
41 92 d 0
41 16 e 1
42 43 a 4
42 43 b 2
42 81 c 0
42 58 d 3
42 9 e 4
43 44 a 3
43 44 b 1
43 27 c 4
43 61 d 4
43 64 e 4
44 45 a 3
44 45 b 4
44 87 c 3
44 96 d 4
44 124 e 2
45 46 a 1
45 46 b 2
45 91 c 0
45 65 d 4
45 70 e 3
46 47 a 1
46 47 b 4
46 6 c 2
46 32 d 3
46 111 e 0
47 48 a 1
47 48 b 4
47 56 c 0
47 99 d 1
47 9 e 0
48 49 a 3
48 49 b 4
48 84 c 3
48 21 d 2
48 105 e 2
49 50 a 4
49 50 b 3
49 69 c 0
49 99 d 2
49 43 e 1
50 51 a 3
50 51 b 0
50 119 c 2
50 30 d 2
50 46 e 4
51 52 a 3
51 52 b 2
51 89 c 4
51 60 d 0
51 20 e 4
52 53 a 0
52 53 b 4
52 98 c 3
52 86 d 0
52 67 e 4
53 54 a 4
53 54 b 1
53 9 c 4
53 43 d 3
53 103 e 0
54 55 a 2
54 55 b 3
54 75 c 4
54 28 d 0
54 109 e 4
55 56 a 0
55 56 b 4
55 40 c 0
55 46 d 1
55 10 e 1
56 57 a 3
56 57 b 1
56 39 c 2
56 11 d 4
56 50 e 1
57 58 a 0
57 58 b 4
57 78 c 4
57 1 d 0
57 33 e 0
58 59 a 4
58 59 b 2
58 42 c 3
58 2 d 3
58 85 e 4
59 60 a 2
59 60 b 3
59 77 c 4
59 34 d 2
59 18 e 3
60 61 a 2
60 61 b 1
60 75 c 0
60 28 d 2
60 93 e 3
61 62 a 4
61 62 b 0
61 60 c 3
61 78 d 1
61 2 e 0
62 63 a 3
62 63 b 0
62 62 c 1
62 56 d 4
62 14 e 4
63 64 a 0
63 64 b 3
63 112 c 4
63 1 d 1
63 85 e 0
64 65 a 3
64 65 b 0
64 119 c 0
64 114 d 1
64 109 e 2
65 66 a 2
65 66 b 4
65 124 c 2
65 120 d 1
65 49 e 2
66 67 a 3
66 67 b 3
66 44 c 0
66 38 d 3
66 63 e 4
67 68 a 1
67 68 b 0
67 56 c 4
67 49 d 3
67 122 e 3
68 69 a 1
68 69 b 1
68 83 c 4
68 115 d 1
68 9 e 0
69 70 a 1
69 70 b 3
69 54 c 3
69 105 d 0
69 86 e 1
70 71 a 2
70 71 b 1
70 31 c 3
70 53 d 1
70 17 e 3
71 72 a 3
71 72 b 1
71 77 c 2
71 28 d 0
71 42 e 2
72 73 a 0
72 73 b 0
72 6 c 4
72 8 d 0
72 90 e 4
73 74 a 2
73 74 b 1
73 17 c 1
73 7 d 2
73 27 e 3
74 75 a 0
74 75 b 0
74 61 c 2
74 75 d 0
74 43 e 4
75 76 a 0
75 76 b 0
75 88 c 1
75 40 d 0
75 13 e 3
76 77 a 1
76 77 b 3
76 57 c 0
76 26 d 0
76 8 e 2
77 78 a 2
77 78 b 4
77 54 c 2
77 60 d 0
77 38 e 3
78 79 a 3
78 79 b 4
78 46 c 0
78 81 d 4
78 53 e 4
79 80 a 2
79 80 b 4
79 1 c 4
79 63 d 0
79 74 e 4
80 81 a 2
80 81 b 0
80 19 c 4
80 15 d 2
80 58 e 0
81 82 a 1
81 82 b 3
81 77 c 0
81 111 d 1
81 31 e 4
82 83 a 2
82 83 b 4
82 27 c 1
82 48 d 1
82 89 e 0
83 84 a 4
83 84 b 3
83 111 c 3
83 72 d 3
83 10 e 0
84 85 a 4
84 85 b 1
84 61 c 2
84 81 d 4
84 24 e 1
85 86 a 3
85 86 b 2
85 125 c 0
85 8 d 0
85 47 e 3
86 87 a 0
86 87 b 3
86 44 c 3
86 78 d 3
86 61 e 0
87 88 a 1
87 88 b 0
87 75 c 2
87 43 d 2
87 116 e 4
88 89 a 4
88 89 b 0
88 94 c 2
88 70 d 4
88 75 e 2
89 90 a 1
89 90 b 4
89 110 c 3
89 110 d 2
89 126 e 2
90 91 a 4
90 91 b 4
90 8 c 2
90 21 d 3
90 9 e 3
91 92 a 1
91 92 b 2
91 60 c 3
91 80 d 0
91 49 e 2
92 93 a 4
92 93 b 1
92 31 c 2
92 88 d 0
92 123 e 3
93 94 a 2
93 94 b 0
93 73 c 3
93 11 d 4
93 51 e 2
94 95 a 4
94 95 b 0
94 88 c 4
94 108 d 1
94 102 e 1
95 96 a 1
95 96 b 1
95 107 c 2
95 31 d 1
95 104 e 1
96 97 a 4
96 97 b 3
96 40 c 1
96 110 d 3
96 79 e 3
97 98 a 4
97 98 b 2
97 54 c 4
97 70 d 4
97 118 e 1
98 99 a 2
98 99 b 4
98 67 c 1
98 58 d 4
98 124 e 1
99 100 a 1
99 100 b 2
99 127 c 0
99 128 d 3
99 66 e 3
100 101 a 1
100 101 b 0
100 32 c 2
100 111 d 4
100 112 e 0
101 102 a 4
101 102 b 3
101 92 c 3
101 7 d 0
101 113 e 0
102 103 a 0
102 103 b 3
102 114 c 4
102 105 d 1
102 114 e 2
103 104 a 0
103 104 b 2
103 33 c 2
103 91 d 4
103 103 e 3
104 105 a 0
104 105 b 3
104 47 c 4
104 69 d 0
104 6 e 1
105 106 a 0
105 106 b 2
105 100 c 4
105 54 d 4
105 73 e 0
106 107 a 1
106 107 b 4
106 12 c 1
106 96 d 2
106 112 e 1
107 108 a 2
107 108 b 3
107 121 c 4
107 24 d 3
107 126 e 0
108 109 a 4
108 109 b 0
108 126 c 1
108 87 d 3
108 56 e 3
109 110 a 0
109 110 b 0
109 117 c 2
109 60 d 2
109 41 e 4
110 111 a 0
110 111 b 3
110 58 c 2
110 7 d 0
110 32 e 3
111 112 a 4
111 112 b 0
111 46 c 3
111 31 d 4
111 47 e 1
112 113 a 0
112 113 b 0
112 53 c 2
112 13 d 1
112 46 e 3
113 114 a 2
113 114 b 4
113 56 c 3
113 127 d 2
113 55 e 0
114 115 a 2
114 115 b 0
114 36 c 0
114 70 d 3
114 40 e 2
115 116 a 2
115 116 b 1
115 105 c 3
115 88 d 2
115 36 e 1
116 117 a 4
116 117 b 2
116 124 c 0
116 79 d 1
116 17 e 2
117 118 a 2
117 118 b 3
117 85 c 0
117 104 d 4
117 27 e 1
118 119 a 3
118 119 b 1
118 113 c 1
118 5 d 0
118 48 e 1
119 120 a 3
119 120 b 3
119 81 c 1
119 43 d 0
119 2 e 4
120 121 a 0
120 121 b 1
120 121 c 0
120 5 d 2
120 9 e 4
121 122 a 2
121 122 b 1
121 115 c 4
121 95 d 1
121 126 e 0
122 123 a 4
122 123 b 0
122 74 c 3
122 44 d 3
122 97 e 3
123 124 a 4
123 124 b 0
123 15 c 0
123 1 d 3
123 116 e 4
124 125 a 2
124 125 b 1
124 87 c 3
124 23 d 0
124 61 e 1
125 126 a 0
125 126 b 1
125 58 c 4
125 77 d 1
125 8 e 1
126 127 a 0
126 127 b 2
126 86 c 4
126 35 d 4
126 98 e 3
127 128 a 1
127 128 b 1
127 74 c 0
127 64 d 3
127 32 e 4
128 1 a 2
128 1 b 0
128 60 c 1
128 109 d 2
128 86 e 3

28 128 640 5 5 0
1 2 a 1
1 2 b 4
1 84 c 2
1 24 d 0
1 96 e 1
2 3 a 2
2 3 b 1
2 62 c 3
2 82 d 4
2 92 e 3
3 4 a 2
3 4 b 1
3 43 c 4
3 82 d 4
3 46 e 1
4 5 a 2
4 5 b 1
4 81 c 4
4 112 d 1
4 123 e 1
5 6 a 4
5 6 b 3
5 102 c 4
5 42 d 1
5 47 e 2
6 7 a 4
6 7 b 4
6 41 c 3
6 34 d 1
6 119 e 1
7 8 a 1
7 8 b 2
7 90 c 1
7 29 d 2
7 71 e 1
8 9 a 1
8 9 b 4
8 61 c 0
8 6 d 0
8 85 e 3
9 10 a 0
9 10 b 0
9 27 c 4
9 105 d 3
9 28 e 3
10 11 a 1
10 11 b 0
10 64 c 2
10 121 d 4
10 90 e 4
11 12 a 0
11 12 b 4
11 126 c 0
11 11 d 4
11 19 e 2
12 13 a 3
12 13 b 3
12 40 c 1
12 24 d 2
12 12 e 1
13 14 a 3
13 14 b 0
13 24 c 0
13 63 d 1
13 80 e 1
14 15 a 0
14 15 b 0
14 43 c 2
14 65 d 0
14 46 e 3
15 16 a 3
15 16 b 0
15 63 c 3
15 3 d 4
15 57 e 1
16 17 a 3
16 17 b 4
16 60 c 4
16 15 d 1
16 71 e 0
17 18 a 4
17 18 b 4
17 8 c 2
17 19 d 0
17 114 e 0
18 19 a 0
18 19 b 3
18 17 c 4
18 96 d 0
18 26 e 0
19 20 a 0
19 20 b 2
19 71 c 4
19 108 d 2
19 97 e 4
20 21 a 0
20 21 b 1
20 30 c 0
20 81 d 2
20 46 e 4
21 22 a 4
21 22 b 1
21 17 c 3
21 76 d 3
21 43 e 2
22 23 a 3
22 23 b 4
22 26 c 1
22 64 d 0
22 71 e 4
23 24 a 1
23 24 b 2
23 59 c 1
23 48 d 4
23 53 e 3
24 25 a 4
24 25 b 0
24 121 c 4
24 72 d 1
24 106 e 1
25 26 a 3
25 26 b 3
25 91 c 2
25 84 d 2
25 35 e 1
26 27 a 0
26 27 b 4
26 111 c 4
26 71 d 2
26 93 e 1
27 28 a 3
27 28 b 0
27 70 c 4
27 54 d 0
27 90 e 4
28 29 a 1
28 29 b 3
28 115 c 2
28 90 d 1
28 35 e 0
29 30 a 1
29 30 b 2
29 15 c 4
29 18 d 2
29 1 e 1
30 31 a 1
30 31 b 4
30 56 c 4
30 95 d 1
30 3 e 4
31 32 a 3
31 32 b 3
31 14 c 3
31 102 d 3
31 123 e 4
32 33 a 3
32 33 b 4
32 52 c 1
32 113 d 4
32 128 e 4
33 34 a 4
33 34 b 0
33 85 c 2
33 110 d 1
33 110 e 1
34 35 a 1
34 35 b 0
34 28 c 3
34 111 d 4
34 97 e 1
35 36 a 0
35 36 b 2
35 59 c 2
35 40 d 0
35 62 e 1
36 37 a 2
36 37 b 4
36 101 c 3
36 116 d 0
36 42 e 4
37 38 a 0
37 38 b 0
37 84 c 2
37 80 d 2
37 17 e 3
38 39 a 2
38 39 b 4
38 68 c 0
38 94 d 4
38 32 e 0
39 40 a 4
39 40 b 4
39 118 c 0
39 100 d 4
39 75 e 2
40 41 a 3
40 41 b 4
40 46 c 2
40 75 d 3
40 73 e 4
41 42 a 4
41 42 b 2
41 53 c 2
41 32 d 3
41 19 e 3
42 43 a 3
42 43 b 3
42 88 c 1
42 22 d 3
42 104 e 4
43 44 a 1
43 44 b 4
43 103 c 4
43 2 d 0
43 75 e 2
44 45 a 4
44 45 b 2
44 54 c 2
44 94 d 2
44 4 e 2
45 46 a 0
45 46 b 4
45 31 c 0
45 70 d 2
45 27 e 3
46 47 a 3
46 47 b 3
46 127 c 2
46 126 d 0
46 96 e 1
47 48 a 2
47 48 b 1
47 53 c 0
47 106 d 0
47 102 e 0
48 49 a 2
48 49 b 3
48 38 c 2
48 21 d 3
48 3 e 4
49 50 a 2
49 50 b 1
49 59 c 4
49 43 d 4
49 82 e 3
50 51 a 2
50 51 b 2
50 97 c 0
50 126 d 0
50 49 e 2
51 52 a 1
51 52 b 2
51 8 c 2
51 5 d 2
51 67 e 1
52 53 a 3
52 53 b 2
52 37 c 2
52 88 d 0
52 111 e 2
53 54 a 2
53 54 b 4
53 49 c 3
53 53 d 2
53 95 e 3
54 55 a 3
54 55 b 0
54 39 c 1
54 126 d 4
54 2 e 1
55 56 a 0
55 56 b 1
55 10 c 2
55 57 d 3
55 11 e 1
56 57 a 1
56 57 b 2
56 92 c 4
56 15 d 4
56 112 e 3
57 58 a 4
57 58 b 3
57 40 c 2
57 77 d 3
57 107 e 3
58 59 a 0
58 59 b 4
58 121 c 4
58 102 d 0
58 124 e 3
59 60 a 3
59 60 b 0
59 97 c 3
59 111 d 3
59 101 e 4
60 61 a 0
60 61 b 1
60 115 c 3
60 34 d 0
60 45 e 4
61 62 a 4
61 62 b 0
61 73 c 4
61 92 d 2
61 30 e 1
62 63 a 2
62 63 b 2
62 126 c 3
62 30 d 4
62 71 e 0
63 64 a 4
63 64 b 2
63 53 c 0
63 16 d 4
63 122 e 0
64 65 a 0
64 65 b 0
64 17 c 0
64 121 d 3
64 79 e 1
65 66 a 2
65 66 b 3
65 59 c 1
65 72 d 0
65 31 e 3
66 67 a 4
66 67 b 2
66 95 c 1
66 15 d 3
66 10 e 3
67 68 a 3
67 68 b 1
67 47 c 2
67 2 d 2
67 114 e 0
68 69 a 2
68 69 b 0
68 94 c 4
68 124 d 1
68 125 e 3
69 70 a 3
69 70 b 4
69 38 c 4
69 123 d 3
69 23 e 0
70 71 a 1
70 71 b 2
70 68 c 3
70 31 d 4
70 110 e 4
71 72 a 2
71 72 b 2
71 118 c 2
71 47 d 1
71 116 e 2
72 73 a 1
72 73 b 1
72 4 c 3
72 20 d 4
72 96 e 2
73 74 a 0
73 74 b 4
73 52 c 0
73 91 d 3
73 45 e 1
74 75 a 2
74 75 b 3
74 83 c 0
74 55 d 2
74 26 e 3
75 76 a 3
75 76 b 0
75 51 c 0
75 125 d 3
75 40 e 4
76 77 a 3
76 77 b 2
76 40 c 0
76 39 d 4
76 32 e 2
77 78 a 4
77 78 b 1
77 11 c 3
77 82 d 0
77 10 e 1
78 79 a 4
78 79 b 1
78 55 c 4
78 64 d 3
78 54 e 1
79 80 a 3
79 80 b 3
79 14 c 1
79 86 d 0
79 55 e 1
80 81 a 0
80 81 b 1
80 117 c 3
80 30 d 2
80 100 e 4
81 82 a 0
81 82 b 1
81 83 c 2
81 71 d 3
81 85 e 0
82 83 a 4
82 83 b 0
82 22 c 0
82 32 d 4
82 108 e 3
83 84 a 3
83 84 b 3
83 46 c 1
83 33 d 3
83 73 e 1
84 85 a 1
84 85 b 0
84 16 c 1
84 98 d 3
84 84 e 2
85 86 a 0
85 86 b 0
85 53 c 0
85 33 d 2
85 55 e 2
86 87 a 3
86 87 b 0
86 25 c 1
86 65 d 0
86 98 e 1
87 88 a 0
87 88 b 0
87 60 c 2
87 70 d 0
87 5 e 0
88 89 a 3
88 89 b 0
88 36 c 1
88 90 d 1
88 25 e 2
89 90 a 4
89 90 b 0
89 88 c 0
89 74 d 0
89 88 e 1
90 91 a 4
90 91 b 2
90 103 c 4
90 9 d 3
90 64 e 3
91 92 a 2
91 92 b 2
91 95 c 3
91 44 d 0
91 20 e 0
92 93 a 3
92 93 b 0
92 87 c 0
92 109 d 3
92 91 e 1
93 94 a 2
93 94 b 0
93 102 c 1
93 41 d 4
93 95 e 1
94 95 a 4
94 95 b 4
94 41 c 1
94 98 d 0
94 47 e 0
95 96 a 3
95 96 b 0
95 64 c 1
95 61 d 2
95 30 e 2
96 97 a 3
96 97 b 2
96 81 c 4
96 5 d 4
96 65 e 3
97 98 a 1
97 98 b 4
97 4 c 0
97 38 d 1
97 117 e 3
98 99 a 0
98 99 b 1
98 6 c 1
98 51 d 1
98 87 e 4
99 100 a 1
99 100 b 4
99 7 c 0
99 96 d 4
99 74 e 4
100 101 a 1
100 101 b 1
100 59 c 0
100 9 d 3
100 116 e 3
101 102 a 4
101 102 b 1
101 92 c 4
101 41 d 2
101 65 e 1
102 103 a 4
102 103 b 3
102 39 c 2
102 100 d 4
102 95 e 2
103 104 a 0
103 104 b 1
103 91 c 1
103 125 d 2
103 64 e 4
104 105 a 4
104 105 b 0
104 61 c 1
104 96 d 3
104 28 e 1
105 106 a 4
105 106 b 4
105 22 c 4
105 26 d 3
105 108 e 3
106 107 a 4
106 107 b 2
106 51 c 1
106 92 d 1
106 111 e 3
107 108 a 4
107 108 b 4
107 100 c 4
107 125 d 4
107 41 e 4
108 109 a 2
108 109 b 4
108 126 c 2
108 116 d 4
108 95 e 2
109 110 a 1
109 110 b 0
109 90 c 2
109 97 d 3
109 29 e 4
110 111 a 1
110 111 b 1
110 83 c 0
110 5 d 3
110 49 e 3
111 112 a 1
111 112 b 0
111 75 c 1
111 70 d 0
111 45 e 0
112 113 a 3
112 113 b 2
112 39 c 1
112 44 d 3
112 104 e 0
113 114 a 1
113 114 b 1
113 78 c 2
113 103 d 4
113 125 e 0
114 115 a 2
114 115 b 1
114 47 c 1
114 70 d 3
114 75 e 4
115 116 a 2
115 116 b 1
115 56 c 3
115 65 d 4
115 115 e 2
116 117 a 2
116 117 b 1
116 95 c 0
116 112 d 3
116 93 e 3
117 118 a 4
117 118 b 3
117 29 c 0
117 18 d 1
117 52 e 1
118 119 a 3
118 119 b 4
118 110 c 2
118 7 d 2
118 101 e 3
119 120 a 0
119 120 b 1
119 82 c 3
119 86 d 1
119 36 e 3
120 121 a 0
120 121 b 2
120 79 c 3
120 40 d 0
120 103 e 3
121 122 a 4
121 122 b 4
121 109 c 2
121 75 d 3
121 105 e 3
122 123 a 3
122 123 b 0
122 56 c 4
122 48 d 3
122 40 e 3
123 124 a 3
123 124 b 2
123 66 c 0
123 110 d 3
123 103 e 3
124 125 a 2
124 125 b 3
124 31 c 0
124 60 d 2
124 45 e 2
125 126 a 3
125 126 b 2
125 103 c 2
125 123 d 0
125 68 e 4
126 127 a 3
126 127 b 2
126 55 c 2
126 42 d 1
126 59 e 1
127 128 a 4
127 128 b 2
127 47 c 3
127 111 d 1
127 101 e 4
128 1 a 3
128 1 b 4
128 118 c 2
128 21 d 2
128 88 e 3

29 128 640 5 5 0
1 2 a 3
1 2 b 1
1 50 c 3
1 8 d 3
1 110 e 4
2 3 a 0
2 3 b 0
2 16 c 1
2 91 d 2
2 71 e 4
3 4 a 1
3 4 b 0
3 66 c 0
3 67 d 1
3 69 e 1
4 5 a 2
4 5 b 1
4 124 c 3
4 25 d 2
4 15 e 3
5 6 a 1
5 6 b 2
5 118 c 2
5 92 d 2
5 15 e 3
6 7 a 1
6 7 b 2
6 110 c 4
6 44 d 0
6 116 e 3
7 8 a 3
7 8 b 1
7 35 c 2
7 80 d 0
7 48 e 4
8 9 a 3
8 9 b 2
8 90 c 4
8 49 d 0
8 123 e 4
9 10 a 4
9 10 b 0
9 93 c 4
9 93 d 2
9 78 e 2
10 11 a 0
10 11 b 2
10 119 c 4
10 5 d 3
10 105 e 1
11 12 a 3
11 12 b 3
11 121 c 4
11 128 d 2
11 78 e 1
12 13 a 3
12 13 b 0
12 56 c 4
12 70 d 4
12 67 e 0
13 14 a 2
13 14 b 0
13 13 c 3
13 117 d 0
13 84 e 2
14 15 a 4
14 15 b 1
14 83 c 1
14 79 d 4
14 79 e 3
15 16 a 2
15 16 b 4
15 109 c 3
15 57 d 4
15 70 e 3
16 17 a 0
16 17 b 3
16 61 c 3
16 62 d 1
16 17 e 1
17 18 a 1
17 18 b 3
17 46 c 0
17 11 d 1
17 73 e 4
18 19 a 2
18 19 b 0
18 43 c 4
18 112 d 0
18 77 e 4
19 20 a 3
19 20 b 2
19 38 c 3
19 101 d 0
19 65 e 0
20 21 a 4
20 21 b 0
20 18 c 1
20 3 d 0
20 10 e 1
21 22 a 2
21 22 b 3
21 105 c 0
21 6 d 3
21 84 e 1
22 23 a 1
22 23 b 2
22 39 c 2
22 82 d 4
22 12 e 3
23 24 a 2
23 24 b 4
23 77 c 3
23 107 d 0
23 102 e 4
24 25 a 1
24 25 b 0
24 95 c 0
24 123 d 1
24 88 e 3
25 26 a 1
25 26 b 3
25 102 c 3
25 80 d 3
25 29 e 4
26 27 a 4
26 27 b 0
26 110 c 1
26 91 d 3
26 52 e 2
27 28 a 4
27 28 b 1
27 9 c 0
27 51 d 1
27 94 e 4
28 29 a 4
28 29 b 3
28 75 c 4
28 16 d 0
28 35 e 1
29 30 a 4
29 30 b 2
29 76 c 1
29 80 d 0
29 77 e 3
30 31 a 3
30 31 b 3
30 41 c 2
30 117 d 0
30 108 e 2
31 32 a 1
31 32 b 0
31 3 c 4
31 37 d 2
31 80 e 4
32 33 a 2
32 33 b 2
32 126 c 4
32 41 d 0
32 18 e 0
33 34 a 0
33 34 b 4
33 67 c 0
33 110 d 2
33 12 e 0
34 35 a 1
34 35 b 0
34 127 c 0
34 7 d 2
34 92 e 2
35 36 a 0
35 36 b 2
35 98 c 0
35 41 d 2
35 101 e 2
36 37 a 1
36 37 b 4
36 33 c 1
36 45 d 0
36 78 e 4
37 38 a 3
37 38 b 3
37 117 c 4
37 18 d 3
37 1 e 4
38 39 a 2
38 39 b 4
38 25 c 2
38 121 d 1
38 45 e 1
39 40 a 0
39 40 b 2
39 79 c 1
39 39 d 1
39 69 e 1
40 41 a 4
40 41 b 2
40 92 c 0
40 6 d 3
40 127 e 0
41 42 a 4
41 42 b 3
41 7 c 0
41 36 d 4
41 85 e 1
42 43 a 1
42 43 b 3
42 30 c 3
42 51 d 0
42 7 e 3
43 44 a 2
43 44 b 1
43 114 c 1
43 7 d 0
43 23 e 0
44 45 a 0
44 45 b 4
44 86 c 0
44 27 d 1
44 75 e 0
45 46 a 3
45 46 b 0
45 36 c 3
45 12 d 2
45 47 e 4
46 47 a 3
46 47 b 3
46 55 c 0
46 28 d 1
46 17 e 3
47 48 a 3
47 48 b 3
47 114 c 1
47 49 d 0
47 4 e 4
48 49 a 4
48 49 b 0
48 56 c 0
48 84 d 4
48 93 e 3
49 50 a 1
49 50 b 2
49 114 c 3
49 50 d 4
49 56 e 0
50 51 a 3
50 51 b 4
50 12 c 2
50 30 d 4
50 116 e 0
51 52 a 4
51 52 b 3
51 120 c 0
51 13 d 2
51 51 e 2
52 53 a 4
52 53 b 3
52 41 c 2
52 25 d 2
52 91 e 1
53 54 a 3
53 54 b 2
53 25 c 4
53 127 d 3
53 24 e 3
54 55 a 2
54 55 b 4
54 68 c 0
54 32 d 1
54 87 e 3
55 56 a 0
55 56 b 4
55 43 c 4
55 4 d 2
55 76 e 3
56 57 a 2
56 57 b 0
56 82 c 0
56 82 d 0
56 110 e 4
57 58 a 3
57 58 b 1
57 66 c 1
57 89 d 2
57 118 e 0
58 59 a 3
58 59 b 1
58 8 c 4
58 11 d 1
58 99 e 1
59 60 a 0
59 60 b 1
59 52 c 0
59 124 d 4
59 121 e 0
60 61 a 4
60 61 b 0
60 90 c 2
60 103 d 4
60 61 e 3
61 62 a 3
61 62 b 1
61 21 c 0
61 42 d 0
61 122 e 0
62 63 a 1
62 63 b 2
62 127 c 2
62 69 d 3
62 64 e 2
63 64 a 1
63 64 b 0
63 58 c 3
63 94 d 0
63 96 e 1
64 65 a 1
64 65 b 1
64 107 c 1
64 64 d 1
64 113 e 4
65 66 a 0
65 66 b 0
65 57 c 2
65 88 d 3
65 78 e 4
66 67 a 4
66 67 b 0
66 82 c 0
66 55 d 4
66 21 e 2
67 68 a 3
67 68 b 2
67 102 c 3
67 19 d 2
67 41 e 0
68 69 a 0
68 69 b 4
68 42 c 1
68 70 d 1
68 49 e 2
69 70 a 3
69 70 b 2
69 87 c 0
69 76 d 3
69 23 e 4
70 71 a 2
70 71 b 0
70 40 c 2
70 73 d 2
70 10 e 0
71 72 a 0
71 72 b 2
71 96 c 2
71 2 d 1
71 125 e 2
72 73 a 0
72 73 b 1
72 65 c 4
72 95 d 2
72 38 e 4
73 74 a 0
73 74 b 4
73 22 c 4
73 111 d 2
73 128 e 2
74 75 a 4
74 75 b 2
74 42 c 1
74 100 d 1
74 73 e 4
75 76 a 4
75 76 b 4
75 79 c 2
75 18 d 0
75 4 e 0
76 77 a 1
76 77 b 0
76 88 c 3
76 116 d 1
76 119 e 0
77 78 a 0
77 78 b 2
77 31 c 1
77 40 d 1
77 46 e 4
78 79 a 0
78 79 b 2
78 128 c 3
78 110 d 3
78 119 e 2
79 80 a 2
79 80 b 1
79 91 c 3
79 45 d 1
79 101 e 2
80 81 a 1
80 81 b 1
80 22 c 1
80 110 d 2
80 77 e 2
81 82 a 0
81 82 b 2
81 25 c 4
81 94 d 4
81 76 e 1
82 83 a 4
82 83 b 1
82 81 c 2
82 81 d 1
82 63 e 4
83 84 a 2
83 84 b 0
83 45 c 2
83 58 d 1
83 73 e 3
84 85 a 1
84 85 b 4
84 36 c 3
84 51 d 2
84 80 e 0
85 86 a 0
85 86 b 0
85 45 c 3
85 123 d 1
85 128 e 3
86 87 a 1
86 87 b 4
86 69 c 4
86 115 d 4
86 71 e 0
87 88 a 3
87 88 b 2
87 109 c 1
87 32 d 4
87 87 e 1
88 89 a 1
88 89 b 0
88 41 c 1
88 45 d 2
88 39 e 3
89 90 a 2
89 90 b 0
89 3 c 3
89 102 d 1
89 114 e 4
90 91 a 1
90 91 b 4
90 5 c 3
90 62 d 1
90 55 e 0
91 92 a 1
91 92 b 3
91 67 c 1
91 73 d 4
91 56 e 3
92 93 a 3
92 93 b 4
92 78 c 3
92 66 d 0
92 123 e 2
93 94 a 4
93 94 b 3
93 66 c 0
93 7 d 3
93 76 e 3
94 95 a 2
94 95 b 4
94 57 c 4
94 24 d 1
94 56 e 0
95 96 a 1
95 96 b 2
95 85 c 4
95 28 d 1
95 19 e 0
96 97 a 1
96 97 b 4
96 59 c 1
96 92 d 2
96 115 e 2
97 98 a 4
97 98 b 1
97 18 c 1
97 70 d 3
97 51 e 0
98 99 a 1
98 99 b 1
98 9 c 0
98 107 d 2
98 114 e 0
99 100 a 3
99 100 b 3
99 78 c 1
99 1 d 3
99 17 e 1
100 101 a 1
100 101 b 0
100 23 c 4
100 98 d 4
100 56 e 0
101 102 a 2
101 102 b 3
101 29 c 1
101 11 d 3
101 81 e 1
102 103 a 4
102 103 b 3
102 27 c 2
102 30 d 2
102 12 e 2
103 104 a 0
103 104 b 2
103 84 c 3
103 96 d 1
103 90 e 0
104 105 a 0
104 105 b 4
104 11 c 0
104 60 d 0
104 113 e 0
105 106 a 0
105 106 b 3
105 8 c 4
105 62 d 0
105 78 e 0
106 107 a 3
106 107 b 4
106 26 c 2
106 25 d 4
106 46 e 4
107 108 a 4
107 108 b 1
107 15 c 4
107 33 d 2
107 21 e 0
108 109 a 0
108 109 b 2
108 62 c 3
108 82 d 0
108 71 e 4
109 110 a 1
109 110 b 3
109 126 c 4
109 71 d 3
109 82 e 2
110 111 a 1
110 111 b 4
110 44 c 3
110 68 d 0
110 2 e 1
111 112 a 2
111 112 b 1
111 41 c 3
111 45 d 4
111 106 e 3
112 113 a 4
112 113 b 2
112 89 c 2
112 12 d 3
112 98 e 1
113 114 a 3
113 114 b 0
113 37 c 3
113 14 d 3
113 4 e 0
114 115 a 0
114 115 b 2
114 121 c 1
114 7 d 4
114 45 e 1
115 116 a 3
115 116 b 2
115 71 c 0
115 106 d 1
115 2 e 4
116 117 a 2
116 117 b 2
116 3 c 1
116 82 d 2
116 105 e 3
117 118 a 4
117 118 b 4
117 37 c 4
117 124 d 0
117 12 e 0
118 119 a 0
118 119 b 2
118 42 c 0
118 74 d 4
118 90 e 2
119 120 a 1
119 120 b 1
119 20 c 0
119 65 d 1
119 5 e 0
120 121 a 4
120 121 b 2
120 101 c 1
120 12 d 2
120 5 e 3
121 122 a 0
121 122 b 1
121 39 c 0
121 119 d 0
121 19 e 0
122 123 a 1
122 123 b 3
122 103 c 2
122 117 d 1
122 47 e 2
123 124 a 3
123 124 b 1
123 53 c 3
123 26 d 1
123 27 e 2
124 125 a 0
124 125 b 4
124 38 c 1
124 34 d 0
124 93 e 1
125 126 a 4
125 126 b 4
125 83 c 4
125 104 d 4
125 65 e 3
126 127 a 4
126 127 b 0
126 87 c 4
126 112 d 0
126 84 e 0
127 128 a 0
127 128 b 4
127 85 c 1
127 94 d 2
127 106 e 3
128 1 a 3
128 1 b 4
128 111 c 1
128 124 d 2
128 26 e 2

30 128 640 5 5 0
1 2 a 3
1 2 b 1
1 80 c 0
1 56 d 3
1 61 e 2
2 3 a 1
2 3 b 0
2 35 c 2
2 35 d 4
2 114 e 1
3 4 a 0
3 4 b 2
3 26 c 0
3 115 d 1
3 29 e 0
4 5 a 1
4 5 b 1
4 104 c 2
4 2 d 3
4 99 e 2
5 6 a 4
5 6 b 4
5 71 c 2
5 77 d 4
5 48 e 2
6 7 a 3
6 7 b 0
6 115 c 1
6 118 d 2
6 49 e 3
7 8 a 4
7 8 b 4
7 44 c 1
7 67 d 4
7 90 e 0
8 9 a 4
8 9 b 3
8 56 c 2
8 29 d 0
8 97 e 1
9 10 a 3
9 10 b 1
9 95 c 0
9 17 d 2
9 65 e 2
10 11 a 0
10 11 b 3
10 109 c 4
10 82 d 0
10 56 e 4
11 12 a 1
11 12 b 3
11 52 c 3
11 53 d 2
11 73 e 2
12 13 a 1
12 13 b 4
12 8 c 3
12 51 d 2
12 59 e 2
13 14 a 0
13 14 b 3
13 65 c 1
13 107 d 2
13 25 e 4
14 15 a 1
14 15 b 4
14 60 c 2
14 29 d 1
14 48 e 2
15 16 a 1
15 16 b 2
15 90 c 1
15 48 d 4
15 20 e 2
16 17 a 4
16 17 b 0
16 127 c 0
16 45 d 0
16 26 e 2
17 18 a 4
17 18 b 2
17 20 c 4
17 66 d 3
17 95 e 1
18 19 a 4
18 19 b 0
18 6 c 4
18 65 d 4
18 64 e 4
19 20 a 4
19 20 b 0
19 69 c 0
19 30 d 3
19 96 e 3
20 21 a 4
20 21 b 4
20 70 c 0
20 116 d 1
20 38 e 4
21 22 a 1
21 22 b 3
21 1 c 4
21 128 d 0
21 60 e 0
22 23 a 3
22 23 b 0
22 116 c 4
22 36 d 2
22 17 e 4
23 24 a 4
23 24 b 0
23 30 c 2
23 102 d 3
23 88 e 2
24 25 a 0
24 25 b 2
24 4 c 3
24 111 d 3
24 6 e 3
25 26 a 4
25 26 b 2
25 48 c 1
25 12 d 3
25 88 e 1
26 27 a 3
26 27 b 3
26 45 c 3
26 48 d 0
26 75 e 2
27 28 a 2
27 28 b 1
27 12 c 4
27 112 d 1
27 33 e 1
28 29 a 1
28 29 b 4
28 98 c 3
28 5 d 1
28 99 e 4
29 30 a 0
29 30 b 4
29 72 c 0
29 78 d 3
29 90 e 1
30 31 a 2
30 31 b 1
30 90 c 4
30 75 d 3
30 21 e 4
31 32 a 2
31 32 b 3
31 56 c 1
31 36 d 0
31 102 e 1
32 33 a 3
32 33 b 1
32 8 c 3
32 32 d 1
32 100 e 0
33 34 a 0
33 34 b 3
33 114 c 0
33 46 d 0
33 106 e 4
34 35 a 4
34 35 b 0
34 34 c 4
34 95 d 1
34 23 e 3
35 36 a 4
35 36 b 2
35 73 c 2
35 106 d 4
35 77 e 4
36 37 a 2
36 37 b 4
36 29 c 1
36 39 d 1
36 50 e 3
37 38 a 4
37 38 b 3
37 85 c 4
37 20 d 4
37 50 e 0
38 39 a 1
38 39 b 1
38 46 c 0
38 83 d 3
38 122 e 2
39 40 a 2
39 40 b 0
39 104 c 1
39 42 d 0
39 126 e 3
40 41 a 2
40 41 b 2
40 74 c 4
40 1 d 0
40 116 e 4
41 42 a 0
41 42 b 1
41 26 c 2
41 104 d 3
41 87 e 3
42 43 a 3
42 43 b 2
42 37 c 3
42 15 d 0
42 102 e 4
43 44 a 0
43 44 b 2
43 61 c 3
43 76 d 3
43 34 e 3
44 45 a 1
44 45 b 1
44 54 c 4
44 24 d 1
44 83 e 3
45 46 a 3
45 46 b 4
45 104 c 2
45 18 d 0
45 4 e 3
46 47 a 0
46 47 b 0
46 48 c 0
46 123 d 4
46 2 e 4
47 48 a 4
47 48 b 2
47 111 c 2
47 56 d 2
47 97 e 2
48 49 a 3
48 49 b 0
48 9 c 1
48 83 d 3
48 119 e 2
49 50 a 4
49 50 b 0
49 104 c 0
49 122 d 3
49 95 e 2
50 51 a 4
50 51 b 4
50 119 c 2
50 127 d 2
50 119 e 1
51 52 a 1
51 52 b 1
51 39 c 1
51 86 d 2
51 98 e 1
52 53 a 1
52 53 b 4
52 109 c 4
52 26 d 1
52 7 e 4
53 54 a 2
53 54 b 3
53 65 c 2
53 9 d 3
53 16 e 0
54 55 a 1
54 55 b 3
54 33 c 2
54 3 d 1
54 108 e 2
55 56 a 0
55 56 b 2
55 12 c 2
55 15 d 1
55 78 e 3
56 57 a 1
56 57 b 0
56 8 c 0
56 85 d 4
56 44 e 3
57 58 a 4
57 58 b 1
57 28 c 4
57 37 d 4
57 64 e 3
58 59 a 1
58 59 b 1
58 87 c 3
58 111 d 3
58 10 e 1
59 60 a 0
59 60 b 0
59 71 c 3
59 73 d 2
59 76 e 3
60 61 a 2
60 61 b 0
60 2 c 1
60 108 d 1
60 13 e 2
61 62 a 0
61 62 b 3
61 33 c 1
61 55 d 1
61 23 e 2
62 63 a 1
62 63 b 1
62 64 c 0
62 43 d 4
62 121 e 3
63 64 a 3
63 64 b 2
63 127 c 2
63 109 d 0
63 5 e 4
64 65 a 4
64 65 b 0
64 4 c 3
64 72 d 4
64 83 e 2
65 66 a 4
65 66 b 2
65 119 c 4
65 40 d 1
65 60 e 0
66 67 a 2
66 67 b 2
66 5 c 4
66 31 d 4
66 96 e 4
67 68 a 4
67 68 b 3
67 93 c 1
67 100 d 3
67 33 e 4
68 69 a 1
68 69 b 0
68 54 c 1
68 79 d 3
68 37 e 0
69 70 a 1
69 70 b 0
69 71 c 2
69 94 d 0
69 88 e 0
70 71 a 4
70 71 b 0
70 77 c 2
70 52 d 3
70 103 e 1
71 72 a 4
71 72 b 2
71 9 c 2
71 20 d 3
71 71 e 0
72 73 a 0
72 73 b 1
72 63 c 1
72 106 d 4
72 44 e 1
73 74 a 0
73 74 b 3
73 56 c 3
73 67 d 2
73 18 e 3
74 75 a 3
74 75 b 3
74 65 c 4
74 80 d 3
74 56 e 4
75 76 a 1
75 76 b 4
75 42 c 0
75 103 d 4
75 31 e 0
76 77 a 2
76 77 b 2
76 72 c 0
76 2 d 2
76 15 e 1
77 78 a 0
77 78 b 1
77 115 c 3
77 62 d 0
77 19 e 3
78 79 a 0
78 79 b 3
78 8 c 1
78 92 d 3
78 120 e 1
79 80 a 0
79 80 b 2
79 104 c 4
79 68 d 3
79 82 e 2
80 81 a 4
80 81 b 1
80 120 c 2
80 125 d 0
80 119 e 0
81 82 a 2
81 82 b 3
81 31 c 4
81 54 d 0
81 2 e 2
82 83 a 2
82 83 b 2
82 75 c 0
82 65 d 4
82 82 e 0
83 84 a 0
83 84 b 0
83 109 c 3
83 18 d 4
83 8 e 1
84 85 a 1
84 85 b 3
84 120 c 2
84 69 d 0
84 12 e 4
85 86 a 0
85 86 b 3
85 101 c 0
85 21 d 4
85 8 e 3
86 87 a 3
86 87 b 0
86 50 c 0
86 101 d 0
86 108 e 1
87 88 a 0
87 88 b 4
87 94 c 0
87 59 d 2
87 104 e 3
88 89 a 0
88 89 b 4
88 111 c 2
88 64 d 2
88 117 e 0
89 90 a 2
89 90 b 4
89 109 c 2
89 66 d 3
89 77 e 3
90 91 a 4
90 91 b 0
90 100 c 3
90 50 d 4
90 110 e 1
91 92 a 3
91 92 b 1
91 102 c 0
91 38 d 3
91 27 e 3
92 93 a 3
92 93 b 2
92 6 c 1
92 88 d 0
92 91 e 0
93 94 a 0
93 94 b 2
93 94 c 3
93 37 d 4
93 120 e 3
94 95 a 1
94 95 b 2
94 10 c 3
94 15 d 1
94 1 e 1
95 96 a 3
95 96 b 2
95 43 c 3
95 59 d 4
95 73 e 4
96 97 a 0
96 97 b 2
96 101 c 0
96 116 d 3
96 101 e 1
97 98 a 1
97 98 b 0
97 97 c 2
97 38 d 0
97 50 e 2
98 99 a 1
98 99 b 4
98 75 c 1
98 99 d 4
98 77 e 4
99 100 a 3
99 100 b 3
99 85 c 1
99 98 d 1
99 24 e 2
100 101 a 0
100 101 b 4
100 51 c 3
100 123 d 0
100 60 e 1
101 102 a 1
101 102 b 0
101 29 c 2
101 45 d 3
101 34 e 1
102 103 a 4
102 103 b 0
102 80 c 3
102 24 d 1
102 121 e 4
103 104 a 0
103 104 b 3
103 13 c 2
103 3 d 2
103 51 e 4
104 105 a 4
104 105 b 2
104 24 c 1
104 87 d 3
104 7 e 2
105 106 a 0
105 106 b 3
105 59 c 4
105 34 d 0
105 113 e 3
106 107 a 4
106 107 b 0
106 65 c 1
106 21 d 4
106 45 e 2
107 108 a 0
107 108 b 3
107 123 c 0
107 6 d 4
107 64 e 3
108 109 a 4
108 109 b 3
108 62 c 0
108 111 d 0
108 111 e 1
109 110 a 3
109 110 b 1
109 98 c 4
109 109 d 0
109 70 e 3
110 111 a 2
110 111 b 4
110 69 c 3
110 66 d 1
110 19 e 0
111 112 a 3
111 112 b 0
111 70 c 2
111 83 d 3
111 104 e 0
112 113 a 0
112 113 b 0
112 74 c 2
112 43 d 1
112 28 e 2
113 114 a 4
113 114 b 0
113 59 c 4
113 118 d 3
113 74 e 0
114 115 a 2
114 115 b 3
114 4 c 2
114 7 d 1
114 80 e 1
115 116 a 4
115 116 b 1
115 22 c 0
115 83 d 1
115 82 e 4
116 117 a 3
116 117 b 3
116 103 c 1
116 115 d 1
116 53 e 2
117 118 a 2
117 118 b 3
117 109 c 0
117 38 d 2
117 36 e 4
118 119 a 1
118 119 b 2
118 39 c 4
118 76 d 2
118 15 e 1
119 120 a 3
119 120 b 3
119 21 c 3
119 108 d 0
119 39 e 2
120 121 a 2
120 121 b 3
120 59 c 0
120 47 d 3
120 99 e 4
121 122 a 3
121 122 b 2
121 33 c 2
121 99 d 1
121 125 e 0
122 123 a 3
122 123 b 1
122 86 c 1
122 121 d 4
122 118 e 0
123 124 a 1
123 124 b 1
123 105 c 2
123 7 d 0
123 14 e 0
124 125 a 3
124 125 b 2
124 110 c 3
124 71 d 4
124 77 e 0
125 126 a 1
125 126 b 2
125 127 c 0
125 22 d 3
125 125 e 0
126 127 a 0
126 127 b 2
126 56 c 1
126 118 d 3
126 45 e 3
127 128 a 1
127 128 b 4
127 58 c 4
127 13 d 4
127 48 e 1
128 1 a 4
128 1 b 3
128 41 c 2
128 35 d 4
128 28 e 1

31 128 640 5 5 0
1 2 a 1
1 2 b 4
1 46 c 2
1 40 d 2
1 75 e 0
2 3 a 3
2 3 b 0
2 118 c 3
2 43 d 2
2 93 e 1
3 4 a 3
3 4 b 1
3 49 c 0
3 100 d 4
3 52 e 0
4 5 a 1
4 5 b 0
4 20 c 1
4 44 d 1
4 119 e 2
5 6 a 2
5 6 b 4
5 87 c 4
5 127 d 3
5 16 e 1
6 7 a 4
6 7 b 0
6 55 c 4
6 1 d 2
6 46 e 0
7 8 a 4
7 8 b 3
7 117 c 0
7 118 d 3
7 67 e 1
8 9 a 4
8 9 b 4
8 86 c 2
8 72 d 4
8 7 e 4
9 10 a 4
9 10 b 4
9 33 c 3
9 5 d 0
9 115 e 3
10 11 a 0
10 11 b 1
10 36 c 1
10 94 d 2
10 71 e 1
11 12 a 2
11 12 b 0
11 47 c 1
11 41 d 1
11 5 e 3
12 13 a 1
12 13 b 1
12 23 c 1
12 96 d 3
12 115 e 4
13 14 a 0
13 14 b 0
13 53 c 0
13 32 d 4
13 29 e 4
14 15 a 3
14 15 b 2
14 101 c 0
14 44 d 2
14 81 e 4
15 16 a 3
15 16 b 0
15 7 c 0
15 103 d 2
15 33 e 2
16 17 a 2
16 17 b 0
16 1 c 4
16 93 d 4
16 100 e 2
17 18 a 2
17 18 b 2
17 58 c 3
17 58 d 4
17 54 e 0
18 19 a 0
18 19 b 0
18 33 c 3
18 81 d 4
18 115 e 2
19 20 a 3
19 20 b 3
19 36 c 3
19 23 d 3
19 64 e 2
20 21 a 4
20 21 b 3
20 58 c 4
20 37 d 2
20 2 e 4
21 22 a 0
21 22 b 2
21 89 c 3
21 58 d 2
21 101 e 3
22 23 a 2
22 23 b 0
22 128 c 2
22 55 d 3
22 86 e 0
23 24 a 4
23 24 b 2
23 47 c 1
23 33 d 3
23 9 e 1
24 25 a 0
24 25 b 1
24 106 c 2
24 34 d 1
24 116 e 4
25 26 a 4
25 26 b 3
25 58 c 2
25 8 d 0
25 82 e 1
26 27 a 4
26 27 b 0
26 44 c 3
26 68 d 4
26 33 e 4
27 28 a 2
27 28 b 1
27 79 c 4
27 108 d 2
27 37 e 3
28 29 a 3
28 29 b 4
28 58 c 4
28 58 d 0
28 99 e 0
29 30 a 4
29 30 b 1
29 4 c 2
29 12 d 0
29 38 e 0
30 31 a 0
30 31 b 2
30 74 c 1
30 98 d 2
30 125 e 2
31 32 a 3
31 32 b 3
31 45 c 3
31 98 d 3
31 59 e 4
32 33 a 2
32 33 b 0
32 81 c 1
32 87 d 2
32 118 e 0
33 34 a 1
33 34 b 3
33 96 c 2
33 46 d 0
33 9 e 3
34 35 a 0
34 35 b 3
34 5 c 4
34 120 d 4
34 18 e 0
35 36 a 3
35 36 b 1
35 113 c 4
35 106 d 4
35 116 e 2
36 37 a 2
36 37 b 2
36 89 c 3
36 96 d 3
36 86 e 1
37 38 a 3
37 38 b 3
37 117 c 2
37 86 d 1
37 34 e 0
38 39 a 4
38 39 b 3
38 2 c 1
38 109 d 1
38 7 e 3
39 40 a 3
39 40 b 2
39 66 c 1
39 108 d 2
39 120 e 0
40 41 a 3
40 41 b 4
40 119 c 2
40 61 d 3
40 42 e 4
41 42 a 0
41 42 b 0
41 108 c 0
41 108 d 3
41 26 e 1
42 43 a 0
42 43 b 3
42 108 c 1
42 43 d 0
42 5 e 4
43 44 a 0
43 44 b 4
43 72 c 4
43 81 d 0
43 110 e 0
44 45 a 2
44 45 b 3
44 85 c 3
44 86 d 4
44 27 e 4
45 46 a 2
45 46 b 0
45 108 c 1
45 88 d 2
45 24 e 0
46 47 a 3
46 47 b 4
46 105 c 0
46 25 d 1
46 51 e 1
47 48 a 0
47 48 b 0
47 44 c 1
47 127 d 0
47 126 e 4
48 49 a 4
48 49 b 1
48 27 c 0
48 19 d 0
48 81 e 0
49 50 a 0
49 50 b 1
49 30 c 3
49 2 d 2
49 69 e 4
50 51 a 3
50 51 b 2
50 33 c 2
50 31 d 1
50 58 e 3
51 52 a 0
51 52 b 0
51 22 c 0
51 95 d 2
51 82 e 4
52 53 a 2
52 53 b 2
52 113 c 4
52 92 d 1
52 115 e 4
53 54 a 1
53 54 b 3
53 41 c 4
53 82 d 4
53 73 e 2
54 55 a 0
54 55 b 4
54 62 c 0
54 37 d 4
54 65 e 1
55 56 a 4
55 56 b 4
55 45 c 2
55 89 d 2
55 15 e 1
56 57 a 3
56 57 b 2
56 125 c 4
56 25 d 1
56 42 e 3
57 58 a 2
57 58 b 2
57 55 c 0
57 49 d 2
57 75 e 2
58 59 a 1
58 59 b 3
58 101 c 0
58 19 d 2
58 113 e 0
59 60 a 2
59 60 b 3
59 26 c 3
59 86 d 4
59 96 e 3
60 61 a 2
60 61 b 4
60 106 c 0
60 50 d 3
60 29 e 1
61 62 a 0
61 62 b 1
61 109 c 0
61 5 d 1
61 115 e 0
62 63 a 4
62 63 b 3
62 64 c 3
62 81 d 2
62 114 e 0
63 64 a 4
63 64 b 4
63 5 c 2
63 60 d 2
63 107 e 1
64 65 a 4
64 65 b 2
64 94 c 3
64 15 d 2
64 117 e 2
65 66 a 4
65 66 b 0
65 117 c 2
65 56 d 2
65 106 e 4
66 67 a 0
66 67 b 4
66 119 c 2
66 72 d 3
66 107 e 4
67 68 a 2
67 68 b 2
67 20 c 4
67 117 d 4
67 88 e 1
68 69 a 0
68 69 b 4
68 1 c 4
68 24 d 2
68 89 e 2
69 70 a 2
69 70 b 0
69 119 c 3
69 48 d 1
69 88 e 0
70 71 a 1
70 71 b 0
70 50 c 0
70 94 d 1
70 4 e 2
71 72 a 1
71 72 b 4
71 114 c 3
71 103 d 0
71 80 e 1
72 73 a 0
72 73 b 0
72 125 c 1
72 54 d 0
72 114 e 2
73 74 a 2
73 74 b 1
73 26 c 3
73 87 d 1
73 101 e 3
74 75 a 1
74 75 b 0
74 24 c 3
74 124 d 2
74 103 e 3
75 76 a 4
75 76 b 2
75 69 c 3
75 124 d 3
75 123 e 3
76 77 a 0
76 77 b 0
76 119 c 4
76 79 d 1
76 103 e 4
77 78 a 2
77 78 b 4
77 7 c 1
77 19 d 4
77 55 e 0
78 79 a 3
78 79 b 3
78 81 c 4
78 11 d 0
78 57 e 4
79 80 a 4
79 80 b 4
79 54 c 4
79 26 d 1
79 128 e 2
80 81 a 1
80 81 b 4
80 26 c 4
80 76 d 3
80 97 e 0
81 82 a 2
81 82 b 1
81 102 c 3
81 78 d 0
81 121 e 3
82 83 a 0
82 83 b 1
82 6 c 2
82 113 d 1
82 37 e 2
83 84 a 3
83 84 b 0
83 108 c 0
83 43 d 3
83 7 e 0
84 85 a 0
84 85 b 2
84 11 c 0
84 22 d 3
84 8 e 2
85 86 a 1
85 86 b 3
85 94 c 4
85 111 d 1
85 81 e 3
86 87 a 1
86 87 b 1
86 95 c 2
86 24 d 1
86 80 e 2
87 88 a 3
87 88 b 0
87 16 c 4
87 22 d 3
87 58 e 0
88 89 a 2
88 89 b 3
88 117 c 3
88 19 d 3
88 3 e 0
89 90 a 2
89 90 b 3
89 23 c 3
89 94 d 1
89 103 e 1
90 91 a 0
90 91 b 3
90 3 c 2
90 102 d 2
90 101 e 1
91 92 a 1
91 92 b 0
91 73 c 4
91 67 d 4
91 63 e 3
92 93 a 3
92 93 b 4
92 126 c 3
92 45 d 3
92 123 e 4
93 94 a 2
93 94 b 2
93 58 c 0
93 3 d 3
93 100 e 4
94 95 a 2
94 95 b 4
94 27 c 1
94 69 d 2
94 10 e 1
95 96 a 3
95 96 b 3
95 64 c 2
95 26 d 3
95 62 e 0
96 97 a 3
96 97 b 3
96 78 c 2
96 75 d 2
96 23 e 2
97 98 a 1
97 98 b 2
97 111 c 1
97 70 d 4
97 112 e 4
98 99 a 4
98 99 b 2
98 78 c 2
98 28 d 0
98 103 e 1
99 100 a 4
99 100 b 0
99 28 c 1
99 3 d 4
99 96 e 1
100 101 a 0
100 101 b 0
100 14 c 2
100 85 d 0
100 128 e 1
101 102 a 0
101 102 b 2
101 93 c 2
101 15 d 4
101 50 e 0
102 103 a 1
102 103 b 2
102 69 c 2
102 82 d 0
102 38 e 1
103 104 a 2
103 104 b 3
103 6 c 1
103 102 d 3
103 76 e 1
104 105 a 1
104 105 b 1
104 102 c 0
104 50 d 3
104 93 e 0
105 106 a 1
105 106 b 3
105 45 c 2
105 70 d 1
105 83 e 3
106 107 a 4
106 107 b 3
106 39 c 3
106 81 d 4
106 108 e 4
107 108 a 2
107 108 b 4
107 38 c 3
107 43 d 0
107 43 e 1
108 109 a 3
108 109 b 1
108 125 c 1
108 76 d 4
108 87 e 3
109 110 a 4
109 110 b 3
109 6 c 4
109 83 d 0
109 122 e 0
110 111 a 2
110 111 b 0
110 29 c 2
110 128 d 4
110 100 e 0
111 112 a 2
111 112 b 0
111 35 c 4
111 58 d 4
111 37 e 1
112 113 a 0
112 113 b 1
112 124 c 0
112 10 d 3
112 22 e 0
113 114 a 3
113 114 b 3
113 17 c 1
113 30 d 4
113 80 e 3
114 115 a 4
114 115 b 0
114 79 c 0
114 71 d 2
114 51 e 2
115 116 a 4
115 116 b 3
115 38 c 2
115 123 d 0
115 97 e 3
116 117 a 1
116 117 b 4
116 10 c 3
116 84 d 2
116 65 e 2
117 118 a 0
117 118 b 1
117 118 c 3
117 15 d 1
117 125 e 2
118 119 a 4
118 119 b 4
118 100 c 1
118 14 d 0
118 4 e 0
119 120 a 4
119 120 b 4
119 86 c 3
119 87 d 2
119 8 e 2
120 121 a 0
120 121 b 2
120 80 c 3
120 18 d 3
120 1 e 3
121 122 a 1
121 122 b 1
121 92 c 2
121 15 d 1
121 40 e 2
122 123 a 3
122 123 b 1
122 5 c 3
122 61 d 2
122 125 e 0
123 124 a 0
123 124 b 3
123 92 c 3
123 52 d 4
123 65 e 1
124 125 a 1
124 125 b 3
124 118 c 4
124 44 d 4
124 125 e 2
125 126 a 4
125 126 b 0
125 107 c 2
125 4 d 0
125 122 e 1
126 127 a 2
126 127 b 2
126 89 c 3
126 61 d 3
126 70 e 4
127 128 a 2
127 128 b 0
127 95 c 1
127 124 d 2
127 53 e 1
128 1 a 4
128 1 b 4
128 35 c 0
128 11 d 0
128 94 e 2

32 128 640 5 5 0
1 2 a 3
1 2 b 4
1 76 c 0
1 88 d 3
1 26 e 3
2 3 a 1
2 3 b 0
2 9 c 1
2 116 d 4
2 8 e 1
3 4 a 1
3 4 b 4
3 8 c 3
3 21 d 1
3 12 e 1
4 5 a 0
4 5 b 0
4 127 c 4
4 21 d 1
4 75 e 1
5 6 a 3
5 6 b 1
5 39 c 0
5 113 d 4
5 48 e 1
6 7 a 1
6 7 b 0
6 60 c 3
6 75 d 2
6 107 e 2
7 8 a 3
7 8 b 4
7 127 c 0
7 105 d 4
7 109 e 3
8 9 a 1
8 9 b 4
8 51 c 3
8 51 d 0
8 109 e 0
9 10 a 0
9 10 b 4
9 35 c 1
9 57 d 4
9 102 e 1
10 11 a 2
10 11 b 3
10 27 c 4
10 42 d 4
10 22 e 0
11 12 a 4
11 12 b 3
11 107 c 1
11 94 d 4
11 128 e 1
12 13 a 2
12 13 b 0
12 103 c 2
12 78 d 4
12 107 e 4
13 14 a 4
13 14 b 3
13 105 c 0
13 22 d 1
13 98 e 4
14 15 a 1
14 15 b 3
14 77 c 4
14 122 d 0
14 50 e 0
15 16 a 2
15 16 b 3
15 116 c 4
15 94 d 1
15 111 e 4
16 17 a 1
16 17 b 1
16 66 c 0
16 76 d 1
16 110 e 2
17 18 a 2
17 18 b 0
17 33 c 2
17 114 d 2
17 76 e 2
18 19 a 4
18 19 b 3
18 123 c 1
18 33 d 4
18 102 e 0
19 20 a 2
19 20 b 4
19 67 c 0
19 80 d 4
19 95 e 2
20 21 a 1
20 21 b 3
20 109 c 3
20 23 d 2
20 30 e 3
21 22 a 0
21 22 b 0
21 114 c 0
21 52 d 0
21 77 e 1
22 23 a 1
22 23 b 2
22 77 c 3
22 9 d 2
22 91 e 1
23 24 a 4
23 24 b 1
23 128 c 4
23 27 d 2
23 122 e 0
24 25 a 3
24 25 b 4
24 16 c 1
24 21 d 2
24 34 e 3
25 26 a 2
25 26 b 3
25 4 c 1
25 68 d 2
25 13 e 3
26 27 a 4
26 27 b 1
26 106 c 2
26 24 d 1
26 56 e 0
27 28 a 3
27 28 b 3
27 83 c 4
27 41 d 4
27 104 e 3
28 29 a 0
28 29 b 0
28 82 c 3
28 48 d 0
28 35 e 4
29 30 a 2
29 30 b 0
29 128 c 2
29 10 d 2
29 51 e 4
30 31 a 1
30 31 b 2
30 123 c 3
30 56 d 1
30 38 e 1
31 32 a 4
31 32 b 4
31 98 c 3
31 97 d 4
31 81 e 4
32 33 a 3
32 33 b 3
32 91 c 3
32 78 d 1
32 72 e 0
33 34 a 2
33 34 b 1
33 14 c 1
33 109 d 1
33 103 e 4
34 35 a 1
34 35 b 1
34 39 c 0
34 80 d 0
34 77 e 0
35 36 a 1
35 36 b 3
35 88 c 4
35 43 d 2
35 92 e 1
36 37 a 1
36 37 b 2
36 84 c 3
36 89 d 4
36 58 e 3
37 38 a 3
37 38 b 4
37 85 c 2
37 88 d 0
37 83 e 2
38 39 a 4
38 39 b 2
38 23 c 1
38 72 d 4
38 84 e 1
39 40 a 0
39 40 b 4
39 91 c 4
39 111 d 2
39 49 e 3
40 41 a 2
40 41 b 0
40 101 c 2
40 56 d 0
40 32 e 2
41 42 a 2
41 42 b 4
41 126 c 0
41 48 d 0
41 28 e 3
42 43 a 4
42 43 b 1
42 115 c 4
42 8 d 0
42 100 e 3
43 44 a 1
43 44 b 3
43 19 c 2
43 21 d 4
43 121 e 0
44 45 a 3
44 45 b 4
44 53 c 2
44 83 d 1
44 35 e 0
45 46 a 0
45 46 b 4
45 48 c 0
45 94 d 1
45 109 e 3
46 47 a 2
46 47 b 2
46 98 c 1
46 119 d 0
46 36 e 2
47 48 a 0
47 48 b 1
47 42 c 4
47 6 d 2
47 92 e 3
48 49 a 3
48 49 b 0
48 109 c 1
48 18 d 4
48 107 e 3
49 50 a 0
49 50 b 2
49 20 c 4
49 74 d 0
49 108 e 4
50 51 a 1
50 51 b 0
50 12 c 1
50 127 d 0
50 61 e 0
51 52 a 0
51 52 b 1
51 69 c 4
51 40 d 4
51 1 e 0
52 53 a 0
52 53 b 3
52 52 c 0
52 93 d 2
52 31 e 0
53 54 a 2
53 54 b 2
53 82 c 2
53 92 d 4
53 65 e 0
54 55 a 2
54 55 b 2
54 26 c 3
54 7 d 0
54 86 e 0
55 56 a 2
55 56 b 1
55 15 c 4
55 100 d 2
55 17 e 3
56 57 a 2
56 57 b 3
56 51 c 3
56 28 d 4
56 104 e 1
57 58 a 0
57 58 b 3
57 17 c 2
57 125 d 3
57 21 e 3
58 59 a 2
58 59 b 1
58 52 c 2
58 120 d 4
58 24 e 1
59 60 a 4
59 60 b 2
59 45 c 0
59 35 d 4
59 51 e 3
60 61 a 4
60 61 b 4
60 18 c 0
60 55 d 2
60 109 e 3
61 62 a 4
61 62 b 3
61 121 c 3
61 19 d 1
61 16 e 1
62 63 a 2
62 63 b 1
62 1 c 4
62 56 d 4
62 43 e 3
63 64 a 4
63 64 b 0
63 74 c 1
63 75 d 0
63 16 e 0
64 65 a 3
64 65 b 0
64 120 c 0
64 22 d 0
64 87 e 4
65 66 a 3
65 66 b 3
65 51 c 0
65 7 d 2
65 89 e 0
66 67 a 2
66 67 b 2
66 42 c 2
66 48 d 0
66 54 e 2
67 68 a 2
67 68 b 1
67 12 c 0
67 69 d 2
67 79 e 2
68 69 a 0
68 69 b 3
68 13 c 4
68 34 d 2
68 77 e 1
69 70 a 4
69 70 b 3
69 103 c 3
69 66 d 1
69 25 e 2
70 71 a 0
70 71 b 0
70 86 c 1
70 72 d 1
70 97 e 0
71 72 a 3
71 72 b 3
71 27 c 1
71 122 d 3
71 26 e 2
72 73 a 2
72 73 b 1
72 122 c 0
72 65 d 0
72 120 e 1
73 74 a 2
73 74 b 0
73 60 c 0
73 43 d 1
73 119 e 2
74 75 a 4
74 75 b 4
74 46 c 0
74 105 d 4
74 86 e 4
75 76 a 1
75 76 b 4
75 32 c 0
75 81 d 1
75 22 e 3
76 77 a 1
76 77 b 0
76 103 c 1
76 92 d 3
76 127 e 3
77 78 a 3
77 78 b 3
77 91 c 4
77 41 d 0
77 28 e 0
78 79 a 2
78 79 b 1
78 90 c 3
78 121 d 4
78 58 e 3
79 80 a 1
79 80 b 2
79 67 c 1
79 49 d 4
79 109 e 4
80 81 a 4
80 81 b 0
80 123 c 1
80 92 d 1
80 11 e 2
81 82 a 0
81 82 b 0
81 108 c 4
81 38 d 2
81 47 e 2
82 83 a 2
82 83 b 4
82 1 c 0
82 97 d 0
82 56 e 4
83 84 a 3
83 84 b 4
83 43 c 4
83 4 d 3
83 71 e 0
84 85 a 3
84 85 b 1
84 95 c 4
84 39 d 3
84 68 e 4
85 86 a 3
85 86 b 0
85 22 c 3
85 9 d 3
85 89 e 2
86 87 a 2
86 87 b 2
86 75 c 4
86 10 d 3
86 117 e 0
87 88 a 0
87 88 b 2
87 1 c 4
87 49 d 1
87 75 e 0
88 89 a 3
88 89 b 1
88 59 c 2
88 39 d 1
88 81 e 1
89 90 a 0
89 90 b 3
89 1 c 4
89 58 d 3
89 66 e 3
90 91 a 0
90 91 b 2
90 98 c 2
90 91 d 0
90 28 e 3
91 92 a 0
91 92 b 3
91 108 c 2
91 32 d 4
91 34 e 0
92 93 a 4
92 93 b 2
92 54 c 1
92 66 d 0
92 91 e 0
93 94 a 1
93 94 b 3
93 86 c 0
93 32 d 2
93 17 e 3
94 95 a 2
94 95 b 4
94 107 c 4
94 59 d 1
94 83 e 2
95 96 a 3
95 96 b 0
95 21 c 4
95 57 d 0
95 115 e 0
96 97 a 3
96 97 b 0
96 120 c 2
96 98 d 0
96 9 e 3
97 98 a 1
97 98 b 2
97 61 c 4
97 37 d 3
97 111 e 1
98 99 a 2
98 99 b 3
98 17 c 1
98 20 d 2
98 66 e 1
99 100 a 2
99 100 b 0
99 35 c 4
99 100 d 3
99 103 e 1
100 101 a 0
100 101 b 4
100 42 c 2
100 110 d 0
100 4 e 0
101 102 a 3
101 102 b 4
101 93 c 0
101 48 d 4
101 3 e 1
102 103 a 4
102 103 b 1
102 121 c 1
102 77 d 0
102 19 e 3
103 104 a 0
103 104 b 4
103 63 c 0
103 9 d 3
103 38 e 3
104 105 a 2
104 105 b 3
104 116 c 2
104 78 d 2
104 115 e 1
105 106 a 4
105 106 b 2
105 95 c 4
105 42 d 0
105 118 e 1
106 107 a 4
106 107 b 3
106 78 c 1
106 78 d 4
106 107 e 3
107 108 a 2
107 108 b 4
107 17 c 3
107 16 d 2
107 87 e 1
108 109 a 2
108 109 b 0
108 125 c 2
108 106 d 3
108 127 e 3
109 110 a 2
109 110 b 3
109 106 c 3
109 121 d 2
109 111 e 0
110 111 a 1
110 111 b 2
110 54 c 1
110 127 d 4
110 117 e 1
111 112 a 3
111 112 b 3
111 64 c 0
111 97 d 4
111 35 e 1
112 113 a 2
112 113 b 3
112 110 c 4
112 42 d 4
112 80 e 3
113 114 a 1
113 114 b 0
113 39 c 4
113 6 d 3
113 23 e 3
114 115 a 4
114 115 b 2
114 89 c 2
114 72 d 3
114 86 e 3
115 116 a 4
115 116 b 0
115 117 c 4
115 100 d 2
115 49 e 3
116 117 a 1
116 117 b 2
116 110 c 3
116 118 d 0
116 13 e 4
117 118 a 0
117 118 b 2
117 62 c 0
117 57 d 0
117 21 e 2
118 119 a 4
118 119 b 1
118 97 c 1
118 17 d 4
118 57 e 0
119 120 a 0
119 120 b 1
119 87 c 3
119 2 d 1
119 42 e 0
120 121 a 2
120 121 b 3
120 38 c 3
120 54 d 4
120 95 e 0
121 122 a 4
121 122 b 0
121 86 c 2
121 122 d 4
121 18 e 0
122 123 a 2
122 123 b 3
122 115 c 0
122 66 d 0
122 68 e 2
123 124 a 2
123 124 b 3
123 15 c 1
123 33 d 1
123 53 e 4
124 125 a 1
124 125 b 0
124 61 c 0
124 82 d 2
124 109 e 4
125 126 a 4
125 126 b 2
125 23 c 4
125 50 d 3
125 54 e 1
126 127 a 2
126 127 b 3
126 58 c 0
126 67 d 0
126 31 e 4
127 128 a 3
127 128 b 3
127 68 c 2
127 42 d 1
127 123 e 2
128 1 a 1
128 1 b 1
128 92 c 3
128 50 d 1
128 96 e 0

33 128 640 5 5 0
1 2 a 1
1 2 b 2
1 43 c 4
1 71 d 3
1 40 e 1
2 3 a 1
2 3 b 3
2 91 c 0
2 124 d 4
2 115 e 3
3 4 a 2
3 4 b 3
3 31 c 2
3 6 d 3
3 35 e 0
4 5 a 2
4 5 b 0
4 43 c 0
4 62 d 1
4 95 e 4
5 6 a 3
5 6 b 3
5 55 c 2
5 35 d 4
5 17 e 1
6 7 a 3
6 7 b 2
6 1 c 4
6 85 d 3
6 104 e 4
7 8 a 1
7 8 b 2
7 72 c 4
7 27 d 2
7 86 e 0
8 9 a 3
8 9 b 1
8 81 c 2
8 95 d 2
8 19 e 2
9 10 a 3
9 10 b 3
9 102 c 0
9 44 d 0
9 24 e 2
10 11 a 3
10 11 b 4
10 82 c 2
10 55 d 3
10 37 e 3
11 12 a 4
11 12 b 0
11 102 c 0
11 83 d 1
11 60 e 4
12 13 a 1
12 13 b 0
12 119 c 2
12 123 d 4
12 35 e 4
13 14 a 2
13 14 b 3
13 93 c 2
13 76 d 2
13 102 e 3
14 15 a 2
14 15 b 3
14 118 c 4
14 8 d 2
14 83 e 0
15 16 a 2
15 16 b 2
15 33 c 1
15 21 d 1
15 124 e 2
16 17 a 4
16 17 b 0
16 68 c 1
16 123 d 3
16 56 e 1
17 18 a 1
17 18 b 3
17 71 c 4
17 106 d 2
17 34 e 1
18 19 a 3
18 19 b 0
18 22 c 2
18 50 d 1
18 25 e 4
19 20 a 3
19 20 b 0
19 35 c 2
19 72 d 1
19 63 e 3
20 21 a 1
20 21 b 2
20 97 c 4
20 72 d 2
20 122 e 3
21 22 a 1
21 22 b 3
21 74 c 4
21 110 d 2
21 117 e 0
22 23 a 3
22 23 b 1
22 90 c 2
22 27 d 4
22 32 e 4
23 24 a 3
23 24 b 0
23 17 c 3
23 86 d 3
23 44 e 2
24 25 a 0
24 25 b 2
24 117 c 2
24 72 d 3
24 16 e 3
25 26 a 2
25 26 b 3
25 14 c 0
25 63 d 3
25 7 e 1
26 27 a 3
26 27 b 1
26 105 c 2
26 45 d 0
26 15 e 3
27 28 a 2
27 28 b 1
27 22 c 4
27 38 d 1
27 108 e 3
28 29 a 3
28 29 b 0
28 41 c 0
28 101 d 1
28 35 e 0
29 30 a 2
29 30 b 2
29 60 c 1
29 71 d 2
29 127 e 4
30 31 a 4
30 31 b 0
30 108 c 2
30 78 d 2
30 15 e 1
31 32 a 4
31 32 b 3
31 88 c 2
31 32 d 4
31 38 e 0
32 33 a 1
32 33 b 1
32 37 c 1
32 6 d 0
32 90 e 4
33 34 a 0
33 34 b 0
33 124 c 1
33 109 d 1
33 6 e 3
34 35 a 0
34 35 b 2
34 10 c 3
34 104 d 3
34 72 e 0
35 36 a 4
35 36 b 0
35 127 c 0
35 44 d 2
35 3 e 1
36 37 a 2
36 37 b 2
36 16 c 3
36 19 d 0
36 94 e 4
37 38 a 3
37 38 b 3
37 117 c 1
37 25 d 2
37 67 e 3
38 39 a 1
38 39 b 3
38 108 c 3
38 98 d 3
38 97 e 4
39 40 a 0
39 40 b 3
39 52 c 3
39 50 d 4
39 43 e 1
40 41 a 2
40 41 b 3
40 19 c 0
40 115 d 4
40 86 e 1
41 42 a 4
41 42 b 4
41 80 c 0
41 51 d 0
41 95 e 4
42 43 a 2
42 43 b 0
42 57 c 4
42 36 d 0
42 3 e 4
43 44 a 0
43 44 b 3
43 31 c 0
43 26 d 2
43 69 e 4
44 45 a 0
44 45 b 1
44 85 c 2
44 16 d 3
44 107 e 4
45 46 a 1
45 46 b 0
45 52 c 2
45 36 d 3
45 1 e 4
46 47 a 2
46 47 b 3
46 26 c 0
46 22 d 1
46 85 e 1
47 48 a 4
47 48 b 0
47 103 c 3
47 76 d 2
47 121 e 3
48 49 a 4
48 49 b 1
48 127 c 4
48 81 d 4
48 69 e 0
49 50 a 1
49 50 b 4
49 74 c 0
49 82 d 0
49 82 e 1
50 51 a 2
50 51 b 1
50 55 c 4
50 32 d 4
50 128 e 3
51 52 a 3
51 52 b 1
51 52 c 2
51 49 d 2
51 113 e 0
52 53 a 0
52 53 b 4
52 56 c 2
52 30 d 2
52 11 e 2
53 54 a 0
53 54 b 1
53 58 c 3
53 38 d 3
53 122 e 4
54 55 a 1
54 55 b 0
54 55 c 3
54 42 d 4
54 43 e 4
55 56 a 4
55 56 b 0
55 48 c 4
55 47 d 4
55 82 e 3
56 57 a 4
56 57 b 4
56 41 c 4
56 95 d 1
56 102 e 0
57 58 a 3
57 58 b 3
57 43 c 0
57 8 d 1
57 32 e 2
58 59 a 1
58 59 b 1
58 67 c 4
58 28 d 3
58 127 e 1
59 60 a 4
59 60 b 0
59 1 c 2
59 47 d 3
59 71 e 0
60 61 a 4
60 61 b 3
60 121 c 4
60 124 d 2
60 125 e 0
61 62 a 0
61 62 b 1
61 70 c 0
61 97 d 1
61 108 e 3
62 63 a 1
62 63 b 0
62 2 c 4
62 94 d 3
62 36 e 0
63 64 a 4
63 64 b 4
63 79 c 0
63 26 d 4
63 117 e 0
64 65 a 3
64 65 b 3
64 81 c 1
64 94 d 4
64 121 e 3
65 66 a 0
65 66 b 2
65 50 c 0
65 23 d 2
65 7 e 1
66 67 a 2
66 67 b 0
66 29 c 2
66 88 d 1
66 65 e 3
67 68 a 4
67 68 b 0
67 67 c 4
67 86 d 0
67 7 e 1
68 69 a 4
68 69 b 4
68 89 c 4
68 107 d 3
68 1 e 1
69 70 a 1
69 70 b 3
69 23 c 1
69 20 d 4
69 25 e 1
70 71 a 2
70 71 b 4
70 59 c 1
70 115 d 1
70 126 e 3
71 72 a 4
71 72 b 4
71 4 c 4
71 77 d 0
71 35 e 1
72 73 a 0
72 73 b 4
72 56 c 1
72 12 d 3
72 62 e 1
73 74 a 4
73 74 b 3
73 31 c 2
73 62 d 4
73 73 e 2
74 75 a 4
74 75 b 2
74 5 c 2
74 21 d 1
74 4 e 2
75 76 a 3
75 76 b 2
75 59 c 0
75 101 d 1
75 114 e 0
76 77 a 4
76 77 b 3
76 23 c 2
76 42 d 4
76 87 e 4
77 78 a 2
77 78 b 1
77 112 c 1
77 127 d 4
77 64 e 1
78 79 a 2
78 79 b 0
78 34 c 0
78 39 d 2
78 123 e 1
79 80 a 1
79 80 b 3
79 16 c 1
79 8 d 3
79 27 e 0
80 81 a 4
80 81 b 2
80 29 c 3
80 43 d 1
80 117 e 4
81 82 a 2
81 82 b 4
81 50 c 0
81 62 d 0
81 38 e 3
82 83 a 0
82 83 b 4
82 59 c 0
82 18 d 2
82 11 e 2
83 84 a 3
83 84 b 1
83 42 c 0
83 29 d 1
83 70 e 3
84 85 a 3
84 85 b 0
84 115 c 3
84 121 d 2
84 64 e 0
85 86 a 0
85 86 b 0
85 14 c 3
85 99 d 1
85 34 e 1
86 87 a 2
86 87 b 0
86 120 c 3
86 60 d 3
86 90 e 1
87 88 a 1
87 88 b 1
87 50 c 1
87 12 d 4
87 29 e 0
88 89 a 0
88 89 b 4
88 64 c 4
88 122 d 3
88 95 e 0
89 90 a 2
89 90 b 0
89 43 c 1
89 85 d 1
89 92 e 1
90 91 a 4
90 91 b 3
90 128 c 0
90 15 d 3
90 19 e 2
91 92 a 3
91 92 b 0
91 79 c 3
91 61 d 2
91 69 e 4
92 93 a 3
92 93 b 1
92 45 c 4
92 24 d 4
92 123 e 4
93 94 a 2
93 94 b 0
93 51 c 1
93 126 d 1
93 125 e 0
94 95 a 0
94 95 b 0
94 124 c 4
94 114 d 4
94 92 e 4
95 96 a 3
95 96 b 0
95 42 c 2
95 23 d 0
95 105 e 4
96 97 a 1
96 97 b 2
96 98 c 4
96 57 d 2
96 59 e 3
97 98 a 1
97 98 b 0
97 75 c 4
97 69 d 0
97 45 e 2
98 99 a 3
98 99 b 4
98 19 c 1
98 76 d 0
98 93 e 4
99 100 a 2
99 100 b 0
99 107 c 1
99 4 d 1
99 47 e 2
100 101 a 4
100 101 b 3
100 6 c 1
100 71 d 2
100 72 e 3
101 102 a 3
101 102 b 0
101 29 c 1
101 18 d 4
101 19 e 1
102 103 a 4
102 103 b 2
102 110 c 2
102 7 d 3
102 64 e 2
103 104 a 2
103 104 b 2
103 57 c 0
103 108 d 1
103 63 e 3
104 105 a 2
104 105 b 2
104 65 c 1
104 41 d 3
104 73 e 3
105 106 a 0
105 106 b 1
105 81 c 3
105 77 d 4
105 88 e 3
106 107 a 1
106 107 b 4
106 53 c 1
106 10 d 4
106 42 e 1
107 108 a 4
107 108 b 3
107 60 c 1
107 53 d 2
107 66 e 1
108 109 a 0
108 109 b 0
108 61 c 0
108 71 d 1
108 103 e 3
109 110 a 0
109 110 b 2
109 15 c 2
109 95 d 2
109 35 e 1
110 111 a 1
110 111 b 0
110 15 c 0
110 61 d 2
110 69 e 1
111 112 a 0
111 112 b 3
111 29 c 0
111 72 d 3
111 96 e 3
112 113 a 3
112 113 b 3
112 31 c 2
112 9 d 0
112 74 e 0
113 114 a 1
113 114 b 3
113 126 c 2
113 46 d 1
113 29 e 1
114 115 a 3
114 115 b 2
114 36 c 1
114 8 d 1
114 57 e 2
115 116 a 3
115 116 b 4
115 4 c 4
115 13 d 4
115 64 e 4
116 117 a 4
116 117 b 3
116 18 c 0
116 87 d 3
116 25 e 2
117 118 a 2
117 118 b 0
117 70 c 3
117 35 d 0
117 110 e 4
118 119 a 0
118 119 b 0
118 29 c 0
118 83 d 2
118 46 e 4
119 120 a 4
119 120 b 3
119 24 c 3
119 108 d 2
119 11 e 3
120 121 a 3
120 121 b 3
120 60 c 1
120 25 d 2
120 125 e 1
121 122 a 4
121 122 b 0
121 16 c 4
121 38 d 1
121 61 e 2
122 123 a 2
122 123 b 1
122 34 c 4
122 6 d 3
122 75 e 3
123 124 a 0
123 124 b 1
123 2 c 2
123 78 d 3
123 104 e 4
124 125 a 0
124 125 b 1
124 69 c 3
124 55 d 1
124 29 e 1
125 126 a 1
125 126 b 2
125 4 c 0
125 32 d 1
125 50 e 1
126 127 a 2
126 127 b 0
126 90 c 0
126 9 d 1
126 56 e 0
127 128 a 2
127 128 b 4
127 106 c 3
127 25 d 3
127 128 e 0
128 1 a 1
128 1 b 1
128 86 c 2
128 25 d 2
128 34 e 0

34 128 640 5 5 0
1 2 a 0
1 2 b 0
1 73 c 3
1 119 d 4
1 119 e 4
2 3 a 3
2 3 b 1
2 110 c 2
2 68 d 3
2 30 e 4
3 4 a 1
3 4 b 4
3 118 c 0
3 55 d 1
3 123 e 3
4 5 a 2
4 5 b 0
4 23 c 4
4 40 d 3
4 51 e 1
5 6 a 0
5 6 b 2
5 8 c 1
5 21 d 3
5 49 e 3
6 7 a 2
6 7 b 1
6 5 c 2
6 32 d 0
6 37 e 3
7 8 a 0
7 8 b 0
7 81 c 3
7 14 d 3
7 128 e 2
8 9 a 3
8 9 b 0
8 47 c 0
8 74 d 3
8 121 e 0
9 10 a 0
9 10 b 1
9 104 c 0
9 96 d 4
9 11 e 0
10 11 a 4
10 11 b 4
10 72 c 3
10 3 d 0
10 116 e 3
11 12 a 0
11 12 b 3
11 33 c 0
11 8 d 4
11 55 e 4
12 13 a 2
12 13 b 1
12 71 c 4
12 104 d 3
12 27 e 4
13 14 a 3
13 14 b 2
13 18 c 2
13 66 d 3
13 43 e 2
14 15 a 2
14 15 b 1
14 95 c 1
14 87 d 1
14 52 e 3
15 16 a 0
15 16 b 1
15 15 c 4
15 12 d 0
15 73 e 2
16 17 a 4
16 17 b 2
16 6 c 3
16 107 d 3
16 66 e 0
17 18 a 1
17 18 b 4
17 45 c 0
17 34 d 4
17 57 e 3
18 19 a 1
18 19 b 1
18 113 c 3
18 2 d 2
18 12 e 3
19 20 a 3
19 20 b 0
19 66 c 2
19 1 d 4
19 94 e 0
20 21 a 0
20 21 b 1
20 21 c 0
20 57 d 4
20 22 e 2
21 22 a 4
21 22 b 3
21 98 c 2
21 103 d 3
21 94 e 4
22 23 a 0
22 23 b 3
22 38 c 0
22 110 d 4
22 37 e 2
23 24 a 1
23 24 b 3
23 99 c 0
23 81 d 4
23 29 e 2
24 25 a 3
24 25 b 4
24 27 c 0
24 60 d 1
24 62 e 4
25 26 a 4
25 26 b 3
25 89 c 1
25 123 d 3
25 65 e 3
26 27 a 1
26 27 b 0
26 40 c 3
26 1 d 4
26 38 e 0
27 28 a 2
27 28 b 3
27 25 c 0
27 99 d 1
27 47 e 3
28 29 a 4
28 29 b 2
28 65 c 1
28 90 d 0
28 99 e 4
29 30 a 1
29 30 b 2
29 57 c 4
29 69 d 4
29 12 e 0
30 31 a 1
30 31 b 4
30 28 c 2
30 37 d 0
30 56 e 0
31 32 a 3
31 32 b 3
31 13 c 2
31 31 d 2
31 60 e 1
32 33 a 3
32 33 b 0
32 47 c 2
32 125 d 2
32 44 e 0
33 34 a 2
33 34 b 3
33 42 c 0
33 45 d 1
33 100 e 2
34 35 a 3
34 35 b 1
34 45 c 3
34 65 d 4
34 3 e 1
35 36 a 0
35 36 b 2
35 102 c 0
35 109 d 4
35 107 e 4
36 37 a 0
36 37 b 3
36 12 c 3
36 12 d 3
36 66 e 4
37 38 a 3
37 38 b 1
37 86 c 0
37 27 d 1
37 115 e 4
38 39 a 4
38 39 b 0
38 1 c 4
38 60 d 0
38 46 e 2
39 40 a 0
39 40 b 4
39 77 c 1
39 53 d 4
39 100 e 4
40 41 a 0
40 41 b 3
40 128 c 1
40 111 d 4
40 76 e 1
41 42 a 1
41 42 b 4
41 98 c 1
41 119 d 1
41 97 e 1
42 43 a 0
42 43 b 3
42 64 c 0
42 128 d 0
42 98 e 2
43 44 a 0
43 44 b 3
43 106 c 2
43 95 d 4
43 80 e 1
44 45 a 0
44 45 b 2
44 53 c 3
44 14 d 3
44 115 e 3
45 46 a 0
45 46 b 3
45 121 c 1
45 41 d 2
45 86 e 1
46 47 a 3
46 47 b 3
46 19 c 4
46 116 d 0
46 70 e 4
47 48 a 3
47 48 b 0
47 100 c 2
47 83 d 3
47 87 e 0
48 49 a 4
48 49 b 4
48 80 c 2
48 81 d 1
48 95 e 2
49 50 a 2
49 50 b 1
49 65 c 3
49 26 d 1
49 121 e 3
50 51 a 3
50 51 b 2
50 34 c 1
50 128 d 4
50 3 e 1
51 52 a 1
51 52 b 1
51 100 c 1
51 122 d 4
51 32 e 3
52 53 a 3
52 53 b 0
52 124 c 2
52 32 d 2
52 55 e 1
53 54 a 3
53 54 b 2
53 98 c 2
53 48 d 2
53 114 e 0
54 55 a 0
54 55 b 4
54 20 c 4
54 12 d 3
54 64 e 0
55 56 a 0
55 56 b 2
55 17 c 0
55 58 d 3
55 84 e 3
56 57 a 2
56 57 b 4
56 95 c 4
56 99 d 2
56 36 e 0
57 58 a 3
57 58 b 1
57 5 c 3
57 84 d 2
57 106 e 1
58 59 a 4
58 59 b 0
58 17 c 3
58 128 d 2
58 38 e 3
59 60 a 2
59 60 b 2
59 20 c 3
59 124 d 4
59 26 e 2
60 61 a 2
60 61 b 1
60 33 c 3
60 2 d 0
60 77 e 2
61 62 a 0
61 62 b 1
61 82 c 3
61 111 d 3
61 9 e 0
62 63 a 3
62 63 b 0
62 67 c 3
62 68 d 1
62 93 e 3
63 64 a 2
63 64 b 4
63 20 c 2
63 41 d 4
63 27 e 2
64 65 a 0
64 65 b 2
64 107 c 0
64 101 d 0
64 91 e 4
65 66 a 1
65 66 b 2
65 112 c 1
65 103 d 1
65 118 e 0
66 67 a 2
66 67 b 1
66 79 c 2
66 65 d 3
66 12 e 2
67 68 a 1
67 68 b 2
67 58 c 0
67 39 d 1
67 126 e 1
68 69 a 0
68 69 b 3
68 101 c 1
68 116 d 1
68 117 e 2
69 70 a 3
69 70 b 4
69 8 c 2
69 38 d 0
69 90 e 2
70 71 a 2
70 71 b 4
70 96 c 2
70 93 d 2
70 91 e 1
71 72 a 4
71 72 b 3
71 46 c 2
71 96 d 0
71 108 e 0
72 73 a 1
72 73 b 4
72 54 c 0
72 24 d 1
72 68 e 4
73 74 a 4
73 74 b 0
73 65 c 3
73 18 d 4
73 92 e 1
74 75 a 3
74 75 b 4
74 28 c 1
74 1 d 0
74 115 e 4
75 76 a 3
75 76 b 2
75 23 c 1
75 58 d 0
75 13 e 4
76 77 a 3
76 77 b 0
76 6 c 1
76 55 d 3
76 111 e 3
77 78 a 4
77 78 b 2
77 68 c 2
77 21 d 2
77 37 e 0
78 79 a 4
78 79 b 2
78 43 c 2
78 22 d 4
78 124 e 2
79 80 a 3
79 80 b 2
79 29 c 0
79 31 d 3
79 8 e 3
80 81 a 3
80 81 b 4
80 127 c 4
80 58 d 2
80 31 e 0
81 82 a 0
81 82 b 1
81 56 c 2
81 22 d 2
81 92 e 2
82 83 a 0
82 83 b 4
82 54 c 2
82 2 d 2
82 29 e 3
83 84 a 2
83 84 b 0
83 105 c 4
83 118 d 0
83 6 e 0
84 85 a 2
84 85 b 4
84 71 c 2
84 10 d 1
84 124 e 0
85 86 a 2
85 86 b 3
85 70 c 4
85 124 d 1
85 42 e 1
86 87 a 3
86 87 b 1
86 101 c 0
86 47 d 3
86 127 e 4
87 88 a 2
87 88 b 2
87 35 c 3
87 39 d 3
87 46 e 1
88 89 a 0
88 89 b 1
88 6 c 3
88 13 d 4
88 45 e 0
89 90 a 4
89 90 b 1
89 22 c 4
89 49 d 2
89 55 e 3
90 91 a 0
90 91 b 3
90 95 c 3
90 3 d 3
90 74 e 0
91 92 a 1
91 92 b 4
91 115 c 0
91 25 d 4
91 41 e 1
92 93 a 4
92 93 b 4
92 101 c 2
92 45 d 0
92 91 e 3
93 94 a 4
93 94 b 1
93 79 c 3
93 28 d 4
93 42 e 3
94 95 a 3
94 95 b 2
94 77 c 3
94 104 d 4
94 37 e 2
95 96 a 1
95 96 b 0
95 127 c 4
95 54 d 3
95 30 e 2
96 97 a 4
96 97 b 1
96 11 c 0
96 81 d 4
96 45 e 3
97 98 a 0
97 98 b 3
97 25 c 0
97 37 d 1
97 43 e 3
98 99 a 2
98 99 b 3
98 86 c 3
98 69 d 2
98 56 e 0
99 100 a 4
99 100 b 4
99 114 c 3
99 101 d 4
99 54 e 0
100 101 a 4
100 101 b 4
100 34 c 0
100 97 d 0
100 76 e 2
101 102 a 1
101 102 b 3
101 30 c 4
101 52 d 0
101 100 e 1
102 103 a 4
102 103 b 4
102 35 c 4
102 1 d 4
102 44 e 1
103 104 a 3
103 104 b 2
103 114 c 2
103 14 d 0
103 25 e 1
104 105 a 2
104 105 b 3
104 79 c 2
104 68 d 0
104 95 e 3
105 106 a 3
105 106 b 0
105 3 c 2
105 49 d 3
105 122 e 1
106 107 a 2
106 107 b 4
106 91 c 1
106 6 d 1
106 41 e 1
107 108 a 3
107 108 b 1
107 39 c 0
107 25 d 2
107 110 e 3
108 109 a 3
108 109 b 4
108 60 c 2
108 100 d 2
108 15 e 1
109 110 a 1
109 110 b 2
109 115 c 1
109 4 d 1
109 24 e 2
110 111 a 2
110 111 b 4
110 39 c 4
110 59 d 3
110 86 e 2
111 112 a 4
111 112 b 2
111 59 c 2
111 111 d 0
111 93 e 4
112 113 a 2
112 113 b 1
112 17 c 2
112 40 d 1
112 4 e 4
113 114 a 4
113 114 b 1
113 20 c 2
113 22 d 1
113 100 e 1
114 115 a 3
114 115 b 2
114 47 c 3
114 8 d 0
114 92 e 2
115 116 a 2
115 116 b 4
115 83 c 2
115 118 d 2
115 16 e 3
116 117 a 0
116 117 b 4
116 117 c 1
116 120 d 0
116 101 e 2
117 118 a 4
117 118 b 3
117 14 c 3
117 77 d 4
117 6 e 0
118 119 a 3
118 119 b 0
118 26 c 0
118 85 d 2
118 99 e 0
119 120 a 4
119 120 b 2
119 26 c 4
119 23 d 2
119 44 e 4
120 121 a 4
120 121 b 3
120 17 c 0
120 60 d 3
120 90 e 0
121 122 a 4
121 122 b 2
121 10 c 0
121 18 d 3
121 39 e 0
122 123 a 3
122 123 b 3
122 17 c 4
122 10 d 3
122 18 e 1
123 124 a 2
123 124 b 1
123 53 c 4
123 59 d 3
123 92 e 4
124 125 a 2
124 125 b 3
124 13 c 0
124 92 d 1
124 13 e 1
125 126 a 2
125 126 b 4
125 48 c 3
125 78 d 4
125 111 e 2
126 127 a 3
126 127 b 3
126 59 c 1
126 16 d 4
126 17 e 0
127 128 a 2
127 128 b 1
127 79 c 4
127 72 d 0
127 70 e 2
128 1 a 1
128 1 b 4
128 16 c 3
128 65 d 1
128 35 e 2

35 128 640 5 5 0
1 2 a 0
1 2 b 4
1 39 c 4
1 103 d 0
1 5 e 2
2 3 a 3
2 3 b 2
2 65 c 2
2 77 d 1
2 9 e 1
3 4 a 0
3 4 b 0
3 14 c 0
3 40 d 0
3 18 e 4
4 5 a 1
4 5 b 0
4 66 c 3
4 81 d 2
4 71 e 2
5 6 a 0
5 6 b 4
5 24 c 0
5 71 d 0
5 18 e 2
6 7 a 2
6 7 b 1
6 74 c 1
6 42 d 2
6 34 e 2
7 8 a 3
7 8 b 2
7 26 c 1
7 65 d 2
7 105 e 2
8 9 a 1
8 9 b 3
8 77 c 0
8 117 d 3
8 31 e 1
9 10 a 3
9 10 b 0
9 42 c 2
9 84 d 4
9 61 e 1
10 11 a 2
10 11 b 3
10 127 c 1
10 15 d 4
10 3 e 2
11 12 a 2
11 12 b 4
11 28 c 3
11 125 d 3
11 115 e 4
12 13 a 2
12 13 b 1
12 86 c 4
12 22 d 0
12 83 e 4
13 14 a 0
13 14 b 2
13 6 c 1
13 120 d 4
13 47 e 2
14 15 a 0
14 15 b 3
14 7 c 0
14 101 d 4
14 85 e 0
15 16 a 0
15 16 b 4
15 60 c 4
15 66 d 1
15 87 e 1
16 17 a 0
16 17 b 2
16 8 c 2
16 26 d 3
16 12 e 1
17 18 a 2
17 18 b 1
17 83 c 3
17 25 d 4
17 15 e 0
18 19 a 0
18 19 b 0
18 12 c 3
18 18 d 4
18 63 e 3
19 20 a 3
19 20 b 0
19 33 c 3
19 122 d 2
19 62 e 3
20 21 a 0
20 21 b 0
20 8 c 4
20 107 d 3
20 114 e 3
21 22 a 3
21 22 b 1
21 58 c 3
21 33 d 0
21 6 e 0
22 23 a 4
22 23 b 0
22 51 c 4
22 128 d 0
22 106 e 0
23 24 a 3
23 24 b 1
23 116 c 2
23 12 d 1
23 79 e 2
24 25 a 4
24 25 b 3
24 1 c 1
24 111 d 0
24 44 e 1
25 26 a 3
25 26 b 2
25 99 c 1
25 119 d 1
25 60 e 1
26 27 a 4
26 27 b 1
26 38 c 1
26 21 d 3
26 125 e 4
27 28 a 3
27 28 b 4
27 92 c 3
27 96 d 1
27 51 e 0
28 29 a 2
28 29 b 2
28 25 c 3
28 16 d 0
28 99 e 1
29 30 a 4
29 30 b 0
29 117 c 3
29 3 d 1
29 88 e 1
30 31 a 1
30 31 b 4
30 13 c 3
30 59 d 2
30 33 e 0
31 32 a 2
31 32 b 1
31 2 c 2
31 94 d 4
31 17 e 3
32 33 a 2
32 33 b 2
32 120 c 1
32 52 d 4
32 62 e 1
33 34 a 0
33 34 b 1
33 25 c 1
33 45 d 0
33 3 e 4
34 35 a 4
34 35 b 0
34 15 c 4
34 89 d 4
34 126 e 2
35 36 a 2
35 36 b 2
35 13 c 0
35 110 d 2
35 18 e 1
36 37 a 1
36 37 b 3
36 71 c 2
36 69 d 3
36 102 e 0
37 38 a 4
37 38 b 2
37 118 c 2
37 93 d 0
37 100 e 4
38 39 a 2
38 39 b 1
38 85 c 4
38 87 d 0
38 59 e 0
39 40 a 2
39 40 b 2
39 38 c 4
39 120 d 3
39 94 e 0
40 41 a 0
40 41 b 0
40 46 c 4
40 42 d 2
40 2 e 2
41 42 a 3
41 42 b 0
41 53 c 3
41 123 d 2
41 36 e 4
42 43 a 0
42 43 b 0
42 7 c 4
42 28 d 2
42 1 e 4
43 44 a 3
43 44 b 0
43 117 c 3
43 100 d 4
43 28 e 2
44 45 a 2
44 45 b 4
44 84 c 2
44 75 d 2
44 59 e 2
45 46 a 1
45 46 b 4
45 125 c 1
45 111 d 4
45 106 e 3
46 47 a 1
46 47 b 1
46 76 c 0
46 18 d 4
46 119 e 3
47 48 a 0
47 48 b 1
47 33 c 1
47 26 d 4
47 116 e 1
48 49 a 2
48 49 b 0
48 98 c 1
48 16 d 4
48 57 e 1
49 50 a 0
49 50 b 4
49 119 c 3
49 33 d 4
49 95 e 0
50 51 a 3
50 51 b 4
50 76 c 1
50 32 d 0
50 70 e 2
51 52 a 3
51 52 b 4
51 83 c 1
51 2 d 1
51 15 e 0
52 53 a 3
52 53 b 2
52 127 c 4
52 97 d 2
52 35 e 4
53 54 a 2
53 54 b 3
53 74 c 3
53 122 d 2
53 42 e 3
54 55 a 0
54 55 b 1
54 48 c 3
54 46 d 3
54 21 e 4
55 56 a 2
55 56 b 1
55 50 c 3
55 5 d 2
55 21 e 1
56 57 a 4
56 57 b 1
56 84 c 1
56 38 d 0
56 33 e 3
57 58 a 3
57 58 b 3
57 31 c 3
57 96 d 4
57 117 e 2
58 59 a 1
58 59 b 3
58 32 c 1
58 37 d 1
58 13 e 2
59 60 a 4
59 60 b 4
59 103 c 1
59 9 d 1
59 46 e 1
60 61 a 1
60 61 b 0
60 9 c 4
60 71 d 2
60 93 e 2
61 62 a 2
61 62 b 0
61 30 c 2
61 60 d 1
61 101 e 1
62 63 a 0
62 63 b 1
62 67 c 0
62 107 d 1
62 86 e 2
63 64 a 2
63 64 b 2
63 25 c 0
63 119 d 0
63 128 e 3
64 65 a 1
64 65 b 2
64 69 c 2
64 44 d 3
64 124 e 2
65 66 a 3
65 66 b 3
65 110 c 1
65 119 d 0
65 36 e 1
66 67 a 4
66 67 b 2
66 66 c 4
66 105 d 4
66 23 e 4
67 68 a 2
67 68 b 0
67 113 c 3
67 56 d 2
67 54 e 2
68 69 a 0
68 69 b 2
68 48 c 1
68 62 d 1
68 41 e 0
69 70 a 1
69 70 b 0
69 56 c 2
69 119 d 0
69 90 e 0
70 71 a 1
70 71 b 3
70 68 c 4
70 7 d 3
70 120 e 4
71 72 a 0
71 72 b 2
71 23 c 1
71 50 d 2
71 118 e 0
72 73 a 1
72 73 b 4
72 115 c 2
72 99 d 3
72 10 e 3
73 74 a 1
73 74 b 4
73 35 c 2
73 38 d 2
73 46 e 4
74 75 a 1
74 75 b 3
74 114 c 4
74 46 d 4
74 34 e 0
75 76 a 4
75 76 b 3
75 50 c 4
75 79 d 1
75 104 e 1
76 77 a 0
76 77 b 3
76 54 c 4
76 4 d 3
76 71 e 0
77 78 a 3
77 78 b 1
77 88 c 4
77 107 d 0
77 73 e 2
78 79 a 2
78 79 b 3
78 116 c 1
78 68 d 1
78 61 e 2
79 80 a 3
79 80 b 1
79 106 c 3
79 118 d 1
79 54 e 2
80 81 a 0
80 81 b 2
80 32 c 3
80 10 d 1
80 9 e 3
81 82 a 4
81 82 b 1
81 126 c 0
81 45 d 4
81 83 e 3
82 83 a 2
82 83 b 2
82 113 c 0
82 50 d 1
82 112 e 4
83 84 a 3
83 84 b 2
83 105 c 0
83 15 d 0
83 5 e 3
84 85 a 2
84 85 b 3
84 90 c 0
84 91 d 0
84 120 e 1
85 86 a 2
85 86 b 4
85 62 c 0
85 86 d 4
85 115 e 4
86 87 a 4
86 87 b 1
86 18 c 1
86 97 d 4
86 100 e 2
87 88 a 1
87 88 b 3
87 84 c 0
87 1 d 4
87 128 e 2
88 89 a 2
88 89 b 2
88 12 c 1
88 97 d 1
88 59 e 1
89 90 a 1
89 90 b 0
89 64 c 4
89 77 d 1
89 81 e 1
90 91 a 2
90 91 b 3
90 126 c 3
90 56 d 1
90 65 e 2
91 92 a 2
91 92 b 3
91 86 c 4
91 54 d 0
91 76 e 2
92 93 a 4
92 93 b 1
92 93 c 1
92 2 d 4
92 123 e 0
93 94 a 1
93 94 b 3
93 43 c 4
93 122 d 2
93 22 e 4
94 95 a 2
94 95 b 0
94 93 c 0
94 30 d 1
94 46 e 4
95 96 a 4
95 96 b 3
95 21 c 1
95 21 d 2
95 20 e 3
96 97 a 3
96 97 b 2
96 117 c 2
96 40 d 1
96 95 e 2
97 98 a 2
97 98 b 3
97 40 c 0
97 69 d 2
97 106 e 1
98 99 a 2
98 99 b 1
98 89 c 3
98 125 d 0
98 83 e 4
99 100 a 1
99 100 b 1
99 57 c 1
99 6 d 3
99 126 e 2
100 101 a 4
100 101 b 3
100 125 c 1
100 58 d 1
100 16 e 3
101 102 a 2
101 102 b 3
101 94 c 4
101 22 d 3
101 116 e 0
102 103 a 2
102 103 b 2
102 24 c 2
102 60 d 2
102 89 e 0
103 104 a 0
103 104 b 2
103 107 c 4
103 113 d 1
103 50 e 4
104 105 a 4
104 105 b 3
104 29 c 1
104 32 d 1
104 53 e 2
105 106 a 1
105 106 b 0
105 118 c 2
105 85 d 3
105 93 e 1
106 107 a 3
106 107 b 3
106 66 c 1
106 67 d 1
106 104 e 3
107 108 a 0
107 108 b 3
107 83 c 1
107 62 d 1
107 89 e 1
108 109 a 3
108 109 b 3
108 124 c 0
108 66 d 4
108 119 e 1
109 110 a 4
109 110 b 3
109 23 c 1
109 106 d 0
109 76 e 2
110 111 a 1
110 111 b 4
110 128 c 2
110 122 d 3
110 39 e 4
111 112 a 2
111 112 b 1
111 24 c 2
111 86 d 1
111 27 e 4
112 113 a 1
112 113 b 0
112 67 c 0
112 8 d 0
112 126 e 3
113 114 a 0
113 114 b 2
113 106 c 3
113 61 d 4
113 106 e 4
114 115 a 0
114 115 b 0
114 122 c 2
114 73 d 3
114 63 e 2
115 116 a 1
115 116 b 4
115 98 c 2
115 31 d 0
115 31 e 1
116 117 a 2
116 117 b 0
116 25 c 3
116 90 d 1
116 113 e 3
117 118 a 2
117 118 b 3
117 22 c 3
117 55 d 4
117 95 e 1
118 119 a 1
118 119 b 3
118 87 c 3
118 24 d 0
118 88 e 1
119 120 a 1
119 120 b 3
119 91 c 4
119 2 d 4
119 14 e 3
120 121 a 2
120 121 b 2
120 39 c 3
120 32 d 1
120 120 e 2
121 122 a 0
121 122 b 3
121 68 c 3
121 62 d 3
121 82 e 2
122 123 a 0
122 123 b 2
122 63 c 2
122 79 d 1
122 24 e 3
123 124 a 4
123 124 b 2
123 41 c 0
123 103 d 4
123 15 e 1
124 125 a 3
124 125 b 4
124 21 c 3
124 66 d 1
124 61 e 1
125 126 a 2
125 126 b 1
125 28 c 4
125 59 d 0
125 107 e 3
126 127 a 2
126 127 b 0
126 92 c 4
126 86 d 0
126 42 e 3
127 128 a 4
127 128 b 4
127 116 c 4
127 55 d 1
127 75 e 1
128 1 a 2
128 1 b 0
128 10 c 3
128 40 d 0
128 101 e 4

36 128 640 5 5 0
1 2 a 0
1 2 b 1
1 69 c 1
1 23 d 0
1 84 e 0
2 3 a 3
2 3 b 1
2 83 c 3
2 21 d 0
2 52 e 1
3 4 a 1
3 4 b 4
3 101 c 4
3 88 d 0
3 106 e 4
4 5 a 1
4 5 b 3
4 46 c 3
4 58 d 3
4 27 e 4
5 6 a 3
5 6 b 3
5 104 c 0
5 56 d 4
5 50 e 0
6 7 a 2
6 7 b 2
6 79 c 1
6 116 d 0
6 95 e 1
7 8 a 1
7 8 b 1
7 35 c 3
7 52 d 1
7 19 e 3
8 9 a 0
8 9 b 3
8 42 c 4
8 97 d 2
8 5 e 3
9 10 a 3
9 10 b 3
9 44 c 2
9 8 d 4
9 48 e 4
10 11 a 4
10 11 b 1
10 118 c 0
10 92 d 3
10 82 e 3
11 12 a 3
11 12 b 4
11 87 c 1
11 50 d 4
11 110 e 1
12 13 a 2
12 13 b 2
12 38 c 2
12 3 d 3
12 75 e 2
13 14 a 1
13 14 b 3
13 58 c 4
13 110 d 0
13 115 e 0
14 15 a 3
14 15 b 3
14 112 c 3
14 51 d 4
14 54 e 3
15 16 a 0
15 16 b 0
15 41 c 1
15 57 d 3
15 36 e 2
16 17 a 0
16 17 b 4
16 73 c 0
16 9 d 3
16 22 e 4
17 18 a 4
17 18 b 4
17 57 c 2
17 81 d 1
17 38 e 2
18 19 a 1
18 19 b 2
18 102 c 2
18 99 d 0
18 50 e 1
19 20 a 0
19 20 b 0
19 64 c 3
19 51 d 3
19 93 e 2
20 21 a 3
20 21 b 4
20 60 c 3
20 92 d 4
20 14 e 0
21 22 a 2
21 22 b 3
21 82 c 2
21 27 d 0
21 111 e 3
22 23 a 1
22 23 b 1
22 128 c 1
22 82 d 1
22 111 e 3
23 24 a 4
23 24 b 4
23 69 c 0
23 7 d 0
23 64 e 0
24 25 a 1
24 25 b 4
24 39 c 0
24 98 d 3
24 90 e 1
25 26 a 0
25 26 b 0
25 45 c 2
25 51 d 3
25 118 e 3
26 27 a 2
26 27 b 4
26 101 c 4
26 106 d 2
26 20 e 2
27 28 a 2
27 28 b 4
27 95 c 3
27 29 d 4
27 118 e 4
28 29 a 0
28 29 b 3
28 48 c 3
28 5 d 1
28 35 e 3
29 30 a 4
29 30 b 2
29 113 c 2
29 1 d 0
29 100 e 3
30 31 a 1
30 31 b 1
30 62 c 1
30 17 d 3
30 74 e 1
31 32 a 1
31 32 b 3
31 55 c 0
31 93 d 3
31 38 e 4
32 33 a 4
32 33 b 2
32 2 c 2
32 44 d 4
32 16 e 1
33 34 a 4
33 34 b 2
33 71 c 2
33 109 d 1
33 97 e 3
34 35 a 0
34 35 b 1
34 50 c 1
34 49 d 0
34 57 e 4
35 36 a 3
35 36 b 2
35 117 c 3
35 47 d 4
35 121 e 1
36 37 a 4
36 37 b 1
36 67 c 2
36 63 d 3
36 74 e 3
37 38 a 0
37 38 b 0
37 86 c 1
37 95 d 0
37 20 e 1
38 39 a 4
38 39 b 4
38 106 c 0
38 49 d 2
38 8 e 0
39 40 a 0
39 40 b 3
39 64 c 2
39 123 d 0
39 23 e 2
40 41 a 3
40 41 b 1
40 28 c 1
40 37 d 0
40 120 e 1
41 42 a 2
41 42 b 2
41 71 c 2
41 63 d 2
41 38 e 4
42 43 a 1
42 43 b 1
42 13 c 3
42 121 d 2
42 96 e 3
43 44 a 2
43 44 b 3
43 64 c 4
43 41 d 3
43 39 e 1
44 45 a 3
44 45 b 0
44 52 c 1
44 72 d 2
44 67 e 1
45 46 a 1
45 46 b 4
45 65 c 2
45 117 d 0
45 63 e 2
46 47 a 0
46 47 b 0
46 68 c 2
46 113 d 0
46 104 e 3
47 48 a 4
47 48 b 0
47 30 c 2
47 33 d 1
47 82 e 4
48 49 a 0
48 49 b 4
48 52 c 2
48 15 d 3
48 83 e 2
49 50 a 2
49 50 b 2
49 109 c 3
49 105 d 1
49 5 e 0
50 51 a 4
50 51 b 3
50 55 c 1
50 1 d 0
50 73 e 4
51 52 a 0
51 52 b 2
51 2 c 0
51 75 d 4
51 63 e 0
52 53 a 1
52 53 b 3
52 67 c 0
52 98 d 1
52 79 e 1
53 54 a 1
53 54 b 1
53 114 c 3
53 4 d 4
53 35 e 0
54 55 a 2
54 55 b 1
54 13 c 3
54 17 d 1
54 42 e 0
55 56 a 2
55 56 b 0
55 19 c 3
55 15 d 1
55 23 e 2
56 57 a 2
56 57 b 2
56 10 c 4
56 41 d 4
56 95 e 2
57 58 a 1
57 58 b 2
57 122 c 4
57 44 d 4
57 63 e 4
58 59 a 1
58 59 b 0
58 111 c 4
58 9 d 0
58 52 e 0
59 60 a 1
59 60 b 3
59 122 c 1
59 86 d 0
59 1 e 0
60 61 a 4
60 61 b 0
60 48 c 4
60 76 d 4
60 45 e 2
61 62 a 3
61 62 b 0
61 42 c 3
61 74 d 0
61 2 e 2
62 63 a 3
62 63 b 4
62 4 c 4
62 81 d 2
62 14 e 2
63 64 a 3
63 64 b 2
63 95 c 2
63 6 d 1
63 38 e 3
64 65 a 0
64 65 b 2
64 94 c 4
64 52 d 0
64 94 e 0
65 66 a 2
65 66 b 2
65 44 c 1
65 71 d 2
65 19 e 0
66 67 a 1
66 67 b 1
66 117 c 2
66 81 d 1
66 98 e 4
67 68 a 1
67 68 b 1
67 104 c 2
67 9 d 4
67 45 e 2
68 69 a 4
68 69 b 1
68 60 c 1
68 71 d 3
68 29 e 2
69 70 a 4
69 70 b 3
69 40 c 0
69 9 d 4
69 26 e 2
70 71 a 1
70 71 b 4
70 105 c 2
70 114 d 0
70 85 e 4
71 72 a 3
71 72 b 3
71 64 c 2
71 69 d 4
71 63 e 0
72 73 a 0
72 73 b 0
72 113 c 1
72 110 d 4
72 16 e 3
73 74 a 0
73 74 b 0
73 69 c 1
73 122 d 1
73 65 e 0
74 75 a 3
74 75 b 3
74 9 c 4
74 26 d 3
74 17 e 3
75 76 a 3
75 76 b 3
75 13 c 4
75 36 d 2
75 4 e 2
76 77 a 2
76 77 b 0
76 38 c 4
76 18 d 3
76 95 e 4
77 78 a 1
77 78 b 3
77 44 c 4
77 1 d 3
77 46 e 0
78 79 a 1
78 79 b 0
78 125 c 1
78 50 d 4
78 62 e 3
79 80 a 1
79 80 b 3
79 120 c 3
79 13 d 3
79 35 e 3
80 81 a 2
80 81 b 1
80 2 c 0
80 25 d 0
80 51 e 1
81 82 a 2
81 82 b 4
81 5 c 3
81 5 d 4
81 9 e 3
82 83 a 4
82 83 b 0
82 108 c 0
82 35 d 1
82 3 e 1
83 84 a 1
83 84 b 2
83 40 c 1
83 103 d 3
83 69 e 4
84 85 a 0
84 85 b 2
84 46 c 4
84 109 d 1
84 52 e 4
85 86 a 0
85 86 b 4
85 119 c 3
85 112 d 4
85 123 e 3
86 87 a 4
86 87 b 3
86 126 c 4
86 83 d 3
86 9 e 2
87 88 a 1
87 88 b 3
87 70 c 3
87 28 d 0
87 17 e 1
88 89 a 0
88 89 b 0
88 81 c 1
88 116 d 4
88 9 e 0
89 90 a 0
89 90 b 4
89 42 c 2
89 41 d 1
89 44 e 3
90 91 a 2
90 91 b 1
90 92 c 2
90 44 d 1
90 120 e 1
91 92 a 4
91 92 b 0
91 121 c 0
91 19 d 3
91 48 e 3
92 93 a 2
92 93 b 4
92 20 c 1
92 24 d 2
92 91 e 2
93 94 a 3
93 94 b 2
93 71 c 1
93 24 d 0
93 67 e 1
94 95 a 4
94 95 b 0
94 46 c 4
94 21 d 2
94 119 e 3
95 96 a 3
95 96 b 4
95 106 c 1
95 52 d 1
95 73 e 1
96 97 a 3
96 97 b 4
96 31 c 4
96 63 d 1
96 81 e 1
97 98 a 3
97 98 b 4
97 118 c 2
97 37 d 2
97 104 e 2
98 99 a 3
98 99 b 3
98 27 c 0
98 117 d 3
98 46 e 1
99 100 a 2
99 100 b 3
99 64 c 4
99 103 d 2
99 5 e 2
100 101 a 3
100 101 b 2
100 25 c 4
100 83 d 4
100 20 e 0
101 102 a 1
101 102 b 0
101 94 c 0
101 56 d 3
101 69 e 4
102 103 a 0
102 103 b 2
102 76 c 2
102 54 d 4
102 70 e 4
103 104 a 4
103 104 b 1
103 36 c 2
103 20 d 2
103 12 e 0
104 105 a 4
104 105 b 3
104 43 c 0
104 59 d 1
104 75 e 4
105 106 a 1
105 106 b 0
105 40 c 1
105 57 d 1
105 127 e 4
106 107 a 3
106 107 b 4
106 105 c 3
106 63 d 3
106 103 e 4
107 108 a 1
107 108 b 1
107 62 c 4
107 35 d 4
107 5 e 4
108 109 a 1
108 109 b 2
108 124 c 2
108 95 d 2
108 31 e 2
109 110 a 4
109 110 b 3
109 123 c 1
109 16 d 4
109 65 e 2
110 111 a 2
110 111 b 2
110 25 c 4
110 120 d 0
110 56 e 2
111 112 a 4
111 112 b 4
111 53 c 1
111 124 d 3
111 24 e 3
112 113 a 4
112 113 b 2
112 53 c 1
112 39 d 4
112 56 e 4
113 114 a 0
113 114 b 1
113 128 c 0
113 37 d 4
113 49 e 4
114 115 a 0
114 115 b 1
114 4 c 3
114 73 d 0
114 98 e 3
115 116 a 4
115 116 b 0
115 50 c 4
115 8 d 0
115 111 e 2
116 117 a 0
116 117 b 1
116 125 c 0
116 123 d 0
116 61 e 3
117 118 a 0
117 118 b 2
117 95 c 4
117 96 d 1
117 119 e 1
118 119 a 2
118 119 b 4
118 83 c 4
118 26 d 1
118 12 e 2
119 120 a 4
119 120 b 3
119 92 c 2
119 45 d 3
119 47 e 2
120 121 a 3
120 121 b 3
120 125 c 0
120 67 d 1
120 86 e 3
121 122 a 2
121 122 b 2
121 63 c 1
121 42 d 3
121 60 e 0
122 123 a 4
122 123 b 2
122 46 c 0
122 83 d 1
122 95 e 2
123 124 a 2
123 124 b 2
123 92 c 2
123 84 d 2
123 3 e 0
124 125 a 1
124 125 b 1
124 92 c 4
124 103 d 0
124 45 e 1
125 126 a 0
125 126 b 0
125 72 c 0
125 105 d 3
125 40 e 3
126 127 a 1
126 127 b 0
126 60 c 2
126 92 d 4
126 3 e 0
127 128 a 1
127 128 b 3
127 89 c 4
127 102 d 3
127 17 e 1
128 1 a 4
128 1 b 2
128 67 c 1
128 79 d 2
128 103 e 0

37 128 640 5 5 0
1 2 a 2
1 2 b 2
1 35 c 2
1 7 d 0
1 98 e 1
2 3 a 2
2 3 b 0
2 38 c 1
2 29 d 4
2 31 e 1
3 4 a 4
3 4 b 1
3 124 c 3
3 73 d 0
3 1 e 2
4 5 a 1
4 5 b 3
4 90 c 2
4 100 d 0
4 47 e 3
5 6 a 4
5 6 b 3
5 120 c 4
5 106 d 1
5 19 e 0
6 7 a 4
6 7 b 3
6 19 c 3
6 127 d 1
6 92 e 0
7 8 a 2
7 8 b 0
7 109 c 0
7 103 d 2
7 124 e 1
8 9 a 2
8 9 b 0
8 72 c 4
8 12 d 2
8 43 e 1
9 10 a 1
9 10 b 0
9 110 c 0
9 124 d 3
9 98 e 3
10 11 a 0
10 11 b 1
10 44 c 2
10 104 d 2
10 97 e 3
11 12 a 4
11 12 b 3
11 83 c 4
11 38 d 4
11 42 e 3
12 13 a 2
12 13 b 2
12 54 c 0
12 48 d 4
12 3 e 3
13 14 a 1
13 14 b 0
13 46 c 3
13 35 d 1
13 120 e 4
14 15 a 2
14 15 b 4
14 25 c 4
14 65 d 1
14 87 e 2
15 16 a 0
15 16 b 2
15 86 c 3
15 112 d 1
15 50 e 4
16 17 a 2
16 17 b 3
16 75 c 1
16 57 d 1
16 96 e 4
17 18 a 0
17 18 b 3
17 96 c 0
17 73 d 0
17 124 e 1
18 19 a 4
18 19 b 4
18 1 c 4
18 115 d 2
18 101 e 4
19 20 a 0
19 20 b 3
19 31 c 3
19 44 d 2
19 60 e 2
20 21 a 2
20 21 b 3
20 48 c 2
20 13 d 0
20 106 e 1
21 22 a 4
21 22 b 4
21 43 c 0
21 85 d 3
21 23 e 0
22 23 a 1
22 23 b 4
22 13 c 1
22 101 d 3
22 52 e 1
23 24 a 1
23 24 b 0
23 86 c 0
23 66 d 4
23 114 e 1
24 25 a 3
24 25 b 4
24 12 c 1
24 22 d 0
24 72 e 4
25 26 a 4
25 26 b 0
25 55 c 0
25 47 d 0
25 113 e 4
26 27 a 3
26 27 b 3
26 100 c 0
26 126 d 1
26 107 e 3
27 28 a 3
27 28 b 0
27 35 c 1
27 25 d 3
27 122 e 3
28 29 a 3
28 29 b 3
28 8 c 0
28 58 d 3
28 35 e 0
29 30 a 2
29 30 b 0
29 45 c 0
29 63 d 1
29 49 e 3
30 31 a 2
30 31 b 3
30 46 c 1
30 40 d 4
30 51 e 1
31 32 a 3
31 32 b 0
31 44 c 4
31 27 d 0
31 124 e 2
32 33 a 1
32 33 b 3
32 76 c 2
32 99 d 3
32 34 e 1
33 34 a 4
33 34 b 1
33 53 c 4
33 109 d 3
33 128 e 2
34 35 a 0
34 35 b 3
34 21 c 3
34 74 d 1
34 52 e 1
35 36 a 4
35 36 b 2
35 28 c 2
35 47 d 4
35 33 e 0
36 37 a 0
36 37 b 1
36 127 c 2
36 120 d 2
36 110 e 2
37 38 a 4
37 38 b 3
37 118 c 2
37 33 d 4
37 5 e 0
38 39 a 0
38 39 b 4
38 63 c 3
38 75 d 3
38 21 e 0
39 40 a 4
39 40 b 4
39 25 c 4
39 61 d 0
39 16 e 1
40 41 a 4
40 41 b 4
40 73 c 4
40 97 d 2
40 46 e 3
41 42 a 3
41 42 b 3
41 25 c 1
41 67 d 1
41 105 e 2
42 43 a 0
42 43 b 1
42 84 c 4
42 21 d 4
42 127 e 1
43 44 a 3
43 44 b 0
43 75 c 0
43 46 d 4
43 114 e 4
44 45 a 4
44 45 b 2
44 84 c 1
44 6 d 3
44 11 e 3
45 46 a 3
45 46 b 0
45 69 c 1
45 59 d 3
45 83 e 2
46 47 a 0
46 47 b 0
46 125 c 2
46 15 d 3
46 25 e 2
47 48 a 4
47 48 b 1
47 92 c 4
47 104 d 4
47 111 e 3
48 49 a 2
48 49 b 1
48 69 c 2
48 79 d 1
48 45 e 3
49 50 a 2
49 50 b 2
49 35 c 1
49 113 d 0
49 108 e 2
50 51 a 2
50 51 b 3
50 98 c 0
50 33 d 3
50 12 e 1
51 52 a 4
51 52 b 3
51 113 c 4
51 84 d 4
51 46 e 2
52 53 a 2
52 53 b 1
52 71 c 2
52 36 d 0
52 59 e 4
53 54 a 1
53 54 b 2
53 91 c 3
53 77 d 4
53 91 e 2
54 55 a 4
54 55 b 0
54 42 c 3
54 51 d 0
54 127 e 3
55 56 a 2
55 56 b 1
55 53 c 1
55 90 d 1
55 88 e 1
56 57 a 0
56 57 b 4
56 128 c 2
56 109 d 2
56 93 e 2
57 58 a 1
57 58 b 3
57 20 c 4
57 56 d 0
57 73 e 2
58 59 a 0
58 59 b 1
58 125 c 0
58 45 d 4
58 27 e 2
59 60 a 2
59 60 b 0
59 77 c 4
59 99 d 2
59 20 e 1
60 61 a 0
60 61 b 3
60 24 c 3
60 18 d 0
60 61 e 0
61 62 a 4
61 62 b 1
61 118 c 2
61 24 d 1
61 94 e 4
62 63 a 4
62 63 b 4
62 5 c 0
62 119 d 3
62 7 e 3
63 64 a 1
63 64 b 3
63 100 c 1
63 85 d 0
63 11 e 2
64 65 a 1
64 65 b 4
64 56 c 0
64 123 d 2
64 128 e 2
65 66 a 1
65 66 b 4
65 43 c 1
65 87 d 3
65 65 e 4
66 67 a 1
66 67 b 3
66 103 c 4
66 122 d 3
66 108 e 2
67 68 a 4
67 68 b 2
67 32 c 0
67 26 d 0
67 101 e 0
68 69 a 4
68 69 b 1
68 8 c 3
68 16 d 2
68 81 e 0
69 70 a 0
69 70 b 4
69 88 c 1
69 91 d 2
69 27 e 1
70 71 a 1
70 71 b 2
70 78 c 2
70 28 d 0
70 114 e 4
71 72 a 2
71 72 b 1
71 41 c 0
71 24 d 2
71 73 e 4
72 73 a 4
72 73 b 3
72 47 c 2
72 58 d 4
72 86 e 1
73 74 a 1
73 74 b 1
73 40 c 2
73 14 d 3
73 19 e 3
74 75 a 3
74 75 b 0
74 96 c 0
74 70 d 2
74 64 e 3
75 76 a 3
75 76 b 2
75 40 c 2
75 57 d 2
75 95 e 3
76 77 a 0
76 77 b 3
76 86 c 2
76 95 d 2
76 55 e 1
77 78 a 3
77 78 b 4
77 64 c 0
77 86 d 1
77 82 e 1
78 79 a 2
78 79 b 0
78 69 c 2
78 97 d 2
78 127 e 3
79 80 a 2
79 80 b 1
79 69 c 1
79 99 d 0
79 80 e 3
80 81 a 3
80 81 b 0
80 36 c 2
80 104 d 2
80 29 e 1
81 82 a 4
81 82 b 0
81 75 c 1
81 29 d 1
81 128 e 3
82 83 a 4
82 83 b 4
82 38 c 3
82 83 d 0
82 86 e 1
83 84 a 1
83 84 b 3
83 39 c 0
83 128 d 4
83 68 e 4
84 85 a 4
84 85 b 1
84 66 c 0
84 62 d 4
84 48 e 3
85 86 a 1
85 86 b 2
85 111 c 2
85 74 d 4
85 68 e 2
86 87 a 2
86 87 b 2
86 43 c 1
86 6 d 0
86 110 e 0
87 88 a 3
87 88 b 3
87 119 c 3
87 119 d 2
87 98 e 0
88 89 a 3
88 89 b 0
88 87 c 4
88 71 d 4
88 23 e 0
89 90 a 4
89 90 b 4
89 84 c 3
89 69 d 3
89 70 e 4
90 91 a 1
90 91 b 3
90 123 c 1
90 96 d 1
90 111 e 2
91 92 a 2
91 92 b 4
91 92 c 4
91 48 d 0
91 83 e 1
92 93 a 4
92 93 b 1
92 12 c 4
92 109 d 0
92 123 e 2
93 94 a 3
93 94 b 0
93 35 c 1
93 118 d 3
93 47 e 3
94 95 a 3
94 95 b 0
94 63 c 0
94 75 d 2
94 128 e 2
95 96 a 1
95 96 b 4
95 127 c 2
95 19 d 1
95 63 e 0
96 97 a 0
96 97 b 1
96 9 c 1
96 23 d 1
96 3 e 2
97 98 a 2
97 98 b 0
97 4 c 4
97 69 d 4
97 39 e 3
98 99 a 1
98 99 b 3
98 30 c 4
98 46 d 1
98 73 e 1
99 100 a 1
99 100 b 0
99 7 c 2
99 8 d 4
99 77 e 3
100 101 a 3
100 101 b 1
100 117 c 0
100 45 d 2
100 88 e 1
101 102 a 0
101 102 b 0
101 30 c 3
101 26 d 2
101 85 e 2
102 103 a 0
102 103 b 2
102 65 c 4
102 112 d 4
102 115 e 3
103 104 a 0
103 104 b 0
103 29 c 4
103 119 d 0
103 37 e 4
104 105 a 0
104 105 b 2
104 120 c 4
104 22 d 0
104 33 e 4
105 106 a 2
105 106 b 1
105 26 c 4
105 93 d 0
105 98 e 4
106 107 a 0
106 107 b 1
106 79 c 4
106 123 d 4
106 38 e 4
107 108 a 0
107 108 b 4
107 105 c 0
107 72 d 0
107 112 e 1
108 109 a 4
108 109 b 2
108 59 c 4
108 60 d 1
108 7 e 0
109 110 a 3
109 110 b 0
109 31 c 4
109 118 d 2
109 117 e 3
110 111 a 2
110 111 b 4
110 113 c 4
110 54 d 4
110 9 e 4
111 112 a 1
111 112 b 0
111 18 c 2
111 99 d 2
111 86 e 1
112 113 a 0
112 113 b 2
112 102 c 0
112 6 d 1
112 50 e 4
113 114 a 1
113 114 b 1
113 86 c 2
113 77 d 1
113 55 e 0
114 115 a 3
114 115 b 2
114 79 c 0
114 9 d 0
114 69 e 4
115 116 a 4
115 116 b 4
115 65 c 2
115 48 d 0
115 126 e 4
116 117 a 1
116 117 b 2
116 33 c 2
116 92 d 1
116 73 e 2
117 118 a 1
117 118 b 1
117 103 c 4
117 74 d 0
117 80 e 3
118 119 a 1
118 119 b 2
118 16 c 4
118 92 d 0
118 1 e 0
119 120 a 1
119 120 b 4
119 29 c 1
119 24 d 2
119 17 e 4
120 121 a 0
120 121 b 1
120 18 c 3
120 38 d 2
120 116 e 2
121 122 a 2
121 122 b 1
121 121 c 0
121 86 d 1
121 103 e 0
122 123 a 3
122 123 b 4
122 93 c 0
122 23 d 0
122 102 e 0
123 124 a 3
123 124 b 3
123 79 c 0
123 1 d 4
123 54 e 2
124 125 a 4
124 125 b 2
124 100 c 2
124 76 d 0
124 93 e 4
125 126 a 4
125 126 b 2
125 52 c 3
125 87 d 3
125 36 e 3
126 127 a 1
126 127 b 1
126 93 c 4
126 35 d 2
126 28 e 3
127 128 a 3
127 128 b 0
127 126 c 2
127 85 d 1
127 22 e 3
128 1 a 3
128 1 b 2
128 61 c 0
128 55 d 4
128 41 e 1

38 128 640 5 5 0
1 2 a 3
1 2 b 1
1 66 c 0
1 55 d 3
1 48 e 4
2 3 a 4
2 3 b 2
2 57 c 4
2 102 d 0
2 74 e 2
3 4 a 4
3 4 b 0
3 83 c 4
3 122 d 3
3 88 e 4
4 5 a 0
4 5 b 3
4 70 c 3
4 77 d 0
4 3 e 3
5 6 a 0
5 6 b 3
5 72 c 2
5 92 d 1
5 51 e 2
6 7 a 3
6 7 b 1
6 24 c 0
6 73 d 0
6 25 e 4
7 8 a 2
7 8 b 2
7 118 c 2
7 90 d 0
7 38 e 0
8 9 a 3
8 9 b 4
8 38 c 2
8 119 d 3
8 17 e 2
9 10 a 1
9 10 b 4
9 113 c 2
9 48 d 1
9 84 e 1
10 11 a 0
10 11 b 0
10 35 c 4
10 52 d 0
10 48 e 0
11 12 a 3
11 12 b 1
11 14 c 1
11 91 d 3
11 37 e 2
12 13 a 1
12 13 b 1
12 5 c 4
12 30 d 1
12 123 e 4
13 14 a 0
13 14 b 2
13 98 c 2
13 25 d 1
13 60 e 1
14 15 a 4
14 15 b 1
14 2 c 2
14 16 d 1
14 56 e 0
15 16 a 3
15 16 b 0
15 67 c 2
15 103 d 0
15 127 e 3
16 17 a 2
16 17 b 0
16 13 c 3
16 40 d 2
16 106 e 4
17 18 a 3
17 18 b 0
17 70 c 0
17 1 d 1
17 19 e 1
18 19 a 0
18 19 b 4
18 92 c 1
18 67 d 0
18 88 e 3
19 20 a 1
19 20 b 1
19 63 c 1
19 101 d 0
19 92 e 0
20 21 a 2
20 21 b 0
20 100 c 0
20 127 d 2
20 6 e 1
21 22 a 4
21 22 b 0
21 67 c 3
21 79 d 3
21 128 e 4
22 23 a 3
22 23 b 2
22 89 c 0
22 55 d 4
22 57 e 1
23 24 a 3
23 24 b 0
23 39 c 0
23 60 d 0
23 99 e 2
24 25 a 2
24 25 b 1
24 50 c 1
24 9 d 1
24 118 e 3
25 26 a 3
25 26 b 3
25 1 c 3
25 107 d 0
25 43 e 1
26 27 a 0
26 27 b 1
26 34 c 2
26 82 d 1
26 2 e 2
27 28 a 1
27 28 b 1
27 38 c 0
27 86 d 4
27 61 e 4
28 29 a 0
28 29 b 2
28 32 c 1
28 48 d 2
28 99 e 0
29 30 a 3
29 30 b 4
29 41 c 0
29 60 d 2
29 61 e 4
30 31 a 1
30 31 b 1
30 95 c 0
30 126 d 4
30 92 e 4
31 32 a 0
31 32 b 2
31 98 c 2
31 26 d 4
31 17 e 4
32 33 a 4
32 33 b 4
32 85 c 0
32 90 d 1
32 116 e 3
33 34 a 0
33 34 b 3
33 99 c 2
33 44 d 4
33 94 e 1
34 35 a 3
34 35 b 1
34 55 c 1
34 34 d 2
34 111 e 4
35 36 a 2
35 36 b 1
35 3 c 0
35 112 d 4
35 8 e 2
36 37 a 1
36 37 b 1
36 122 c 2
36 113 d 1
36 82 e 0
37 38 a 4
37 38 b 3
37 86 c 0
37 34 d 2
37 53 e 1
38 39 a 3
38 39 b 4
38 83 c 3
38 38 d 2
38 98 e 0
39 40 a 0
39 40 b 2
39 50 c 0
39 64 d 0
39 74 e 1
40 41 a 2
40 41 b 0
40 55 c 0
40 92 d 3
40 36 e 4
41 42 a 3
41 42 b 1
41 43 c 4
41 7 d 1
41 107 e 3
42 43 a 1
42 43 b 3
42 91 c 1
42 113 d 0
42 93 e 1
43 44 a 1
43 44 b 1
43 23 c 0
43 114 d 1
43 126 e 2
44 45 a 0
44 45 b 3
44 51 c 2
44 3 d 2
44 19 e 3
45 46 a 4
45 46 b 2
45 10 c 1
45 65 d 4
45 39 e 0
46 47 a 2
46 47 b 1
46 118 c 2
46 109 d 3
46 10 e 2
47 48 a 1
47 48 b 1
47 89 c 1
47 111 d 3
47 77 e 4
48 49 a 2
48 49 b 4
48 23 c 0
48 78 d 2
48 71 e 3
49 50 a 1
49 50 b 0
49 25 c 3
49 57 d 4
49 18 e 2
50 51 a 1
50 51 b 3
50 76 c 3
50 1 d 3
50 15 e 4
51 52 a 2
51 52 b 4
51 32 c 1
51 29 d 0
51 94 e 3
52 53 a 4
52 53 b 2
52 10 c 4
52 37 d 3
52 103 e 1
53 54 a 1
53 54 b 0
53 3 c 1
53 87 d 1
53 84 e 3
54 55 a 3
54 55 b 4
54 6 c 0
54 21 d 4
54 20 e 4
55 56 a 1
55 56 b 1
55 22 c 0
55 101 d 0
55 90 e 0
56 57 a 0
56 57 b 4
56 53 c 2
56 112 d 4
56 27 e 0
57 58 a 0
57 58 b 0
57 110 c 1
57 4 d 0
57 20 e 4
58 59 a 3
58 59 b 4
58 76 c 0
58 18 d 4
58 66 e 1
59 60 a 2
59 60 b 2
59 97 c 3
59 47 d 3
59 104 e 4
60 61 a 1
60 61 b 3
60 64 c 0
60 23 d 4
60 13 e 3
61 62 a 1
61 62 b 3
61 3 c 4
61 38 d 3
61 122 e 4
62 63 a 0
62 63 b 3
62 69 c 0
62 94 d 1
62 64 e 3
63 64 a 3
63 64 b 2
63 41 c 1
63 100 d 3
63 49 e 3
64 65 a 4
64 65 b 3
64 82 c 4
64 2 d 4
64 98 e 4
65 66 a 1
65 66 b 4
65 105 c 3
65 38 d 4
65 48 e 0
66 67 a 0
66 67 b 0
66 26 c 2
66 98 d 0
66 55 e 3
67 68 a 1
67 68 b 1
67 23 c 3
67 106 d 1
67 92 e 4
68 69 a 3
68 69 b 2
68 19 c 2
68 26 d 1
68 69 e 0
69 70 a 4
69 70 b 2
69 72 c 1
69 109 d 0
69 91 e 2
70 71 a 3
70 71 b 0
70 115 c 4
70 6 d 3
70 79 e 4
71 72 a 0
71 72 b 3
71 82 c 1
71 43 d 2
71 18 e 1
72 73 a 2
72 73 b 3
72 45 c 1
72 69 d 3
72 92 e 0
73 74 a 0
73 74 b 4
73 74 c 2
73 98 d 1
73 38 e 2
74 75 a 2
74 75 b 3
74 118 c 1
74 51 d 0
74 47 e 2
75 76 a 4
75 76 b 1
75 3 c 1
75 14 d 4
75 123 e 1
76 77 a 1
76 77 b 0
76 69 c 3
76 108 d 2
76 79 e 1
77 78 a 2
77 78 b 1
77 21 c 3
77 108 d 4
77 55 e 0
78 79 a 4
78 79 b 4
78 78 c 2
78 79 d 3
78 128 e 1
79 80 a 0
79 80 b 0
79 82 c 3
79 122 d 0
79 62 e 2
80 81 a 1
80 81 b 0
80 6 c 0
80 120 d 4
80 71 e 3
81 82 a 4
81 82 b 3
81 81 c 2
81 117 d 2
81 54 e 3
82 83 a 3
82 83 b 0
82 33 c 3
82 67 d 2
82 105 e 1
83 84 a 3
83 84 b 4
83 102 c 2
83 89 d 3
83 4 e 2
84 85 a 4
84 85 b 1
84 21 c 4
84 79 d 4
84 108 e 4
85 86 a 0
85 86 b 0
85 39 c 0
85 100 d 0
85 76 e 0
86 87 a 4
86 87 b 1
86 24 c 2
86 120 d 4
86 19 e 0
87 88 a 1
87 88 b 2
87 104 c 3
87 18 d 1
87 116 e 2
88 89 a 3
88 89 b 2
88 29 c 0
88 91 d 1
88 101 e 1
89 90 a 3
89 90 b 1
89 62 c 4
89 33 d 3
89 33 e 1
90 91 a 2
90 91 b 2
90 90 c 3
90 85 d 0
90 38 e 2
91 92 a 3
91 92 b 4
91 127 c 4
91 13 d 0
91 55 e 4
92 93 a 3
92 93 b 4
92 68 c 4
92 2 d 2
92 91 e 4
93 94 a 2
93 94 b 4
93 64 c 2
93 19 d 1
93 92 e 1
94 95 a 1
94 95 b 1
94 16 c 0
94 65 d 4
94 73 e 2
95 96 a 2
95 96 b 4
95 84 c 3
95 50 d 2
95 116 e 1
96 97 a 1
96 97 b 4
96 50 c 2
96 46 d 4
96 117 e 0
97 98 a 0
97 98 b 4
97 82 c 4
97 36 d 2
97 37 e 2
98 99 a 1
98 99 b 1
98 97 c 2
98 38 d 0
98 36 e 2
99 100 a 4
99 100 b 2
99 15 c 2
99 105 d 0
99 84 e 0
100 101 a 0
100 101 b 0
100 16 c 1
100 70 d 2
100 92 e 1
101 102 a 0
101 102 b 2
101 30 c 0
101 59 d 0
101 38 e 3
102 103 a 0
102 103 b 4
102 118 c 2
102 107 d 2
102 96 e 4
103 104 a 4
103 104 b 3
103 87 c 4
103 26 d 3
103 127 e 3
104 105 a 4
104 105 b 3
104 6 c 2
104 50 d 3
104 55 e 0
105 106 a 2
105 106 b 4
105 76 c 0
105 64 d 1
105 4 e 2
106 107 a 2
106 107 b 2
106 118 c 0
106 120 d 1
106 37 e 1
107 108 a 2
107 108 b 4
107 84 c 2
107 45 d 0
107 28 e 1
108 109 a 0
108 109 b 4
108 59 c 3
108 90 d 2
108 47 e 4
109 110 a 1
109 110 b 3
109 4 c 2
109 28 d 2
109 106 e 2
110 111 a 3
110 111 b 4
110 10 c 1
110 53 d 2
110 26 e 2
111 112 a 1
111 112 b 4
111 47 c 1
111 10 d 2
111 83 e 1
112 113 a 3
112 113 b 3
112 88 c 1
112 38 d 1
112 108 e 4
113 114 a 3
113 114 b 1
113 109 c 4
113 53 d 0
113 126 e 0
114 115 a 2
114 115 b 2
114 90 c 3
114 10 d 4
114 104 e 1
115 116 a 3
115 116 b 3
115 16 c 3
115 25 d 3
115 78 e 0
116 117 a 3
116 117 b 3
116 4 c 3
116 126 d 4
116 21 e 2
117 118 a 0
117 118 b 2
117 47 c 4
117 116 d 3
117 104 e 2
118 119 a 4
118 119 b 2
118 13 c 0
118 95 d 2
118 54 e 1
119 120 a 2
119 120 b 0
119 30 c 4
119 67 d 1
119 50 e 4
120 121 a 0
120 121 b 3
120 104 c 4
120 74 d 0
120 82 e 4
121 122 a 1
121 122 b 1
121 115 c 0
121 65 d 0
121 81 e 3
122 123 a 4
122 123 b 0
122 75 c 4
122 28 d 0
122 45 e 2
123 124 a 0
123 124 b 2
123 2 c 0
123 110 d 0
123 42 e 3
124 125 a 4
124 125 b 4
124 44 c 1
124 114 d 3
124 77 e 2
125 126 a 4
125 126 b 4
125 97 c 0
125 5 d 0
125 97 e 4
126 127 a 2
126 127 b 0
126 62 c 0
126 41 d 2
126 117 e 0
127 128 a 0
127 128 b 0
127 100 c 1
127 3 d 1
127 91 e 1
128 1 a 4
128 1 b 3
128 119 c 3
128 94 d 4
128 43 e 4

39 128 640 5 5 0
1 2 a 0
1 2 b 3
1 32 c 3
1 38 d 0
1 63 e 0
2 3 a 4
2 3 b 2
2 12 c 2
2 110 d 0
2 53 e 3
3 4 a 1
3 4 b 3
3 106 c 0
3 107 d 1
3 112 e 4
4 5 a 0
4 5 b 1
4 113 c 4
4 118 d 0
4 23 e 0
5 6 a 2
5 6 b 3
5 89 c 3
5 14 d 3
5 20 e 1
6 7 a 4
6 7 b 1
6 93 c 0
6 83 d 2
6 22 e 0
7 8 a 3
7 8 b 1
7 63 c 3
7 12 d 1
7 15 e 1
8 9 a 0
8 9 b 0
8 67 c 2
8 35 d 4
8 55 e 4
9 10 a 3
9 10 b 2
9 51 c 1
9 35 d 2
9 7 e 2
10 11 a 0
10 11 b 1
10 90 c 0
10 65 d 4
10 63 e 1
11 12 a 3
11 12 b 0
11 9 c 2
11 80 d 0
11 97 e 3
12 13 a 2
12 13 b 2
12 21 c 4
12 75 d 4
12 51 e 0
13 14 a 1
13 14 b 3
13 87 c 0
13 79 d 1
13 65 e 1
14 15 a 3
14 15 b 4
14 42 c 0
14 30 d 4
14 88 e 1
15 16 a 1
15 16 b 2
15 113 c 2
15 30 d 0
15 13 e 1
16 17 a 4
16 17 b 0
16 14 c 3
16 87 d 2
16 52 e 3
17 18 a 3
17 18 b 0
17 108 c 0
17 121 d 4
17 105 e 0
18 19 a 1
18 19 b 2
18 118 c 2
18 84 d 4
18 11 e 0
19 20 a 4
19 20 b 2
19 30 c 0
19 93 d 1
19 59 e 2
20 21 a 2
20 21 b 4
20 87 c 1
20 48 d 4
20 98 e 2
21 22 a 2
21 22 b 1
21 27 c 2
21 9 d 4
21 40 e 0
22 23 a 2
22 23 b 2
22 102 c 0
22 73 d 2
22 126 e 1
23 24 a 3
23 24 b 0
23 57 c 2
23 119 d 1
23 21 e 4
24 25 a 2
24 25 b 0
24 24 c 2
24 60 d 1
24 100 e 3
25 26 a 0
25 26 b 0
25 12 c 2
25 102 d 0
25 38 e 4
26 27 a 3
26 27 b 3
26 33 c 4
26 103 d 2
26 89 e 3
27 28 a 0
27 28 b 4
27 105 c 1
27 83 d 4
27 64 e 0
28 29 a 2
28 29 b 2
28 120 c 3
28 101 d 3
28 99 e 0
29 30 a 3
29 30 b 3
29 102 c 3
29 122 d 1
29 10 e 3
30 31 a 1
30 31 b 0
30 80 c 4
30 20 d 3
30 69 e 1
31 32 a 0
31 32 b 2
31 87 c 0
31 89 d 2
31 103 e 2
32 33 a 3
32 33 b 4
32 31 c 4
32 18 d 4
32 6 e 2
33 34 a 1
33 34 b 0
33 81 c 0
33 44 d 0
33 125 e 3
34 35 a 1
34 35 b 4
34 26 c 1
34 58 d 4
34 106 e 0
35 36 a 2
35 36 b 0
35 42 c 3
35 113 d 2
35 48 e 3
36 37 a 4
36 37 b 4
36 54 c 1
36 43 d 2
36 118 e 2
37 38 a 4
37 38 b 2
37 119 c 4
37 100 d 1
37 38 e 1
38 39 a 1
38 39 b 1
38 40 c 4
38 64 d 4
38 111 e 0
39 40 a 2
39 40 b 2
39 11 c 1
39 3 d 2
39 67 e 1
40 41 a 3
40 41 b 2
40 101 c 0
40 23 d 3
40 90 e 3
41 42 a 4
41 42 b 3
41 125 c 1
41 10 d 4
41 46 e 3
42 43 a 3
42 43 b 4
42 33 c 1
42 14 d 2
42 124 e 0
43 44 a 0
43 44 b 2
43 34 c 4
43 119 d 0
43 73 e 2
44 45 a 2
44 45 b 0
44 83 c 1
44 64 d 2
44 91 e 3
45 46 a 4
45 46 b 0
45 14 c 1
45 7 d 0
45 60 e 4
46 47 a 3
46 47 b 3
46 46 c 4
46 12 d 2
46 59 e 3
47 48 a 2
47 48 b 1
47 22 c 3
47 53 d 3
47 106 e 4
48 49 a 2
48 49 b 0
48 41 c 4
48 13 d 3
48 33 e 0
49 50 a 1
49 50 b 1
49 80 c 2
49 65 d 1
49 121 e 2
50 51 a 0
50 51 b 2
50 119 c 2
50 34 d 1
50 82 e 2
51 52 a 1
51 52 b 0
51 16 c 2
51 38 d 3
51 77 e 2
52 53 a 0
52 53 b 3
52 14 c 3
52 102 d 1
52 83 e 0
53 54 a 0
53 54 b 4
53 107 c 1
53 33 d 3
53 12 e 1
54 55 a 4
54 55 b 3
54 35 c 0
54 56 d 4
54 105 e 2
55 56 a 1
55 56 b 1
55 55 c 3
55 48 d 2
55 27 e 2
56 57 a 1
56 57 b 1
56 43 c 4
56 51 d 4
56 25 e 4
57 58 a 2
57 58 b 2
57 8 c 0
57 15 d 1
57 30 e 0
58 59 a 3
58 59 b 3
58 91 c 4
58 54 d 0
58 41 e 4
59 60 a 4
59 60 b 2
59 52 c 1
59 60 d 3
59 123 e 3
60 61 a 3
60 61 b 2
60 40 c 0
60 92 d 4
60 28 e 1
61 62 a 0
61 62 b 4
61 79 c 0
61 116 d 1
61 87 e 2
62 63 a 2
62 63 b 0
62 70 c 3
62 4 d 3
62 57 e 4
63 64 a 4
63 64 b 0
63 46 c 2
63 51 d 4
63 22 e 0
64 65 a 0
64 65 b 3
64 44 c 1
64 74 d 4
64 4 e 3
65 66 a 0
65 66 b 2
65 103 c 2
65 54 d 3
65 94 e 4
66 67 a 2
66 67 b 0
66 13 c 0
66 10 d 3
66 66 e 0
67 68 a 0
67 68 b 2
67 78 c 4
67 123 d 3
67 20 e 4
68 69 a 4
68 69 b 1
68 95 c 2
68 99 d 2
68 121 e 1
69 70 a 0
69 70 b 1
69 121 c 3
69 63 d 4
69 92 e 0
70 71 a 0
70 71 b 0
70 87 c 2
70 49 d 4
70 108 e 1
71 72 a 3
71 72 b 3
71 60 c 3
71 126 d 2
71 28 e 3
72 73 a 4
72 73 b 2
72 106 c 3
72 16 d 1
72 34 e 0
73 74 a 1
73 74 b 1
73 44 c 3
73 117 d 1
73 120 e 0
74 75 a 2
74 75 b 4
74 77 c 1
74 95 d 4
74 94 e 3
75 76 a 4
75 76 b 4
75 31 c 2
75 34 d 0
75 86 e 2
76 77 a 4
76 77 b 3
76 117 c 4
76 58 d 3
76 39 e 1
77 78 a 0
77 78 b 4
77 41 c 4
77 66 d 1
77 91 e 0
78 79 a 2
78 79 b 1
78 23 c 2
78 125 d 2
78 65 e 3
79 80 a 3
79 80 b 4
79 31 c 1
79 81 d 1
79 107 e 0
80 81 a 3
80 81 b 3
80 39 c 4
80 71 d 4
80 49 e 2
81 82 a 0
81 82 b 1
81 23 c 4
81 13 d 3
81 44 e 1
82 83 a 0
82 83 b 2
82 92 c 0
82 116 d 1
82 60 e 2
83 84 a 2
83 84 b 3
83 101 c 1
83 114 d 2
83 3 e 4
84 85 a 3
84 85 b 0
84 41 c 2
84 33 d 4
84 104 e 1
85 86 a 3
85 86 b 0
85 31 c 0
85 62 d 0
85 20 e 0
86 87 a 0
86 87 b 2
86 68 c 1
86 42 d 0
86 120 e 0
87 88 a 3
87 88 b 2
87 25 c 4
87 109 d 0
87 69 e 4
88 89 a 1
88 89 b 3
88 34 c 3
88 46 d 4
88 115 e 0
89 90 a 0
89 90 b 2
89 105 c 0
89 60 d 4
89 59 e 4
90 91 a 0
90 91 b 2
90 121 c 0
90 9 d 0
90 29 e 1
91 92 a 2
91 92 b 1
91 99 c 1
91 42 d 1
91 90 e 4
92 93 a 4
92 93 b 1
92 59 c 3
92 88 d 2
92 122 e 2
93 94 a 3
93 94 b 2
93 28 c 0
93 113 d 3
93 72 e 2
94 95 a 2
94 95 b 3
94 32 c 3
94 120 d 3
94 82 e 1
95 96 a 3
95 96 b 3
95 105 c 2
95 16 d 1
95 106 e 3
96 97 a 3
96 97 b 3
96 28 c 1
96 5 d 2
96 39 e 0
97 98 a 3
97 98 b 1
97 96 c 3
97 68 d 4
97 100 e 3
98 99 a 4
98 99 b 4
98 100 c 4
98 94 d 0
98 63 e 3
99 100 a 1
99 100 b 3
99 86 c 0
99 9 d 4
99 28 e 1
100 101 a 4
100 101 b 0
100 108 c 2
100 31 d 4
100 32 e 0
101 102 a 4
101 102 b 4
101 95 c 2
101 29 d 4
101 54 e 1
102 103 a 4
102 103 b 1
102 106 c 1
102 37 d 3
102 13 e 0
103 104 a 2
103 104 b 2
103 80 c 1
103 125 d 2
103 24 e 3
104 105 a 1
104 105 b 1
104 84 c 1
104 13 d 3
104 13 e 2
105 106 a 4
105 106 b 4
105 62 c 4
105 100 d 2
105 103 e 2
106 107 a 3
106 107 b 0
106 93 c 4
106 52 d 3
106 100 e 2
107 108 a 0
107 108 b 0
107 127 c 1
107 82 d 4
107 7 e 3
108 109 a 2
108 109 b 4
108 123 c 1
108 55 d 0
108 23 e 0
109 110 a 3
109 110 b 0
109 40 c 4
109 1 d 0
109 30 e 4
110 111 a 3
110 111 b 3
110 99 c 3
110 115 d 2
110 107 e 1
111 112 a 1
111 112 b 4
111 13 c 4
111 113 d 3
111 17 e 1
112 113 a 3
112 113 b 0
112 10 c 4
112 5 d 3
112 102 e 1
113 114 a 1
113 114 b 0
113 67 c 4
113 93 d 1
113 4 e 3
114 115 a 2
114 115 b 4
114 36 c 1
114 74 d 4
114 75 e 3
115 116 a 2
115 116 b 0
115 31 c 1
115 66 d 1
115 93 e 4
116 117 a 4
116 117 b 4
116 40 c 0
116 95 d 2
116 33 e 4
117 118 a 1
117 118 b 3
117 55 c 0
117 94 d 0
117 65 e 0
118 119 a 2
118 119 b 4
118 74 c 2
118 33 d 0
118 43 e 4
119 120 a 0
119 120 b 0
119 96 c 2
119 45 d 1
119 20 e 2
120 121 a 3
120 121 b 0
120 126 c 2
120 45 d 4
120 112 e 2
121 122 a 3
121 122 b 3
121 45 c 2
121 109 d 3
121 124 e 0
122 123 a 1
122 123 b 0
122 122 c 3
122 96 d 0
122 52 e 4
123 124 a 0
123 124 b 0
123 117 c 2
123 27 d 2
123 93 e 4
124 125 a 3
124 125 b 0
124 51 c 4
124 87 d 0
124 124 e 3
125 126 a 1
125 126 b 0
125 77 c 0
125 115 d 0
125 93 e 3
126 127 a 1
126 127 b 3
126 94 c 4
126 111 d 4
126 14 e 3
127 128 a 0
127 128 b 0
127 9 c 4
127 114 d 0
127 97 e 1
128 1 a 4
128 1 b 4
128 112 c 3
128 69 d 3
128 109 e 1

40 128 640 5 5 0
1 2 a 3
1 2 b 3
1 62 c 4
1 86 d 2
1 13 e 3
2 3 a 4
2 3 b 2
2 30 c 2
2 54 d 1
2 96 e 0
3 4 a 1
3 4 b 4
3 66 c 4
3 28 d 4
3 71 e 3
4 5 a 0
4 5 b 1
4 93 c 4
4 96 d 2
4 107 e 3
5 6 a 3
5 6 b 3
5 41 c 2
5 128 d 2
5 52 e 4
6 7 a 4
6 7 b 1
6 98 c 1
6 30 d 2
6 82 e 1
7 8 a 3
7 8 b 2
7 72 c 3
7 127 d 0
7 56 e 3
8 9 a 0
8 9 b 0
8 33 c 1
8 14 d 4
8 29 e 4
9 10 a 3
9 10 b 2
9 53 c 2
9 87 d 4
9 121 e 0
10 11 a 2
10 11 b 3
10 81 c 3
10 13 d 0
10 14 e 4
11 12 a 1
11 12 b 3
11 68 c 3
11 5 d 1
11 92 e 4
12 13 a 1
12 13 b 3
12 101 c 3
12 56 d 3
12 43 e 1
13 14 a 4
13 14 b 2
13 11 c 0
13 69 d 4
13 5 e 2
14 15 a 1
14 15 b 3
14 19 c 2
14 108 d 1
14 57 e 1
15 16 a 4
15 16 b 0
15 94 c 2
15 21 d 0
15 90 e 3
16 17 a 0
16 17 b 1
16 80 c 2
16 71 d 3
16 62 e 2
17 18 a 2
17 18 b 0
17 82 c 3
17 49 d 0
17 128 e 0
18 19 a 1
18 19 b 0
18 81 c 2
18 36 d 2
18 126 e 2
19 20 a 4
19 20 b 3
19 61 c 3
19 22 d 2
19 91 e 0
20 21 a 1
20 21 b 3
20 11 c 2
20 33 d 4
20 126 e 0
21 22 a 4
21 22 b 4
21 51 c 0
21 2 d 2
21 17 e 3
22 23 a 3
22 23 b 4
22 51 c 1
22 27 d 3
22 3 e 1
23 24 a 2
23 24 b 4
23 10 c 1
23 114 d 3
23 6 e 3
24 25 a 2
24 25 b 2
24 61 c 1
24 48 d 0
24 18 e 4
25 26 a 1
25 26 b 4
25 86 c 0
25 34 d 3
25 96 e 4
26 27 a 3
26 27 b 4
26 96 c 0
26 59 d 3
26 112 e 3
27 28 a 2
27 28 b 1
27 108 c 4
27 16 d 3
27 4 e 3
28 29 a 1
28 29 b 3
28 15 c 0
28 90 d 0
28 34 e 0
29 30 a 0
29 30 b 3
29 98 c 0
29 120 d 0
29 22 e 0
30 31 a 2
30 31 b 2
30 1 c 1
30 107 d 4
30 110 e 2
31 32 a 1
31 32 b 3
31 12 c 1
31 88 d 4
31 124 e 0
32 33 a 2
32 33 b 4
32 41 c 0
32 9 d 2
32 88 e 3
33 34 a 2
33 34 b 4
33 128 c 0
33 108 d 0
33 91 e 2
34 35 a 1
34 35 b 2
34 61 c 4
34 18 d 0
34 37 e 1
35 36 a 4
35 36 b 2
35 17 c 4
35 50 d 1
35 23 e 2
36 37 a 0
36 37 b 4
36 50 c 3
36 36 d 4
36 90 e 3
37 38 a 3
37 38 b 3
37 87 c 2
37 102 d 3
37 86 e 1
38 39 a 1
38 39 b 0
38 61 c 3
38 26 d 4
38 60 e 2
39 40 a 3
39 40 b 4
39 36 c 2
39 6 d 1
39 125 e 4
40 41 a 2
40 41 b 1
40 83 c 2
40 19 d 0
40 80 e 0
41 42 a 0
41 42 b 4
41 16 c 1
41 78 d 4
41 48 e 1
42 43 a 3
42 43 b 1
42 40 c 1
42 106 d 4
42 91 e 3
43 44 a 2
43 44 b 2
43 109 c 3
43 60 d 2
43 85 e 2
44 45 a 2
44 45 b 1
44 51 c 2
44 62 d 3
44 99 e 3
45 46 a 2
45 46 b 3
45 82 c 1
45 12 d 1
45 16 e 3
46 47 a 4
46 47 b 1
46 39 c 2
46 106 d 0
46 44 e 0
47 48 a 2
47 48 b 2
47 19 c 2
47 60 d 0
47 71 e 3
48 49 a 1
48 49 b 2
48 123 c 2
48 13 d 4
48 58 e 2
49 50 a 0
49 50 b 0
49 70 c 4
49 9 d 2
49 31 e 4
50 51 a 0
50 51 b 0
50 98 c 3
50 2 d 3
50 84 e 3
51 52 a 1
51 52 b 0
51 63 c 3
51 110 d 3
51 125 e 0
52 53 a 3
52 53 b 4
52 82 c 0
52 104 d 4
52 127 e 0
53 54 a 1
53 54 b 3
53 19 c 3
53 43 d 1
53 5 e 1
54 55 a 1
54 55 b 1
54 128 c 1
54 26 d 2
54 126 e 0
55 56 a 3
55 56 b 3
55 24 c 4
55 59 d 1
55 28 e 4
56 57 a 0
56 57 b 0
56 97 c 4
56 55 d 4
56 87 e 1
57 58 a 1
57 58 b 0
57 98 c 3
57 91 d 0
57 105 e 2
58 59 a 4
58 59 b 4
58 42 c 3
58 26 d 1
58 80 e 4
59 60 a 2
59 60 b 4
59 71 c 4
59 9 d 0
59 79 e 0
60 61 a 3
60 61 b 0
60 79 c 0
60 98 d 4
60 108 e 2
61 62 a 3
61 62 b 1
61 91 c 3
61 2 d 1
61 115 e 1
62 63 a 0
62 63 b 1
62 7 c 1
62 106 d 2
62 114 e 4
63 64 a 0
63 64 b 3
63 115 c 2
63 66 d 4
63 60 e 4
64 65 a 3
64 65 b 1
64 69 c 1
64 81 d 4
64 102 e 4
65 66 a 0
65 66 b 0
65 37 c 1
65 6 d 4
65 77 e 3
66 67 a 4
66 67 b 3
66 64 c 4
66 115 d 2
66 13 e 2
67 68 a 4
67 68 b 4
67 69 c 1
67 76 d 0
67 11 e 0
68 69 a 4
68 69 b 0
68 107 c 4
68 108 d 0
68 109 e 1
69 70 a 0
69 70 b 0
69 105 c 0
69 81 d 2
69 28 e 0
70 71 a 1
70 71 b 0
70 124 c 1
70 27 d 2
70 73 e 1
71 72 a 1
71 72 b 2
71 101 c 2
71 17 d 4
71 101 e 1
72 73 a 1
72 73 b 1
72 104 c 4
72 28 d 0
72 39 e 3
73 74 a 4
73 74 b 0
73 78 c 3
73 73 d 1
73 11 e 4
74 75 a 3
74 75 b 3
74 100 c 0
74 75 d 0
74 77 e 3
75 76 a 1
75 76 b 1
75 122 c 0
75 119 d 0
75 114 e 2
76 77 a 3
76 77 b 0
76 101 c 1
76 71 d 2
76 63 e 1
77 78 a 1
77 78 b 1
77 125 c 4
77 88 d 3
77 63 e 3
78 79 a 2
78 79 b 2
78 31 c 1
78 108 d 0
78 66 e 1
79 80 a 1
79 80 b 2
79 44 c 2
79 104 d 2
79 89 e 0
80 81 a 1
80 81 b 2
80 9 c 1
80 86 d 4
80 91 e 3
81 82 a 2
81 82 b 0
81 29 c 1
81 101 d 3
81 99 e 1
82 83 a 2
82 83 b 4
82 86 c 1
82 100 d 3
82 79 e 2
83 84 a 4
83 84 b 0
83 37 c 2
83 75 d 3
83 67 e 4
84 85 a 3
84 85 b 2
84 125 c 3
84 50 d 1
84 36 e 2
85 86 a 3
85 86 b 0
85 87 c 2
85 87 d 1
85 29 e 2
86 87 a 3
86 87 b 3
86 49 c 4
86 29 d 1
86 29 e 2
87 88 a 1
87 88 b 4
87 10 c 4
87 7 d 1
87 87 e 3
88 89 a 0
88 89 b 1
88 104 c 3
88 65 d 4
88 65 e 0
89 90 a 1
89 90 b 0
89 83 c 4
89 24 d 0
89 21 e 1
90 91 a 3
90 91 b 4
90 87 c 1
90 125 d 2
90 84 e 2
91 92 a 3
91 92 b 4
91 6 c 1
91 6 d 2
91 62 e 4
92 93 a 3
92 93 b 0
92 115 c 3
92 109 d 1
92 90 e 2
93 94 a 1
93 94 b 3
93 56 c 1
93 15 d 0
93 117 e 0
94 95 a 2
94 95 b 3
94 113 c 3
94 110 d 0
94 27 e 1
95 96 a 2
95 96 b 0
95 63 c 2
95 47 d 4
95 31 e 2
96 97 a 2
96 97 b 2
96 70 c 1
96 29 d 3
96 25 e 2
97 98 a 3
97 98 b 1
97 47 c 2
97 36 d 1
97 98 e 4
98 99 a 2
98 99 b 3
98 38 c 1
98 87 d 1
98 26 e 2
99 100 a 3
99 100 b 2
99 93 c 4
99 106 d 1
99 35 e 2
100 101 a 4
100 101 b 4
100 8 c 3
100 57 d 1
100 36 e 3
101 102 a 2
101 102 b 1
101 95 c 2
101 63 d 0
101 6 e 1
102 103 a 2
102 103 b 0
102 31 c 3
102 31 d 0
102 122 e 1
103 104 a 1
103 104 b 1
103 9 c 2
103 31 d 3
103 113 e 0
104 105 a 2
104 105 b 3
104 97 c 0
104 40 d 0
104 35 e 2
105 106 a 1
105 106 b 4
105 113 c 2
105 72 d 2
105 9 e 3
106 107 a 1
106 107 b 2
106 4 c 3
106 48 d 2
106 99 e 0
107 108 a 1
107 108 b 3
107 107 c 3
107 54 d 4
107 51 e 2
108 109 a 1
108 109 b 3
108 123 c 0
108 84 d 1
108 63 e 4
109 110 a 3
109 110 b 3
109 12 c 1
109 39 d 3
109 19 e 2
110 111 a 2
110 111 b 0
110 124 c 1
110 113 d 1
110 124 e 4
111 112 a 1
111 112 b 1
111 42 c 1
111 24 d 0
111 14 e 0
112 113 a 1
112 113 b 2
112 123 c 2
112 36 d 0
112 31 e 3
113 114 a 0
113 114 b 0
113 89 c 3
113 69 d 3
113 74 e 1
114 115 a 2
114 115 b 1
114 47 c 3
114 74 d 3
114 110 e 3
115 116 a 3
115 116 b 2
115 110 c 1
115 43 d 0
115 44 e 4
116 117 a 2
116 117 b 0
116 12 c 4
116 128 d 2
116 109 e 2
117 118 a 1
117 118 b 4
117 127 c 0
117 8 d 2
117 89 e 3
118 119 a 2
118 119 b 1
118 70 c 4
118 35 d 3
118 96 e 2
119 120 a 4
119 120 b 0
119 97 c 3
119 88 d 3
119 53 e 0
120 121 a 0
120 121 b 1
120 84 c 4
120 80 d 0
120 78 e 1
121 122 a 2
121 122 b 4
121 39 c 2
121 89 d 4
121 102 e 1
122 123 a 0
122 123 b 2
122 105 c 2
122 100 d 2
122 123 e 2
123 124 a 3
123 124 b 2
123 41 c 4
123 8 d 0
123 81 e 2
124 125 a 0
124 125 b 0
124 123 c 2
124 124 d 0
124 108 e 4
125 126 a 0
125 126 b 4
125 121 c 3
125 33 d 2
125 26 e 3
126 127 a 4
126 127 b 4
126 63 c 3
126 118 d 0
126 103 e 2
127 128 a 0
127 128 b 3
127 110 c 4
127 33 d 2
127 38 e 0
128 1 a 1
128 1 b 1
128 42 c 1
128 109 d 1
128 111 e 3

41 128 640 5 5 0
1 2 a 0
1 2 b 1
1 28 c 4
1 70 d 3
1 28 e 4
2 3 a 2
2 3 b 0
2 113 c 1
2 63 d 1
2 75 e 0
3 4 a 2
3 4 b 0
3 89 c 1
3 12 d 4
3 95 e 0
4 5 a 4
4 5 b 4
4 9 c 0
4 9 d 1
4 127 e 0
5 6 a 3
5 6 b 2
5 57 c 0
5 50 d 0
5 21 e 4
6 7 a 1
6 7 b 1
6 38 c 4
6 40 d 4
6 79 e 2
7 8 a 2
7 8 b 3
7 17 c 3
7 50 d 4
7 34 e 0
8 9 a 4
8 9 b 2
8 63 c 1
8 57 d 3
8 66 e 0
9 10 a 1
9 10 b 1
9 119 c 2
9 75 d 4
9 44 e 4
10 11 a 3
10 11 b 2
10 7 c 1
10 25 d 1
10 29 e 1
11 12 a 0
11 12 b 0
11 63 c 4
11 122 d 4
11 23 e 2
12 13 a 2
12 13 b 3
12 117 c 2
12 102 d 4
12 99 e 0
13 14 a 2
13 14 b 0
13 127 c 3
13 123 d 3
13 10 e 1
14 15 a 0
14 15 b 3
14 60 c 3
14 123 d 0
14 90 e 0
15 16 a 1
15 16 b 4
15 11 c 2
15 75 d 3
15 104 e 2
16 17 a 2
16 17 b 0
16 82 c 3
16 118 d 2
16 8 e 4
17 18 a 0
17 18 b 2
17 120 c 0
17 40 d 3
17 86 e 2
18 19 a 4
18 19 b 1
18 108 c 3
18 52 d 1
18 49 e 0
19 20 a 1
19 20 b 0
19 28 c 1
19 15 d 1
19 58 e 1
20 21 a 4
20 21 b 2
20 127 c 1
20 83 d 3
20 90 e 4
21 22 a 3
21 22 b 2
21 11 c 0
21 60 d 2
21 57 e 0
22 23 a 0
22 23 b 1
22 63 c 4
22 46 d 4
22 72 e 3
23 24 a 0
23 24 b 3
23 27 c 1
23 45 d 2
23 56 e 3
24 25 a 2
24 25 b 0
24 35 c 4
24 99 d 2
24 128 e 3
25 26 a 2
25 26 b 2
25 96 c 2
25 30 d 2
25 91 e 2
26 27 a 3
26 27 b 2
26 95 c 0
26 79 d 4
26 71 e 0
27 28 a 0
27 28 b 4
27 47 c 0
27 13 d 3
27 7 e 1
28 29 a 4
28 29 b 3
28 103 c 2
28 16 d 0
28 34 e 3
29 30 a 1
29 30 b 4
29 30 c 1
29 54 d 0
29 99 e 0
30 31 a 3
30 31 b 3
30 113 c 2
30 1 d 1
30 87 e 1
31 32 a 1
31 32 b 0
31 1 c 3
31 23 d 2
31 82 e 4
32 33 a 2
32 33 b 1
32 115 c 0
32 64 d 3
32 106 e 4
33 34 a 1
33 34 b 4
33 110 c 1
33 108 d 2
33 121 e 4
34 35 a 1
34 35 b 1
34 32 c 2
34 43 d 4
34 32 e 3
35 36 a 3
35 36 b 4
35 57 c 4
35 51 d 1
35 63 e 0
36 37 a 1
36 37 b 2
36 110 c 3
36 93 d 2
36 126 e 3
37 38 a 4
37 38 b 4
37 119 c 3
37 40 d 1
37 71 e 0
38 39 a 3
38 39 b 4
38 17 c 0
38 53 d 0
38 73 e 3
39 40 a 4
39 40 b 3
39 126 c 2
39 73 d 3
39 118 e 2
40 41 a 3
40 41 b 4
40 128 c 1
40 78 d 0
40 6 e 4
41 42 a 3
41 42 b 0
41 98 c 4
41 82 d 2
41 114 e 1
42 43 a 0
42 43 b 0
42 111 c 3
42 6 d 3
42 122 e 1
43 44 a 2
43 44 b 1
43 120 c 2
43 65 d 3
43 32 e 4
44 45 a 4
44 45 b 1
44 82 c 4
44 123 d 2
44 43 e 3
45 46 a 3
45 46 b 2
45 86 c 4
45 82 d 1
45 37 e 1
46 47 a 3
46 47 b 0
46 96 c 1
46 8 d 0
46 93 e 1
47 48 a 2
47 48 b 4
47 80 c 2
47 3 d 1
47 101 e 1
48 49 a 2
48 49 b 4
48 12 c 2
48 76 d 3
48 20 e 1
49 50 a 3
49 50 b 4
49 124 c 1
49 16 d 3
49 6 e 4
50 51 a 1
50 51 b 1
50 12 c 3
50 34 d 0
50 23 e 0
51 52 a 3
51 52 b 0
51 46 c 0
51 119 d 4
51 108 e 1
52 53 a 0
52 53 b 0
52 86 c 1
52 41 d 0
52 107 e 4
53 54 a 0
53 54 b 2
53 124 c 2
53 117 d 3
53 61 e 0
54 55 a 3
54 55 b 2
54 29 c 2
54 60 d 3
54 83 e 3
55 56 a 1
55 56 b 3
55 57 c 2
55 6 d 0
55 94 e 2
56 57 a 1
56 57 b 3
56 86 c 2
56 122 d 3
56 85 e 4
57 58 a 0
57 58 b 4
57 125 c 2
57 103 d 0
57 115 e 3
58 59 a 3
58 59 b 4
58 56 c 0
58 63 d 2
58 55 e 1
59 60 a 3
59 60 b 2
59 26 c 0
59 22 d 1
59 98 e 1
60 61 a 0
60 61 b 4
60 55 c 1
60 39 d 3
60 124 e 3
61 62 a 0
61 62 b 0
61 39 c 1
61 79 d 2
61 80 e 3
62 63 a 4
62 63 b 0
62 7 c 3
62 17 d 3
62 107 e 2
63 64 a 4
63 64 b 0
63 121 c 4
63 16 d 4
63 33 e 2
64 65 a 3
64 65 b 2
64 31 c 1
64 24 d 2
64 8 e 2
65 66 a 1
65 66 b 0
65 35 c 3
65 22 d 4
65 123 e 3
66 67 a 4
66 67 b 1
66 50 c 0
66 27 d 0
66 24 e 2
67 68 a 0
67 68 b 3
67 124 c 2
67 93 d 0
67 67 e 2
68 69 a 3
68 69 b 4
68 55 c 4
68 54 d 0
68 33 e 0
69 70 a 3
69 70 b 4
69 25 c 3
69 34 d 1
69 29 e 2
70 71 a 1
70 71 b 4
70 97 c 0
70 69 d 4
70 102 e 3
71 72 a 1
71 72 b 4
71 78 c 1
71 99 d 1
71 111 e 1
72 73 a 4
72 73 b 4
72 38 c 2
72 103 d 1
72 109 e 2
73 74 a 1
73 74 b 3
73 48 c 1
73 93 d 0
73 93 e 2
74 75 a 3
74 75 b 4
74 59 c 2
74 120 d 1
74 124 e 2
75 76 a 4
75 76 b 2
75 21 c 1
75 12 d 3
75 77 e 2
76 77 a 0
76 77 b 3
76 20 c 4
76 20 d 2
76 23 e 1
77 78 a 0
77 78 b 1
77 17 c 1
77 46 d 3
77 100 e 4
78 79 a 1
78 79 b 1
78 104 c 3
78 26 d 0
78 3 e 3
79 80 a 2
79 80 b 3
79 122 c 3
79 63 d 4
79 6 e 1
80 81 a 3
80 81 b 4
80 43 c 0
80 38 d 2
80 69 e 2
81 82 a 0
81 82 b 4
81 100 c 3
81 124 d 4
81 89 e 1
82 83 a 3
82 83 b 4
82 17 c 0
82 20 d 3
82 34 e 1
83 84 a 2
83 84 b 4
83 36 c 4
83 100 d 2
83 66 e 0
84 85 a 3
84 85 b 1
84 16 c 4
84 3 d 0
84 32 e 2
85 86 a 1
85 86 b 1
85 80 c 3
85 49 d 4
85 101 e 1
86 87 a 3
86 87 b 1
86 94 c 4
86 79 d 0
86 2 e 2
87 88 a 2
87 88 b 1
87 60 c 4
87 98 d 2
87 40 e 0
88 89 a 2
88 89 b 1
88 110 c 1
88 21 d 0
88 79 e 3
89 90 a 2
89 90 b 2
89 125 c 2
89 52 d 0
89 48 e 2
90 91 a 2
90 91 b 0
90 118 c 4
90 50 d 2
90 74 e 0
91 92 a 4
91 92 b 2
91 105 c 2
91 35 d 4
91 97 e 1
92 93 a 2
92 93 b 2
92 107 c 2
92 66 d 0
92 122 e 0
93 94 a 3
93 94 b 3
93 20 c 0
93 109 d 2
93 97 e 4
94 95 a 0
94 95 b 2
94 2 c 0
94 36 d 0
94 35 e 2
95 96 a 3
95 96 b 4
95 84 c 1
95 14 d 2
95 20 e 0
96 97 a 0
96 97 b 2
96 47 c 1
96 116 d 3
96 75 e 1
97 98 a 4
97 98 b 4
97 61 c 3
97 68 d 2
97 33 e 0
98 99 a 4
98 99 b 4
98 41 c 1
98 15 d 1
98 53 e 4
99 100 a 4
99 100 b 1
99 36 c 2
99 11 d 3
99 106 e 0
100 101 a 3
100 101 b 3
100 99 c 3
100 18 d 2
100 104 e 0
101 102 a 1
101 102 b 1
101 31 c 4
101 33 d 3
101 23 e 3
102 103 a 2
102 103 b 4
102 20 c 0
102 90 d 2
102 39 e 4
103 104 a 4
103 104 b 4
103 2 c 0
103 2 d 4
103 11 e 3
104 105 a 2
104 105 b 2
104 47 c 1
104 4 d 0
104 121 e 4
105 106 a 3
105 106 b 1
105 99 c 4
105 108 d 2
105 108 e 3
106 107 a 3
106 107 b 3
106 106 c 4
106 109 d 4
106 34 e 0
107 108 a 4
107 108 b 2
107 22 c 1
107 91 d 0
107 30 e 1
108 109 a 1
108 109 b 1
108 58 c 2
108 50 d 1
108 39 e 3
109 110 a 4
109 110 b 2
109 48 c 0
109 13 d 1
109 71 e 3
110 111 a 2
110 111 b 3
110 84 c 2
110 48 d 2
110 77 e 3
111 112 a 4
111 112 b 4
111 7 c 0
111 126 d 1
111 76 e 1
112 113 a 1
112 113 b 0
112 45 c 1
112 4 d 0
112 25 e 4
113 114 a 4
113 114 b 0
113 47 c 2
113 108 d 4
113 81 e 4
114 115 a 1
114 115 b 1
114 122 c 1
114 11 d 2
114 81 e 4
115 116 a 1
115 116 b 2
115 126 c 2
115 84 d 3
115 60 e 0
116 117 a 2
116 117 b 2
116 47 c 1
116 98 d 4
116 121 e 2
117 118 a 4
117 118 b 3
117 8 c 4
117 114 d 0
117 49 e 0
118 119 a 0
118 119 b 3
118 3 c 0
118 102 d 4
118 85 e 2
119 120 a 4
119 120 b 2
119 34 c 0
119 67 d 2
119 23 e 1
120 121 a 1
120 121 b 4
120 105 c 3
120 52 d 2
120 108 e 3
121 122 a 1
121 122 b 2
121 98 c 0
121 5 d 4
121 16 e 3
122 123 a 3
122 123 b 1
122 24 c 4
122 41 d 4
122 2 e 2
123 124 a 1
123 124 b 3
123 28 c 0
123 52 d 0
123 4 e 0
124 125 a 4
124 125 b 1
124 3 c 0
124 98 d 3
124 28 e 0
125 126 a 3
125 126 b 2
125 101 c 0
125 14 d 2
125 22 e 1
126 127 a 1
126 127 b 1
126 96 c 4
126 60 d 3
126 128 e 2
127 128 a 1
127 128 b 2
127 19 c 0
127 16 d 3
127 44 e 1
128 1 a 1
128 1 b 1
128 36 c 2
128 84 d 4
128 49 e 0

42 128 640 5 5 0
1 2 a 0
1 2 b 2
1 58 c 4
1 118 d 4
1 106 e 0
2 3 a 1
2 3 b 4
2 4 c 1
2 7 d 4
2 118 e 0
3 4 a 0
3 4 b 4
3 48 c 0
3 61 d 0
3 54 e 4
4 5 a 1
4 5 b 4
4 116 c 1
4 114 d 0
4 83 e 1
5 6 a 4
5 6 b 2
5 9 c 0
5 35 d 2
5 53 e 1
6 7 a 2
6 7 b 0
6 43 c 2
6 114 d 0
6 12 e 0
7 8 a 0
7 8 b 3
7 27 c 3
7 37 d 0
7 75 e 3
8 9 a 2
8 9 b 2
8 29 c 1
8 37 d 3
8 40 e 2
9 10 a 0
9 10 b 3
9 121 c 4
9 127 d 0
9 30 e 2
10 11 a 4
10 11 b 2
10 126 c 4
10 102 d 0
10 108 e 0
11 12 a 2
11 12 b 2
11 123 c 1
11 46 d 0
11 19 e 0
12 13 a 1
12 13 b 2
12 68 c 3
12 83 d 2
12 91 e 2
13 14 a 3
13 14 b 4
13 51 c 4
13 113 d 4
13 78 e 3
14 15 a 3
14 15 b 1
14 36 c 0
14 73 d 1
14 59 e 2
15 16 a 2
15 16 b 1
15 120 c 4
15 66 d 0
15 53 e 2
16 17 a 1
16 17 b 0
16 20 c 2
16 101 d 1
16 18 e 4
17 18 a 1
17 18 b 0
17 95 c 2
17 96 d 1
17 109 e 4
18 19 a 2
18 19 b 0
18 70 c 1
18 5 d 3
18 36 e 1
19 20 a 0
19 20 b 0
19 59 c 2
19 72 d 1
19 90 e 1
20 21 a 4
20 21 b 4
20 50 c 1
20 68 d 2
20 117 e 0
21 22 a 2
21 22 b 0
21 36 c 0
21 54 d 3
21 34 e 3
22 23 a 2
22 23 b 0
22 12 c 2
22 128 d 1
22 77 e 3
23 24 a 4
23 24 b 1
23 108 c 4
23 40 d 1
23 41 e 3
24 25 a 0
24 25 b 2
24 73 c 4
24 86 d 4
24 46 e 3
25 26 a 3
25 26 b 2
25 42 c 4
25 90 d 1
25 21 e 2
26 27 a 0
26 27 b 1
26 29 c 0
26 36 d 0
26 94 e 1
27 28 a 1
27 28 b 1
27 51 c 2
27 74 d 4
27 75 e 1
28 29 a 0
28 29 b 2
28 127 c 3
28 5 d 4
28 98 e 1
29 30 a 4
29 30 b 4
29 26 c 0
29 52 d 0
29 111 e 4
30 31 a 2
30 31 b 2
30 34 c 3
30 87 d 3
30 128 e 4
31 32 a 1
31 32 b 0
31 54 c 4
31 22 d 3
31 103 e 0
32 33 a 3
32 33 b 0
32 124 c 3
32 56 d 4
32 60 e 4
33 34 a 4
33 34 b 4
33 28 c 3
33 44 d 0
33 88 e 3
34 35 a 4
34 35 b 0
34 66 c 4
34 3 d 2
34 90 e 3
35 36 a 0
35 36 b 1
35 32 c 4
35 116 d 4
35 38 e 1
36 37 a 4
36 37 b 2
36 105 c 0
36 87 d 2
36 97 e 4
37 38 a 3
37 38 b 3
37 87 c 2
37 42 d 3
37 119 e 1
38 39 a 1
38 39 b 0
38 38 c 1
38 15 d 1
38 22 e 0
39 40 a 3
39 40 b 4
39 23 c 1
39 76 d 1
39 48 e 3
40 41 a 0
40 41 b 4
40 110 c 1
40 73 d 2
40 124 e 3
41 42 a 1
41 42 b 2
41 116 c 1
41 22 d 1
41 117 e 2
42 43 a 3
42 43 b 3
42 118 c 4
42 99 d 2
42 89 e 0
43 44 a 1
43 44 b 4
43 67 c 0
43 6 d 3
43 44 e 1
44 45 a 4
44 45 b 3
44 50 c 0
44 120 d 2
44 51 e 1
45 46 a 1
45 46 b 2
45 26 c 1
45 88 d 1
45 121 e 4
46 47 a 0
46 47 b 3
46 89 c 2
46 103 d 2
46 78 e 0
47 48 a 0
47 48 b 4
47 78 c 4
47 10 d 0
47 66 e 1
48 49 a 2
48 49 b 2
48 94 c 0
48 75 d 0
48 46 e 2
49 50 a 4
49 50 b 4
49 114 c 0
49 88 d 2
49 44 e 4
50 51 a 2
50 51 b 0
50 119 c 2
50 3 d 2
50 26 e 2
51 52 a 2
51 52 b 3
51 93 c 2
51 64 d 0
51 28 e 1
52 53 a 1
52 53 b 1
52 25 c 0
52 42 d 2
52 22 e 4
53 54 a 2
53 54 b 1
53 36 c 2
53 127 d 1
53 54 e 4
54 55 a 4
54 55 b 2
54 121 c 0
54 31 d 2
54 104 e 3
55 56 a 3
55 56 b 3
55 27 c 4
55 16 d 0
55 95 e 2
56 57 a 0
56 57 b 3
56 12 c 2
56 125 d 3
56 19 e 3
57 58 a 4
57 58 b 2
57 87 c 3
57 51 d 3
57 62 e 0
58 59 a 1
58 59 b 4
58 7 c 1
58 35 d 3
58 94 e 2
59 60 a 0
59 60 b 3
59 45 c 2
59 99 d 2
59 54 e 2
60 61 a 1
60 61 b 2
60 95 c 3
60 44 d 3
60 76 e 2
61 62 a 4
61 62 b 3
61 51 c 2
61 93 d 0
61 108 e 3
62 63 a 1
62 63 b 0
62 72 c 4
62 119 d 3
62 36 e 4
63 64 a 3
63 64 b 2
63 62 c 4
63 31 d 2
63 71 e 2
64 65 a 3
64 65 b 1
64 57 c 2
64 32 d 3
64 106 e 2
65 66 a 3
65 66 b 1
65 98 c 4
65 102 d 4
65 105 e 3
66 67 a 4
66 67 b 3
66 101 c 1
66 3 d 4
66 99 e 0
67 68 a 0
67 68 b 1
67 116 c 3
67 46 d 4
67 58 e 0
68 69 a 4
68 69 b 3
68 66 c 0
68 63 d 4
68 20 e 3
69 70 a 1
69 70 b 3
69 9 c 0
69 52 d 2
69 93 e 3
70 71 a 3
70 71 b 1
70 5 c 3
70 48 d 4
70 67 e 0
71 72 a 2
71 72 b 1
71 119 c 3
71 118 d 4
71 56 e 2
72 73 a 2
72 73 b 1
72 35 c 2
72 114 d 0
72 115 e 2
73 74 a 4
73 74 b 3
73 83 c 0
73 49 d 4
73 112 e 1
74 75 a 4
74 75 b 1
74 81 c 4
74 100 d 2
74 107 e 3
75 76 a 3
75 76 b 4
75 112 c 0
75 97 d 0
75 105 e 4
76 77 a 2
76 77 b 0
76 4 c 0
76 34 d 3
76 47 e 4
77 78 a 1
77 78 b 1
77 101 c 1
77 67 d 0
77 72 e 1
78 79 a 0
78 79 b 2
78 113 c 4
78 8 d 4
78 4 e 3
79 80 a 3
79 80 b 1
79 7 c 0
79 86 d 2
79 116 e 2
80 81 a 2
80 81 b 0
80 12 c 3
80 53 d 0
80 111 e 0
81 82 a 2
81 82 b 1
81 106 c 1
81 84 d 2
81 16 e 4
82 83 a 2
82 83 b 4
82 12 c 4
82 5 d 0
82 53 e 1
83 84 a 2
83 84 b 1
83 99 c 4
83 60 d 1
83 1 e 0
84 85 a 0
84 85 b 0
84 100 c 0
84 21 d 1
84 91 e 1
85 86 a 2
85 86 b 2
85 8 c 0
85 75 d 4
85 110 e 4
86 87 a 4
86 87 b 1
86 74 c 3
86 65 d 0
86 39 e 4
87 88 a 3
87 88 b 2
87 45 c 2
87 125 d 4
87 58 e 2
88 89 a 2
88 89 b 3
88 52 c 2
88 40 d 0
88 29 e 0
89 90 a 0
89 90 b 2
89 103 c 2
89 16 d 4
89 10 e 4
90 91 a 1
90 91 b 0
90 85 c 4
90 38 d 4
90 1 e 2
91 92 a 3
91 92 b 2
91 12 c 0
91 128 d 3
91 69 e 0
92 93 a 3
92 93 b 0
92 35 c 1
92 88 d 2
92 90 e 1
93 94 a 4
93 94 b 1
93 48 c 3
93 11 d 3
93 13 e 3
94 95 a 0
94 95 b 4
94 82 c 1
94 27 d 2
94 108 e 4
95 96 a 2
95 96 b 1
95 41 c 0
95 45 d 3
95 74 e 0
96 97 a 0
96 97 b 0
96 89 c 1
96 11 d 2
96 61 e 0
97 98 a 4
97 98 b 4
97 11 c 0
97 36 d 0
97 31 e 4
98 99 a 2
98 99 b 1
98 108 c 0
98 7 d 0
98 16 e 4
99 100 a 0
99 100 b 3
99 43 c 0
99 108 d 3
99 114 e 3
100 101 a 3
100 101 b 2
100 127 c 4
100 43 d 3
100 107 e 3
101 102 a 0
101 102 b 4
101 31 c 0
101 67 d 2
101 103 e 2
102 103 a 2
102 103 b 0
102 73 c 4
102 84 d 0
102 20 e 0
103 104 a 4
103 104 b 2
103 59 c 0
103 37 d 1
103 100 e 1
104 105 a 2
104 105 b 3
104 61 c 4
104 31 d 4
104 15 e 1
105 106 a 0
105 106 b 2
105 21 c 4
105 80 d 1
105 14 e 4
106 107 a 1
106 107 b 3
106 17 c 1
106 105 d 3
106 33 e 4
107 108 a 2
107 108 b 1
107 1 c 1
107 64 d 3
107 73 e 2
108 109 a 4
108 109 b 0
108 58 c 1
108 79 d 4
108 79 e 0
109 110 a 4
109 110 b 3
109 20 c 0
109 51 d 3
109 59 e 2
110 111 a 1
110 111 b 3
110 109 c 3
110 46 d 4
110 94 e 3
111 112 a 0
111 112 b 0
111 36 c 2
111 37 d 4
111 73 e 1
112 113 a 0
112 113 b 3
112 31 c 2
112 35 d 3
112 83 e 2
113 114 a 3
113 114 b 1
113 69 c 4
113 84 d 2
113 23 e 2
114 115 a 3
114 115 b 4
114 5 c 1
114 11 d 3
114 116 e 0
115 116 a 2
115 116 b 4
115 77 c 1
115 61 d 1
115 11 e 2
116 117 a 0
116 117 b 3
116 19 c 4
116 3 d 3
116 68 e 4
117 118 a 0
117 118 b 0
117 80 c 1
117 27 d 0
117 74 e 2
118 119 a 1
118 119 b 2
118 128 c 2
118 104 d 0
118 10 e 0
119 120 a 3
119 120 b 1
119 35 c 1
119 110 d 1
119 56 e 0
120 121 a 2
120 121 b 4
120 63 c 0
120 87 d 3
120 74 e 1
121 122 a 3
121 122 b 1
121 92 c 2
121 113 d 4
121 123 e 4
122 123 a 1
122 123 b 1
122 6 c 3
122 45 d 4
122 73 e 4
123 124 a 1
123 124 b 0
123 79 c 3
123 33 d 4
123 119 e 0
124 125 a 4
124 125 b 3
124 74 c 4
124 7 d 0
124 12 e 4
125 126 a 0
125 126 b 1
125 17 c 4
125 60 d 1
125 83 e 2
126 127 a 2
126 127 b 4
126 65 c 1
126 66 d 0
126 89 e 3
127 128 a 4
127 128 b 4
127 120 c 2
127 63 d 2
127 113 e 3
128 1 a 1
128 1 b 2
128 93 c 0
128 123 d 2
128 51 e 1

43 128 640 5 5 0
1 2 a 0
1 2 b 3
1 25 c 1
1 102 d 3
1 121 e 1
2 3 a 1
2 3 b 3
2 86 c 2
2 15 d 1
2 97 e 1
3 4 a 0
3 4 b 3
3 71 c 1
3 46 d 1
3 78 e 2
4 5 a 0
4 5 b 3
4 32 c 2
4 28 d 3
4 102 e 2
5 6 a 0
5 6 b 1
5 25 c 0
5 85 d 0
5 21 e 3
6 7 a 2
6 7 b 4
6 112 c 3
6 125 d 4
6 9 e 3
7 8 a 3
7 8 b 4
7 100 c 2
7 88 d 1
7 53 e 3
8 9 a 0
8 9 b 3
8 58 c 3
8 80 d 0
8 78 e 2
9 10 a 2
9 10 b 2
9 60 c 4
9 115 d 3
9 81 e 4
10 11 a 2
10 11 b 1
10 53 c 0
10 114 d 1
10 123 e 3
11 12 a 1
11 12 b 1
11 118 c 3
11 35 d 2
11 78 e 0
12 13 a 3
12 13 b 2
12 84 c 3
12 128 d 1
12 19 e 1
13 14 a 1
13 14 b 2
13 39 c 1
13 38 d 1
13 83 e 3
14 15 a 3
14 15 b 4
14 77 c 1
14 87 d 1
14 92 e 3
15 16 a 3
15 16 b 4
15 37 c 2
15 121 d 2
15 66 e 4
16 17 a 4
16 17 b 0
16 21 c 2
16 21 d 3
16 92 e 4
17 18 a 3
17 18 b 3
17 5 c 1
17 88 d 0
17 67 e 1
18 19 a 1
18 19 b 4
18 97 c 3
18 21 d 2
18 87 e 0
19 20 a 4
19 20 b 0
19 27 c 2
19 65 d 2
19 57 e 4
20 21 a 3
20 21 b 3
20 38 c 2
20 117 d 0
20 81 e 3
21 22 a 2
21 22 b 0
21 124 c 3
21 112 d 1
21 74 e 3
22 23 a 1
22 23 b 4
22 25 c 3
22 18 d 1
22 17 e 0
23 24 a 2
23 24 b 0
23 125 c 4
23 99 d 2
23 90 e 1
24 25 a 3
24 25 b 1
24 46 c 0
24 10 d 2
24 28 e 1
25 26 a 1
25 26 b 1
25 52 c 0
25 86 d 4
25 16 e 0
26 27 a 3
26 27 b 2
26 28 c 3
26 56 d 1
26 53 e 4
27 28 a 3
27 28 b 2
27 118 c 1
27 70 d 2
27 78 e 3
28 29 a 3
28 29 b 2
28 86 c 2
28 58 d 3
28 98 e 2
29 30 a 1
29 30 b 2
29 87 c 0
29 114 d 3
29 60 e 0
30 31 a 2
30 31 b 0
30 19 c 2
30 110 d 2
30 105 e 3
31 32 a 4
31 32 b 3
31 44 c 0
31 84 d 3
31 61 e 2
32 33 a 3
32 33 b 2
32 70 c 4
32 111 d 3
32 78 e 4
33 34 a 1
33 34 b 0
33 10 c 3
33 44 d 2
33 118 e 0
34 35 a 1
34 35 b 4
34 37 c 0
34 27 d 4
34 85 e 3
35 36 a 1
35 36 b 2
35 71 c 0
35 116 d 0
35 78 e 3
36 37 a 0
36 37 b 0
36 37 c 4
36 16 d 1
36 5 e 3
37 38 a 0
37 38 b 1
37 119 c 3
37 108 d 1
37 104 e 1
38 39 a 4
38 39 b 1
38 123 c 3
38 41 d 3
38 35 e 4
39 40 a 1
39 40 b 3
39 112 c 0
39 14 d 3
39 41 e 2
40 41 a 2
40 41 b 1
40 28 c 1
40 5 d 3
40 50 e 3
41 42 a 4
41 42 b 2
41 70 c 0
41 26 d 3
41 55 e 2
42 43 a 3
42 43 b 3
42 60 c 0
42 127 d 4
42 120 e 4
43 44 a 3
43 44 b 3
43 79 c 2
43 11 d 4
43 119 e 0
44 45 a 1
44 45 b 0
44 82 c 2
44 54 d 2
44 123 e 4
45 46 a 3
45 46 b 1
45 31 c 0
45 30 d 1
45 14 e 3
46 47 a 3
46 47 b 4
46 17 c 0
46 5 d 2
46 127 e 1
47 48 a 3
47 48 b 0
47 11 c 2
47 81 d 0
47 96 e 2
48 49 a 0
48 49 b 3
48 112 c 1
48 11 d 2
48 8 e 0
49 50 a 1
49 50 b 2
49 40 c 3
49 96 d 0
49 19 e 4
50 51 a 0
50 51 b 2
50 34 c 2
50 35 d 0
50 93 e 0
51 52 a 3
51 52 b 1
51 76 c 4
51 73 d 2
51 11 e 4
52 53 a 4
52 53 b 2
52 29 c 4
52 108 d 3
52 2 e 2
53 54 a 2
53 54 b 2
53 12 c 4
53 72 d 1
53 110 e 2
54 55 a 4
54 55 b 2
54 22 c 4
54 65 d 3
54 61 e 3
55 56 a 0
55 56 b 2
55 60 c 0
55 91 d 2
55 33 e 3
56 57 a 2
56 57 b 0
56 2 c 1
56 65 d 0
56 17 e 0
57 58 a 1
57 58 b 2
57 113 c 4
57 63 d 3
57 72 e 1
58 59 a 3
58 59 b 2
58 22 c 1
58 71 d 4
58 69 e 2
59 60 a 3
59 60 b 3
59 1 c 3
59 112 d 0
59 73 e 0
60 61 a 2
60 61 b 1
60 70 c 3
60 114 d 4
60 92 e 1
61 62 a 2
61 62 b 4
61 128 c 0
61 43 d 3
61 73 e 4
62 63 a 3
62 63 b 1
62 73 c 1
62 29 d 0
62 29 e 2
63 64 a 2
63 64 b 4
63 67 c 3
63 110 d 1
63 44 e 3
64 65 a 3
64 65 b 3
64 18 c 4
64 103 d 1
64 12 e 4
65 66 a 2
65 66 b 4
65 96 c 0
65 118 d 1
65 24 e 1
66 67 a 3
66 67 b 4
66 88 c 0
66 44 d 4
66 110 e 1
67 68 a 1
67 68 b 2
67 43 c 2
67 63 d 1
67 113 e 4
68 69 a 4
68 69 b 2
68 14 c 0
68 8 d 3
68 72 e 1
69 70 a 0
69 70 b 4
69 57 c 1
69 6 d 0
69 94 e 1
70 71 a 2
70 71 b 0
70 106 c 2
70 90 d 0
70 96 e 4
71 72 a 2
71 72 b 0
71 96 c 2
71 73 d 4
71 65 e 1
72 73 a 0
72 73 b 3
72 97 c 3
72 62 d 1
72 57 e 0
73 74 a 4
73 74 b 2
73 53 c 3
73 69 d 2
73 66 e 4
74 75 a 3
74 75 b 0
74 40 c 3
74 16 d 3
74 26 e 1
75 76 a 0
75 76 b 3
75 11 c 4
75 118 d 4
75 68 e 1
76 77 a 0
76 77 b 3
76 52 c 3
76 111 d 0
76 7 e 0
77 78 a 1
77 78 b 0
77 122 c 1
77 25 d 2
77 109 e 1
78 79 a 2
78 79 b 3
78 57 c 3
78 55 d 0
78 69 e 2
79 80 a 4
79 80 b 3
79 84 c 0
79 44 d 3
79 33 e 1
80 81 a 2
80 81 b 3
80 46 c 4
80 4 d 2
80 89 e 2
81 82 a 0
81 82 b 4
81 48 c 0
81 108 d 2
81 6 e 4
82 83 a 4
82 83 b 2
82 71 c 4
82 53 d 1
82 8 e 4
83 84 a 2
83 84 b 3
83 98 c 1
83 85 d 3
83 1 e 3
84 85 a 0
84 85 b 2
84 120 c 4
84 102 d 3
84 87 e 2
85 86 a 3
85 86 b 0
85 128 c 0
85 37 d 3
85 54 e 2
86 87 a 2
86 87 b 1
86 119 c 1
86 116 d 0
86 12 e 1
87 88 a 3
87 88 b 3
87 94 c 1
87 88 d 3
87 11 e 2
88 89 a 4
88 89 b 2
88 57 c 2
88 123 d 2
88 43 e 2
89 90 a 3
89 90 b 4
89 18 c 0
89 44 d 4
89 37 e 3
90 91 a 2
90 91 b 4
90 115 c 0
90 90 d 1
90 120 e 3
91 92 a 3
91 92 b 3
91 111 c 0
91 29 d 0
91 104 e 4
92 93 a 3
92 93 b 2
92 26 c 2
92 45 d 3
92 122 e 4
93 94 a 2
93 94 b 2
93 13 c 3
93 105 d 4
93 122 e 1
94 95 a 4
94 95 b 2
94 99 c 0
94 81 d 3
94 117 e 0
95 96 a 0
95 96 b 2
95 62 c 2
95 12 d 0
95 63 e 1
96 97 a 4
96 97 b 1
96 67 c 0
96 99 d 1
96 111 e 1
97 98 a 0
97 98 b 4
97 25 c 1
97 68 d 4
97 94 e 0
98 99 a 2
98 99 b 3
98 110 c 3
98 64 d 2
98 43 e 2
99 100 a 3
99 100 b 2
99 115 c 1
99 13 d 0
99 57 e 3
100 101 a 3
100 101 b 1
100 91 c 0
100 5 d 1
100 47 e 4
101 102 a 2
101 102 b 4
101 95 c 4
101 37 d 3
101 120 e 0
102 103 a 0
102 103 b 3
102 61 c 4
102 14 d 3
102 65 e 3
103 104 a 0
103 104 b 4
103 53 c 3
103 8 d 0
103 126 e 2
104 105 a 1
104 105 b 1
104 11 c 0
104 122 d 2
104 101 e 1
105 106 a 4
105 106 b 3
105 7 c 0
105 116 d 4
105 113 e 4
106 107 a 2
106 107 b 0
106 120 c 1
106 37 d 2
106 96 e 2
107 108 a 3
107 108 b 4
107 44 c 3
107 101 d 2
107 53 e 0
108 109 a 4
108 109 b 3
108 122 c 1
108 44 d 0
108 55 e 2
109 110 a 3
109 110 b 1
109 57 c 4
109 25 d 2
109 112 e 2
110 111 a 4
110 111 b 3
110 70 c 3
110 108 d 1
110 47 e 4
111 112 a 1
111 112 b 2
111 1 c 3
111 12 d 0
111 7 e 2
112 113 a 0
112 113 b 2
112 80 c 2
112 2 d 4
112 77 e 0
113 114 a 3
113 114 b 2
113 28 c 2
113 124 d 2
113 30 e 3
114 115 a 0
114 115 b 2
114 79 c 4
114 75 d 3
114 87 e 2
115 116 a 4
115 116 b 0
115 92 c 4
115 101 d 0
115 27 e 3
116 117 a 2
116 117 b 4
116 55 c 1
116 100 d 2
116 80 e 4
117 118 a 1
117 118 b 4
117 88 c 1
117 5 d 3
117 34 e 0
118 119 a 1
118 119 b 3
118 60 c 0
118 42 d 2
118 127 e 0
119 120 a 1
119 120 b 2
119 100 c 2
119 89 d 0
119 26 e 4
120 121 a 0
120 121 b 4
120 85 c 0
120 58 d 0
120 104 e 0
121 122 a 4
121 122 b 1
121 22 c 3
121 29 d 0
121 37 e 4
122 123 a 1
122 123 b 0
122 53 c 3
122 113 d 1
122 80 e 0
123 124 a 4
123 124 b 4
123 66 c 0
123 78 d 2
123 43 e 0
124 125 a 2
124 125 b 0
124 82 c 4
124 108 d 0
124 60 e 3
125 126 a 0
125 126 b 0
125 126 c 1
125 42 d 0
125 79 e 4
126 127 a 4
126 127 b 3
126 97 c 1
126 8 d 4
126 114 e 3
127 128 a 4
127 128 b 2
127 30 c 3
127 45 d 4
127 119 e 3
128 1 a 2
128 1 b 4
128 87 c 2
128 99 d 3
128 117 e 4

44 128 640 5 5 0
1 2 a 0
1 2 b 4
1 55 c 4
1 21 d 1
1 71 e 4
2 3 a 1
2 3 b 2
2 105 c 3
2 88 d 2
2 12 e 0
3 4 a 2
3 4 b 2
3 30 c 3
3 95 d 0
3 37 e 3
4 5 a 0
4 5 b 3
4 12 c 3
4 5 d 1
4 58 e 3
5 6 a 4
5 6 b 4
5 106 c 3
5 71 d 2
5 54 e 1
6 7 a 2
6 7 b 3
6 116 c 0
6 71 d 4
6 70 e 1
7 8 a 1
7 8 b 0
7 109 c 2
7 75 d 2
7 94 e 4
8 9 a 2
8 9 b 1
8 24 c 2
8 59 d 3
8 52 e 3
9 10 a 1
9 10 b 0
9 62 c 2
9 39 d 4
9 67 e 2
10 11 a 1
10 11 b 2
10 43 c 0
10 62 d 4
10 73 e 3
11 12 a 0
11 12 b 1
11 49 c 4
11 88 d 1
11 74 e 0
12 13 a 1
12 13 b 1
12 36 c 4
12 110 d 3
12 11 e 3
13 14 a 3
13 14 b 3
13 92 c 0
13 28 d 0
13 23 e 4
14 15 a 3
14 15 b 4
14 54 c 2
14 38 d 3
14 61 e 0
15 16 a 4
15 16 b 3
15 19 c 2
15 112 d 4
15 16 e 0
16 17 a 2
16 17 b 1
16 87 c 1
16 4 d 0
16 102 e 4
17 18 a 4
17 18 b 4
17 107 c 1
17 16 d 4
17 89 e 1
18 19 a 2
18 19 b 1
18 60 c 2
18 101 d 2
18 74 e 4
19 20 a 3
19 20 b 3
19 58 c 2
19 122 d 1
19 89 e 1
20 21 a 3
20 21 b 2
20 90 c 3
20 103 d 3
20 109 e 4
21 22 a 0
21 22 b 4
21 20 c 3
21 106 d 4
21 50 e 2
22 23 a 1
22 23 b 0
22 101 c 0
22 101 d 4
22 22 e 4
23 24 a 4
23 24 b 4
23 79 c 3
23 93 d 1
23 76 e 4
24 25 a 1
24 25 b 2
24 84 c 1
24 125 d 2
24 74 e 0
25 26 a 4
25 26 b 4
25 127 c 2
25 18 d 1
25 74 e 1
26 27 a 4
26 27 b 2
26 91 c 3
26 12 d 4
26 76 e 4
27 28 a 2
27 28 b 2
27 121 c 2
27 3 d 1
27 18 e 0
28 29 a 2
28 29 b 1
28 110 c 4
28 48 d 1
28 34 e 3
29 30 a 3
29 30 b 2
29 83 c 1
29 111 d 1
29 72 e 0
30 31 a 2
30 31 b 1
30 67 c 0
30 68 d 0
30 18 e 3
31 32 a 2
31 32 b 0
31 97 c 4
31 83 d 0
31 82 e 4
32 33 a 3
32 33 b 2
32 80 c 2
32 102 d 0
32 32 e 1
33 34 a 1
33 34 b 1
33 56 c 3
33 107 d 1
33 85 e 4
34 35 a 1
34 35 b 4
34 72 c 4
34 116 d 2
34 16 e 4
35 36 a 1
35 36 b 1
35 46 c 4
35 53 d 4
35 53 e 1
36 37 a 4
36 37 b 0
36 33 c 1
36 9 d 3
36 105 e 2
37 38 a 2
37 38 b 3
37 88 c 0
37 109 d 3
37 24 e 1
38 39 a 1
38 39 b 4
38 16 c 3
38 4 d 0
38 112 e 1
39 40 a 0
39 40 b 0
39 9 c 4
39 17 d 3
39 99 e 4
40 41 a 4
40 41 b 0
40 9 c 0
40 128 d 3
40 40 e 1
41 42 a 2
41 42 b 4
41 88 c 4
41 94 d 1
41 58 e 3
42 43 a 4
42 43 b 4
42 67 c 1
42 91 d 3
42 87 e 4
43 44 a 3
43 44 b 4
43 26 c 1
43 79 d 1
43 3 e 4
44 45 a 4
44 45 b 1
44 50 c 2
44 51 d 4
44 3 e 0
45 46 a 2
45 46 b 1
45 99 c 4
45 36 d 0
45 98 e 0
46 47 a 3
46 47 b 3
46 10 c 0
46 99 d 0
46 111 e 0
47 48 a 1
47 48 b 3
47 8 c 1
47 88 d 4
47 61 e 0
48 49 a 3
48 49 b 0
48 65 c 0
48 10 d 4
48 34 e 0
49 50 a 4
49 50 b 4
49 31 c 4
49 40 d 3
49 57 e 0
50 51 a 3
50 51 b 4
50 13 c 4
50 3 d 4
50 96 e 3
51 52 a 1
51 52 b 4
51 124 c 3
51 18 d 3
51 59 e 3
52 53 a 4
52 53 b 1
52 97 c 1
52 109 d 2
52 46 e 3
53 54 a 0
53 54 b 3
53 52 c 2
53 82 d 3
53 103 e 2
54 55 a 1
54 55 b 2
54 115 c 1
54 35 d 3
54 82 e 3
55 56 a 0
55 56 b 1
55 29 c 4
55 102 d 1
55 34 e 4
56 57 a 2
56 57 b 4
56 56 c 1
56 68 d 1
56 79 e 3
57 58 a 2
57 58 b 1
57 75 c 1
57 11 d 1
57 19 e 3
58 59 a 3
58 59 b 2
58 100 c 4
58 43 d 2
58 108 e 4
59 60 a 4
59 60 b 4
59 20 c 0
59 60 d 2
59 29 e 3
60 61 a 3
60 61 b 4
60 110 c 0
60 119 d 3
60 44 e 0
61 62 a 0
61 62 b 2
61 12 c 2
61 57 d 0
61 101 e 0
62 63 a 1
62 63 b 3
62 10 c 2
62 4 d 1
62 86 e 1
63 64 a 1
63 64 b 2
63 8 c 2
63 125 d 1
63 81 e 1
64 65 a 0
64 65 b 1
64 44 c 4
64 110 d 1
64 110 e 1
65 66 a 4
65 66 b 1
65 30 c 3
65 69 d 1
65 6 e 4
66 67 a 3
66 67 b 1
66 10 c 3
66 20 d 0
66 57 e 0
67 68 a 3
67 68 b 3
67 34 c 2
67 15 d 1
67 105 e 4
68 69 a 3
68 69 b 1
68 26 c 2
68 18 d 2
68 60 e 4
69 70 a 2
69 70 b 0
69 42 c 0
69 24 d 2
69 30 e 1
70 71 a 0
70 71 b 1
70 15 c 2
70 68 d 1
70 61 e 1
71 72 a 1
71 72 b 1
71 10 c 4
71 92 d 4
71 11 e 0
72 73 a 1
72 73 b 2
72 95 c 4
72 73 d 4
72 63 e 1
73 74 a 2
73 74 b 4
73 87 c 0
73 25 d 4
73 84 e 3
74 75 a 4
74 75 b 0
74 63 c 3
74 125 d 4
74 9 e 3
75 76 a 3
75 76 b 3
75 103 c 1
75 75 d 3
75 96 e 2
76 77 a 3
76 77 b 0
76 35 c 0
76 124 d 0
76 31 e 1
77 78 a 0
77 78 b 0
77 78 c 0
77 47 d 1
77 81 e 4
78 79 a 2
78 79 b 0
78 66 c 0
78 37 d 0
78 70 e 3
79 80 a 4
79 80 b 0
79 97 c 0
79 67 d 1
79 15 e 0
80 81 a 1
80 81 b 4
80 16 c 1
80 20 d 3
80 3 e 4
81 82 a 2
81 82 b 2
81 54 c 1
81 68 d 1
81 61 e 2
82 83 a 1
82 83 b 3
82 65 c 1
82 37 d 0
82 27 e 0
83 84 a 1
83 84 b 4
83 33 c 0
83 46 d 3
83 64 e 2
84 85 a 0
84 85 b 1
84 76 c 4
84 119 d 1
84 19 e 4
85 86 a 0
85 86 b 1
85 56 c 3
85 63 d 1
85 63 e 4
86 87 a 0
86 87 b 3
86 100 c 2
86 102 d 1
86 49 e 0
87 88 a 2
87 88 b 3
87 79 c 4
87 115 d 0
87 29 e 0
88 89 a 4
88 89 b 0
88 127 c 4
88 15 d 0
88 121 e 3
89 90 a 1
89 90 b 2
89 124 c 1
89 7 d 2
89 127 e 0
90 91 a 2
90 91 b 0
90 82 c 2
90 79 d 3
90 47 e 4
91 92 a 1
91 92 b 3
91 19 c 3
91 122 d 3
91 75 e 3
92 93 a 3
92 93 b 3
92 82 c 2
92 66 d 0
92 90 e 0
93 94 a 0
93 94 b 4
93 41 c 3
93 6 d 3
93 38 e 4
94 95 a 1
94 95 b 4
94 52 c 4
94 71 d 1
94 62 e 2
95 96 a 4
95 96 b 1
95 19 c 3
95 43 d 1
95 117 e 2
96 97 a 4
96 97 b 3
96 108 c 2
96 122 d 0
96 97 e 1
97 98 a 2
97 98 b 0
97 103 c 4
97 35 d 2
97 92 e 4
98 99 a 4
98 99 b 0
98 49 c 4
98 56 d 3
98 6 e 3
99 100 a 3
99 100 b 2
99 122 c 3
99 110 d 2
99 65 e 3
100 101 a 2
100 101 b 0
100 119 c 1
100 30 d 0
100 51 e 0
101 102 a 0
101 102 b 4
101 96 c 1
101 70 d 0
101 72 e 0
102 103 a 3
102 103 b 1
102 114 c 0
102 9 d 2
102 46 e 1
103 104 a 3
103 104 b 2
103 110 c 2
103 43 d 4
103 87 e 1
104 105 a 4
104 105 b 2
104 24 c 4
104 22 d 4
104 123 e 2
105 106 a 4
105 106 b 0
105 57 c 3
105 87 d 0
105 19 e 0
106 107 a 0
106 107 b 3
106 30 c 1
106 34 d 1
106 95 e 2
107 108 a 0
107 108 b 1
107 23 c 3
107 74 d 1
107 96 e 1
108 109 a 3
108 109 b 2
108 121 c 0
108 74 d 0
108 95 e 4
109 110 a 4
109 110 b 2
109 29 c 2
109 63 d 2
109 100 e 2
110 111 a 3
110 111 b 4
110 94 c 0
110 107 d 2
110 64 e 1
111 112 a 4
111 112 b 0
111 31 c 3
111 51 d 0
111 4 e 3
112 113 a 2
112 113 b 4
112 66 c 3
112 34 d 0
112 7 e 0
113 114 a 4
113 114 b 4
113 50 c 3
113 100 d 4
113 100 e 1
114 115 a 4
114 115 b 3
114 90 c 2
114 76 d 4
114 122 e 4
115 116 a 3
115 116 b 4
115 43 c 0
115 78 d 4
115 106 e 4
116 117 a 3
116 117 b 0
116 27 c 0
116 6 d 0
116 28 e 3
117 118 a 3
117 118 b 1
117 32 c 0
117 47 d 3
117 59 e 3
118 119 a 0
118 119 b 1
118 57 c 4
118 45 d 0
118 52 e 0
119 120 a 0
119 120 b 1
119 102 c 3
119 4 d 0
119 59 e 1
120 121 a 1
120 121 b 0
120 42 c 2
120 94 d 4
120 70 e 2
121 122 a 0
121 122 b 3
121 16 c 2
121 8 d 3
121 16 e 2
122 123 a 2
122 123 b 3
122 36 c 1
122 118 d 0
122 23 e 3
123 124 a 3
123 124 b 1
123 117 c 3
123 59 d 3
123 30 e 2
124 125 a 2
124 125 b 0
124 26 c 3
124 18 d 0
124 44 e 2
125 126 a 3
125 126 b 0
125 42 c 4
125 88 d 4
125 11 e 4
126 127 a 0
126 127 b 3
126 66 c 1
126 15 d 4
126 75 e 4
127 128 a 0
127 128 b 1
127 3 c 1
127 92 d 1
127 60 e 0
128 1 a 4
128 1 b 1
128 17 c 0
128 10 d 4
128 119 e 2

45 128 640 5 5 0
1 2 a 1
1 2 b 0
1 21 c 1
1 5 d 4
1 86 e 0
2 3 a 0
2 3 b 1
2 60 c 0
2 96 d 4
2 119 e 4
3 4 a 1
3 4 b 1
3 54 c 2
3 80 d 1
3 61 e 3
4 5 a 0
4 5 b 1
4 55 c 3
4 46 d 1
4 78 e 1
5 6 a 4
5 6 b 4
5 122 c 3
5 121 d 4
5 22 e 4
6 7 a 1
6 7 b 4
6 57 c 3
6 81 d 4
6 67 e 4
7 8 a 1
7 8 b 0
7 54 c 0
7 125 d 1
7 72 e 0
8 9 a 3
8 9 b 3
8 54 c 2
8 103 d 3
8 90 e 2
9 10 a 0
9 10 b 0
9 128 c 1
9 26 d 1
9 118 e 1
10 11 a 3
10 11 b 2
10 98 c 4
10 75 d 0
10 88 e 0
11 12 a 2
11 12 b 0
11 44 c 3
11 77 d 4
11 5 e 3
12 13 a 3
12 13 b 1
12 51 c 3
12 27 d 1
12 67 e 3
13 14 a 2
13 14 b 4
13 80 c 0
13 82 d 2
13 28 e 4
14 15 a 3
14 15 b 3
14 95 c 4
14 52 d 4
14 94 e 3
15 16 a 3
15 16 b 2
15 64 c 3
15 39 d 3
15 29 e 0
16 17 a 1
16 17 b 3
16 89 c 2
16 51 d 0
16 48 e 3
17 18 a 2
17 18 b 3
17 17 c 0
17 8 d 4
17 48 e 3
18 19 a 0
18 19 b 2
18 87 c 2
18 118 d 3
18 124 e 4
19 20 a 3
19 20 b 1
19 25 c 3
19 114 d 3
19 56 e 1
20 21 a 2
20 21 b 0
20 77 c 4
20 24 d 1
20 73 e 4
21 22 a 3
21 22 b 0
21 108 c 2
21 36 d 3
21 91 e 1
22 23 a 3
22 23 b 3
22 114 c 4
22 119 d 3
22 91 e 1
23 24 a 1
23 24 b 2
23 96 c 4
23 24 d 3
23 125 e 3
24 25 a 2
24 25 b 0
24 58 c 4
24 48 d 1
24 56 e 0
25 26 a 4
25 26 b 3
25 9 c 1
25 13 d 1
25 68 e 1
26 27 a 2
26 27 b 1
26 89 c 4
26 33 d 0
26 35 e 0
27 28 a 3
27 28 b 2
27 60 c 1
27 128 d 0
27 21 e 2
28 29 a 4
28 29 b 1
28 70 c 1
28 101 d 2
28 34 e 4
29 30 a 1
29 30 b 0
29 15 c 4
29 45 d 4
29 21 e 3
30 31 a 3
30 31 b 3
30 52 c 2
30 90 d 0
30 123 e 2
31 32 a 0
31 32 b 1
31 86 c 4
31 18 d 3
31 40 e 4
32 33 a 3
32 33 b 3
32 25 c 2
32 30 d 4
32 50 e 2
33 34 a 0
33 34 b 1
33 39 c 0
33 107 d 1
33 115 e 1
34 35 a 1
34 35 b 4
34 42 c 3
34 12 d 1
34 11 e 3
35 36 a 3
35 36 b 0
35 85 c 2
35 54 d 3
35 93 e 3
36 37 a 4
36 37 b 3
36 92 c 3
36 67 d 4
36 13 e 3
37 38 a 0
37 38 b 0
37 120 c 0
37 47 d 3
37 8 e 3
38 39 a 2
38 39 b 4
38 100 c 1
38 30 d 2
38 124 e 0
39 40 a 3
39 40 b 3
39 98 c 4
39 84 d 1
39 92 e 1
40 41 a 1
40 41 b 3
40 55 c 4
40 59 d 1
40 94 e 2
41 42 a 3
41 42 b 0
41 43 c 4
41 97 d 3
41 124 e 3
42 43 a 3
42 43 b 3
42 10 c 2
42 120 d 2
42 118 e 2
43 44 a 0
43 44 b 1
43 37 c 1
43 84 d 0
43 78 e 0
44 45 a 0
44 45 b 1
44 81 c 4
44 112 d 4
44 75 e 1
45 46 a 0
45 46 b 2
45 103 c 0
45 106 d 4
45 119 e 0
46 47 a 2
46 47 b 1
46 67 c 4
46 2 d 0
46 32 e 3
47 48 a 2
47 48 b 2
47 69 c 0
47 30 d 3
47 91 e 2
48 49 a 0
48 49 b 1
48 83 c 4
48 73 d 3
48 124 e 2
49 50 a 3
49 50 b 4
49 85 c 3
49 48 d 3
49 32 e 4
50 51 a 1
50 51 b 4
50 55 c 3
50 36 d 2
50 35 e 2
51 52 a 1
51 52 b 1
51 107 c 0
51 27 d 4
51 42 e 3
52 53 a 2
52 53 b 2
52 100 c 4
52 46 d 0
52 26 e 0
53 54 a 1
53 54 b 4
53 28 c 3
53 28 d 4
53 31 e 4
54 55 a 3
54 55 b 1
54 15 c 3
54 70 d 1
54 39 e 3
55 56 a 1
55 56 b 2
55 62 c 1
55 49 d 0
55 100 e 1
56 57 a 3
56 57 b 0
56 45 c 1
56 7 d 1
56 77 e 2
57 58 a 3
57 58 b 4
57 101 c 3
57 22 d 0
57 29 e 2
58 59 a 2
58 59 b 3
58 115 c 2
58 80 d 0
58 83 e 0
59 60 a 2
59 60 b 4
59 103 c 0
59 73 d 3
59 48 e 0
60 61 a 0
60 61 b 3
60 86 c 1
60 60 d 1
60 60 e 4
61 62 a 4
61 62 b 3
61 88 c 4
61 7 d 2
61 66 e 0
62 63 a 2
62 63 b 1
62 10 c 3
62 42 d 3
62 79 e 4
63 64 a 4
63 64 b 3
63 13 c 4
63 76 d 0
63 55 e 0
64 65 a 1
64 65 b 2
64 6 c 1
64 54 d 0
64 16 e 0
65 66 a 4
65 66 b 3
65 28 c 2
65 85 d 0
65 53 e 4
66 67 a 3
66 67 b 0
66 125 c 2
66 60 d 0
66 68 e 2
67 68 a 2
67 68 b 2
67 89 c 1
67 32 d 1
67 32 e 2
68 69 a 4
68 69 b 0
68 101 c 4
68 91 d 3
68 112 e 4
69 70 a 2
69 70 b 3
69 90 c 4
69 106 d 3
69 31 e 4
70 71 a 2
70 71 b 4
70 115 c 2
70 111 d 3
70 90 e 0
71 72 a 4
71 72 b 4
71 115 c 3
71 47 d 1
71 20 e 4
72 73 a 0
72 73 b 0
72 28 c 2
72 20 d 1
72 5 e 1
73 74 a 2
73 74 b 3
73 57 c 2
73 44 d 4
73 39 e 4
74 75 a 4
74 75 b 2
74 21 c 1
74 41 d 0
74 56 e 4
75 76 a 2
75 76 b 3
75 2 c 4
75 95 d 4
75 59 e 1
76 77 a 1
76 77 b 2
76 83 c 0
76 74 d 0
76 119 e 2
77 78 a 1
77 78 b 1
77 98 c 1
77 5 d 2
77 118 e 0
78 79 a 3
78 79 b 3
78 11 c 3
78 83 d 0
78 7 e 2
79 80 a 3
79 80 b 3
79 46 c 4
79 26 d 3
79 60 e 0
80 81 a 2
80 81 b 1
80 49 c 0
80 99 d 4
80 109 e 3
81 82 a 2
81 82 b 2
81 124 c 1
81 92 d 2
81 51 e 0
82 83 a 1
82 83 b 3
82 124 c 1
82 86 d 1
82 110 e 1
83 84 a 2
83 84 b 3
83 33 c 0
83 71 d 2
83 64 e 2
84 85 a 4
84 85 b 0
84 95 c 0
84 73 d 1
84 15 e 2
85 86 a 2
85 86 b 1
85 48 c 3
85 24 d 0
85 7 e 3
86 87 a 4
86 87 b 0
86 17 c 3
86 24 d 0
86 22 e 2
87 88 a 0
87 88 b 3
87 128 c 0
87 78 d 1
87 110 e 3
88 89 a 2
88 89 b 0
88 5 c 2
88 98 d 1
88 6 e 2
89 90 a 1
89 90 b 0
89 38 c 3
89 35 d 2
89 26 e 1
90 91 a 4
90 91 b 2
90 113 c 1
90 3 d 0
90 38 e 1
91 92 a 0
91 92 b 2
91 118 c 2
91 23 d 1
91 111 e 1
92 93 a 3
92 93 b 0
92 74 c 3
92 24 d 3
92 122 e 4
93 94 a 1
93 94 b 2
93 5 c 2
93 100 d 4
93 19 e 3
94 95 a 3
94 95 b 4
94 68 c 2
94 126 d 3
94 71 e 0
95 96 a 1
95 96 b 3
95 41 c 0
95 9 d 0
95 106 e 1
96 97 a 1
96 97 b 3
96 86 c 2
96 81 d 2
96 18 e 1
97 98 a 0
97 98 b 1
97 118 c 4
97 67 d 0
97 26 e 0
98 99 a 1
98 99 b 0
98 52 c 0
98 112 d 0
98 33 e 2
99 100 a 3
99 100 b 4
99 65 c 4
99 14 d 2
99 8 e 2
100 101 a 4
100 101 b 4
100 82 c 1
100 119 d 0
100 119 e 0
101 102 a 3
101 102 b 4
101 32 c 2
101 40 d 1
101 89 e 0
102 103 a 3
102 103 b 1
102 103 c 3
102 67 d 3
102 91 e 1
103 104 a 2
103 104 b 2
103 103 c 0
103 13 d 0
103 113 e 1
104 105 a 2
104 105 b 1
104 102 c 0
104 113 d 0
104 81 e 4
105 106 a 0
105 106 b 0
105 44 c 1
105 123 d 2
105 117 e 0
106 107 a 4
106 107 b 4
106 5 c 3
106 94 d 0
106 30 e 1
107 108 a 0
107 108 b 0
107 67 c 1
107 111 d 0
107 76 e 1
108 109 a 0
108 109 b 0
108 57 c 2
108 39 d 3
108 71 e 4
109 110 a 4
109 110 b 4
109 65 c 1
109 36 d 4
109 25 e 1
110 111 a 3
110 111 b 1
110 55 c 2
110 41 d 3
110 17 e 2
111 112 a 0
111 112 b 2
111 124 c 0
111 26 d 1
111 65 e 0
112 113 a 3
112 113 b 2
112 116 c 4
112 1 d 1
112 1 e 2
113 114 a 1
113 114 b 1
113 8 c 1
113 12 d 4
113 107 e 4
114 115 a 3
114 115 b 4
114 37 c 4
114 12 d 1
114 93 e 2
115 116 a 4
115 116 b 3
115 58 c 1
115 119 d 1
115 122 e 2
116 117 a 1
116 117 b 1
116 62 c 4
116 103 d 2
116 40 e 1
117 118 a 3
117 118 b 2
117 40 c 1
117 25 d 3
117 19 e 3
118 119 a 1
118 119 b 4
118 118 c 3
118 111 d 1
118 41 e 2
119 120 a 3
119 120 b 0
119 39 c 3
119 110 d 2
119 28 e 3
120 121 a 3
120 121 b 3
120 64 c 3
120 65 d 2
120 100 e 0
121 122 a 1
121 122 b 4
121 74 c 2
121 52 d 4
121 58 e 2
122 123 a 4
122 123 b 0
122 82 c 4
122 58 d 2
122 30 e 0
123 124 a 0
123 124 b 4
123 105 c 4
123 104 d 3
123 82 e 4
124 125 a 0
124 125 b 1
124 34 c 2
124 119 d 4
124 92 e 4
125 126 a 3
125 126 b 1
125 22 c 4
125 70 d 0
125 8 e 2
126 127 a 0
126 127 b 4
126 99 c 3
126 85 d 4
126 100 e 1
127 128 a 3
127 128 b 3
127 40 c 0
127 75 d 0
127 66 e 1
128 1 a 3
128 1 b 4
128 11 c 1
128 113 d 3
128 57 e 2

46 128 640 5 5 0
1 2 a 3
1 2 b 4
1 51 c 0
1 53 d 1
1 36 e 1
2 3 a 2
2 3 b 3
2 78 c 4
2 40 d 1
2 34 e 4
3 4 a 0
3 4 b 4
3 13 c 0
3 1 d 2
3 20 e 1
4 5 a 4
4 5 b 1
4 35 c 1
4 24 d 3
4 34 e 3
5 6 a 4
5 6 b 4
5 74 c 3
5 107 d 0
5 55 e 1
6 7 a 4
6 7 b 2
6 62 c 3
6 28 d 0
6 128 e 2
7 8 a 2
7 8 b 2
7 63 c 3
7 112 d 0
7 113 e 4
8 9 a 4
8 9 b 2
8 19 c 2
8 82 d 2
8 64 e 0
9 10 a 1
9 10 b 4
9 2 c 0
9 78 d 2
9 104 e 4
10 11 a 2
10 11 b 1
10 89 c 1
10 23 d 3
10 39 e 3
11 12 a 2
11 12 b 3
11 103 c 1
11 2 d 4
11 1 e 1
12 13 a 2
12 13 b 2
12 3 c 4
12 8 d 0
12 59 e 3
13 14 a 0
13 14 b 1
13 4 c 0
13 72 d 0
13 96 e 3
14 15 a 4
14 15 b 0
14 71 c 2
14 2 d 2
14 63 e 0
15 16 a 2
15 16 b 1
15 45 c 0
15 29 d 0
15 107 e 4
16 17 a 1
16 17 b 0
16 26 c 3
16 35 d 0
16 58 e 4
17 18 a 0
17 18 b 0
17 120 c 1
17 64 d 0
17 70 e 0
18 19 a 3
18 19 b 2
18 49 c 3
18 70 d 3
18 111 e 2
19 20 a 3
19 20 b 2
19 56 c 2
19 43 d 3
19 88 e 2
20 21 a 2
20 21 b 4
20 1 c 4
20 9 d 3
20 101 e 3
21 22 a 2
21 22 b 1
21 4 c 1
21 29 d 1
21 67 e 4
22 23 a 0
22 23 b 1
22 63 c 3
22 73 d 2
22 96 e 0
23 24 a 3
23 24 b 0
23 49 c 2
23 19 d 2
23 111 e 2
24 25 a 1
24 25 b 2
24 96 c 4
24 36 d 4
24 101 e 3
25 26 a 4
25 26 b 1
25 83 c 2
25 73 d 2
25 127 e 4
26 27 a 1
26 27 b 4
26 24 c 3
26 117 d 3
26 58 e 1
27 28 a 0
27 28 b 1
27 63 c 1
27 61 d 4
27 89 e 3
28 29 a 1
28 29 b 0
28 94 c 4
28 90 d 4
28 98 e 3
29 30 a 3
29 30 b 0
29 11 c 2
29 43 d 1
29 33 e 4
30 31 a 2
30 31 b 1
30 101 c 4
30 49 d 2
30 36 e 4
31 32 a 3
31 32 b 3
31 11 c 4
31 17 d 2
31 61 e 4
32 33 a 0
32 33 b 2
32 35 c 0
32 21 d 3
32 3 e 3
33 34 a 1
33 34 b 2
33 85 c 4
33 43 d 3
33 82 e 3
34 35 a 4
34 35 b 4
34 77 c 1
34 100 d 0
34 70 e 2
35 36 a 0
35 36 b 2
35 61 c 0
35 119 d 4
35 68 e 0
36 37 a 0
36 37 b 4
36 88 c 0
36 60 d 2
36 113 e 0
37 38 a 1
37 38 b 4
37 88 c 1
37 49 d 1
37 57 e 4
38 39 a 0
38 39 b 4
38 121 c 3
38 120 d 3
38 73 e 4
39 40 a 0
39 40 b 4
39 124 c 1
39 87 d 4
39 21 e 1
40 41 a 4
40 41 b 1
40 37 c 1
40 55 d 4
40 84 e 2
41 42 a 3
41 42 b 1
41 61 c 0
41 37 d 1
41 127 e 4
42 43 a 4
42 43 b 2
42 16 c 1
42 84 d 3
42 85 e 1
43 44 a 2
43 44 b 1
43 112 c 4
43 25 d 0
43 90 e 1
44 45 a 1
44 45 b 2
44 49 c 2
44 110 d 0
44 83 e 0
45 46 a 2
45 46 b 4
45 43 c 0
45 111 d 3
45 75 e 1
46 47 a 4
46 47 b 2
46 59 c 1
46 96 d 4
46 17 e 4
47 48 a 4
47 48 b 1
47 66 c 2
47 37 d 2
47 56 e 1
48 49 a 0
48 49 b 4
48 37 c 4
48 73 d 3
48 22 e 4
49 50 a 3
49 50 b 2
49 75 c 1
49 120 d 2
49 70 e 0
50 51 a 1
50 51 b 4
50 34 c 3
50 4 d 1
50 38 e 1
51 52 a 4
51 52 b 1
51 26 c 3
51 99 d 3
51 89 e 2
52 53 a 0
52 53 b 3
52 40 c 3
52 48 d 0
52 70 e 4
53 54 a 2
53 54 b 3
53 69 c 0
53 38 d 4
53 23 e 3
54 55 a 3
54 55 b 3
54 108 c 2
54 40 d 2
54 60 e 3
55 56 a 1
55 56 b 0
55 31 c 0
55 60 d 4
55 101 e 0
56 57 a 3
56 57 b 0
56 99 c 1
56 11 d 2
56 11 e 4
57 58 a 1
57 58 b 3
57 64 c 2
57 98 d 2
57 104 e 4
58 59 a 0
58 59 b 1
58 66 c 4
58 52 d 1
58 121 e 3
59 60 a 2
59 60 b 3
59 122 c 0
59 22 d 1
59 3 e 0
60 61 a 2
60 61 b 1
60 125 c 3
60 66 d 4
60 12 e 1
61 62 a 0
61 62 b 3
61 100 c 2
61 21 d 2
61 94 e 0
62 63 a 3
62 63 b 0
62 75 c 1
62 16 d 0
62 8 e 3
63 64 a 1
63 64 b 0
63 83 c 2
63 91 d 1
63 92 e 1
64 65 a 4
64 65 b 4
64 31 c 2
64 61 d 4
64 114 e 3
65 66 a 3
65 66 b 4
65 90 c 2
65 37 d 4
65 35 e 2
66 67 a 4
66 67 b 0
66 48 c 2
66 37 d 3
66 15 e 0
67 68 a 0
67 68 b 1
67 80 c 2
67 113 d 2
67 24 e 4
68 69 a 4
68 69 b 2
68 113 c 0
68 100 d 4
68 100 e 0
69 70 a 3
69 70 b 0
69 74 c 3
69 124 d 0
69 95 e 4
70 71 a 4
70 71 b 2
70 24 c 1
70 89 d 0
70 55 e 4
71 72 a 4
71 72 b 0
71 28 c 1
71 66 d 3
71 94 e 4
72 73 a 3
72 73 b 0
72 26 c 4
72 32 d 4
72 11 e 4
73 74 a 2
73 74 b 1
73 91 c 3
73 128 d 0
73 57 e 3
74 75 a 4
74 75 b 3
74 44 c 4
74 21 d 3
74 39 e 0
75 76 a 2
75 76 b 0
75 93 c 4
75 52 d 4
75 86 e 2
76 77 a 2
76 77 b 4
76 67 c 2
76 87 d 4
76 15 e 3
77 78 a 1
77 78 b 3
77 54 c 0
77 27 d 3
77 90 e 2
78 79 a 3
78 79 b 4
78 20 c 3
78 66 d 1
78 8 e 2
79 80 a 2
79 80 b 2
79 60 c 4
79 49 d 1
79 42 e 2
80 81 a 1
80 81 b 1
80 19 c 0
80 114 d 3
80 23 e 4
81 82 a 3
81 82 b 0
81 3 c 2
81 52 d 2
81 106 e 0
82 83 a 0
82 83 b 2
82 119 c 1
82 70 d 0
82 1 e 3
83 84 a 3
83 84 b 4
83 96 c 3
83 32 d 4
83 127 e 4
84 85 a 4
84 85 b 2
84 51 c 1
84 90 d 3
84 75 e 2
85 86 a 1
85 86 b 0
85 105 c 2
85 50 d 3
85 16 e 4
86 87 a 0
86 87 b 4
86 125 c 1
86 11 d 4
86 59 e 1
87 88 a 4
87 88 b 1
87 114 c 3
87 104 d 2
87 128 e 4
88 89 a 2
88 89 b 3
88 74 c 0
88 117 d 2
88 84 e 4
89 90 a 2
89 90 b 2
89 16 c 2
89 127 d 0
89 116 e 3
90 91 a 2
90 91 b 1
90 79 c 0
90 119 d 4
90 93 e 0
91 92 a 0
91 92 b 1
91 25 c 3
91 115 d 0
91 82 e 2
92 93 a 4
92 93 b 3
92 1 c 2
92 45 d 4
92 90 e 3
93 94 a 4
93 94 b 1
93 33 c 1
93 2 d 0
93 63 e 0
94 95 a 1
94 95 b 0
94 21 c 4
94 116 d 2
94 16 e 4
95 96 a 3
95 96 b 2
95 126 c 4
95 40 d 4
95 32 e 0
96 97 a 2
96 97 b 1
96 128 c 4
96 105 d 2
96 4 e 3
97 98 a 0
97 98 b 0
97 68 c 0
97 35 d 2
97 25 e 4
98 99 a 1
98 99 b 3
98 118 c 0
98 105 d 0
98 124 e 2
99 100 a 2
99 100 b 0
99 72 c 0
99 111 d 0
99 16 e 2
100 101 a 4
100 101 b 3
100 110 c 4
100 17 d 4
100 123 e 2
101 102 a 0
101 102 b 1
101 32 c 0
101 74 d 2
101 41 e 1
102 103 a 4
102 103 b 3
102 27 c 3
102 61 d 0
102 72 e 4
103 104 a 2
103 104 b 4
103 32 c 3
103 48 d 1
103 74 e 2
104 105 a 2
104 105 b 2
104 116 c 0
104 12 d 0
104 103 e 4
105 106 a 1
105 106 b 2
105 94 c 3
105 95 d 2
105 24 e 1
106 107 a 1
106 107 b 3
106 44 c 1
106 90 d 4
106 29 e 2
107 108 a 1
107 108 b 2
107 46 c 4
107 83 d 3
107 119 e 1
108 109 a 4
108 109 b 2
108 57 c 3
108 68 d 2
108 111 e 4
109 110 a 1
109 110 b 0
109 37 c 0
109 74 d 1
109 13 e 0
110 111 a 1
110 111 b 4
110 80 c 4
110 39 d 3
110 34 e 4
111 112 a 1
111 112 b 3
111 25 c 0
111 65 d 3
111 63 e 4
112 113 a 1
112 113 b 0
112 102 c 0
112 32 d 0
112 59 e 1
113 114 a 2
113 114 b 0
113 30 c 2
113 115 d 1
113 49 e 2
114 115 a 0
114 115 b 1
114 47 c 0
114 12 d 4
114 128 e 0
115 116 a 0
115 116 b 0
115 10 c 4
115 96 d 2
115 73 e 0
116 117 a 1
116 117 b 2
116 34 c 2
116 8 d 2
116 116 e 3
117 118 a 2
117 118 b 1
117 113 c 2
117 67 d 4
117 44 e 2
118 119 a 4
118 119 b 2
118 114 c 1
118 113 d 2
118 94 e 2
119 120 a 4
119 120 b 3
119 40 c 2
119 25 d 4
119 62 e 1
120 121 a 4
120 121 b 3
120 22 c 3
120 100 d 4
120 66 e 4
121 122 a 4
121 122 b 2
121 69 c 3
121 32 d 1
121 37 e 3
122 123 a 2
122 123 b 1
122 65 c 4
122 62 d 3
122 101 e 4
123 124 a 1
123 124 b 3
123 28 c 0
123 85 d 0
123 69 e 3
124 125 a 0
124 125 b 3
124 105 c 1
124 28 d 4
124 76 e 1
125 126 a 2
125 126 b 1
125 66 c 0
125 115 d 2
125 68 e 3
126 127 a 1
126 127 b 1
126 67 c 1
126 91 d 1
126 60 e 2
127 128 a 4
127 128 b 2
127 13 c 0
127 122 d 3
127 7 e 1
128 1 a 1
128 1 b 2
128 68 c 0
128 25 d 0
128 59 e 1

47 128 640 5 5 0
1 2 a 4
1 2 b 4
1 17 c 2
1 37 d 3
1 51 e 2
2 3 a 4
2 3 b 3
2 33 c 1
2 49 d 0
2 13 e 4
3 4 a 4
3 4 b 0
3 36 c 2
3 113 d 1
3 44 e 3
4 5 a 4
4 5 b 4
4 79 c 2
4 65 d 4
4 54 e 1
5 6 a 3
5 6 b 2
5 90 c 1
5 28 d 0
5 23 e 3
6 7 a 4
6 7 b 2
6 3 c 3
6 38 d 1
6 125 e 2
7 8 a 2
7 8 b 4
7 9 c 0
7 35 d 1
7 91 e 3
8 9 a 2
8 9 b 3
8 49 c 1
8 125 d 1
8 102 e 3
9 10 a 2
9 10 b 1
9 68 c 1
9 66 d 4
9 27 e 1
10 11 a 2
10 11 b 4
10 15 c 3
10 35 d 3
10 54 e 1
11 12 a 1
11 12 b 0
11 99 c 3
11 119 d 4
11 60 e 1
12 13 a 3
12 13 b 0
12 19 c 4
12 54 d 2
12 115 e 3
13 14 a 2
13 14 b 2
13 120 c 4
13 126 d 3
13 100 e 2
14 15 a 3
14 15 b 3
14 112 c 4
14 17 d 2
14 96 e 3
15 16 a 1
15 16 b 1
15 90 c 1
15 84 d 3
15 120 e 0
16 17 a 3
16 17 b 3
16 28 c 0
16 82 d 3
16 4 e 0
17 18 a 4
17 18 b 0
17 30 c 4
17 55 d 4
17 29 e 0
18 19 a 4
18 19 b 0
18 76 c 1
18 86 d 4
18 34 e 0
19 20 a 2
19 20 b 0
19 23 c 0
19 36 d 1
19 55 e 2
20 21 a 2
20 21 b 3
20 117 c 0
20 59 d 0
20 65 e 1
21 22 a 2
21 22 b 2
21 93 c 1
21 87 d 0
21 108 e 4
22 23 a 0
22 23 b 2
22 76 c 0
22 92 d 4
22 37 e 4
23 24 a 2
23 24 b 2
23 66 c 4
23 78 d 1
23 32 e 4
24 25 a 1
24 25 b 4
24 69 c 3
24 87 d 3
24 83 e 2
25 26 a 0
25 26 b 3
25 93 c 2
25 69 d 1
25 121 e 4
26 27 a 2
26 27 b 1
26 23 c 2
26 9 d 0
26 17 e 1
27 28 a 0
27 28 b 4
27 3 c 0
27 58 d 2
27 92 e 2
28 29 a 3
28 29 b 1
28 53 c 3
28 16 d 1
28 98 e 2
29 30 a 2
29 30 b 2
29 71 c 1
29 105 d 0
29 109 e 3
30 31 a 3
30 31 b 0
30 86 c 2
30 71 d 3
30 13 e 0
31 32 a 0
31 32 b 3
31 128 c 2
31 80 d 2
31 18 e 0
32 33 a 4
32 33 b 2
32 109 c 3
32 76 d 0
32 21 e 1
33 34 a 2
33 34 b 3
33 67 c 0
33 43 d 4
33 112 e 0
34 35 a 0
34 35 b 0
34 48 c 3
34 125 d 4
34 65 e 2
35 36 a 1
35 36 b 1
35 100 c 4
35 120 d 0
35 107 e 4
36 37 a 0
36 37 b 2
36 20 c 2
36 117 d 0
36 21 e 1
37 38 a 3
37 38 b 3
37 120 c 3
37 115 d 1
37 41 e 2
38 39 a 0
38 39 b 2
38 78 c 1
38 19 d 2
38 86 e 3
39 40 a 1
39 40 b 1
39 85 c 3
39 26 d 2
39 15 e 1
40 41 a 3
40 41 b 3
40 82 c 3
40 114 d 3
40 10 e 0
41 42 a 0
41 42 b 3
41 15 c 1
41 41 d 2
41 65 e 4
42 43 a 1
42 43 b 3
42 87 c 3
42 112 d 1
42 116 e 4
43 44 a 2
43 44 b 2
43 123 c 4
43 30 d 0
43 37 e 1
44 45 a 3
44 45 b 4
44 81 c 4
44 43 d 2
44 27 e 1
45 46 a 2
45 46 b 1
45 47 c 3
45 53 d 2
45 96 e 0
46 47 a 2
46 47 b 4
46 116 c 0
46 126 d 2
46 66 e 2
47 48 a 0
47 48 b 2
47 128 c 0
47 108 d 3
47 86 e 1
48 49 a 0
48 49 b 0
48 54 c 0
48 8 d 1
48 112 e 0
49 50 a 2
49 50 b 1
49 1 c 1
49 127 d 2
49 44 e 4
50 51 a 1
50 51 b 2
50 77 c 4
50 36 d 1
50 105 e 1
51 52 a 3
51 52 b 1
51 9 c 0
51 108 d 2
51 73 e 4
52 53 a 0
52 53 b 4
52 44 c 2
52 113 d 0
52 50 e 4
53 54 a 0
53 54 b 0
53 45 c 1
53 112 d 0
53 80 e 4
54 55 a 3
54 55 b 0
54 9 c 2
54 74 d 4
54 17 e 0
55 56 a 0
55 56 b 0
55 65 c 4
55 7 d 4
55 39 e 0
56 57 a 4
56 57 b 0
56 89 c 0
56 78 d 0
56 9 e 2
57 58 a 4
57 58 b 1
57 90 c 2
57 110 d 0
57 114 e 0
58 59 a 1
58 59 b 3
58 80 c 0
58 88 d 3
58 96 e 3
59 60 a 3
59 60 b 4
59 77 c 2
59 35 d 2
59 23 e 2
60 61 a 4
60 61 b 0
60 101 c 0
60 7 d 1
60 28 e 1
61 62 a 0
61 62 b 1
61 48 c 4
61 98 d 4
61 59 e 2
62 63 a 0
62 63 b 2
62 76 c 3
62 55 d 4
62 1 e 3
63 64 a 1
63 64 b 0
63 88 c 4
63 41 d 0
63 66 e 1
64 65 a 2
64 65 b 1
64 121 c 4
64 4 d 1
64 20 e 1
65 66 a 3
65 66 b 1
65 89 c 2
65 53 d 2
65 82 e 0
66 67 a 1
66 67 b 0
66 35 c 2
66 77 d 0
66 26 e 3
67 68 a 3
67 68 b 0
67 8 c 4
67 2 d 4
67 79 e 4
68 69 a 3
68 69 b 1
68 61 c 2
68 46 d 4
68 24 e 3
69 70 a 4
69 70 b 2
69 122 c 3
69 77 d 1
69 95 e 1
70 71 a 2
70 71 b 1
70 125 c 1
70 3 d 3
70 84 e 3
71 72 a 2
71 72 b 4
71 5 c 3
71 20 d 4
71 103 e 4
72 73 a 0
72 73 b 4
72 88 c 2
72 107 d 1
72 81 e 0
73 74 a 4
73 74 b 1
73 62 c 2
73 20 d 4
73 12 e 4
74 75 a 3
74 75 b 3
74 3 c 4
74 66 d 0
74 86 e 2
75 76 a 0
75 76 b 3
75 120 c 3
75 73 d 0
75 50 e 3
76 77 a 0
76 77 b 2
76 115 c 4
76 36 d 2
76 103 e 2
77 78 a 4
77 78 b 0
77 74 c 2
77 113 d 2
77 127 e 2
78 79 a 3
78 79 b 4
78 92 c 3
78 112 d 1
78 73 e 0
79 80 a 4
79 80 b 0
79 9 c 2
79 8 d 3
79 87 e 3
80 81 a 2
80 81 b 2
80 53 c 1
80 66 d 2
80 1 e 2
81 82 a 3
81 82 b 3
81 73 c 0
81 75 d 3
81 96 e 3
82 83 a 2
82 83 b 1
82 49 c 0
82 118 d 3
82 84 e 3
83 84 a 4
83 84 b 1
83 95 c 3
83 56 d 4
83 127 e 0
84 85 a 4
84 85 b 1
84 71 c 4
84 43 d 2
84 71 e 3
85 86 a 4
85 86 b 4
85 97 c 1
85 12 d 1
85 88 e 4
86 87 a 3
86 87 b 4
86 42 c 0
86 61 d 3
86 32 e 0
87 88 a 2
87 88 b 4
87 35 c 0
87 67 d 4
87 81 e 3
88 89 a 0
88 89 b 2
88 80 c 3
88 73 d 0
88 98 e 0
89 90 a 2
89 90 b 2
89 58 c 4
89 27 d 4
89 15 e 2
90 91 a 0
90 91 b 4
90 110 c 4
90 44 d 0
90 84 e 1
91 92 a 4
91 92 b 4
91 124 c 3
91 16 d 1
91 118 e 2
92 93 a 0
92 93 b 0
92 121 c 3
92 2 d 1
92 122 e 2
93 94 a 4
93 94 b 1
93 125 c 0
93 96 d 3
93 44 e 0
94 95 a 2
94 95 b 2
94 38 c 2
94 42 d 0
94 25 e 2
95 96 a 3
95 96 b 2
95 19 c 4
95 7 d 4
95 21 e 0
96 97 a 4
96 97 b 1
96 106 c 3
96 64 d 2
96 54 e 0
97 98 a 3
97 98 b 0
97 82 c 0
97 67 d 1
97 87 e 0
98 99 a 4
98 99 b 4
98 121 c 4
98 33 d 2
98 23 e 2
99 100 a 3
99 100 b 4
99 15 c 4
99 16 d 1
99 87 e 3
100 101 a 3
100 101 b 2
100 74 c 0
100 106 d 3
100 63 e 0
101 102 a 4
101 102 b 3
101 96 c 0
101 44 d 4
101 58 e 2
102 103 a 2
102 103 b 1
102 16 c 4
102 120 d 3
102 117 e 4
103 104 a 4
103 104 b 1
103 26 c 4
103 19 d 1
103 100 e 3
104 105 a 3
104 105 b 0
104 65 c 2
104 104 d 1
104 61 e 0
105 106 a 2
105 106 b 3
105 80 c 3
105 3 d 3
105 122 e 1
106 107 a 0
106 107 b 1
106 18 c 2
106 23 d 4
106 92 e 0
107 108 a 0
107 108 b 1
107 89 c 4
107 120 d 3
107 99 e 3
108 109 a 4
108 109 b 2
108 121 c 3
108 34 d 4
108 87 e 4
109 110 a 3
109 110 b 2
109 73 c 3
109 48 d 2
109 66 e 0
110 111 a 1
110 111 b 0
110 40 c 3
110 102 d 2
110 115 e 2
111 112 a 2
111 112 b 4
111 118 c 4
111 39 d 2
111 124 e 4
112 113 a 3
112 113 b 4
112 23 c 0
112 127 d 2
112 53 e 2
113 114 a 1
113 114 b 2
113 116 c 2
113 27 d 0
113 56 e 3
114 115 a 3
114 115 b 0
114 122 c 4
114 76 d 1
114 99 e 4
115 116 a 0
115 116 b 2
115 25 c 2
115 9 d 1
115 89 e 2
116 117 a 4
116 117 b 3
116 70 c 1
116 106 d 4
116 128 e 4
117 118 a 0
117 118 b 2
117 121 c 1
117 45 d 4
117 4 e 3
118 119 a 3
118 119 b 3
118 47 c 0
118 52 d 4
118 83 e 4
119 120 a 0
119 120 b 1
119 105 c 1
119 4 d 2
119 31 e 4
120 121 a 3
120 121 b 0
120 44 c 0
120 72 d 3
120 96 e 1
121 122 a 2
121 122 b 4
121 127 c 1
121 76 d 3
121 79 e 3
122 123 a 2
122 123 b 1
122 112 c 0
122 3 d 2
122 108 e 2
123 124 a 2
123 124 b 1
123 15 c 3
123 1 d 3
123 121 e 4
124 125 a 4
124 125 b 4
124 113 c 1
124 2 d 0
124 124 e 1
125 126 a 3
125 126 b 4
125 46 c 1
125 97 d 2
125 65 e 0
126 127 a 4
126 127 b 1
126 100 c 0
126 34 d 2
126 85 e 1
127 128 a 0
127 128 b 2
127 50 c 4
127 105 d 0
127 13 e 0
128 1 a 0
128 1 b 1
128 62 c 1
128 128 d 4
128 125 e 0

48 128 640 5 5 0
1 2 a 3
1 2 b 4
1 48 c 3
1 85 d 3
1 1 e 3
2 3 a 3
2 3 b 1
2 52 c 3
2 121 d 3
2 55 e 0
3 4 a 2
3 4 b 1
3 123 c 4
3 34 d 0
3 3 e 3
4 5 a 1
4 5 b 2
4 59 c 0
4 42 d 0
4 10 e 3
5 6 a 4
5 6 b 4
5 42 c 1
5 14 d 3
5 56 e 4
6 7 a 1
6 7 b 3
6 7 c 1
6 112 d 3
6 58 e 2
7 8 a 3
7 8 b 0
7 18 c 3
7 22 d 2
7 4 e 3
8 9 a 1
8 9 b 3
8 15 c 0
8 104 d 0
8 76 e 0
9 10 a 4
9 10 b 0
9 71 c 1
9 118 d 4
9 13 e 0
10 11 a 0
10 11 b 1
10 6 c 4
10 112 d 1
10 5 e 3
11 12 a 0
11 12 b 3
11 30 c 2
11 43 d 3
11 56 e 4
12 13 a 2
12 13 b 1
12 98 c 0
12 35 d 3
12 107 e 3
13 14 a 2
13 14 b 4
13 44 c 2
13 116 d 1
13 41 e 2
14 15 a 1
14 15 b 2
14 89 c 1
14 95 d 0
14 65 e 2
15 16 a 4
15 16 b 2
15 72 c 2
15 75 d 1
15 70 e 1
16 17 a 2
16 17 b 4
16 94 c 4
16 65 d 0
16 14 e 0
17 18 a 2
17 18 b 4
17 4 c 1
17 111 d 3
17 51 e 0
18 19 a 4
18 19 b 3
18 39 c 1
18 39 d 4
18 21 e 4
19 20 a 1
19 20 b 0
19 55 c 3
19 93 d 3
19 86 e 0
20 21 a 4
20 21 b 0
20 41 c 1
20 44 d 0
20 93 e 3
21 22 a 4
21 22 b 3
21 117 c 0
21 81 d 1
21 84 e 3
22 23 a 0
22 23 b 2
22 24 c 3
22 46 d 1
22 42 e 3
23 24 a 2
23 24 b 4
23 19 c 0
23 73 d 2
23 18 e 1
24 25 a 1
24 25 b 0
24 107 c 3
24 74 d 4
24 1 e 2
25 26 a 0
25 26 b 0
25 39 c 4
25 1 d 1
25 52 e 0
26 27 a 4
26 27 b 0
26 85 c 4
26 94 d 3
26 40 e 0
27 28 a 3
27 28 b 1
27 6 c 0
27 119 d 4
27 32 e 0
28 29 a 2
28 29 b 0
28 77 c 0
28 5 d 2
28 34 e 1
29 30 a 0
29 30 b 2
29 68 c 1
29 103 d 0
29 122 e 3
30 31 a 3
30 31 b 0
30 6 c 3
30 29 d 1
30 54 e 0
31 32 a 1
31 32 b 2
31 54 c 1
31 79 d 1
31 40 e 3
32 33 a 0
32 33 b 2
32 118 c 4
32 68 d 3
32 103 e 4
33 34 a 4
33 34 b 0
33 113 c 2
33 107 d 2
33 79 e 2
34 35 a 2
34 35 b 2
34 83 c 4
34 85 d 4
34 124 e 0
35 36 a 4
35 36 b 3
35 75 c 3
35 56 d 2
35 83 e 3
36 37 a 4
36 37 b 0
36 16 c 3
36 111 d 0
36 121 e 1
37 38 a 0
37 38 b 4
37 88 c 0
37 117 d 1
37 90 e 2
38 39 a 1
38 39 b 4
38 98 c 0
38 109 d 4
38 35 e 4
39 40 a 2
39 40 b 2
39 110 c 1
39 29 d 4
39 72 e 2
40 41 a 2
40 41 b 2
40 64 c 0
40 109 d 4
40 128 e 1
41 42 a 2
41 42 b 2
41 33 c 4
41 109 d 4
41 68 e 0
42 43 a 1
42 43 b 3
42 94 c 3
42 77 d 2
42 83 e 4
43 44 a 0
43 44 b 0
43 71 c 2
43 99 d 0
43 48 e 4
44 45 a 3
44 45 b 3
44 48 c 4
44 40 d 2
44 35 e 3
45 46 a 0
45 46 b 2
45 116 c 4
45 59 d 1
45 52 e 2
46 47 a 1
46 47 b 2
46 109 c 4
46 93 d 0
46 51 e 3
47 48 a 4
47 48 b 3
47 125 c 2
47 115 d 4
47 51 e 3
48 49 a 1
48 49 b 2
48 8 c 4
48 7 d 4
48 10 e 1
49 50 a 3
49 50 b 0
49 119 c 2
49 71 d 4
49 83 e 3
50 51 a 4
50 51 b 3
50 55 c 2
50 5 d 2
50 108 e 1
51 52 a 2
51 52 b 1
51 57 c 2
51 53 d 2
51 120 e 2
52 53 a 3
52 53 b 1
52 111 c 1
52 114 d 2
52 94 e 3
53 54 a 2
53 54 b 4
53 85 c 2
53 121 d 0
53 72 e 4
54 55 a 0
54 55 b 1
54 101 c 3
54 45 d 1
54 37 e 2
55 56 a 3
55 56 b 3
55 34 c 3
55 17 d 1
55 40 e 0
56 57 a 3
56 57 b 4
56 14 c 3
56 81 d 1
56 71 e 1
57 58 a 2
57 58 b 3
57 52 c 1
57 58 d 2
57 60 e 0
58 59 a 1
58 59 b 4
58 31 c 4
58 61 d 3
58 7 e 2
59 60 a 0
59 60 b 3
59 97 c 4
59 112 d 4
59 106 e 4
60 61 a 0
60 61 b 3
60 13 c 2
60 12 d 1
60 108 e 1
61 62 a 4
61 62 b 2
61 61 c 0
61 112 d 4
61 87 e 0
62 63 a 0
62 63 b 3
62 12 c 0
62 29 d 0
62 58 e 4
63 64 a 3
63 64 b 2
63 29 c 3
63 56 d 3
63 103 e 3
64 65 a 3
64 65 b 4
64 19 c 1
64 12 d 3
64 118 e 1
65 66 a 4
65 66 b 3
65 23 c 4
65 5 d 0
65 64 e 3
66 67 a 3
66 67 b 3
66 85 c 1
66 53 d 1
66 101 e 4
67 68 a 3
67 68 b 4
67 127 c 2
67 83 d 4
67 71 e 3
68 69 a 4
68 69 b 0
68 72 c 4
68 55 d 4
68 12 e 2
69 70 a 0
69 70 b 1
69 106 c 1
69 95 d 0
69 32 e 0
70 71 a 0
70 71 b 3
70 34 c 0
70 109 d 4
70 49 e 4
71 72 a 4
71 72 b 4
71 46 c 0
71 39 d 4
71 49 e 2
72 73 a 2
72 73 b 4
72 86 c 3
72 118 d 0
72 87 e 0
73 74 a 2
73 74 b 2
73 96 c 1
73 104 d 4
73 30 e 3
74 75 a 4
74 75 b 0
74 26 c 0
74 46 d 3
74 69 e 1
75 76 a 1
75 76 b 3
75 83 c 3
75 30 d 1
75 77 e 3
76 77 a 4
76 77 b 4
76 98 c 3
76 50 d 3
76 127 e 1
77 78 a 0
77 78 b 3
77 31 c 3
77 6 d 3
77 99 e 3
78 79 a 3
78 79 b 2
78 101 c 2
78 94 d 3
78 74 e 0
79 80 a 1
79 80 b 2
79 22 c 0
79 31 d 3
79 68 e 3
80 81 a 0
80 81 b 1
80 23 c 3
80 81 d 4
80 43 e 2
81 82 a 1
81 82 b 2
81 79 c 3
81 35 d 4
81 23 e 1
82 83 a 4
82 83 b 1
82 44 c 3
82 103 d 2
82 103 e 1
83 84 a 4
83 84 b 0
83 30 c 0
83 17 d 4
83 62 e 4
84 85 a 3
84 85 b 3
84 26 c 4
84 61 d 3
84 3 e 3
85 86 a 0
85 86 b 3
85 25 c 1
85 38 d 3
85 96 e 4
86 87 a 2
86 87 b 2
86 23 c 2
86 47 d 1
86 69 e 0
87 88 a 3
87 88 b 1
87 20 c 1
87 94 d 3
87 98 e 2
88 89 a 4
88 89 b 0
88 22 c 2
88 92 d 4
88 48 e 4
89 90 a 4
89 90 b 4
89 37 c 2
89 119 d 1
89 105 e 4
90 91 a 0
90 91 b 2
90 77 c 0
90 32 d 4
90 11 e 1
91 92 a 0
91 92 b 1
91 31 c 4
91 109 d 2
91 89 e 1
92 93 a 4
92 93 b 1
92 49 c 0
92 24 d 4
92 90 e 4
93 94 a 3
93 94 b 1
93 26 c 4
93 126 d 0
93 88 e 1
94 95 a 0
94 95 b 1
94 119 c 4
94 33 d 0
94 98 e 1
95 96 a 3
95 96 b 3
95 104 c 0
95 38 d 0
95 75 e 2
96 97 a 0
96 97 b 0
96 19 c 2
96 87 d 2
96 40 e 1
97 98 a 2
97 98 b 0
97 32 c 0
97 35 d 1
97 86 e 4
98 99 a 2
98 99 b 1
98 60 c 1
98 25 d 0
98 114 e 0
99 100 a 1
99 100 b 0
99 23 c 0
99 113 d 1
99 95 e 2
100 101 a 3
100 101 b 1
100 101 c 3
100 3 d 4
100 67 e 2
101 102 a 1
101 102 b 1
101 97 c 4
101 78 d 3
101 10 e 0
102 103 a 0
102 103 b 3
102 69 c 1
102 114 d 4
102 98 e 4
103 104 a 2
103 104 b 2
103 83 c 3
103 54 d 0
103 61 e 2
104 105 a 2
104 105 b 0
104 79 c 0
104 3 d 4
104 83 e 4
105 106 a 3
105 106 b 1
105 2 c 3
105 103 d 1
105 29 e 2
106 107 a 0
106 107 b 3
106 57 c 1
106 19 d 0
106 91 e 2
107 108 a 1
107 108 b 1
107 68 c 2
107 93 d 4
107 14 e 3
108 109 a 2
108 109 b 0
108 120 c 2
108 63 d 4
108 127 e 2
109 110 a 3
109 110 b 0
109 46 c 3
109 86 d 3
109 54 e 3
110 111 a 0
110 111 b 0
110 65 c 3
110 100 d 3
110 4 e 4
111 112 a 1
111 112 b 4
111 19 c 4
111 78 d 2
111 122 e 4
112 113 a 1
112 113 b 4
112 9 c 3
112 31 d 4
112 111 e 0
113 114 a 0
113 114 b 2
113 11 c 2
113 3 d 1
113 126 e 1
114 115 a 2
114 115 b 0
114 5 c 3
114 77 d 2
114 6 e 3
115 116 a 2
115 116 b 0
115 104 c 3
115 114 d 3
115 40 e 0
116 117 a 2
116 117 b 2
116 41 c 0
116 11 d 1
116 76 e 1
117 118 a 4
117 118 b 4
117 65 c 2
117 86 d 0
117 29 e 4
118 119 a 2
118 119 b 0
118 44 c 0
118 54 d 4
118 8 e 1
119 120 a 2
119 120 b 1
119 106 c 0
119 47 d 2
119 65 e 1
120 121 a 3
120 121 b 1
120 1 c 2
120 107 d 3
120 62 e 4
121 122 a 2
121 122 b 0
121 121 c 4
121 56 d 4
121 58 e 4
122 123 a 4
122 123 b 3
122 95 c 4
122 7 d 1
122 51 e 2
123 124 a 0
123 124 b 3
123 66 c 1
123 110 d 1
123 108 e 0
124 125 a 1
124 125 b 4
124 57 c 0
124 39 d 2
124 108 e 1
125 126 a 3
125 126 b 1
125 91 c 3
125 15 d 0
125 125 e 0
126 127 a 3
126 127 b 1
126 69 c 1
126 40 d 0
126 46 e 4
127 128 a 2
127 128 b 3
127 24 c 0
127 24 d 3
127 82 e 3
128 1 a 3
128 1 b 3
128 120 c 1
128 39 d 3
128 127 e 4

49 128 640 5 5 0
1 2 a 1
1 2 b 2
1 14 c 4
1 69 d 0
1 15 e 2
2 3 a 2
2 3 b 4
2 7 c 4
2 1 d 2
2 34 e 4
3 4 a 4
3 4 b 0
3 19 c 1
3 19 d 0
3 26 e 4
4 5 a 0
4 5 b 2
4 102 c 0
4 84 d 1
4 30 e 4
5 6 a 3
5 6 b 0
5 59 c 0
5 64 d 3
5 24 e 2
6 7 a 4
6 7 b 3
6 76 c 0
6 123 d 3
6 55 e 2
7 8 a 1
7 8 b 1
7 91 c 4
7 73 d 3
7 109 e 3
8 9 a 0
8 9 b 3
8 44 c 2
8 20 d 1
8 114 e 0
9 10 a 2
9 10 b 3
9 9 c 4
9 106 d 2
9 63 e 1
10 11 a 0
10 11 b 2
10 61 c 4
10 124 d 4
10 20 e 4
11 12 a 3
11 12 b 1
11 25 c 4
11 32 d 4
11 115 e 1
12 13 a 4
12 13 b 4
12 114 c 1
12 80 d 2
12 35 e 1
13 14 a 3
13 14 b 2
13 33 c 1
13 41 d 2
13 45 e 2
14 15 a 0
14 15 b 2
14 1 c 2
14 109 d 3
14 98 e 2
15 16 a 1
15 16 b 1
15 117 c 3
15 2 d 0
15 83 e 1
16 17 a 1
16 17 b 4
16 95 c 0
16 113 d 3
16 88 e 0
17 18 a 3
17 18 b 4
17 42 c 1
17 103 d 4
17 10 e 2
18 19 a 2
18 19 b 2
18 65 c 2
18 55 d 0
18 72 e 1
19 20 a 4
19 20 b 0
19 22 c 4
19 86 d 0
19 54 e 4
20 21 a 4
20 21 b 4
20 28 c 2
20 93 d 4
20 57 e 1
21 22 a 2
21 22 b 1
21 77 c 3
21 11 d 4
21 125 e 2
22 23 a 2
22 23 b 4
22 37 c 2
22 64 d 4
22 111 e 2
23 24 a 1
23 24 b 3
23 37 c 1
23 4 d 1
23 67 e 1
24 25 a 1
24 25 b 0
24 81 c 1
24 126 d 4
24 111 e 0
25 26 a 2
25 26 b 3
25 50 c 4
25 125 d 3
25 46 e 0
26 27 a 4
26 27 b 1
26 84 c 0
26 114 d 3
26 127 e 1
27 28 a 0
27 28 b 4
27 73 c 1
27 115 d 3
27 35 e 1
28 29 a 0
28 29 b 0
28 37 c 4
28 58 d 4
28 34 e 3
29 30 a 0
29 30 b 1
29 128 c 1
29 37 d 4
29 70 e 1
30 31 a 1
30 31 b 2
30 119 c 4
30 52 d 3
30 31 e 3
31 32 a 0
31 32 b 1
31 43 c 4
31 13 d 2
31 125 e 0
32 33 a 3
32 33 b 3
32 64 c 1
32 123 d 3
32 121 e 1
33 34 a 2
33 34 b 0
33 95 c 3
33 107 d 0
33 109 e 0
34 35 a 0
34 35 b 3
34 53 c 3
34 109 d 0
34 119 e 4
35 36 a 3
35 36 b 0
35 114 c 2
35 57 d 1
35 122 e 2
36 37 a 0
36 37 b 0
36 75 c 0
36 40 d 1
36 29 e 0
37 38 a 2
37 38 b 3
37 121 c 4
37 55 d 2
37 74 e 4
38 39 a 2
38 39 b 3
38 55 c 0
38 7 d 4
38 48 e 0
39 40 a 3
39 40 b 0
39 71 c 1
39 95 d 4
39 66 e 3
40 41 a 3
40 41 b 0
40 110 c 1
40 41 d 4
40 54 e 1
41 42 a 4
41 42 b 0
41 115 c 1
41 113 d 4
41 6 e 3
42 43 a 0
42 43 b 2
42 37 c 3
42 105 d 3
42 114 e 3
43 44 a 4
43 44 b 4
43 82 c 4
43 104 d 4
43 124 e 1
44 45 a 0
44 45 b 0
44 80 c 3
44 102 d 3
44 107 e 2
45 46 a 0
45 46 b 1
45 120 c 4
45 1 d 2
45 72 e 0
46 47 a 2
46 47 b 1
46 38 c 4
46 123 d 4
46 100 e 3
47 48 a 3
47 48 b 1
47 58 c 4
47 58 d 2
47 81 e 1
48 49 a 3
48 49 b 2
48 26 c 0
48 70 d 2
48 100 e 4
49 50 a 1
49 50 b 3
49 46 c 4
49 79 d 3
49 57 e 2
50 51 a 0
50 51 b 4
50 98 c 2
50 37 d 2
50 47 e 2
51 52 a 0
51 52 b 4
51 40 c 2
51 62 d 1
51 104 e 1
52 53 a 0
52 53 b 0
52 115 c 4
52 52 d 1
52 74 e 1
53 54 a 0
53 54 b 1
53 61 c 1
53 67 d 3
53 1 e 1
54 55 a 0
54 55 b 2
54 2 c 1
54 79 d 1
54 122 e 4
55 56 a 0
55 56 b 1
55 67 c 1
55 92 d 3
55 106 e 3
56 57 a 1
56 57 b 3
56 4 c 0
56 21 d 4
56 69 e 3
57 58 a 0
57 58 b 2
57 78 c 2
57 70 d 0
57 71 e 1
58 59 a 2
58 59 b 4
58 46 c 3
58 97 d 1
58 110 e 0
59 60 a 2
59 60 b 0
59 52 c 0
59 125 d 1
59 126 e 0
60 61 a 1
60 61 b 0
60 117 c 0
60 82 d 1
60 124 e 1
61 62 a 0
61 62 b 4
61 9 c 4
61 62 d 0
61 51 e 1
62 63 a 0
62 63 b 1
62 13 c 2
62 67 d 0
62 51 e 4
63 64 a 1
63 64 b 0
63 34 c 3
63 7 d 1
63 77 e 1
64 65 a 0
64 65 b 3
64 109 c 3
64 83 d 0
64 24 e 3
65 66 a 4
65 66 b 1
65 21 c 2
65 21 d 1
65 111 e 3
66 67 a 4
66 67 b 4
66 72 c 4
66 94 d 3
66 112 e 3
67 68 a 0
67 68 b 2
67 54 c 4
67 100 d 0
67 126 e 0
68 69 a 4
68 69 b 0
68 20 c 1
68 128 d 1
68 64 e 0
69 70 a 2
69 70 b 0
69 27 c 0
69 49 d 2
69 32 e 3
70 71 a 2
70 71 b 0
70 6 c 3
70 24 d 2
70 78 e 0
71 72 a 0
71 72 b 4
71 24 c 0
71 122 d 4
71 58 e 3
72 73 a 3
72 73 b 2
72 19 c 3
72 65 d 0
72 29 e 3
73 74 a 4
73 74 b 3
73 66 c 0
73 124 d 3
73 113 e 4
74 75 a 1
74 75 b 3
74 112 c 4
74 90 d 1
74 116 e 2
75 76 a 0
75 76 b 1
75 111 c 4
75 51 d 2
75 41 e 1
76 77 a 1
76 77 b 0
76 18 c 3
76 127 d 0
76 87 e 3
77 78 a 3
77 78 b 2
77 51 c 1
77 92 d 1
77 8 e 2
78 79 a 2
78 79 b 4
78 46 c 0
78 13 d 0
78 10 e 3
79 80 a 3
79 80 b 2
79 99 c 4
79 117 d 2
79 114 e 2
80 81 a 2
80 81 b 0
80 56 c 0
80 32 d 1
80 21 e 2
81 82 a 3
81 82 b 4
81 21 c 2
81 59 d 4
81 13 e 4
82 83 a 0
82 83 b 1
82 103 c 4
82 23 d 0
82 58 e 4
83 84 a 3
83 84 b 2
83 30 c 3
83 42 d 2
83 62 e 2
84 85 a 3
84 85 b 2
84 46 c 0
84 14 d 4
84 127 e 2
85 86 a 4
85 86 b 4
85 17 c 0
85 128 d 1
85 41 e 3
86 87 a 1
86 87 b 3
86 67 c 2
86 98 d 2
86 42 e 1
87 88 a 1
87 88 b 3
87 69 c 2
87 57 d 0
87 52 e 2
88 89 a 2
88 89 b 0
88 28 c 0
88 47 d 2
88 62 e 1
89 90 a 1
89 90 b 2
89 79 c 3
89 19 d 4
89 3 e 3
90 91 a 4
90 91 b 3
90 108 c 0
90 84 d 3
90 2 e 3
91 92 a 2
91 92 b 2
91 3 c 1
91 10 d 0
91 125 e 2
92 93 a 1
92 93 b 3
92 40 c 1
92 109 d 0
92 122 e 1
93 94 a 1
93 94 b 0
93 118 c 0
93 92 d 3
93 69 e 0
94 95 a 2
94 95 b 2
94 7 c 1
94 87 d 1
94 107 e 1
95 96 a 3
95 96 b 0
95 125 c 0
95 5 d 2
95 64 e 0
96 97 a 3
96 97 b 3
96 125 c 2
96 47 d 0
96 90 e 4
97 98 a 2
97 98 b 2
97 46 c 3
97 66 d 0
97 20 e 3
98 99 a 4
98 99 b 0
98 63 c 3
98 82 d 2
98 13 e 1
99 100 a 1
99 100 b 2
99 94 c 3
99 18 d 1
99 38 e 0
100 101 a 3
100 101 b 0
100 65 c 0
100 92 d 2
100 7 e 0
101 102 a 1
101 102 b 2
101 33 c 4
101 48 d 0
101 27 e 2
102 103 a 1
102 103 b 2
102 57 c 3
102 44 d 1
102 15 e 1
103 104 a 1
103 104 b 3
103 76 c 4
103 25 d 4
103 87 e 4
104 105 a 0
104 105 b 4
104 29 c 3
104 94 d 2
104 41 e 4
105 106 a 1
105 106 b 3
105 117 c 0
105 11 d 4
105 127 e 0
106 107 a 0
106 107 b 4
106 32 c 4
106 79 d 1
106 25 e 3
107 108 a 4
107 108 b 4
107 111 c 3
107 2 d 0
107 122 e 2
108 109 a 2
108 109 b 3
108 56 c 1
108 28 d 3
108 103 e 0
109 110 a 0
109 110 b 0
109 82 c 1
109 60 d 2
109 107 e 2
110 111 a 0
110 111 b 3
110 26 c 1
110 34 d 1
110 85 e 2
111 112 a 1
111 112 b 2
111 113 c 4
111 53 d 1
111 55 e 2
112 113 a 1
112 113 b 4
112 59 c 4
112 126 d 0
112 105 e 0
113 114 a 4
113 114 b 0
113 97 c 4
113 43 d 4
113 5 e 2
114 115 a 1
114 115 b 0
114 79 c 1
114 13 d 1
114 105 e 3
115 116 a 2
115 116 b 1
115 119 c 2
115 26 d 0
115 55 e 4
116 117 a 2
116 117 b 3
116 77 c 4
116 108 d 0
116 88 e 0
117 118 a 3
117 118 b 1
117 73 c 2
117 64 d 0
117 117 e 1
118 119 a 0
118 119 b 2
118 105 c 0
118 120 d 2
118 125 e 0
119 120 a 1
119 120 b 3
119 44 c 3
119 26 d 2
119 34 e 1
120 121 a 1
120 121 b 4
120 23 c 3
120 78 d 2
120 92 e 0
121 122 a 1
121 122 b 3
121 51 c 3
121 100 d 4
121 100 e 4
122 123 a 1
122 123 b 4
122 13 c 1
122 75 d 0
122 58 e 1
123 124 a 3
123 124 b 4
123 53 c 3
123 27 d 4
123 32 e 1
124 125 a 2
124 125 b 0
124 64 c 4
124 12 d 2
124 28 e 1
125 126 a 2
125 126 b 4
125 71 c 0
125 125 d 3
125 122 e 1
126 127 a 0
126 127 b 3
126 101 c 4
126 110 d 0
126 71 e 3
127 128 a 1
127 128 b 2
127 61 c 4
127 6 d 4
127 87 e 0
128 1 a 3
128 1 b 3
128 113 c 4
128 15 d 0
128 65 e 2

50 128 640 5 5 0
1 2 a 1
1 2 b 3
1 44 c 0
1 116 d 1
1 94 e 3
2 3 a 4
2 3 b 0
2 25 c 4
2 74 d 2
2 77 e 3
3 4 a 1
3 4 b 1
3 106 c 2
3 68 d 4
3 114 e 1
4 5 a 0
4 5 b 0
4 82 c 3
4 61 d 4
4 114 e 4
5 6 a 0
5 6 b 1
5 11 c 2
5 50 d 3
5 57 e 4
6 7 a 2
6 7 b 0
6 81 c 4
6 69 d 0
6 116 e 4
7 8 a 1
7 8 b 0
7 100 c 1
7 60 d 2
7 23 e 1
8 9 a 0
8 9 b 2
8 10 c 2
8 127 d 3
8 88 e 1
9 10 a 0
9 10 b 0
9 11 c 2
9 30 d 1
9 50 e 3
10 11 a 1
10 11 b 0
10 52 c 2
10 72 d 2
10 99 e 2
11 12 a 2
11 12 b 1
11 84 c 0
11 85 d 4
11 111 e 3
12 13 a 2
12 13 b 3
12 66 c 2
12 62 d 4
12 26 e 2
13 14 a 0
13 14 b 1
13 85 c 4
13 31 d 3
13 114 e 1
14 15 a 3
14 15 b 3
14 106 c 3
14 60 d 1
14 67 e 1
15 16 a 3
15 16 b 3
15 98 c 3
15 121 d 0
15 33 e 3
16 17 a 0
16 17 b 4
16 33 c 1
16 96 d 4
16 98 e 2
17 18 a 3
17 18 b 4
17 16 c 4
17 31 d 0
17 32 e 2
18 19 a 3
18 19 b 3
18 28 c 4
18 7 d 2
18 59 e 1
19 20 a 2
19 20 b 0
19 53 c 1
19 15 d 0
19 85 e 4
20 21 a 4
20 21 b 1
20 80 c 4
20 78 d 2
20 85 e 3
21 22 a 0
21 22 b 4
21 101 c 4
21 5 d 1
21 101 e 0
22 23 a 0
22 23 b 1
22 114 c 1
22 19 d 3
22 116 e 3
23 24 a 4
23 24 b 0
23 118 c 2
23 126 d 3
23 53 e 1
24 25 a 4
24 25 b 0
24 118 c 3
24 113 d 4
24 29 e 4
25 26 a 4
25 26 b 3
25 124 c 2
25 57 d 0
25 105 e 1
26 27 a 1
26 27 b 3
26 19 c 0
26 70 d 1
26 22 e 1
27 28 a 0
27 28 b 0
27 76 c 4
27 48 d 1
27 102 e 1
28 29 a 1
28 29 b 4
28 60 c 4
28 48 d 2
28 98 e 0
29 30 a 4
29 30 b 3
29 124 c 1
29 34 d 4
29 83 e 0
30 31 a 4
30 31 b 4
30 40 c 2
30 10 d 1
30 72 e 0
31 32 a 4
31 32 b 0
31 96 c 2
31 12 d 1
31 19 e 2
32 33 a 1
32 33 b 2
32 74 c 1
32 114 d 1
32 75 e 3
33 34 a 1
33 34 b 0
33 14 c 1
33 42 d 1
33 75 e 1
34 35 a 0
34 35 b 2
34 88 c 2
34 70 d 0
34 50 e 3
35 36 a 0
35 36 b 1
35 90 c 3
35 122 d 1
35 98 e 0
36 37 a 0
36 37 b 3
36 71 c 2
36 33 d 0
36 1 e 0
37 38 a 2
37 38 b 4
37 89 c 4
37 56 d 2
37 123 e 0
38 39 a 0
38 39 b 4
38 76 c 2
38 98 d 2
38 125 e 1
39 40 a 3
39 40 b 0
39 97 c 3
39 98 d 0
39 123 e 4
40 41 a 2
40 41 b 3
40 92 c 0
40 36 d 0
40 44 e 1
41 42 a 1
41 42 b 1
41 6 c 1
41 53 d 1
41 9 e 4
42 43 a 3
42 43 b 3
42 43 c 0
42 69 d 4
42 81 e 4
43 44 a 4
43 44 b 2
43 29 c 0
43 44 d 2
43 7 e 1
44 45 a 3
44 45 b 1
44 48 c 4
44 99 d 0
44 114 e 4
45 46 a 4
45 46 b 4
45 60 c 1
45 7 d 2
45 29 e 3
46 47 a 2
46 47 b 1
46 30 c 2
46 89 d 3
46 85 e 4
47 48 a 2
47 48 b 0
47 55 c 1
47 65 d 2
47 46 e 1
48 49 a 2
48 49 b 0
48 108 c 0
48 70 d 1
48 126 e 4
49 50 a 1
49 50 b 2
49 36 c 1
49 23 d 1
49 96 e 3
50 51 a 1
50 51 b 3
50 77 c 3
50 5 d 0
50 50 e 3
51 52 a 0
51 52 b 2
51 87 c 3
51 7 d 3
51 23 e 1
52 53 a 1
52 53 b 1
52 55 c 3
52 53 d 1
52 118 e 3
53 54 a 3
53 54 b 2
53 101 c 2
53 77 d 4
53 121 e 0
54 55 a 3
54 55 b 0
54 95 c 1
54 49 d 2
54 15 e 3
55 56 a 2
55 56 b 1
55 36 c 0
55 103 d 1
55 107 e 1
56 57 a 0
56 57 b 1
56 58 c 2
56 24 d 4
56 3 e 3
57 58 a 1
57 58 b 0
57 40 c 3
57 17 d 1
57 17 e 1
58 59 a 4
58 59 b 3
58 125 c 0
58 69 d 1
58 21 e 0
59 60 a 3
59 60 b 1
59 71 c 0
59 73 d 3
59 81 e 4
60 61 a 2
60 61 b 4
60 28 c 2
60 87 d 3
60 76 e 1
61 62 a 0
61 62 b 4
61 21 c 2
61 76 d 1
61 80 e 3
62 63 a 1
62 63 b 1
62 78 c 4
62 42 d 2
62 108 e 0
63 64 a 1
63 64 b 4
63 103 c 4
63 22 d 2
63 114 e 1
64 65 a 3
64 65 b 3
64 6 c 4
64 90 d 0
64 122 e 0
65 66 a 3
65 66 b 4
65 83 c 4
65 100 d 4
65 93 e 4
66 67 a 3
66 67 b 0
66 123 c 1
66 70 d 4
66 59 e 0
67 68 a 0
67 68 b 3
67 45 c 3
67 52 d 3
67 118 e 1
68 69 a 0
68 69 b 4
68 32 c 3
68 9 d 0
68 52 e 2
69 70 a 4
69 70 b 4
69 11 c 0
69 67 d 1
69 97 e 1
70 71 a 4
70 71 b 2
70 43 c 1
70 2 d 4
70 42 e 1
71 72 a 0
71 72 b 1
71 65 c 3
71 13 d 1
71 4 e 4
72 73 a 3
72 73 b 2
72 17 c 0
72 77 d 2
72 35 e 4
73 74 a 3
73 74 b 3
73 100 c 0
73 79 d 3
73 3 e 3
74 75 a 0
74 75 b 3
74 7 c 1
74 71 d 4
74 99 e 2
75 76 a 3
75 76 b 2
75 74 c 4
75 8 d 0
75 68 e 3
76 77 a 3
76 77 b 2
76 2 c 2
76 12 d 0
76 110 e 0
77 78 a 0
77 78 b 0
77 7 c 4
77 114 d 1
77 108 e 4
78 79 a 4
78 79 b 4
78 54 c 1
78 123 d 1
78 11 e 0
79 80 a 0
79 80 b 3
79 113 c 0
79 12 d 3
79 95 e 3
80 81 a 1
80 81 b 3
80 26 c 4
80 48 d 1
80 63 e 1
81 82 a 1
81 82 b 0
81 27 c 2
81 19 d 4
81 67 e 2
82 83 a 4
82 83 b 4
82 97 c 0
82 7 d 0
82 77 e 3
83 84 a 2
83 84 b 4
83 93 c 0
83 3 d 2
83 125 e 3
84 85 a 1
84 85 b 4
84 2 c 3
84 31 d 2
84 59 e 0
85 86 a 4
85 86 b 0
85 73 c 3
85 26 d 3
85 49 e 4
86 87 a 2
86 87 b 3
86 48 c 1
86 84 d 1
86 79 e 2
87 88 a 1
87 88 b 4
87 54 c 1
87 84 d 1
87 69 e 4
88 89 a 1
88 89 b 2
88 97 c 3
88 67 d 4
88 12 e 4
89 90 a 3
89 90 b 0
89 57 c 4
89 110 d 1
89 94 e 0
90 91 a 1
90 91 b 3
90 74 c 0
90 73 d 2
90 57 e 4
91 92 a 0
91 92 b 4
91 38 c 0
91 103 d 2
91 96 e 0
92 93 a 4
92 93 b 1
92 96 c 2
92 2 d 2
92 90 e 3
93 94 a 1
93 94 b 2
93 18 c 3
93 121 d 3
93 113 e 2
94 95 a 0
94 95 b 2
94 88 c 0
94 77 d 2
94 52 e 2
95 96 a 4
95 96 b 2
95 83 c 0
95 36 d 0
95 118 e 0
96 97 a 4
96 97 b 1
96 39 c 4
96 70 d 2
96 76 e 2
97 98 a 3
97 98 b 2
97 125 c 2
97 34 d 4
97 19 e 2
98 99 a 4
98 99 b 2
98 1 c 2
98 74 d 0
98 104 e 0
99 100 a 3
99 100 b 1
99 101 c 4
99 115 d 2
99 46 e 1
100 101 a 4
100 101 b 2
100 93 c 3
100 118 d 0
100 11 e 0
101 102 a 1
101 102 b 2
101 33 c 2
101 81 d 4
101 107 e 1
102 103 a 2
102 103 b 3
102 110 c 4
102 39 d 3
102 124 e 1
103 104 a 2
103 104 b 1
103 5 c 0
103 60 d 0
103 48 e 1
104 105 a 4
104 105 b 3
104 42 c 3
104 122 d 3
104 62 e 0
105 106 a 4
105 106 b 2
105 39 c 1
105 110 d 1
105 34 e 1
106 107 a 0
106 107 b 4
106 71 c 3
106 76 d 2
106 24 e 1
107 108 a 1
107 108 b 1
107 91 c 4
107 103 d 1
107 37 e 1
108 109 a 0
108 109 b 2
108 56 c 2
108 58 d 0
108 14 e 1
109 110 a 4
109 110 b 2
109 54 c 4
109 98 d 3
109 95 e 4
110 111 a 4
110 111 b 2
110 51 c 4
110 33 d 3
110 102 e 1
111 112 a 0
111 112 b 1
111 14 c 2
111 92 d 3
111 53 e 0
112 113 a 3
112 113 b 0
112 44 c 2
112 29 d 0
112 35 e 0
113 114 a 4
113 114 b 3
113 119 c 2
113 19 d 3
113 75 e 3
114 115 a 3
114 115 b 3
114 90 c 3
114 13 d 3
114 11 e 3
115 116 a 1
115 116 b 0
115 71 c 3
115 3 d 3
115 7 e 1
116 117 a 0
116 117 b 4
116 49 c 3
116 13 d 1
116 36 e 0
117 118 a 0
117 118 b 3
117 17 c 2
117 106 d 3
117 14 e 4
118 119 a 1
118 119 b 1
118 101 c 4
118 123 d 1
118 50 e 2
119 120 a 1
119 120 b 2
119 45 c 0
119 68 d 4
119 68 e 1
120 121 a 2
120 121 b 4
120 109 c 0
120 114 d 0
120 58 e 2
121 122 a 1
121 122 b 4
121 45 c 2
121 79 d 0
121 79 e 0
122 123 a 4
122 123 b 4
122 124 c 4
122 80 d 4
122 1 e 2
123 124 a 4
123 124 b 4
123 105 c 4
123 8 d 1
123 19 e 1
124 125 a 0
124 125 b 0
124 8 c 0
124 50 d 1
124 12 e 4
125 126 a 4
125 126 b 2
125 115 c 0
125 43 d 0
125 54 e 0
126 127 a 2
126 127 b 4
126 70 c 3
126 117 d 4
126 32 e 1
127 128 a 0
127 128 b 4
127 34 c 2
127 53 d 4
127 29 e 4
128 1 a 3
128 1 b 4
128 43 c 3
128 54 d 3
128 67 e 2

51 128 640 5 5 0
1 2 a 1
1 2 b 1
1 10 c 4
1 100 d 1
1 108 e 4
2 3 a 0
2 3 b 1
2 108 c 4
2 82 d 1
2 56 e 3
3 4 a 2
3 4 b 4
3 1 c 2
3 53 d 3
3 9 e 2
4 5 a 0
4 5 b 3
4 126 c 1
4 102 d 4
4 6 e 3
5 6 a 2
5 6 b 4
5 27 c 4
5 100 d 2
5 25 e 1
6 7 a 2
6 7 b 4
6 21 c 2
6 79 d 1
6 113 e 4
7 8 a 4
7 8 b 1
7 45 c 2
7 110 d 1
7 128 e 4
8 9 a 3
8 9 b 3
8 40 c 1
8 42 d 2
8 126 e 0
9 10 a 3
9 10 b 4
9 77 c 0
9 17 d 2
9 100 e 1
10 11 a 4
10 11 b 2
10 106 c 0
10 85 d 2
10 114 e 4
11 12 a 4
11 12 b 0
11 79 c 0
11 74 d 3
11 42 e 2
12 13 a 4
12 13 b 3
12 82 c 4
12 107 d 4
12 82 e 1
13 14 a 2
13 14 b 1
13 73 c 1
13 85 d 0
13 118 e 0
14 15 a 0
14 15 b 0
14 19 c 4
14 74 d 3
14 100 e 1
15 16 a 3
15 16 b 2
15 15 c 3
15 48 d 3
15 46 e 4
16 17 a 3
16 17 b 2
16 35 c 3
16 15 d 3
16 43 e 1
17 18 a 4
17 18 b 0
17 55 c 0
17 23 d 0
17 119 e 2
18 19 a 0
18 19 b 0
18 55 c 3
18 24 d 4
18 110 e 1
19 20 a 0
19 20 b 3
19 20 c 2
19 7 d 3
19 53 e 0
20 21 a 3
20 21 b 3
20 68 c 0
20 128 d 2
20 49 e 2
21 22 a 1
21 22 b 3
21 61 c 3
21 63 d 2
21 14 e 3
22 23 a 3
22 23 b 0
22 126 c 4
22 37 d 2
22 57 e 4
23 24 a 3
23 24 b 4
23 7 c 2
23 57 d 2
23 102 e 2
24 25 a 2
24 25 b 4
24 92 c 2
24 36 d 2
24 11 e 4
25 26 a 3
25 26 b 2
25 6 c 1
25 52 d 1
25 99 e 1
26 27 a 4
26 27 b 4
26 18 c 0
26 91 d 1
26 109 e 3
27 28 a 4
27 28 b 0
27 15 c 1
27 45 d 2
27 106 e 1
28 29 a 4
28 29 b 4
28 20 c 3
28 101 d 1
28 98 e 0
29 30 a 3
29 30 b 4
29 56 c 4
29 96 d 0
29 31 e 4
30 31 a 3
30 31 b 4
30 24 c 1
30 32 d 4
30 49 e 3
31 32 a 3
31 32 b 0
31 85 c 3
31 75 d 4
31 104 e 1
32 33 a 4
32 33 b 2
32 20 c 2
32 42 d 2
32 93 e 4
33 34 a 4
33 34 b 1
33 124 c 4
33 42 d 1
33 106 e 2
34 35 a 2
34 35 b 4
34 59 c 0
34 94 d 1
34 45 e 0
35 36 a 2
35 36 b 0
35 1 c 2
35 123 d 3
35 9 e 1
36 37 a 4
36 37 b 1
36 3 c 1
36 90 d 4
36 37 e 2
37 38 a 3
37 38 b 1
37 121 c 3
37 122 d 3
37 107 e 1
38 39 a 3
38 39 b 0
38 33 c 4
38 124 d 3
38 10 e 2
39 40 a 2
39 40 b 2
39 58 c 3
39 37 d 0
39 117 e 1
40 41 a 2
40 41 b 1
40 9 c 0
40 95 d 3
40 97 e 0
41 42 a 0
41 42 b 4
41 88 c 1
41 56 d 1
41 75 e 2
42 43 a 4
42 43 b 0
42 114 c 3
42 98 d 0
42 112 e 4
43 44 a 2
43 44 b 4
43 40 c 3
43 49 d 2
43 83 e 0
44 45 a 4
44 45 b 1
44 79 c 3
44 32 d 3
44 58 e 2
45 46 a 0
45 46 b 3
45 64 c 3
45 76 d 3
45 49 e 0
46 47 a 2
46 47 b 2
46 87 c 0
46 120 d 1
46 6 e 1
47 48 a 1
47 48 b 0
47 116 c 0
47 7 d 0
47 75 e 0
48 49 a 3
48 49 b 1
48 125 c 3
48 5 d 2
48 88 e 1
49 50 a 4
49 50 b 1
49 90 c 3
49 31 d 4
49 70 e 0
50 51 a 1
50 51 b 0
50 119 c 1
50 38 d 2
50 117 e 0
51 52 a 0
51 52 b 0
51 70 c 3
51 16 d 0
51 7 e 2
52 53 a 4
52 53 b 2
52 59 c 2
52 118 d 2
52 98 e 4
53 54 a 2
53 54 b 2
53 78 c 2
53 23 d 2
53 50 e 1
54 55 a 0
54 55 b 0
54 124 c 2
54 84 d 1
54 100 e 2
55 56 a 4
55 56 b 3
55 69 c 2
55 50 d 1
55 44 e 0
56 57 a 2
56 57 b 3
56 47 c 3
56 91 d 0
56 1 e 2
57 58 a 3
57 58 b 3
57 67 c 2
57 29 d 4
57 28 e 2
58 59 a 0
58 59 b 1
58 11 c 1
58 106 d 4
58 124 e 2
59 60 a 2
59 60 b 1
59 26 c 0
59 86 d 1
59 101 e 2
60 61 a 3
60 61 b 3
60 4 c 4
60 28 d 1
60 92 e 4
61 62 a 0
61 62 b 1
61 97 c 2
61 26 d 0
61 44 e 0
62 63 a 3
62 63 b 2
62 79 c 4
62 80 d 3
62 101 e 2
63 64 a 4
63 64 b 1
63 109 c 4
63 101 d 2
63 88 e 0
64 65 a 0
64 65 b 3
64 96 c 3
64 34 d 3
64 28 e 1
65 66 a 0
65 66 b 0
65 81 c 3
65 116 d 4
65 12 e 2
66 67 a 0
66 67 b 4
66 109 c 1
66 110 d 1
66 70 e 0
67 68 a 1
67 68 b 4
67 101 c 3
67 69 d 2
67 45 e 0
68 69 a 3
68 69 b 3
68 108 c 1
68 83 d 0
68 104 e 3
69 70 a 4
69 70 b 0
69 59 c 2
69 21 d 0
69 97 e 3
70 71 a 3
70 71 b 1
70 16 c 0
70 44 d 4
70 71 e 2
71 72 a 1
71 72 b 3
71 42 c 3
71 96 d 3
71 13 e 3
72 73 a 3
72 73 b 4
72 79 c 3
72 24 d 4
72 105 e 1
73 74 a 0
73 74 b 1
73 70 c 2
73 99 d 1
73 86 e 4
74 75 a 4
74 75 b 3
74 94 c 0
74 115 d 4
74 18 e 4
75 76 a 1
75 76 b 0
75 101 c 4
75 28 d 4
75 32 e 3
76 77 a 3
76 77 b 3
76 49 c 4
76 90 d 1
76 70 e 1
77 78 a 1
77 78 b 4
77 27 c 0
77 72 d 4
77 16 e 4
78 79 a 3
78 79 b 0
78 127 c 2
78 41 d 4
78 76 e 3
79 80 a 1
79 80 b 4
79 62 c 3
79 99 d 0
79 13 e 0
80 81 a 3
80 81 b 1
80 60 c 0
80 127 d 1
80 40 e 0
81 82 a 1
81 82 b 4
81 98 c 2
81 43 d 2
81 58 e 0
82 83 a 1
82 83 b 2
82 28 c 3
82 56 d 3
82 32 e 0
83 84 a 3
83 84 b 0
83 92 c 4
83 28 d 2
83 125 e 0
84 85 a 0
84 85 b 4
84 22 c 4
84 112 d 2
84 55 e 2
85 86 a 4
85 86 b 1
85 66 c 4
85 115 d 4
85 122 e 2
86 87 a 3
86 87 b 3
86 93 c 1
86 6 d 1
86 52 e 3
87 88 a 0
87 88 b 0
87 104 c 1
87 47 d 2
87 23 e 2
88 89 a 0
88 89 b 1
88 103 c 3
88 22 d 0
88 26 e 3
89 90 a 2
89 90 b 2
89 99 c 0
89 10 d 4
89 120 e 4
90 91 a 2
90 91 b 0
90 105 c 0
90 125 d 1
90 48 e 4
91 92 a 1
91 92 b 3
91 9 c 3
91 3 d 2
91 4 e 1
92 93 a 1
92 93 b 3
92 88 c 3
92 88 d 4
92 122 e 3
93 94 a 1
93 94 b 1
93 110 c 1
93 87 d 1
93 94 e 0
94 95 a 2
94 95 b 0
94 105 c 0
94 4 d 0
94 61 e 2
95 96 a 2
95 96 b 3
95 104 c 3
95 2 d 3
95 107 e 4
96 97 a 0
96 97 b 2
96 16 c 0
96 29 d 3
96 126 e 2
97 98 a 0
97 98 b 2
97 11 c 4
97 66 d 2
97 81 e 1
98 99 a 4
98 99 b 4
98 4 c 2
98 2 d 4
98 3 e 0
99 100 a 2
99 100 b 3
99 44 c 1
99 19 d 3
99 117 e 1
100 101 a 4
100 101 b 1
100 56 c 4
100 79 d 2
100 79 e 4
101 102 a 2
101 102 b 0
101 97 c 1
101 51 d 3
101 123 e 0
102 103 a 3
102 103 b 1
102 99 c 1
102 97 d 3
102 41 e 3
103 104 a 3
103 104 b 2
103 126 c 4
103 30 d 1
103 73 e 1
104 105 a 3
104 105 b 1
104 120 c 0
104 85 d 3
104 20 e 4
105 106 a 0
105 106 b 0
105 25 c 0
105 18 d 2
105 4 e 4
106 107 a 1
106 107 b 1
106 45 c 0
106 8 d 3
106 87 e 1
107 108 a 3
107 108 b 4
107 6 c 4
107 12 d 3
107 17 e 4
108 109 a 0
108 109 b 0
108 119 c 2
108 23 d 1
108 118 e 3
109 110 a 4
109 110 b 2
109 90 c 4
109 71 d 2
109 20 e 0
110 111 a 2
110 111 b 0
110 11 c 4
110 95 d 1
110 55 e 1
111 112 a 2
111 112 b 0
111 107 c 4
111 67 d 4
111 114 e 4
112 113 a 0
112 113 b 0
112 94 c 4
112 125 d 0
112 29 e 2
113 114 a 0
113 114 b 2
113 77 c 4
113 59 d 3
113 81 e 4
114 115 a 0
114 115 b 0
114 37 c 3
114 78 d 2
114 110 e 4
115 116 a 4
115 116 b 4
115 86 c 4
115 44 d 2
115 22 e 2
116 117 a 3
116 117 b 3
116 84 c 3
116 111 d 4
116 48 e 4
117 118 a 3
117 118 b 0
117 26 c 3
117 84 d 2
117 102 e 2
118 119 a 1
118 119 b 2
118 34 c 2
118 61 d 4
118 39 e 1
119 120 a 3
119 120 b 2
119 110 c 2
119 47 d 1
119 37 e 2
120 121 a 0
120 121 b 1
120 2 c 2
120 85 d 2
120 88 e 0
121 122 a 3
121 122 b 4
121 104 c 3
121 123 d 4
121 121 e 1
122 123 a 4
122 123 b 3
122 43 c 4
122 20 d 3
122 8 e 2
123 124 a 1
123 124 b 0
123 92 c 2
123 53 d 2
123 70 e 4
124 125 a 0
124 125 b 1
124 16 c 0
124 23 d 0
124 60 e 2
125 126 a 4
125 126 b 1
125 95 c 0
125 25 d 2
125 51 e 4
126 127 a 0
126 127 b 3
126 103 c 3
126 59 d 2
126 57 e 0
127 128 a 4
127 128 b 1
127 71 c 0
127 36 d 1
127 34 e 2
128 1 a 4
128 1 b 3
128 37 c 1
128 29 d 3
128 5 e 2

52 128 640 5 5 0
1 2 a 2
1 2 b 4
1 40 c 4
1 20 d 2
1 59 e 0
2 3 a 4
2 3 b 0
2 127 c 2
2 26 d 1
2 99 e 1
3 4 a 3
3 4 b 2
3 88 c 2
3 102 d 0
3 97 e 1
4 5 a 1
4 5 b 1
4 105 c 4
4 79 d 4
4 90 e 1
5 6 a 0
5 6 b 2
5 107 c 1
5 86 d 2
5 58 e 2
6 7 a 4
6 7 b 3
6 26 c 4
6 26 d 0
6 46 e 1
7 8 a 1
7 8 b 2
7 55 c 1
7 97 d 0
7 42 e 0
8 9 a 3
8 9 b 1
8 6 c 2
8 22 d 2
8 100 e 0
9 10 a 1
9 10 b 0
9 79 c 4
9 69 d 1
9 87 e 3
10 11 a 3
10 11 b 4
10 97 c 0
10 33 d 0
10 65 e 3
11 12 a 4
11 12 b 0
11 11 c 3
11 127 d 3
11 37 e 1
12 13 a 4
12 13 b 3
12 33 c 0
12 88 d 3
12 74 e 0
13 14 a 0
13 14 b 1
13 125 c 1
13 75 d 2
13 59 e 0
14 15 a 3
14 15 b 0
14 123 c 2
14 24 d 4
14 69 e 2
15 16 a 3
15 16 b 0
15 124 c 1
15 38 d 0
15 124 e 1
16 17 a 4
16 17 b 3
16 101 c 4
16 127 d 4
16 53 e 2
17 18 a 2
17 18 b 1
17 29 c 0
17 79 d 2
17 13 e 2
18 19 a 0
18 19 b 2
18 18 c 4
18 104 d 1
18 97 e 2
19 20 a 2
19 20 b 1
19 52 c 3
19 64 d 4
19 84 e 2
20 21 a 3
20 21 b 2
20 119 c 3
20 113 d 2
20 77 e 2
21 22 a 0
21 22 b 2
21 86 c 1
21 56 d 4
21 118 e 0
22 23 a 0
22 23 b 1
22 75 c 1
22 119 d 2
22 62 e 0
23 24 a 0
23 24 b 3
23 88 c 1
23 52 d 1
23 88 e 3
24 25 a 0
24 25 b 3
24 2 c 4
24 24 d 1
24 57 e 2
25 26 a 0
25 26 b 4
25 80 c 0
25 112 d 1
25 30 e 0
26 27 a 0
26 27 b 4
26 80 c 3
26 47 d 1
26 3 e 4
27 28 a 3
27 28 b 1
27 19 c 4
27 106 d 2
27 45 e 3
28 29 a 3
28 29 b 3
28 44 c 1
28 90 d 3
28 34 e 0
29 30 a 3
29 30 b 1
29 52 c 1
29 94 d 1
29 44 e 2
30 31 a 0
30 31 b 3
30 73 c 1
30 119 d 4
30 89 e 2
31 32 a 2
31 32 b 0
31 10 c 0
31 74 d 3
31 126 e 4
32 33 a 1
32 33 b 0
32 29 c 3
32 33 d 3
32 47 e 0
33 34 a 3
33 34 b 3
33 42 c 3
33 106 d 1
33 72 e 3
34 35 a 2
34 35 b 4
34 93 c 2
34 54 d 1
34 104 e 2
35 36 a 1
35 36 b 4
35 104 c 2
35 60 d 2
35 113 e 1
36 37 a 0
36 37 b 4
36 126 c 2
36 84 d 0
36 9 e 3
37 38 a 4
37 38 b 1
37 89 c 4
37 124 d 3
37 28 e 1
38 39 a 0
38 39 b 1
38 53 c 4
38 86 d 0
38 87 e 3
39 40 a 0
39 40 b 1
39 83 c 4
39 40 d 3
39 46 e 3
40 41 a 1
40 41 b 0
40 119 c 4
40 91 d 2
40 87 e 2
41 42 a 0
41 42 b 1
41 106 c 1
41 124 d 2
41 77 e 3
42 43 a 4
42 43 b 4
42 121 c 4
42 62 d 1
42 79 e 1
43 44 a 2
43 44 b 2
43 115 c 4
43 118 d 1
43 94 e 3
44 45 a 0
44 45 b 2
44 47 c 0
44 30 d 4
44 66 e 2
45 46 a 2
45 46 b 4
45 4 c 1
45 82 d 1
45 6 e 2
46 47 a 0
46 47 b 1
46 80 c 2
46 86 d 2
46 119 e 4
47 48 a 3
47 48 b 3
47 114 c 0
47 14 d 2
47 41 e 1
48 49 a 3
48 49 b 3
48 79 c 2
48 4 d 1
48 114 e 0
49 50 a 3
49 50 b 1
49 80 c 3
49 103 d 0
49 109 e 1
50 51 a 4
50 51 b 3
50 98 c 2
50 6 d 3
50 120 e 2
51 52 a 4
51 52 b 2
51 117 c 3
51 88 d 0
51 54 e 4
52 53 a 1
52 53 b 3
52 126 c 3
52 119 d 2
52 14 e 1
53 54 a 1
53 54 b 2
53 118 c 2
53 33 d 2
53 42 e 4
54 55 a 0
54 55 b 2
54 88 c 4
54 54 d 2
54 121 e 1
55 56 a 0
55 56 b 4
55 39 c 4
55 61 d 1
55 46 e 1
56 57 a 1
56 57 b 2
56 101 c 1
56 95 d 3
56 63 e 4
57 58 a 3
57 58 b 2
57 29 c 0
57 105 d 3
57 102 e 2
58 59 a 2
58 59 b 1
58 90 c 1
58 78 d 4
58 35 e 4
59 60 a 3
59 60 b 0
59 45 c 0
59 35 d 4
59 56 e 3
60 61 a 1
60 61 b 1
60 44 c 3
60 34 d 2
60 44 e 0
61 62 a 1
61 62 b 1
61 109 c 0
61 40 d 1
61 73 e 3
62 63 a 1
62 63 b 4
62 15 c 0
62 54 d 1
62 30 e 1
63 64 a 0
63 64 b 4
63 50 c 1
63 116 d 0
63 125 e 1
64 65 a 2
64 65 b 1
64 122 c 0
64 41 d 1
64 126 e 2
65 66 a 3
65 66 b 4
65 16 c 2
65 68 d 3
65 122 e 0
66 67 a 2
66 67 b 3
66 32 c 1
66 87 d 4
66 17 e 1
67 68 a 2
67 68 b 0
67 92 c 0
67 22 d 0
67 37 e 3
68 69 a 4
68 69 b 0
68 119 c 3
68 92 d 1
68 92 e 0
69 70 a 2
69 70 b 1
69 43 c 2
69 39 d 0
69 34 e 2
70 71 a 3
70 71 b 2
70 52 c 2
70 23 d 2
70 36 e 0
71 72 a 4
71 72 b 4
71 83 c 3
71 115 d 4
71 87 e 0
72 73 a 0
72 73 b 3
72 76 c 4
72 35 d 1
72 111 e 4
73 74 a 1
73 74 b 3
73 105 c 4
73 55 d 0
73 104 e 1
74 75 a 0
74 75 b 1
74 116 c 4
74 95 d 2
74 1 e 0
75 76 a 0
75 76 b 4
75 64 c 2
75 113 d 0
75 59 e 2
76 77 a 4
76 77 b 0
76 33 c 3
76 103 d 3
76 94 e 3
77 78 a 4
77 78 b 4
77 111 c 0
77 94 d 1
77 117 e 0
78 79 a 3
78 79 b 0
78 8 c 0
78 24 d 1
78 77 e 2
79 80 a 1
79 80 b 2
79 75 c 4
79 122 d 3
79 122 e 4
80 81 a 0
80 81 b 0
80 29 c 4
80 14 d 3
80 82 e 3
81 82 a 1
81 82 b 1
81 104 c 4
81 2 d 4
81 112 e 3
82 83 a 4
82 83 b 3
82 23 c 2
82 40 d 4
82 51 e 0
83 84 a 1
83 84 b 4
83 27 c 4
83 117 d 0
83 60 e 3
84 85 a 0
84 85 b 1
84 105 c 1
84 2 d 3
84 115 e 0
85 86 a 2
85 86 b 2
85 122 c 3
85 13 d 0
85 2 e 2
86 87 a 3
86 87 b 3
86 73 c 4
86 121 d 1
86 89 e 4
87 88 a 0
87 88 b 3
87 89 c 0
87 73 d 2
87 40 e 0
88 89 a 3
88 89 b 4
88 45 c 2
88 41 d 0
88 104 e 0
89 90 a 1
89 90 b 3
89 77 c 2
89 102 d 0
89 83 e 4
90 91 a 2
90 91 b 1
90 72 c 3
90 113 d 2
90 103 e 1
91 92 a 3
91 92 b 3
91 44 c 2
91 96 d 3
91 103 e 1
92 93 a 2
92 93 b 4
92 16 c 0
92 109 d 3
92 90 e 3
93 94 a 2
93 94 b 0
93 10 c 2
93 117 d 3
93 10 e 3
94 95 a 3
94 95 b 2
94 57 c 1
94 122 d 2
94 6 e 3
95 96 a 0
95 96 b 2
95 61 c 2
95 33 d 2
95 32 e 0
96 97 a 0
96 97 b 4
96 58 c 4
96 53 d 4
96 112 e 1
97 98 a 3
97 98 b 3
97 89 c 0
97 34 d 2
97 80 e 0
98 99 a 1
98 99 b 4
98 71 c 0
98 123 d 2
98 94 e 0
99 100 a 2
99 100 b 0
99 52 c 0
99 116 d 2
99 124 e 4
100 101 a 3
100 101 b 1
100 84 c 2
100 104 d 4
100 83 e 4
101 102 a 1
101 102 b 0
101 97 c 1
101 85 d 3
101 76 e 0
102 103 a 1
102 103 b 4
102 24 c 4
102 91 d 1
102 22 e 0
103 104 a 4
103 104 b 0
103 56 c 4
103 65 d 1
103 35 e 4
104 105 a 1
104 105 b 1
104 6 c 0
104 112 d 4
104 42 e 4
105 106 a 3
105 106 b 1
105 75 c 4
105 118 d 4
105 39 e 0
106 107 a 2
106 107 b 2
106 84 c 0
106 4 d 4
106 86 e 0
107 108 a 1
107 108 b 4
107 113 c 0
107 112 d 0
107 60 e 0
108 109 a 4
108 109 b 2
108 119 c 3
108 52 d 0
108 30 e 4
109 110 a 4
109 110 b 3
109 62 c 3
109 109 d 2
109 8 e 2
110 111 a 1
110 111 b 1
110 36 c 4
110 93 d 4
110 72 e 2
111 112 a 4
111 112 b 4
111 8 c 3
111 106 d 2
111 112 e 0
112 113 a 2
112 113 b 2
112 80 c 2
112 28 d 3
112 87 e 3
113 114 a 0
113 114 b 4
113 99 c 3
113 34 d 1
113 24 e 2
114 115 a 4
114 115 b 1
114 48 c 1
114 78 d 0
114 17 e 0
115 116 a 2
115 116 b 0
115 37 c 3
115 21 d 4
115 102 e 1
116 117 a 3
116 117 b 4
116 56 c 2
116 16 d 4
116 124 e 2
117 118 a 1
117 118 b 4
117 98 c 3
117 126 d 0
117 126 e 1
118 119 a 0
118 119 b 3
118 31 c 3
118 63 d 1
118 92 e 0
119 120 a 1
119 120 b 4
119 111 c 0
119 90 d 4
119 71 e 3
120 121 a 1
120 121 b 2
120 88 c 1
120 120 d 2
120 54 e 1
121 122 a 0
121 122 b 1
121 98 c 3
121 103 d 1
121 99 e 1
122 123 a 0
122 123 b 1
122 25 c 4
122 24 d 4
122 79 e 4
123 124 a 1
123 124 b 4
123 15 c 1
123 34 d 4
123 58 e 1
124 125 a 3
124 125 b 1
124 88 c 1
124 60 d 3
124 44 e 0
125 126 a 1
125 126 b 1
125 11 c 4
125 70 d 4
125 111 e 2
126 127 a 4
126 127 b 3
126 72 c 0
126 65 d 0
126 18 e 0
127 128 a 1
127 128 b 1
127 44 c 3
127 83 d 4
127 104 e 4
128 1 a 1
128 1 b 0
128 95 c 1
128 69 d 1
128 7 e 1

53 128 640 5 5 0
1 2 a 2
1 2 b 3
1 7 c 2
1 4 d 3
1 73 e 4
2 3 a 3
2 3 b 2
2 81 c 2
2 35 d 0
2 78 e 2
3 4 a 1
3 4 b 0
3 111 c 4
3 86 d 0
3 120 e 1
4 5 a 1
4 5 b 1
4 21 c 1
4 121 d 1
4 110 e 3
5 6 a 1
5 6 b 0
5 123 c 4
5 7 d 1
5 26 e 3
6 7 a 1
6 7 b 4
6 95 c 4
6 36 d 2
6 43 e 0
7 8 a 2
7 8 b 2
7 128 c 0
7 20 d 0
7 19 e 4
8 9 a 1
8 9 b 3
8 35 c 0
8 65 d 1
8 10 e 1
9 10 a 1
9 10 b 2
9 18 c 4
9 57 d 1
9 9 e 4
10 11 a 0
10 11 b 4
10 24 c 1
10 45 d 0
10 80 e 1
11 12 a 2
11 12 b 4
11 6 c 2
11 116 d 4
11 97 e 4
12 13 a 4
12 13 b 3
12 49 c 1
12 6 d 3
12 2 e 1
13 14 a 0
13 14 b 0
13 114 c 4
13 1 d 2
13 63 e 3
14 15 a 0
14 15 b 4
14 36 c 4
14 39 d 2
14 102 e 4
15 16 a 3
15 16 b 3
15 42 c 0
15 93 d 2
15 9 e 3
16 17 a 0
16 17 b 2
16 102 c 2
16 46 d 1
16 127 e 3
17 18 a 3
17 18 b 0
17 67 c 2
17 70 d 2
17 100 e 4
18 19 a 3
18 19 b 2
18 44 c 4
18 120 d 4
18 20 e 1
19 20 a 1
19 20 b 4
19 19 c 2
19 57 d 4
19 52 e 0
20 21 a 3
20 21 b 4
20 107 c 1
20 34 d 4
20 41 e 1
21 22 a 2
21 22 b 3
21 46 c 2
21 114 d 0
21 31 e 4
22 23 a 0
22 23 b 2
22 88 c 1
22 10 d 0
22 3 e 1
23 24 a 2
23 24 b 4
23 105 c 0
23 111 d 0
23 9 e 2
24 25 a 1
24 25 b 2
24 103 c 2
24 75 d 4
24 39 e 3
25 26 a 4
25 26 b 3
25 90 c 1
25 108 d 2
25 24 e 0
26 27 a 3
26 27 b 3
26 79 c 0
26 67 d 1
26 90 e 2
27 28 a 0
27 28 b 4
27 86 c 3
27 103 d 4
27 49 e 3
28 29 a 0
28 29 b 3
28 3 c 4
28 16 d 1
28 34 e 0
29 30 a 2
29 30 b 3
29 113 c 2
29 28 d 2
29 120 e 0
30 31 a 1
30 31 b 0
30 58 c 3
30 13 d 1
30 66 e 0
31 32 a 4
31 32 b 4
31 128 c 1
31 9 d 3
31 83 e 4
32 33 a 1
32 33 b 1
32 103 c 4
32 88 d 4
32 65 e 3
33 34 a 3
33 34 b 4
33 24 c 3
33 106 d 0
33 103 e 1
34 35 a 2
34 35 b 4
34 64 c 0
34 79 d 2
34 99 e 0
35 36 a 4
35 36 b 3
35 15 c 1
35 61 d 2
35 24 e 1
36 37 a 0
36 37 b 4
36 58 c 1
36 13 d 3
36 45 e 0
37 38 a 3
37 38 b 0
37 121 c 2
37 62 d 1
37 12 e 3
38 39 a 1
38 39 b 1
38 10 c 2
38 113 d 2
38 100 e 1
39 40 a 2
39 40 b 2
39 44 c 4
39 107 d 3
39 40 e 3
40 41 a 3
40 41 b 3
40 37 c 2
40 22 d 3
40 13 e 0
41 42 a 1
41 42 b 2
41 60 c 2
41 128 d 1
41 16 e 1
42 43 a 3
42 43 b 2
42 63 c 3
42 90 d 4
42 110 e 2
43 44 a 2
43 44 b 3
43 127 c 1
43 123 d 3
43 42 e 3
44 45 a 2
44 45 b 2
44 79 c 2
44 91 d 0
44 10 e 2
45 46 a 4
45 46 b 4
45 9 c 0
45 24 d 2
45 26 e 0
46 47 a 1
46 47 b 4
46 8 c 3
46 116 d 1
46 40 e 1
47 48 a 1
47 48 b 2
47 47 c 2
47 85 d 4
47 70 e 3
48 49 a 0
48 49 b 3
48 97 c 3
48 68 d 3
48 76 e 1
49 50 a 1
49 50 b 1
49 6 c 2
49 110 d 0
49 83 e 3
50 51 a 0
50 51 b 3
50 13 c 0
50 38 d 0
50 59 e 0
51 52 a 4
51 52 b 2
51 101 c 1
51 97 d 3
51 38 e 4
52 53 a 2
52 53 b 2
52 2 c 1
52 57 d 2
52 122 e 0
53 54 a 3
53 54 b 4
53 94 c 3
53 107 d 1
53 99 e 1
54 55 a 4
54 55 b 4
54 117 c 4
54 88 d 4
54 78 e 0
55 56 a 0
55 56 b 3
55 72 c 0
55 8 d 3
55 111 e 3
56 57 a 3
56 57 b 3
56 91 c 0
56 34 d 2
56 61 e 2
57 58 a 0
57 58 b 4
57 55 c 0
57 117 d 0
57 113 e 1
58 59 a 4
58 59 b 0
58 105 c 1
58 114 d 4
58 10 e 4
59 60 a 1
59 60 b 0
59 1 c 1
59 48 d 3
59 76 e 3
60 61 a 3
60 61 b 3
60 19 c 1
60 103 d 4
60 60 e 3
61 62 a 4
61 62 b 1
61 58 c 1
61 117 d 0
61 37 e 4
62 63 a 2
62 63 b 0
62 16 c 3
62 93 d 1
62 23 e 3
63 64 a 1
63 64 b 3
63 55 c 1
63 66 d 2
63 99 e 3
64 65 a 4
64 65 b 2
64 83 c 3
64 112 d 3
64 32 e 2
65 66 a 2
65 66 b 0
65 14 c 2
65 84 d 2
65 40 e 3
66 67 a 4
66 67 b 0
66 19 c 0
66 127 d 1
66 28 e 2
67 68 a 2
67 68 b 4
67 19 c 4
67 39 d 3
67 92 e 4
68 69 a 0
68 69 b 4
68 67 c 2
68 37 d 4
68 16 e 4
69 70 a 1
69 70 b 3
69 91 c 2
69 120 d 4
69 34 e 3
70 71 a 3
70 71 b 3
70 25 c 0
70 65 d 3
70 65 e 3
71 72 a 4
71 72 b 3
71 60 c 1
71 69 d 4
71 96 e 2
72 73 a 3
72 73 b 1
72 10 c 4
72 111 d 2
72 53 e 0
73 74 a 0
73 74 b 2
73 75 c 2
73 75 d 2
73 58 e 2
74 75 a 2
74 75 b 3
74 75 c 4
74 11 d 2
74 48 e 0
75 76 a 1
75 76 b 2
75 91 c 3
75 6 d 3
75 23 e 1
76 77 a 2
76 77 b 3
76 81 c 3
76 52 d 1
76 54 e 1
77 78 a 1
77 78 b 0
77 4 c 2
77 52 d 0
77 25 e 4
78 79 a 4
78 79 b 3
78 81 c 4
78 70 d 0
78 14 e 0
79 80 a 1
79 80 b 0
79 24 c 4
79 81 d 2
79 40 e 2
80 81 a 1
80 81 b 2
80 63 c 1
80 94 d 1
80 60 e 1
81 82 a 0
81 82 b 1
81 46 c 2
81 26 d 1
81 103 e 4
82 83 a 3
82 83 b 4
82 82 c 0
82 88 d 4
82 6 e 0
83 84 a 3
83 84 b 0
83 26 c 0
83 13 d 2
83 59 e 0
84 85 a 4
84 85 b 3
84 125 c 4
84 83 d 0
84 111 e 0
85 86 a 1
85 86 b 1
85 114 c 4
85 103 d 2
85 75 e 4
86 87 a 2
86 87 b 0
86 118 c 0
86 43 d 4
86 61 e 0
87 88 a 4
87 88 b 4
87 10 c 4
87 36 d 1
87 122 e 1
88 89 a 1
88 89 b 2
88 50 c 3
88 125 d 4
88 118 e 1
89 90 a 1
89 90 b 1
89 120 c 0
89 2 d 4
89 109 e 3
90 91 a 2
90 91 b 3
90 102 c 3
90 38 d 1
90 94 e 0
91 92 a 3
91 92 b 3
91 15 c 2
91 125 d 4
91 11 e 1
92 93 a 1
92 93 b 2
92 7 c 3
92 66 d 0
92 122 e 1
93 94 a 2
93 94 b 1
93 103 c 0
93 83 d 2
93 118 e 0
94 95 a 0
94 95 b 2
94 74 c 4
94 48 d 1
94 15 e 0
95 96 a 3
95 96 b 3
95 82 c 1
95 128 d 4
95 22 e 2
96 97 a 4
96 97 b 2
96 36 c 4
96 12 d 3
96 34 e 0
97 98 a 1
97 98 b 2
97 103 c 0
97 66 d 3
97 14 e 4
98 99 a 3
98 99 b 2
98 73 c 3
98 51 d 1
98 120 e 3
99 100 a 0
99 100 b 1
99 123 c 1
99 21 d 0
99 68 e 1
100 101 a 3
100 101 b 3
100 48 c 0
100 66 d 2
100 23 e 3
101 102 a 1
101 102 b 1
101 34 c 3
101 55 d 2
101 92 e 0
102 103 a 3
102 103 b 2
102 12 c 2
102 22 d 0
102 67 e 4
103 104 a 4
103 104 b 3
103 49 c 0
103 36 d 0
103 60 e 2
104 105 a 4
104 105 b 0
104 84 c 3
104 76 d 2
104 128 e 0
105 106 a 0
105 106 b 4
105 61 c 3
105 26 d 4
105 9 e 3
106 107 a 3
106 107 b 4
106 59 c 4
106 65 d 2
106 21 e 3
107 108 a 0
107 108 b 0
107 28 c 2
107 21 d 3
107 39 e 3
108 109 a 3
108 109 b 0
108 55 c 3
108 18 d 0
108 6 e 3
109 110 a 0
109 110 b 3
109 99 c 0
109 83 d 2
109 60 e 2
110 111 a 4
110 111 b 3
110 125 c 2
110 27 d 4
110 25 e 2
111 112 a 1
111 112 b 2
111 101 c 0
111 80 d 1
111 45 e 0
112 113 a 3
112 113 b 0
112 2 c 3
112 123 d 1
112 81 e 4
113 114 a 1
113 114 b 2
113 58 c 4
113 74 d 4
113 30 e 3
114 115 a 3
114 115 b 2
114 122 c 0
114 14 d 4
114 116 e 2
115 116 a 4
115 116 b 2
115 52 c 0
115 62 d 2
115 117 e 0
116 117 a 1
116 117 b 0
116 92 c 3
116 113 d 4
116 8 e 4
117 118 a 3
117 118 b 3
117 106 c 0
117 104 d 4
117 87 e 0
118 119 a 1
118 119 b 1
118 91 c 4
118 2 d 1
118 81 e 1
119 120 a 1
119 120 b 0
119 48 c 0
119 69 d 4
119 40 e 2
120 121 a 3
120 121 b 3
120 110 c 2
120 92 d 4
120 84 e 3
121 122 a 2
121 122 b 2
121 28 c 1
121 19 d 4
121 14 e 0
122 123 a 4
122 123 b 3
122 72 c 2
122 93 d 3
122 86 e 0
123 124 a 2
123 124 b 2
123 2 c 3
123 78 d 2
123 109 e 3
124 125 a 2
124 125 b 2
124 95 c 0
124 34 d 3
124 92 e 1
125 126 a 2
125 126 b 0
125 120 c 0
125 52 d 1
125 108 e 0
126 127 a 4
126 127 b 4
126 104 c 4
126 8 d 4
126 43 e 1
127 128 a 3
127 128 b 2
127 82 c 0
127 66 d 1
127 109 e 0
128 1 a 0
128 1 b 3
128 88 c 4
128 44 d 2
128 73 e 0

54 128 640 5 5 0
1 2 a 0
1 2 b 2
1 37 c 4
1 52 d 1
1 24 e 0
2 3 a 0
2 3 b 2
2 100 c 3
2 107 d 0
2 121 e 3
3 4 a 4
3 4 b 1
3 71 c 1
3 7 d 3
3 80 e 2
4 5 a 1
4 5 b 4
4 1 c 4
4 98 d 2
4 66 e 1
5 6 a 3
5 6 b 0
5 76 c 0
5 121 d 1
5 58 e 0
6 7 a 1
6 7 b 2
6 99 c 4
6 110 d 2
6 104 e 2
7 8 a 4
7 8 b 2
7 9 c 0
7 7 d 2
7 61 e 4
8 9 a 2
8 9 b 0
8 1 c 1
8 44 d 4
8 112 e 0
9 10 a 1
9 10 b 0
9 20 c 1
9 109 d 4
9 124 e 1
10 11 a 4
10 11 b 3
10 14 c 0
10 122 d 0
10 31 e 1
11 12 a 1
11 12 b 1
11 65 c 3
11 40 d 2
11 92 e 0
12 13 a 0
12 13 b 2
12 1 c 4
12 115 d 1
12 122 e 0
13 14 a 2
13 14 b 2
13 38 c 1
13 119 d 2
13 4 e 2
14 15 a 1
14 15 b 1
14 13 c 4
14 117 d 2
14 71 e 0
15 16 a 1
15 16 b 0
15 23 c 3
15 84 d 2
15 86 e 1
16 17 a 0
16 17 b 2
16 40 c 3
16 29 d 3
16 9 e 3
17 18 a 2
17 18 b 2
17 41 c 4
17 126 d 4
17 122 e 3
18 19 a 0
18 19 b 2
18 7 c 2
18 73 d 1
18 7 e 3
19 20 a 2
19 20 b 2
19 50 c 2
19 114 d 2
19 83 e 4
20 21 a 2
20 21 b 3
20 31 c 2
20 20 d 3
20 69 e 4
21 22 a 3
21 22 b 2
21 70 c 1
21 108 d 1
21 7 e 2
22 23 a 4
22 23 b 0
22 37 c 3
22 92 d 1
22 8 e 4
23 24 a 3
23 24 b 4
23 59 c 4
23 106 d 1
23 122 e 1
24 25 a 0
24 25 b 4
24 13 c 4
24 62 d 4
24 85 e 3
25 26 a 1
25 26 b 1
25 37 c 1
25 40 d 1
25 83 e 1
26 27 a 2
26 27 b 1
26 14 c 1
26 24 d 1
26 113 e 2
27 28 a 1
27 28 b 3
27 89 c 1
27 36 d 1
27 116 e 2
28 29 a 4
28 29 b 2
28 27 c 4
28 5 d 0
28 98 e 3
29 30 a 3
29 30 b 1
29 109 c 4
29 26 d 2
29 5 e 4
30 31 a 0
30 31 b 3
30 106 c 2
30 99 d 2
30 107 e 4
31 32 a 2
31 32 b 1
31 53 c 2
31 7 d 3
31 105 e 0
32 33 a 1
32 33 b 1
32 113 c 4
32 80 d 3
32 19 e 3
33 34 a 0
33 34 b 2
33 70 c 3
33 42 d 1
33 69 e 2
34 35 a 1
34 35 b 2
34 99 c 0
34 39 d 4
34 30 e 1
35 36 a 2
35 36 b 2
35 118 c 0
35 125 d 1
35 128 e 3
36 37 a 1
36 37 b 2
36 54 c 3
36 6 d 3
36 17 e 1
37 38 a 1
37 38 b 2
37 90 c 4
37 64 d 0
37 61 e 3
38 39 a 4
38 39 b 1
38 31 c 3
38 75 d 4
38 49 e 4
39 40 a 0
39 40 b 0
39 69 c 2
39 110 d 3
39 97 e 3
40 41 a 1
40 41 b 1
40 18 c 0
40 17 d 4
40 3 e 1
41 42 a 0
41 42 b 0
41 78 c 0
41 68 d 3
41 18 e 0
42 43 a 0
42 43 b 4
42 70 c 1
42 55 d 0
42 77 e 0
43 44 a 0
43 44 b 3
43 74 c 0
43 64 d 4
43 53 e 0
44 45 a 2
44 45 b 1
44 47 c 2
44 88 d 3
44 18 e 0
45 46 a 0
45 46 b 0
45 77 c 1
45 30 d 4
45 111 e 1
46 47 a 3
46 47 b 0
46 1 c 0
46 83 d 2
46 25 e 4
47 48 a 3
47 48 b 4
47 44 c 0
47 92 d 1
47 36 e 3
48 49 a 0
48 49 b 1
48 50 c 0
48 67 d 1
48 102 e 2
49 50 a 0
49 50 b 4
49 125 c 1
49 54 d 0
49 122 e 2
50 51 a 2
50 51 b 1
50 120 c 0
50 7 d 1
50 62 e 3
51 52 a 2
51 52 b 4
51 20 c 1
51 42 d 3
51 85 e 3
52 53 a 0
52 53 b 3
52 70 c 2
52 58 d 2
52 38 e 0
53 54 a 4
53 54 b 1
53 6 c 3
53 116 d 4
53 91 e 3
54 55 a 4
54 55 b 1
54 82 c 4
54 59 d 2
54 99 e 4
55 56 a 4
55 56 b 1
55 41 c 2
55 18 d 3
55 113 e 0
56 57 a 3
56 57 b 1
56 17 c 2
56 37 d 0
56 123 e 3
57 58 a 2
57 58 b 3
57 17 c 3
57 65 d 0
57 59 e 1
58 59 a 4
58 59 b 3
58 55 c 4
58 87 d 1
58 49 e 1
59 60 a 2
59 60 b 3
59 20 c 2
59 125 d 4
59 31 e 1
60 61 a 3
60 61 b 1
60 59 c 3
60 108 d 4
60 12 e 4
61 62 a 3
61 62 b 2
61 70 c 3
61 3 d 3
61 66 e 1
62 63 a 3
62 63 b 4
62 81 c 3
62 67 d 4
62 80 e 1
63 64 a 4
63 64 b 2
63 124 c 0
63 81 d 1
63 8 e 2
64 65 a 3
64 65 b 4
64 109 c 0
64 120 d 4
64 2 e 2
65 66 a 2
65 66 b 4
65 76 c 3
65 36 d 4
65 23 e 4
66 67 a 3
66 67 b 0
66 69 c 3
66 103 d 4
66 103 e 1
67 68 a 4
67 68 b 4
67 10 c 1
67 120 d 2
67 83 e 1
68 69 a 0
68 69 b 3
68 79 c 4
68 47 d 4
68 4 e 4
69 70 a 1
69 70 b 3
69 76 c 4
69 10 d 4
69 99 e 1
70 71 a 0
70 71 b 1
70 62 c 3
70 43 d 2
70 30 e 1
71 72 a 2
71 72 b 2
71 102 c 2
71 88 d 4
71 41 e 2
72 73 a 4
72 73 b 1
72 8 c 3
72 122 d 0
72 59 e 0
73 74 a 1
73 74 b 0
73 109 c 1
73 31 d 1
73 77 e 4
74 75 a 2
74 75 b 4
74 98 c 2
74 120 d 2
74 30 e 2
75 76 a 2
75 76 b 1
75 55 c 4
75 91 d 1
75 50 e 0
76 77 a 1
76 77 b 3
76 65 c 2
76 66 d 2
76 78 e 1
77 78 a 1
77 78 b 1
77 88 c 2
77 73 d 2
77 126 e 4
78 79 a 0
78 79 b 2
78 89 c 1
78 52 d 3
78 15 e 1
79 80 a 4
79 80 b 0
79 37 c 0
79 104 d 0
79 21 e 4
80 81 a 2
80 81 b 2
80 33 c 0
80 109 d 2
80 102 e 1
81 82 a 2
81 82 b 4
81 52 c 4
81 114 d 2
81 29 e 2
82 83 a 4
82 83 b 1
82 76 c 1
82 73 d 0
82 25 e 1
83 84 a 1
83 84 b 4
83 90 c 0
83 102 d 2
83 123 e 2
84 85 a 4
84 85 b 2
84 81 c 2
84 100 d 1
84 43 e 1
85 86 a 0
85 86 b 3
85 42 c 1
85 1 d 1
85 83 e 0
86 87 a 3
86 87 b 4
86 99 c 0
86 29 d 3
86 98 e 3
87 88 a 2
87 88 b 0
87 123 c 3
87 63 d 0
87 11 e 0
88 89 a 3
88 89 b 4
88 120 c 0
88 16 d 4
88 68 e 2
89 90 a 0
89 90 b 4
89 98 c 0
89 94 d 2
89 72 e 3
90 91 a 4
90 91 b 2
90 69 c 4
90 26 d 2
90 21 e 3
91 92 a 0
91 92 b 0
91 51 c 1
91 90 d 1
91 110 e 3
92 93 a 2
92 93 b 3
92 63 c 4
92 88 d 3
92 90 e 1
93 94 a 1
93 94 b 0
93 3 c 2
93 113 d 4
93 35 e 2
94 95 a 0
94 95 b 3
94 27 c 4
94 39 d 4
94 88 e 1
95 96 a 4
95 96 b 0
95 39 c 0
95 31 d 0
95 75 e 1
96 97 a 3
96 97 b 0
96 78 c 3
96 35 d 2
96 20 e 1
97 98 a 4
97 98 b 2
97 54 c 1
97 34 d 3
97 13 e 3
98 99 a 3
98 99 b 0
98 12 c 3
98 43 d 1
98 83 e 4
99 100 a 0
99 100 b 0
99 2 c 0
99 118 d 1
99 75 e 1
100 101 a 0
100 101 b 2
100 76 c 4
100 91 d 1
100 27 e 1
101 102 a 1
101 102 b 0
101 34 c 3
101 89 d 2
101 45 e 4
102 103 a 4
102 103 b 4
102 65 c 4
102 16 d 3
102 48 e 1
103 104 a 3
103 104 b 0
103 106 c 2
103 71 d 4
103 22 e 3
104 105 a 4
104 105 b 4
104 97 c 3
104 103 d 1
104 22 e 4
105 106 a 0
105 106 b 1
105 112 c 3
105 126 d 2
105 44 e 2
106 107 a 0
106 107 b 1
106 97 c 2
106 61 d 0
106 20 e 3
107 108 a 2
107 108 b 0
107 7 c 3
107 122 d 1
107 83 e 1
108 109 a 2
108 109 b 4
108 54 c 3
108 47 d 3
108 46 e 2
109 110 a 4
109 110 b 4
109 71 c 1
109 121 d 0
109 49 e 3
110 111 a 1
110 111 b 1
110 21 c 1
110 26 d 3
110 41 e 3
111 112 a 3
111 112 b 0
111 3 c 1
111 119 d 1
111 43 e 4
112 113 a 2
112 113 b 1
112 115 c 2
112 27 d 2
112 11 e 2
113 114 a 3
113 114 b 4
113 80 c 4
113 50 d 4
113 101 e 4
114 115 a 0
114 115 b 4
114 5 c 3
114 15 d 4
114 23 e 4
115 116 a 1
115 116 b 4
115 3 c 4
115 38 d 1
115 69 e 0
116 117 a 3
116 117 b 0
116 64 c 2
116 19 d 2
116 84 e 0
117 118 a 2
117 118 b 2
117 50 c 2
117 17 d 2
117 111 e 3
118 119 a 4
118 119 b 4
118 88 c 4
118 4 d 2
118 6 e 0
119 120 a 2
119 120 b 1
119 50 c 2
119 112 d 4
119 74 e 1
120 121 a 4
120 121 b 3
120 67 c 1
120 127 d 3
120 50 e 1
121 122 a 4
121 122 b 0
121 22 c 4
121 127 d 4
121 120 e 0
122 123 a 0
122 123 b 3
122 55 c 4
122 97 d 4
122 29 e 3
123 124 a 4
123 124 b 1
123 53 c 0
123 59 d 2
123 97 e 0
124 125 a 1
124 125 b 2
124 39 c 1
124 71 d 0
124 76 e 0
125 126 a 0
125 126 b 2
125 36 c 4
125 98 d 3
125 40 e 2
126 127 a 2
126 127 b 1
126 73 c 3
126 14 d 2
126 4 e 3
127 128 a 0
127 128 b 4
127 55 c 1
127 113 d 1
127 51 e 3
128 1 a 3
128 1 b 1
128 18 c 0
128 83 d 3
128 75 e 1

55 128 640 5 5 0
1 2 a 2
1 2 b 2
1 3 c 0
1 36 d 3
1 38 e 4
2 3 a 2
2 3 b 3
2 55 c 2
2 115 d 0
2 100 e 0
3 4 a 1
3 4 b 4
3 94 c 1
3 120 d 0
3 103 e 4
4 5 a 0
4 5 b 2
4 45 c 2
4 11 d 3
4 86 e 3
5 6 a 0
5 6 b 0
5 92 c 4
5 43 d 4
5 27 e 2
6 7 a 1
6 7 b 0
6 40 c 3
6 121 d 0
6 101 e 1
7 8 a 0
7 8 b 4
7 82 c 4
7 58 d 1
7 38 e 0
8 9 a 0
8 9 b 2
8 31 c 0
8 88 d 1
8 22 e 0
9 10 a 3
9 10 b 0
9 86 c 1
9 97 d 0
9 46 e 2
10 11 a 4
10 11 b 1
10 69 c 4
10 6 d 0
10 46 e 3
11 12 a 1
11 12 b 4
11 60 c 1
11 29 d 1
11 24 e 3
12 13 a 4
12 13 b 0
12 16 c 1
12 32 d 0
12 50 e 4
13 14 a 4
13 14 b 3
13 26 c 0
13 44 d 2
13 8 e 1
14 15 a 3
14 15 b 3
14 54 c 1
14 3 d 1
14 104 e 4
15 16 a 2
15 16 b 0
15 68 c 1
15 11 d 3
15 100 e 1
16 17 a 2
16 17 b 0
16 42 c 0
16 77 d 0
16 83 e 3
17 18 a 0
17 18 b 1
17 79 c 4
17 118 d 1
17 80 e 2
18 19 a 2
18 19 b 3
18 34 c 2
18 89 d 4
18 58 e 0
19 20 a 0
19 20 b 2
19 17 c 1
19 107 d 3
19 51 e 4
20 21 a 2
20 21 b 0
20 18 c 4
20 69 d 4
20 33 e 1
21 22 a 3
21 22 b 3
21 30 c 4
21 38 d 3
21 47 e 0
22 23 a 4
22 23 b 0
22 49 c 0
22 110 d 0
22 77 e 2
23 24 a 3
23 24 b 0
23 76 c 2
23 36 d 1
23 44 e 1
24 25 a 1
24 25 b 1
24 115 c 0
24 114 d 0
24 67 e 1
25 26 a 0
25 26 b 1
25 47 c 2
25 36 d 3
25 77 e 4
26 27 a 4
26 27 b 1
26 12 c 0
26 44 d 1
26 72 e 3
27 28 a 2
27 28 b 4
27 28 c 4
27 32 d 2
27 120 e 1
28 29 a 2
28 29 b 0
28 115 c 0
28 58 d 2
28 98 e 1
29 30 a 3
29 30 b 3
29 41 c 2
29 88 d 2
29 81 e 3
30 31 a 1
30 31 b 0
30 91 c 3
30 122 d 0
30 84 e 4
31 32 a 4
31 32 b 4
31 42 c 3
31 70 d 1
31 62 e 3
32 33 a 0
32 33 b 1
32 58 c 2
32 7 d 2
32 37 e 0
33 34 a 0
33 34 b 1
33 53 c 0
33 42 d 3
33 100 e 3
34 35 a 3
34 35 b 3
34 69 c 4
34 63 d 1
34 25 e 2
35 36 a 2
35 36 b 2
35 30 c 2
35 126 d 0
35 39 e 3
36 37 a 0
36 37 b 0
36 113 c 2
36 64 d 0
36 53 e 1
37 38 a 1
37 38 b 1
37 122 c 2
37 2 d 3
37 45 e 0
38 39 a 4
38 39 b 1
38 115 c 3
38 101 d 2
38 62 e 2
39 40 a 1
39 40 b 4
39 31 c 0
39 48 d 1
39 91 e 1
40 41 a 3
40 41 b 3
40 64 c 1
40 77 d 3
40 57 e 3
41 42 a 1
41 42 b 1
41 33 c 3
41 72 d 0
41 85 e 0
42 43 a 1
42 43 b 0
42 13 c 0
42 83 d 3
42 108 e 2
43 44 a 1
43 44 b 2
43 85 c 1
43 68 d 4
43 1 e 0
44 45 a 4
44 45 b 4
44 78 c 4
44 22 d 4
44 90 e 0
45 46 a 1
45 46 b 2
45 81 c 0
45 100 d 1
45 3 e 3
46 47 a 2
46 47 b 1
46 58 c 1
46 113 d 0
46 74 e 3
47 48 a 3
47 48 b 2
47 105 c 4
47 35 d 0
47 65 e 0
48 49 a 0
48 49 b 0
48 68 c 1
48 2 d 1
48 64 e 2
49 50 a 1
49 50 b 3
49 51 c 2
49 62 d 4
49 96 e 1
50 51 a 0
50 51 b 4
50 34 c 4
50 39 d 3
50 1 e 2
51 52 a 0
51 52 b 2
51 3 c 3
51 51 d 0
51 68 e 3
52 53 a 2
52 53 b 2
52 73 c 1
52 123 d 1
52 18 e 2
53 54 a 2
53 54 b 3
53 110 c 0
53 62 d 1
53 20 e 4
54 55 a 4
54 55 b 0
54 110 c 1
54 93 d 3
54 56 e 0
55 56 a 4
55 56 b 2
55 74 c 2
55 93 d 1
55 50 e 3
56 57 a 0
56 57 b 3
56 6 c 3
56 105 d 0
56 121 e 0
57 58 a 1
57 58 b 1
57 43 c 4
57 77 d 1
57 70 e 0
58 59 a 0
58 59 b 1
58 70 c 1
58 123 d 1
58 24 e 0
59 60 a 2
59 60 b 0
59 103 c 2
59 10 d 3
59 51 e 3
60 61 a 0
60 61 b 0
60 35 c 3
60 50 d 0
60 28 e 3
61 62 a 2
61 62 b 2
61 18 c 0
61 81 d 3
61 30 e 1
62 63 a 0
62 63 b 4
62 81 c 2
62 105 d 0
62 73 e 0
63 64 a 0
63 64 b 1
63 1 c 3
63 32 d 1
63 109 e 2
64 65 a 4
64 65 b 4
64 71 c 4
64 63 d 0
64 36 e 4
65 66 a 3
65 66 b 1
65 74 c 4
65 51 d 0
65 69 e 2
66 67 a 0
66 67 b 1
66 56 c 4
66 15 d 2
66 114 e 3
67 68 a 3
67 68 b 2
67 65 c 4
67 9 d 0
67 11 e 4
68 69 a 4
68 69 b 0
68 26 c 2
68 120 d 1
68 56 e 1
69 70 a 3
69 70 b 2
69 124 c 4
69 92 d 1
69 99 e 3
70 71 a 3
70 71 b 4
70 34 c 0
70 86 d 4
70 59 e 4
71 72 a 1
71 72 b 3
71 79 c 0
71 43 d 3
71 51 e 2
72 73 a 3
72 73 b 3
72 70 c 1
72 69 d 4
72 1 e 0
73 74 a 3
73 74 b 0
73 79 c 0
73 51 d 3
73 31 e 0
74 75 a 4
74 75 b 4
74 56 c 0
74 36 d 2
74 77 e 1
75 76 a 3
75 76 b 2
75 82 c 4
75 112 d 3
75 14 e 1
76 77 a 3
76 77 b 1
76 112 c 1
76 15 d 3
76 38 e 4
77 78 a 4
77 78 b 3
77 108 c 1
77 31 d 1
77 34 e 4
78 79 a 4
78 79 b 0
78 34 c 3
78 99 d 3
78 80 e 1
79 80 a 2
79 80 b 1
79 115 c 1
79 62 d 2
79 67 e 0
80 81 a 1
80 81 b 4
80 66 c 3
80 60 d 3
80 80 e 3
81 82 a 3
81 82 b 0
81 122 c 3
81 10 d 3
81 20 e 0
82 83 a 1
82 83 b 3
82 7 c 0
82 121 d 0
82 107 e 0
83 84 a 0
83 84 b 3
83 89 c 2
83 127 d 0
83 122 e 1
84 85 a 4
84 85 b 4
84 100 c 0
84 54 d 2
84 39 e 1
85 86 a 2
85 86 b 2
85 34 c 4
85 91 d 2
85 28 e 3
86 87 a 1
86 87 b 3
86 16 c 1
86 80 d 2
86 71 e 1
87 88 a 0
87 88 b 0
87 44 c 1
87 26 d 4
87 93 e 4
88 89 a 4
88 89 b 3
88 126 c 2
88 99 d 0
88 82 e 2
89 90 a 1
89 90 b 2
89 12 c 3
89 122 d 4
89 98 e 2
90 91 a 0
90 91 b 0
90 100 c 3
90 78 d 3
90 12 e 3
91 92 a 4
91 92 b 3
91 22 c 0
91 119 d 0
91 17 e 0
92 93 a 1
92 93 b 0
92 55 c 0
92 45 d 2
92 122 e 2
93 94 a 2
93 94 b 4
93 95 c 4
93 78 d 3
93 15 e 0
94 95 a 1
94 95 b 3
94 44 c 3
94 93 d 2
94 97 e 0
95 96 a 0
95 96 b 0
95 61 c 1
95 126 d 2
95 65 e 4
96 97 a 2
96 97 b 4
96 55 c 4
96 123 d 4
96 70 e 2
97 98 a 3
97 98 b 1
97 68 c 4
97 65 d 3
97 75 e 2
98 99 a 2
98 99 b 1
98 15 c 4
98 100 d 1
98 110 e 3
99 100 a 0
99 100 b 1
99 73 c 0
99 23 d 0
99 19 e 2
100 101 a 4
100 101 b 1
100 39 c 2
100 52 d 4
100 95 e 3
101 102 a 1
101 102 b 3
101 98 c 1
101 58 d 4
101 61 e 3
102 103 a 0
102 103 b 4
102 54 c 0
102 74 d 3
102 92 e 0
103 104 a 3
103 104 b 2
103 99 c 2
103 42 d 3
103 47 e 2
104 105 a 0
104 105 b 2
104 47 c 2
104 66 d 4
104 108 e 4
105 106 a 2
105 106 b 0
105 98 c 4
105 34 d 1
105 14 e 3
106 107 a 1
106 107 b 4
106 72 c 0
106 121 d 1
106 83 e 0
107 108 a 1
107 108 b 4
107 51 c 0
107 31 d 4
107 62 e 1
108 109 a 2
108 109 b 0
108 118 c 0
108 12 d 0
108 22 e 4
109 110 a 4
109 110 b 1
109 107 c 4
109 95 d 4
109 101 e 2
110 111 a 4
110 111 b 3
110 110 c 0
110 88 d 2
110 122 e 3
111 112 a 3
111 112 b 4
111 96 c 1
111 94 d 1
111 104 e 0
112 113 a 3
112 113 b 0
112 37 c 3
112 122 d 3
112 5 e 2
113 114 a 2
113 114 b 1
113 38 c 0
113 90 d 4
113 107 e 0
114 115 a 3
114 115 b 1
114 80 c 0
114 79 d 3
114 122 e 2
115 116 a 0
115 116 b 2
115 19 c 0
115 79 d 3
115 84 e 1
116 117 a 1
116 117 b 1
116 99 c 2
116 116 d 1
116 96 e 0
117 118 a 4
117 118 b 2
117 58 c 2
117 123 d 0
117 72 e 1
118 119 a 3
118 119 b 4
118 21 c 3
118 70 d 1
118 123 e 1
119 120 a 2
119 120 b 4
119 115 c 2
119 91 d 4
119 43 e 3
120 121 a 3
120 121 b 1
120 89 c 3
120 98 d 1
120 80 e 2
121 122 a 3
121 122 b 3
121 80 c 2
121 43 d 2
121 35 e 4
122 123 a 2
122 123 b 3
122 101 c 2
122 37 d 0
122 36 e 0
123 124 a 0
123 124 b 2
123 41 c 2
123 104 d 3
123 20 e 0
124 125 a 0
124 125 b 1
124 47 c 3
124 44 d 3
124 124 e 1
125 126 a 2
125 126 b 3
125 16 c 1
125 80 d 4
125 36 e 4
126 127 a 0
126 127 b 4
126 106 c 3
126 84 d 0
126 29 e 4
127 128 a 1
127 128 b 4
127 92 c 2
127 95 d 2
127 56 e 2
128 1 a 4
128 1 b 0
128 12 c 3
128 59 d 4
128 13 e 4

56 128 640 5 5 0
1 2 a 0
1 2 b 2
1 33 c 2
1 83 d 1
1 117 e 0
2 3 a 3
2 3 b 1
2 73 c 1
2 60 d 2
2 15 e 0
3 4 a 0
3 4 b 3
3 53 c 2
3 41 d 0
3 63 e 4
4 5 a 2
4 5 b 1
4 24 c 0
4 117 d 3
4 42 e 2
5 6 a 2
5 6 b 1
5 44 c 0
5 29 d 3
5 59 e 1
6 7 a 3
6 7 b 3
6 45 c 1
6 67 d 4
6 34 e 0
7 8 a 0
7 8 b 0
7 91 c 3
7 44 d 0
7 80 e 1
8 9 a 4
8 9 b 0
8 124 c 1
8 67 d 1
8 124 e 3
9 10 a 1
9 10 b 1
9 88 c 4
9 21 d 1
9 33 e 4
10 11 a 2
10 11 b 1
10 60 c 0
10 82 d 0
10 125 e 4
11 12 a 4
11 12 b 1
11 120 c 2
11 82 d 2
11 19 e 1
12 13 a 0
12 13 b 4
12 96 c 2
12 14 d 0
12 42 e 1
13 14 a 4
13 14 b 0
13 78 c 4
13 34 d 1
13 76 e 4
14 15 a 2
14 15 b 2
14 30 c 0
14 82 d 4
14 73 e 0
15 16 a 3
15 16 b 1
15 49 c 4
15 2 d 3
15 49 e 2
16 17 a 3
16 17 b 1
16 107 c 2
16 60 d 0
16 93 e 2
17 18 a 4
17 18 b 3
17 54 c 3
17 46 d 2
17 103 e 3
18 19 a 2
18 19 b 1
18 124 c 4
18 41 d 3
18 45 e 3
19 20 a 0
19 20 b 2
19 48 c 0
19 36 d 3
19 82 e 2
20 21 a 2
20 21 b 2
20 70 c 2
20 54 d 0
20 61 e 2
21 22 a 4
21 22 b 0
21 55 c 4
21 32 d 2
21 24 e 2
22 23 a 2
22 23 b 0
22 126 c 0
22 65 d 2
22 82 e 0
23 24 a 4
23 24 b 1
23 29 c 1
23 31 d 0
23 29 e 3
24 25 a 0
24 25 b 2
24 25 c 2
24 101 d 0
24 113 e 2
25 26 a 3
25 26 b 0
25 121 c 0
25 96 d 1
25 7 e 0
26 27 a 0
26 27 b 0
26 75 c 4
26 128 d 2
26 95 e 4
27 28 a 4
27 28 b 3
27 31 c 0
27 93 d 0
27 59 e 2
28 29 a 3
28 29 b 4
28 11 c 0
28 48 d 4
28 34 e 4
29 30 a 0
29 30 b 3
29 37 c 0
29 85 d 2
29 94 e 2
30 31 a 1
30 31 b 0
30 12 c 3
30 80 d 2
30 125 e 0
31 32 a 4
31 32 b 0
31 95 c 1
31 69 d 0
31 84 e 2
32 33 a 2
32 33 b 1
32 68 c 1
32 126 d 3
32 119 e 4
33 34 a 3
33 34 b 3
33 99 c 3
33 105 d 2
33 66 e 4
34 35 a 0
34 35 b 4
34 104 c 0
34 24 d 3
34 84 e 4
35 36 a 0
35 36 b 4
35 5 c 1
35 63 d 0
35 15 e 4
36 37 a 0
36 37 b 3
36 109 c 0
36 57 d 2
36 25 e 0
37 38 a 4
37 38 b 0
37 90 c 2
37 3 d 2
37 93 e 4
38 39 a 0
38 39 b 3
38 8 c 2
38 64 d 1
38 11 e 2
39 40 a 2
39 40 b 0
39 56 c 4
39 51 d 4
39 20 e 2
40 41 a 1
40 41 b 2
40 46 c 2
40 72 d 3
40 47 e 1
41 42 a 4
41 42 b 4
41 51 c 2
41 11 d 2
41 87 e 4
42 43 a 1
42 43 b 0
42 19 c 2
42 47 d 0
42 75 e 1
43 44 a 3
43 44 b 0
43 32 c 0
43 9 d 1
43 12 e 4
44 45 a 1
44 45 b 3
44 46 c 3
44 19 d 1
44 98 e 1
45 46 a 3
45 46 b 3
45 21 c 2
45 106 d 1
45 88 e 3
46 47 a 0
46 47 b 4
46 50 c 2
46 79 d 4
46 59 e 3
47 48 a 3
47 48 b 2
47 102 c 2
47 41 d 2
47 31 e 1
48 49 a 1
48 49 b 2
48 22 c 2
48 2 d 1
48 90 e 2
49 50 a 2
49 50 b 3
49 41 c 4
49 6 d 3
49 7 e 0
50 51 a 0
50 51 b 0
50 13 c 1
50 7 d 1
50 4 e 1
51 52 a 0
51 52 b 2
51 50 c 3
51 124 d 3
51 116 e 1
52 53 a 3
52 53 b 3
52 13 c 2
52 125 d 2
52 62 e 0
53 54 a 3
53 54 b 0
53 23 c 2
53 72 d 4
53 12 e 2
54 55 a 1
54 55 b 1
54 75 c 4
54 63 d 2
54 77 e 1
55 56 a 3
55 56 b 3
55 43 c 2
55 104 d 1
55 52 e 3
56 57 a 3
56 57 b 0
56 60 c 1
56 108 d 1
56 54 e 0
57 58 a 0
57 58 b 1
57 6 c 1
57 24 d 1
57 16 e 0
58 59 a 0
58 59 b 2
58 21 c 2
58 95 d 0
58 63 e 3
59 60 a 2
59 60 b 3
59 122 c 0
59 86 d 1
59 6 e 0
60 61 a 3
60 61 b 1
60 74 c 1
60 55 d 2
60 108 e 2
61 62 a 2
61 62 b 3
61 30 c 2
61 95 d 1
61 59 e 4
62 63 a 0
62 63 b 2
62 18 c 4
62 80 d 0
62 2 e 0
63 64 a 1
63 64 b 1
63 71 c 3
63 47 d 2
63 19 e 4
64 65 a 2
64 65 b 2
64 96 c 1
64 70 d 4
64 5 e 3
65 66 a 3
65 66 b 1
65 8 c 3
65 3 d 1
65 52 e 0
66 67 a 2
66 67 b 4
66 107 c 0
66 120 d 0
66 61 e 3
67 68 a 2
67 68 b 0
67 57 c 1
67 89 d 3
67 2 e 3
68 69 a 0
68 69 b 4
68 38 c 1
68 1 d 0
68 44 e 4
69 70 a 0
69 70 b 4
69 108 c 4
69 110 d 0
69 36 e 2
70 71 a 3
70 71 b 4
70 71 c 1
70 64 d 2
70 24 e 2
71 72 a 2
71 72 b 1
71 120 c 3
71 62 d 1
71 124 e 3
72 73 a 0
72 73 b 2
72 67 c 4
72 81 d 2
72 7 e 4
73 74 a 4
73 74 b 3
73 113 c 1
73 6 d 1
73 50 e 2
74 75 a 2
74 75 b 1
74 79 c 2
74 16 d 1
74 60 e 4
75 76 a 3
75 76 b 4
75 45 c 0
75 69 d 4
75 41 e 4
76 77 a 0
76 77 b 1
76 96 c 2
76 28 d 1
76 62 e 2
77 78 a 4
77 78 b 4
77 64 c 4
77 53 d 3
77 7 e 3
78 79 a 4
78 79 b 1
78 43 c 2
78 81 d 1
78 81 e 2
79 80 a 0
79 80 b 0
79 128 c 0
79 85 d 3
79 48 e 3
80 81 a 1
80 81 b 3
80 36 c 2
80 76 d 4
80 122 e 0
81 82 a 0
81 82 b 4
81 1 c 2
81 98 d 2
81 74 e 1
82 83 a 3
82 83 b 0
82 2 c 0
82 105 d 3
82 126 e 2
83 84 a 1
83 84 b 1
83 24 c 0
83 88 d 3
83 58 e 0
84 85 a 3
84 85 b 1
84 56 c 2
84 71 d 0
84 99 e 0
85 86 a 2
85 86 b 1
85 91 c 2
85 117 d 2
85 36 e 3
86 87 a 0
86 87 b 4
86 124 c 3
86 66 d 1
86 108 e 1
87 88 a 3
87 88 b 0
87 30 c 3
87 53 d 0
87 110 e 1
88 89 a 0
88 89 b 1
88 67 c 1
88 119 d 1
88 32 e 2
89 90 a 2
89 90 b 1
89 118 c 4
89 85 d 4
89 61 e 2
90 91 a 1
90 91 b 0
90 66 c 2
90 67 d 3
90 67 e 2
91 92 a 4
91 92 b 0
91 57 c 4
91 84 d 2
91 117 e 4
92 93 a 2
92 93 b 1
92 110 c 4
92 66 d 4
92 90 e 0
93 94 a 2
93 94 b 2
93 123 c 2
93 108 d 0
93 60 e 1
94 95 a 2
94 95 b 1
94 124 c 0
94 83 d 1
94 42 e 3
95 96 a 1
95 96 b 1
95 18 c 3
95 29 d 1
95 118 e 1
96 97 a 1
96 97 b 1
96 97 c 3
96 18 d 1
96 56 e 2
97 98 a 3
97 98 b 0
97 18 c 0
97 33 d 1
97 73 e 4
98 99 a 4
98 99 b 2
98 82 c 2
98 92 d 1
98 73 e 3
99 100 a 4
99 100 b 3
99 80 c 2
99 120 d 3
99 26 e 4
100 101 a 4
100 101 b 3
100 67 c 0
100 78 d 2
100 99 e 4
101 102 a 2
101 102 b 4
101 98 c 3
101 92 d 3
101 14 e 1
102 103 a 0
102 103 b 3
102 106 c 4
102 69 d 1
102 73 e 4
103 104 a 0
103 104 b 1
103 28 c 1
103 77 d 4
103 9 e 4
104 105 a 1
104 105 b 2
104 61 c 2
104 94 d 4
104 2 e 2
105 106 a 4
105 106 b 0
105 20 c 0
105 5 d 2
105 48 e 1
106 107 a 1
106 107 b 1
106 111 c 1
106 118 d 0
106 82 e 1
107 108 a 2
107 108 b 3
107 30 c 0
107 4 d 3
107 106 e 3
108 109 a 0
108 109 b 4
108 118 c 1
108 42 d 2
108 62 e 1
109 110 a 3
109 110 b 0
109 79 c 0
109 5 d 3
109 90 e 4
110 111 a 4
110 111 b 3
110 7 c 3
110 86 d 2
110 11 e 1
111 112 a 4
111 112 b 4
111 125 c 3
111 5 d 4
111 101 e 2
112 113 a 1
112 113 b 0
112 23 c 3
112 25 d 4
112 63 e 2
113 114 a 1
113 114 b 1
113 60 c 3
113 66 d 3
113 50 e 1
114 115 a 2
114 115 b 1
114 90 c 3
114 79 d 3
114 29 e 1
115 116 a 4
115 116 b 3
115 98 c 2
115 56 d 3
115 36 e 3
116 117 a 2
116 117 b 0
116 71 c 3
116 21 d 2
116 44 e 4
117 118 a 4
117 118 b 2
117 3 c 4
117 37 d 4
117 96 e 3
118 119 a 4
118 119 b 1
118 17 c 0
118 72 d 0
118 48 e 2
119 120 a 3
119 120 b 3
119 116 c 3
119 5 d 1
119 76 e 3
120 121 a 3
120 121 b 2
120 47 c 2
120 6 d 3
120 45 e 4
121 122 a 3
121 122 b 1
121 75 c 1
121 22 d 3
121 13 e 4
122 123 a 2
122 123 b 0
122 84 c 3
122 42 d 0
122 106 e 4
123 124 a 3
123 124 b 4
123 92 c 0
123 85 d 4
123 8 e 0
124 125 a 4
124 125 b 4
124 118 c 4
124 82 d 4
124 108 e 0
125 126 a 3
125 126 b 0
125 60 c 2
125 126 d 0
125 97 e 2
126 127 a 4
126 127 b 3
126 74 c 1
126 91 d 2
126 118 e 1
127 128 a 3
127 128 b 0
127 65 c 3
127 14 d 3
127 126 e 3
128 1 a 0
128 1 b 1
128 69 c 3
128 98 d 3
128 14 e 4

57 128 640 5 5 0
1 2 a 3
1 2 b 3
1 127 c 1
1 67 d 1
1 3 e 0
2 3 a 0
2 3 b 4
2 28 c 4
2 68 d 3
2 122 e 0
3 4 a 1
3 4 b 4
3 76 c 2
3 26 d 3
3 86 e 3
4 5 a 1
4 5 b 4
4 68 c 4
4 30 d 3
4 62 e 2
5 6 a 0
5 6 b 0
5 60 c 0
5 79 d 1
5 28 e 4
6 7 a 1
6 7 b 0
6 114 c 2
6 77 d 3
6 31 e 0
7 8 a 0
7 8 b 0
7 37 c 0
7 95 d 4
7 57 e 0
8 9 a 3
8 9 b 2
8 26 c 4
8 110 d 4
8 34 e 2
9 10 a 3
9 10 b 2
9 26 c 2
9 8 d 2
9 83 e 0
10 11 a 2
10 11 b 2
10 114 c 0
10 95 d 4
10 12 e 4
11 12 a 4
11 12 b 0
11 115 c 4
11 71 d 4
11 79 e 3
12 13 a 0
12 13 b 4
12 112 c 1
12 59 d 1
12 98 e 3
13 14 a 1
13 14 b 2
13 66 c 4
13 88 d 2
13 81 e 2
14 15 a 2
14 15 b 2
14 71 c 4
14 96 d 1
14 106 e 4
15 16 a 1
15 16 b 0
15 94 c 1
15 57 d 1
15 63 e 0
16 17 a 0
16 17 b 3
16 109 c 4
16 107 d 4
16 39 e 1
17 18 a 4
17 18 b 0
17 92 c 2
17 38 d 0
17 61 e 2
18 19 a 0
18 19 b 0
18 23 c 0
18 58 d 3
18 96 e 4
19 20 a 2
19 20 b 2
19 16 c 2
19 28 d 1
19 50 e 4
20 21 a 1
20 21 b 1
20 58 c 0
20 104 d 4
20 25 e 4
21 22 a 3
21 22 b 2
21 15 c 4
21 89 d 2
21 64 e 4
22 23 a 1
22 23 b 2
22 11 c 4
22 83 d 1
22 23 e 3
23 24 a 2
23 24 b 1
23 46 c 3
23 90 d 4
23 79 e 2
24 25 a 2
24 25 b 0
24 126 c 2
24 24 d 2
24 95 e 3
25 26 a 4
25 26 b 1
25 3 c 3
25 91 d 1
25 2 e 3
26 27 a 0
26 27 b 3
26 74 c 2
26 21 d 2
26 54 e 4
27 28 a 2
27 28 b 0
27 99 c 4
27 90 d 2
27 63 e 3
28 29 a 1
28 29 b 4
28 98 c 3
28 101 d 3
28 34 e 0
29 30 a 1
29 30 b 2
29 97 c 3
29 19 d 2
29 42 e 4
30 31 a 4
30 31 b 1
30 125 c 1
30 102 d 1
30 102 e 0
31 32 a 4
31 32 b 1
31 84 c 0
31 4 d 4
31 41 e 3
32 33 a 1
32 33 b 0
32 14 c 4
32 54 d 3
32 9 e 4
33 34 a 0
33 34 b 3
33 81 c 2
33 105 d 0
33 97 e 0
34 35 a 4
34 35 b 3
34 75 c 1
34 48 d 1
34 79 e 4
35 36 a 4
35 36 b 2
35 44 c 2
35 64 d 0
35 54 e 3
36 37 a 1
36 37 b 1
36 41 c 2
36 114 d 1
36 61 e 3
37 38 a 0
37 38 b 4
37 122 c 2
37 69 d 0
37 78 e 0
38 39 a 1
38 39 b 2
38 93 c 1
38 90 d 3
38 24 e 2
39 40 a 4
39 40 b 3
39 17 c 2
39 118 d 2
39 13 e 1
40 41 a 2
40 41 b 3
40 91 c 3
40 3 d 2
40 101 e 2
41 42 a 0
41 42 b 1
41 5 c 2
41 15 d 3
41 26 e 2
42 43 a 0
42 43 b 2
42 90 c 2
42 76 d 3
42 106 e 4
43 44 a 1
43 44 b 4
43 44 c 0
43 14 d 2
43 88 e 3
44 45 a 3
44 45 b 3
44 78 c 2
44 80 d 4
44 42 e 4
45 46 a 4
45 46 b 0
45 25 c 0
45 47 d 3
45 108 e 1
46 47 a 1
46 47 b 3
46 107 c 0
46 110 d 3
46 108 e 2
47 48 a 3
47 48 b 3
47 36 c 2
47 112 d 3
47 60 e 1
48 49 a 3
48 49 b 2
48 39 c 0
48 65 d 1
48 52 e 4
49 50 a 4
49 50 b 4
49 95 c 2
49 14 d 0
49 109 e 2
50 51 a 2
50 51 b 4
50 56 c 3
50 40 d 3
50 71 e 1
51 52 a 4
51 52 b 0
51 33 c 4
51 5 d 0
51 99 e 3
52 53 a 1
52 53 b 2
52 17 c 3
52 62 d 3
52 42 e 2
53 54 a 2
53 54 b 4
53 127 c 2
53 18 d 2
53 68 e 4
54 55 a 1
54 55 b 2
54 104 c 3
54 98 d 2
54 34 e 2
55 56 a 0
55 56 b 1
55 77 c 1
55 51 d 1
55 117 e 4
56 57 a 1
56 57 b 1
56 50 c 0
56 47 d 0
56 52 e 1
57 58 a 0
57 58 b 0
57 32 c 3
57 36 d 2
57 27 e 4
58 59 a 1
58 59 b 2
58 35 c 3
58 4 d 2
58 38 e 0
59 60 a 1
59 60 b 3
59 77 c 2
59 99 d 3
59 25 e 4
60 61 a 4
60 61 b 0
60 50 c 4
60 124 d 0
60 124 e 1
61 62 a 2
61 62 b 2
61 106 c 2
61 45 d 3
61 23 e 3
62 63 a 0
62 63 b 4
62 19 c 3
62 118 d 2
62 122 e 4
63 64 a 0
63 64 b 4
63 76 c 1
63 126 d 4
63 120 e 0
64 65 a 2
64 65 b 1
64 58 c 1
64 14 d 3
64 39 e 4
65 66 a 0
65 66 b 1
65 7 c 1
65 19 d 1
65 98 e 1
66 67 a 3
66 67 b 0
66 94 c 0
66 32 d 4
66 72 e 4
67 68 a 1
67 68 b 1
67 112 c 3
67 106 d 2
67 58 e 3
68 69 a 0
68 69 b 1
68 114 c 0
68 75 d 4
68 96 e 1
69 70 a 3
69 70 b 3
69 28 c 1
69 64 d 3
69 36 e 3
70 71 a 0
70 71 b 1
70 44 c 0
70 106 d 0
70 53 e 2
71 72 a 4
71 72 b 1
71 97 c 2
71 17 d 4
71 6 e 4
72 73 a 4
72 73 b 3
72 1 c 4
72 28 d 4
72 77 e 3
73 74 a 2
73 74 b 0
73 84 c 1
73 26 d 1
73 4 e 3
74 75 a 3
74 75 b 2
74 38 c 1
74 61 d 3
74 107 e 4
75 76 a 1
75 76 b 4
75 72 c 4
75 89 d 2
75 4 e 2
76 77 a 0
76 77 b 4
76 16 c 2
76 105 d 0
76 22 e 3
77 78 a 3
77 78 b 3
77 84 c 3
77 11 d 4
77 43 e 2
78 79 a 4
78 79 b 3
78 115 c 2
78 127 d 0
78 18 e 2
79 80 a 1
79 80 b 3
79 77 c 0
79 44 d 0
79 94 e 0
80 81 a 2
80 81 b 0
80 70 c 1
80 27 d 3
80 100 e 1
81 82 a 3
81 82 b 2
81 71 c 4
81 122 d 0
81 65 e 4
82 83 a 4
82 83 b 3
82 60 c 4
82 26 d 3
82 81 e 4
83 84 a 4
83 84 b 2
83 23 c 4
83 113 d 2
83 57 e 1
84 85 a 3
84 85 b 0
84 76 c 0
84 24 d 3
84 95 e 3
85 86 a 2
85 86 b 2
85 83 c 2
85 78 d 3
85 109 e 1
86 87 a 4
86 87 b 2
86 41 c 3
86 116 d 4
86 81 e 4
87 88 a 3
87 88 b 2
87 79 c 0
87 16 d 0
87 64 e 1
88 89 a 3
88 89 b 4
88 73 c 2
88 74 d 1
88 46 e 2
89 90 a 0
89 90 b 0
89 32 c 0
89 113 d 0
89 87 e 1
90 91 a 4
90 91 b 1
90 97 c 3
90 119 d 4
90 58 e 3
91 92 a 0
91 92 b 1
91 28 c 2
91 112 d 0
91 24 e 3
92 93 a 2
92 93 b 3
92 102 c 0
92 24 d 2
92 122 e 4
93 94 a 4
93 94 b 3
93 87 c 4
93 74 d 1
93 40 e 3
94 95 a 4
94 95 b 0
94 13 c 4
94 10 d 2
94 51 e 0
95 96 a 1
95 96 b 0
95 39 c 0
95 123 d 1
95 108 e 2
96 97 a 1
96 97 b 1
96 75 c 0
96 105 d 3
96 106 e 0
97 98 a 4
97 98 b 2
97 32 c 4
97 65 d 3
97 8 e 3
98 99 a 1
98 99 b 1
98 84 c 0
98 20 d 0
98 100 e 3
99 100 a 0
99 100 b 2
99 24 c 1
99 24 d 4
99 98 e 0
100 101 a 1
100 101 b 2
100 31 c 0
100 39 d 2
100 39 e 4
101 102 a 3
101 102 b 2
101 34 c 4
101 62 d 1
101 30 e 1
102 103 a 1
102 103 b 2
102 95 c 4
102 127 d 4
102 118 e 0
103 104 a 3
103 104 b 4
103 22 c 3
103 47 d 1
103 34 e 3
104 105 a 4
104 105 b 2
104 10 c 0
104 57 d 0
104 88 e 1
105 106 a 1
105 106 b 0
105 6 c 3
105 41 d 1
105 19 e 0
106 107 a 4
106 107 b 0
106 86 c 2
106 50 d 3
106 17 e 1
107 108 a 4
107 108 b 1
107 73 c 0
107 41 d 2
107 85 e 0
108 109 a 0
108 109 b 2
108 54 c 3
108 7 d 2
108 38 e 3
109 110 a 1
109 110 b 1
109 115 c 4
109 106 d 0
109 14 e 2
110 111 a 0
110 111 b 4
110 95 c 0
110 21 d 2
110 92 e 3
111 112 a 4
111 112 b 2
111 90 c 3
111 108 d 1
111 35 e 1
112 113 a 2
112 113 b 0
112 72 c 4
112 121 d 3
112 57 e 1
113 114 a 1
113 114 b 4
113 18 c 2
113 106 d 4
113 56 e 0
114 115 a 1
114 115 b 1
114 37 c 3
114 16 d 4
114 128 e 0
115 116 a 2
115 116 b 4
115 113 c 2
115 97 d 3
115 51 e 1
116 117 a 4
116 117 b 1
116 107 c 2
116 119 d 3
116 56 e 4
117 118 a 2
117 118 b 4
117 11 c 1
117 15 d 0
117 57 e 2
118 119 a 0
118 119 b 3
118 78 c 2
118 11 d 0
118 37 e 3
119 120 a 3
119 120 b 4
119 53 c 1
119 112 d 4
119 46 e 3
120 121 a 2
120 121 b 3
120 69 c 3
120 105 d 4
120 75 e 4
121 122 a 2
121 122 b 0
121 5 c 1
121 66 d 4
121 56 e 3
122 123 a 1
122 123 b 1
122 3 c 2
122 110 d 1
122 113 e 2
123 124 a 0
123 124 b 1
123 79 c 3
123 2 d 0
123 59 e 2
124 125 a 3
124 125 b 3
124 126 c 0
124 55 d 1
124 28 e 2
125 126 a 1
125 126 b 2
125 41 c 2
125 108 d 4
125 93 e 0
126 127 a 1
126 127 b 3
126 107 c 1
126 33 d 4
126 15 e 2
127 128 a 1
127 128 b 4
127 102 c 3
127 125 d 0
127 3 e 3
128 1 a 0
128 1 b 1
128 63 c 3
128 73 d 4
128 80 e 1

58 128 640 5 5 0
1 2 a 3
1 2 b 0
1 30 c 3
1 115 d 3
1 82 e 3
2 3 a 4
2 3 b 0
2 47 c 1
2 12 d 0
2 37 e 1
3 4 a 4
3 4 b 4
3 35 c 4
3 75 d 0
3 46 e 3
4 5 a 1
4 5 b 2
4 48 c 2
4 7 d 3
4 18 e 1
5 6 a 3
5 6 b 1
5 12 c 0
5 65 d 3
5 60 e 4
6 7 a 4
6 7 b 2
6 118 c 3
6 24 d 3
6 92 e 4
7 8 a 3
7 8 b 4
7 46 c 3
7 82 d 4
7 99 e 2
8 9 a 4
8 9 b 4
8 120 c 0
8 90 d 3
8 8 e 2
9 10 a 0
9 10 b 4
9 29 c 2
9 60 d 2
9 70 e 2
10 11 a 3
10 11 b 0
10 105 c 0
10 43 d 1
10 91 e 1
11 12 a 1
11 12 b 2
11 46 c 3
11 124 d 2
11 74 e 3
12 13 a 0
12 13 b 3
12 63 c 3
12 40 d 0
12 90 e 0
13 14 a 2
13 14 b 0
13 119 c 0
13 78 d 1
13 21 e 1
14 15 a 0
14 15 b 3
14 48 c 4
14 46 d 3
14 75 e 2
15 16 a 2
15 16 b 1
15 76 c 2
15 47 d 4
15 12 e 2
16 17 a 1
16 17 b 3
16 47 c 2
16 91 d 4
16 49 e 2
17 18 a 0
17 18 b 3
17 66 c 3
17 94 d 1
17 84 e 1
18 19 a 3
18 19 b 0
18 114 c 4
18 10 d 2
18 83 e 3
19 20 a 1
19 20 b 2
19 47 c 1
19 85 d 4
19 81 e 2
20 21 a 1
20 21 b 4
20 110 c 3
20 89 d 4
20 53 e 3
21 22 a 2
21 22 b 1
21 39 c 0
21 83 d 3
21 41 e 0
22 23 a 4
22 23 b 4
22 87 c 0
22 37 d 4
22 28 e 3
23 24 a 1
23 24 b 1
23 127 c 3
23 85 d 2
23 64 e 4
24 25 a 1
24 25 b 0
24 36 c 4
24 12 d 0
24 13 e 1
25 26 a 2
25 26 b 1
25 77 c 2
25 23 d 4
25 60 e 4
26 27 a 2
26 27 b 0
26 9 c 4
26 105 d 4
26 77 e 3
27 28 a 4
27 28 b 4
27 102 c 3
27 23 d 3
27 2 e 1
28 29 a 0
28 29 b 3
28 122 c 3
28 90 d 0
28 98 e 1
29 30 a 2
29 30 b 3
29 94 c 4
29 17 d 2
29 54 e 4
30 31 a 2
30 31 b 3
30 45 c 1
30 61 d 2
30 15 e 1
31 32 a 4
31 32 b 0
31 10 c 1
31 3 d 4
31 62 e 3
32 33 a 4
32 33 b 4
32 23 c 4
32 45 d 0
32 91 e 2
33 34 a 3
33 34 b 3
33 127 c 1
33 41 d 0
33 63 e 4
34 35 a 3
34 35 b 2
34 110 c 0
34 8 d 0
34 10 e 2
35 36 a 0
35 36 b 1
35 19 c 1
35 1 d 3
35 29 e 4
36 37 a 2
36 37 b 4
36 37 c 1
36 108 d 1
36 33 e 0
37 38 a 4
37 38 b 1
37 90 c 3
37 71 d 3
37 126 e 0
38 39 a 4
38 39 b 1
38 113 c 3
38 52 d 0
38 101 e 2
39 40 a 3
39 40 b 3
39 42 c 0
39 121 d 2
39 71 e 0
40 41 a 4
40 41 b 1
40 73 c 3
40 127 d 3
40 91 e 4
41 42 a 0
41 42 b 2
41 23 c 4
41 83 d 4
41 28 e 1
42 43 a 3
42 43 b 1
42 97 c 1
42 40 d 1
42 73 e 4
43 44 a 2
43 44 b 2
43 119 c 2
43 83 d 3
43 99 e 4
44 45 a 4
44 45 b 4
44 45 c 0
44 77 d 0
44 50 e 0
45 46 a 4
45 46 b 0
45 94 c 3
45 53 d 3
45 65 e 2
46 47 a 1
46 47 b 3
46 100 c 2
46 76 d 1
46 93 e 2
47 48 a 1
47 48 b 2
47 33 c 3
47 119 d 1
47 26 e 0
48 49 a 2
48 49 b 1
48 121 c 0
48 64 d 4
48 78 e 3
49 50 a 0
49 50 b 3
49 85 c 0
49 86 d 1
49 19 e 1
50 51 a 2
50 51 b 3
50 34 c 4
50 8 d 1
50 74 e 1
51 52 a 3
51 52 b 3
51 81 c 2
51 77 d 0
51 19 e 3
52 53 a 3
52 53 b 3
52 85 c 3
52 63 d 1
52 86 e 3
53 54 a 4
53 54 b 4
53 39 c 4
53 28 d 4
53 61 e 1
54 55 a 4
54 55 b 0
54 69 c 4
54 68 d 2
54 55 e 0
55 56 a 4
55 56 b 1
55 46 c 1
55 62 d 3
55 119 e 0
56 57 a 0
56 57 b 1
56 103 c 4
56 51 d 2
56 114 e 3
57 58 a 4
57 58 b 1
57 122 c 2
57 112 d 4
57 101 e 4
58 59 a 3
58 59 b 4
58 114 c 2
58 104 d 4
58 77 e 4
59 60 a 3
59 60 b 4
59 97 c 3
59 48 d 4
59 109 e 3
60 61 a 0
60 61 b 3
60 90 c 3
60 2 d 3
60 76 e 3
61 62 a 4
61 62 b 3
61 119 c 1
61 59 d 2
61 52 e 0
62 63 a 1
62 63 b 2
62 83 c 2
62 92 d 3
62 51 e 4
63 64 a 4
63 64 b 3
63 17 c 3
63 12 d 2
63 30 e 4
64 65 a 2
64 65 b 0
64 84 c 3
64 21 d 2
64 9 e 0
65 66 a 2
65 66 b 2
65 69 c 4
65 99 d 1
65 81 e 4
66 67 a 2
66 67 b 4
66 16 c 2
66 8 d 4
66 18 e 0
67 68 a 4
67 68 b 2
67 103 c 3
67 59 d 3
67 49 e 0
68 69 a 1
68 69 b 0
68 125 c 4
68 84 d 0
68 84 e 2
69 70 a 4
69 70 b 3
69 12 c 0
69 82 d 0
69 100 e 1
70 71 a 3
70 71 b 3
70 81 c 4
70 85 d 4
70 18 e 2
71 72 a 0
71 72 b 1
71 10 c 3
71 36 d 2
71 79 e 3
72 73 a 1
72 73 b 3
72 127 c 3
72 39 d 0
72 83 e 1
73 74 a 0
73 74 b 4
73 118 c 4
73 110 d 4
73 23 e 0
74 75 a 3
74 75 b 4
74 61 c 2
74 41 d 3
74 90 e 3
75 76 a 2
75 76 b 3
75 36 c 3
75 46 d 4
75 32 e 2
76 77 a 1
76 77 b 0
76 127 c 3
76 119 d 2
76 46 e 4
77 78 a 1
77 78 b 1
77 41 c 2
77 33 d 2
77 16 e 2
78 79 a 2
78 79 b 3
78 124 c 3
78 110 d 0
78 19 e 3
79 80 a 2
79 80 b 4
79 90 c 3
79 67 d 0
79 75 e 1
80 81 a 2
80 81 b 3
80 40 c 0
80 42 d 2
80 14 e 2
81 82 a 2
81 82 b 1
81 77 c 0
81 81 d 3
81 119 e 0
82 83 a 3
82 83 b 2
82 55 c 4
82 10 d 1
82 100 e 2
83 84 a 4
83 84 b 3
83 86 c 4
83 74 d 0
83 121 e 2
84 85 a 3
84 85 b 2
84 31 c 3
84 42 d 0
84 27 e 0
85 86 a 3
85 86 b 1
85 11 c 2
85 104 d 3
85 117 e 1
86 87 a 0
86 87 b 0
86 22 c 1
86 103 d 2
86 118 e 4
87 88 a 4
87 88 b 2
87 64 c 3
87 42 d 4
87 81 e 1
88 89 a 2
88 89 b 1
88 15 c 4
88 93 d 2
88 124 e 4
89 90 a 3
89 90 b 0
89 11 c 3
89 77 d 1
89 50 e 1
90 91 a 3
90 91 b 4
90 64 c 0
90 107 d 2
90 113 e 3
91 92 a 4
91 92 b 1
91 63 c 4
91 77 d 3
91 124 e 4
92 93 a 2
92 93 b 4
92 30 c 4
92 45 d 1
92 90 e 0
93 94 a 1
93 94 b 3
93 116 c 0
93 104 d 2
93 85 e 3
94 95 a 4
94 95 b 2
94 94 c 0
94 128 d 4
94 124 e 0
95 96 a 0
95 96 b 3
95 124 c 2
95 26 d 2
95 33 e 0
96 97 a 2
96 97 b 2
96 116 c 0
96 1 d 3
96 92 e 2
97 98 a 4
97 98 b 2
97 110 c 4
97 33 d 0
97 6 e 0
98 99 a 1
98 99 b 3
98 23 c 1
98 13 d 2
98 63 e 1
99 100 a 1
99 100 b 4
99 31 c 3
99 121 d 0
99 105 e 4
100 101 a 0
100 101 b 4
100 58 c 2
100 64 d 4
100 43 e 3
101 102 a 2
101 102 b 0
101 35 c 3
101 96 d 3
101 111 e 3
102 103 a 2
102 103 b 1
102 20 c 1
102 121 d 3
102 99 e 4
103 104 a 1
103 104 b 1
103 79 c 0
103 82 d 3
103 124 e 1
104 105 a 3
104 105 b 1
104 24 c 2
104 84 d 4
104 110 e 1
105 106 a 1
105 106 b 4
105 56 c 2
105 13 d 1
105 53 e 3
106 107 a 1
106 107 b 1
106 124 c 0
106 46 d 1
106 16 e 3
107 108 a 4
107 108 b 3
107 52 c 4
107 13 d 2
107 1 e 4
108 109 a 4
108 109 b 4
108 53 c 3
108 36 d 4
108 78 e 3
109 110 a 1
109 110 b 0
109 88 c 4
109 16 d 4
109 3 e 3
110 111 a 2
110 111 b 3
110 120 c 0
110 19 d 3
110 109 e 1
111 112 a 2
111 112 b 1
111 119 c 2
111 19 d 1
111 32 e 4
112 113 a 0
112 113 b 1
112 58 c 0
112 24 d 4
112 115 e 0
113 114 a 0
113 114 b 1
113 41 c 0
113 81 d 3
113 127 e 1
114 115 a 4
114 115 b 4
114 48 c 0
114 16 d 1
114 35 e 4
115 116 a 2
115 116 b 3
115 64 c 4
115 74 d 4
115 3 e 2
116 117 a 2
116 117 b 0
116 78 c 3
116 24 d 3
116 4 e 1
117 118 a 3
117 118 b 1
117 83 c 1
117 57 d 1
117 81 e 0
118 119 a 4
118 119 b 2
118 75 c 1
118 13 d 3
118 89 e 1
119 120 a 2
119 120 b 4
119 54 c 1
119 27 d 4
119 79 e 1
120 121 a 2
120 121 b 3
120 26 c 3
120 12 d 1
120 41 e 3
121 122 a 3
121 122 b 4
121 127 c 3
121 46 d 3
121 34 e 1
122 123 a 4
122 123 b 1
122 114 c 1
122 114 d 4
122 56 e 2
123 124 a 2
123 124 b 0
123 2 c 0
123 110 d 0
123 47 e 2
124 125 a 3
124 125 b 3
124 70 c 1
124 92 d 4
124 12 e 4
125 126 a 4
125 126 b 0
125 85 c 0
125 25 d 0
125 26 e 2
126 127 a 3
126 127 b 1
126 76 c 1
126 39 d 2
126 104 e 1
127 128 a 1
127 128 b 0
127 76 c 2
127 44 d 3
127 73 e 2
128 1 a 3
128 1 b 2
128 121 c 4
128 113 d 1
128 82 e 3

59 128 640 5 5 0
1 2 a 4
1 2 b 3
1 124 c 3
1 99 d 4
1 96 e 3
2 3 a 0
2 3 b 4
2 2 c 2
2 21 d 3
2 16 e 0
3 4 a 4
3 4 b 2
3 59 c 2
3 59 d 2
3 69 e 4
4 5 a 3
4 5 b 0
4 91 c 2
4 49 d 0
4 38 e 4
5 6 a 4
5 6 b 4
5 29 c 1
5 114 d 1
5 29 e 4
6 7 a 1
6 7 b 4
6 59 c 1
6 34 d 0
6 89 e 0
7 8 a 2
7 8 b 3
7 119 c 0
7 5 d 1
7 76 e 4
8 9 a 1
8 9 b 0
8 21 c 1
8 5 d 1
8 46 e 0
9 10 a 4
9 10 b 1
9 95 c 1
9 48 d 2
9 120 e 3
10 11 a 4
10 11 b 2
10 32 c 0
10 55 d 1
10 106 e 2
11 12 a 4
11 12 b 1
11 41 c 4
11 113 d 4
11 6 e 2
12 13 a 2
12 13 b 1
12 79 c 0
12 85 d 0
12 18 e 0
13 14 a 0
13 14 b 4
13 107 c 3
13 4 d 0
13 26 e 3
14 15 a 2
14 15 b 3
14 88 c 2
14 61 d 4
14 108 e 3
15 16 a 3
15 16 b 3
15 121 c 3
15 102 d 3
15 26 e 1
16 17 a 4
16 17 b 1
16 48 c 1
16 10 d 2
16 123 e 0
17 18 a 3
17 18 b 4
17 104 c 0
17 85 d 4
17 42 e 0
18 19 a 3
18 19 b 2
18 12 c 3
18 26 d 2
18 6 e 0
19 20 a 3
19 20 b 0
19 14 c 2
19 78 d 0
19 48 e 3
20 21 a 0
20 21 b 1
20 97 c 2
20 10 d 1
20 17 e 3
21 22 a 2
21 22 b 3
21 127 c 0
21 13 d 2
21 81 e 3
22 23 a 2
22 23 b 3
22 100 c 0
22 56 d 3
22 97 e 3
23 24 a 0
23 24 b 3
23 17 c 1
23 16 d 4
23 114 e 4
24 25 a 1
24 25 b 2
24 10 c 0
24 63 d 2
24 123 e 2
25 26 a 0
25 26 b 4
25 88 c 2
25 19 d 3
25 55 e 2
26 27 a 0
26 27 b 1
26 7 c 4
26 125 d 1
26 36 e 4
27 28 a 1
27 28 b 4
27 41 c 1
27 20 d 2
27 6 e 1
28 29 a 2
28 29 b 1
28 82 c 4
28 16 d 3
28 98 e 0
29 30 a 4
29 30 b 3
29 26 c 1
29 79 d 4
29 3 e 0
30 31 a 1
30 31 b 3
30 30 c 1
30 83 d 1
30 120 e 3
31 32 a 4
31 32 b 2
31 127 c 3
31 66 d 0
31 20 e 0
32 33 a 3
32 33 b 4
32 97 c 2
32 100 d 3
32 109 e 0
33 34 a 2
33 34 b 0
33 109 c 1
33 41 d 0
33 94 e 0
34 35 a 0
34 35 b 4
34 80 c 0
34 33 d 3
34 5 e 0
35 36 a 3
35 36 b 0
35 58 c 4
35 2 d 3
35 69 e 0
36 37 a 2
36 37 b 3
36 96 c 0
36 37 d 4
36 69 e 1
37 38 a 3
37 38 b 1
37 123 c 3
37 9 d 0
37 111 e 0
38 39 a 0
38 39 b 2
38 70 c 2
38 79 d 3
38 114 e 2
39 40 a 3
39 40 b 0
39 3 c 1
39 60 d 2
39 64 e 2
40 41 a 1
40 41 b 3
40 119 c 1
40 58 d 0
40 17 e 2
41 42 a 4
41 42 b 0
41 105 c 4
41 87 d 1
41 95 e 4
42 43 a 4
42 43 b 1
42 40 c 1
42 68 d 1
42 104 e 3
43 44 a 0
43 44 b 4
43 2 c 1
43 88 d 1
43 46 e 0
44 45 a 0
44 45 b 4
44 77 c 4
44 11 d 0
44 122 e 4
45 46 a 1
45 46 b 3
45 98 c 1
45 123 d 2
45 85 e 4
46 47 a 1
46 47 b 4
46 29 c 2
46 106 d 1
46 14 e 3
47 48 a 1
47 48 b 2
47 94 c 0
47 62 d 2
47 55 e 3
48 49 a 0
48 49 b 0
48 11 c 0
48 128 d 2
48 40 e 4
49 50 a 4
49 50 b 0
49 12 c 0
49 93 d 2
49 122 e 3
50 51 a 2
50 51 b 0
50 77 c 4
50 40 d 0
50 13 e 2
51 52 a 4
51 52 b 0
51 64 c 2
51 86 d 3
51 2 e 2
52 53 a 1
52 53 b 2
52 88 c 4
52 1 d 0
52 66 e 3
53 54 a 4
53 54 b 2
53 15 c 0
53 102 d 0
53 117 e 2
54 55 a 1
54 55 b 0
54 97 c 2
54 102 d 0
54 12 e 1
55 56 a 0
55 56 b 3
55 79 c 4
55 9 d 0
55 56 e 4
56 57 a 2
56 57 b 1
56 93 c 0
56 118 d 0
56 112 e 1
57 58 a 0
57 58 b 1
57 20 c 0
57 124 d 1
57 111 e 3
58 59 a 4
58 59 b 0
58 1 c 3
58 12 d 1
58 52 e 0
59 60 a 3
59 60 b 4
59 52 c 1
59 61 d 2
59 128 e 2
60 61 a 2
60 61 b 0
60 66 c 3
60 71 d 0
60 92 e 0
61 62 a 2
61 62 b 2
61 67 c 2
61 8 d 4
61 16 e 0
62 63 a 3
62 63 b 3
62 84 c 3
62 3 d 1
62 44 e 0
63 64 a 3
63 64 b 0
63 22 c 0
63 91 d 0
63 3 e 2
64 65 a 2
64 65 b 0
64 46 c 2
64 92 d 4
64 43 e 0
65 66 a 0
65 66 b 3
65 67 c 4
65 115 d 4
65 127 e 0
66 67 a 1
66 67 b 3
66 3 c 4
66 49 d 3
66 29 e 4
67 68 a 1
67 68 b 3
67 30 c 4
67 76 d 0
67 105 e 1
68 69 a 2
68 69 b 2
68 73 c 2
68 29 d 3
68 8 e 2
69 70 a 3
69 70 b 1
69 61 c 4
69 35 d 3
69 101 e 1
70 71 a 4
70 71 b 2
70 53 c 2
70 127 d 0
70 47 e 4
71 72 a 0
71 72 b 0
71 116 c 1
71 118 d 2
71 89 e 2
72 73 a 1
72 73 b 0
72 60 c 4
72 115 d 0
72 25 e 2
73 74 a 0
73 74 b 2
73 88 c 2
73 2 d 0
73 105 e 4
74 75 a 2
74 75 b 3
74 19 c 1
74 85 d 0
74 9 e 4
75 76 a 2
75 76 b 3
75 63 c 2
75 67 d 4
75 123 e 3
76 77 a 4
76 77 b 3
76 47 c 2
76 68 d 0
76 6 e 3
77 78 a 1
77 78 b 0
77 61 c 0
77 119 d 3
77 52 e 2
78 79 a 1
78 79 b 2
78 69 c 1
78 28 d 0
78 84 e 0
79 80 a 4
79 80 b 3
79 39 c 1
79 26 d 4
79 120 e 1
80 81 a 2
80 81 b 1
80 73 c 3
80 122 d 4
80 120 e 2
81 82 a 1
81 82 b 0
81 19 c 1
81 105 d 4
81 109 e 1
82 83 a 0
82 83 b 0
82 114 c 1
82 58 d 2
82 55 e 3
83 84 a 1
83 84 b 2
83 86 c 2
83 98 d 3
83 120 e 2
84 85 a 2
84 85 b 4
84 51 c 1
84 123 d 2
84 23 e 1
85 86 a 4
85 86 b 2
85 3 c 3
85 66 d 2
85 61 e 3
86 87 a 4
86 87 b 3
86 66 c 3
86 25 d 1
86 91 e 4
87 88 a 4
87 88 b 2
87 113 c 0
87 5 d 3
87 34 e 4
88 89 a 4
88 89 b 1
88 21 c 1
88 49 d 0
88 10 e 2
89 90 a 1
89 90 b 2
89 53 c 0
89 105 d 1
89 76 e 1
90 91 a 4
90 91 b 3
90 95 c 0
90 31 d 3
90 104 e 2
91 92 a 1
91 92 b 0
91 35 c 2
91 106 d 2
91 31 e 0
92 93 a 4
92 93 b 1
92 21 c 1
92 2 d 1
92 122 e 4
93 94 a 4
93 94 b 4
93 80 c 4
93 70 d 3
93 65 e 1
94 95 a 4
94 95 b 3
94 110 c 0
94 54 d 4
94 5 e 4
95 96 a 4
95 96 b 1
95 17 c 3
95 121 d 3
95 23 e 4
96 97 a 3
96 97 b 3
96 94 c 0
96 88 d 1
96 14 e 1
97 98 a 2
97 98 b 0
97 125 c 4
97 65 d 1
97 69 e 4
98 99 a 1
98 99 b 0
98 26 c 3
98 69 d 3
98 90 e 2
99 100 a 2
99 100 b 1
99 102 c 1
99 26 d 4
99 49 e 4
100 101 a 0
100 101 b 3
100 22 c 2
100 26 d 3
100 111 e 1
101 102 a 4
101 102 b 3
101 99 c 0
101 66 d 0
101 127 e 4
102 103 a 3
102 103 b 2
102 8 c 3
102 52 d 0
102 16 e 0
103 104 a 2
103 104 b 2
103 72 c 1
103 53 d 2
103 21 e 1
104 105 a 0
104 105 b 4
104 102 c 1
104 48 d 3
104 68 e 4
105 106 a 0
105 106 b 3
105 43 c 0
105 49 d 1
105 24 e 2
106 107 a 2
106 107 b 3
106 99 c 4
106 107 d 1
106 79 e 2
107 108 a 0
107 108 b 4
107 96 c 4
107 50 d 4
107 108 e 3
108 109 a 3
108 109 b 2
108 117 c 0
108 1 d 4
108 54 e 3
109 110 a 0
109 110 b 3
109 124 c 1
109 118 d 1
109 55 e 2
110 111 a 0
110 111 b 1
110 81 c 2
110 81 d 4
110 62 e 0
111 112 a 0
111 112 b 4
111 85 c 2
111 121 d 0
111 94 e 1
112 113 a 0
112 113 b 3
112 108 c 1
112 119 d 1
112 109 e 3
113 114 a 0
113 114 b 4
113 127 c 0
113 121 d 2
113 5 e 2
114 115 a 0
114 115 b 0
114 122 c 3
114 80 d 1
114 6 e 4
115 116 a 4
115 116 b 2
115 79 c 3
115 115 d 4
115 18 e 2
116 117 a 0
116 117 b 1
116 114 c 3
116 121 d 3
116 16 e 4
117 118 a 4
117 118 b 3
117 91 c 0
117 35 d 0
117 42 e 3
118 119 a 1
118 119 b 2
118 8 c 3
118 79 d 4
118 78 e 4
119 120 a 2
119 120 b 4
119 120 c 4
119 6 d 4
119 49 e 2
120 121 a 0
120 121 b 0
120 48 c 1
120 112 d 0
120 71 e 2
121 122 a 4
121 122 b 4
121 57 c 0
121 90 d 0
121 77 e 2
122 123 a 0
122 123 b 0
122 32 c 2
122 55 d 2
122 63 e 1
123 124 a 3
123 124 b 0
123 117 c 0
123 27 d 2
123 98 e 1
124 125 a 1
124 125 b 4
124 77 c 3
124 66 d 0
124 60 e 1
125 126 a 3
125 126 b 4
125 65 c 0
125 7 d 1
125 22 e 4
126 127 a 1
126 127 b 3
126 108 c 2
126 110 d 0
126 1 e 4
127 128 a 4
127 128 b 2
127 113 c 3
127 27 d 4
127 78 e 0
128 1 a 1
128 1 b 1
128 114 c 2
128 88 d 3
128 20 e 4

60 128 640 5 5 0
1 2 a 4
1 2 b 4
1 26 c 4
1 19 d 0
1 46 e 1
2 3 a 4
2 3 b 3
2 20 c 4
2 93 d 0
2 59 e 2
3 4 a 1
3 4 b 0
3 18 c 2
3 108 d 0
3 28 e 3
4 5 a 2
4 5 b 3
4 71 c 0
4 26 d 4
4 122 e 1
5 6 a 3
5 6 b 2
5 109 c 1
5 100 d 4
5 61 e 0
6 7 a 2
6 7 b 4
6 64 c 0
6 108 d 3
6 22 e 1
7 8 a 3
7 8 b 4
7 128 c 2
7 120 d 3
7 117 e 4
8 9 a 1
8 9 b 3
8 115 c 2
8 112 d 0
8 20 e 4
9 10 a 3
9 10 b 4
9 97 c 1
9 100 d 3
9 106 e 3
10 11 a 0
10 11 b 3
10 23 c 3
10 4 d 3
10 57 e 0
11 12 a 0
11 12 b 4
11 100 c 3
11 37 d 3
11 1 e 4
12 13 a 3
12 13 b 0
12 31 c 3
12 67 d 0
12 10 e 0
13 14 a 2
13 14 b 2
13 31 c 4
13 121 d 4
13 94 e 3
14 15 a 0
14 15 b 3
14 65 c 2
14 11 d 2
14 76 e 1
15 16 a 4
15 16 b 3
15 102 c 4
15 93 d 3
15 103 e 1
16 17 a 3
16 17 b 2
16 114 c 3
16 121 d 3
16 5 e 3
17 18 a 4
17 18 b 1
17 78 c 3
17 13 d 2
17 65 e 1
18 19 a 3
18 19 b 4
18 103 c 1
18 107 d 0
18 121 e 2
19 20 a 1
19 20 b 4
19 45 c 4
19 7 d 4
19 80 e 3
20 21 a 0
20 21 b 3
20 21 c 0
20 124 d 3
20 45 e 2
21 22 a 2
21 22 b 2
21 23 c 4
21 7 d 0
21 58 e 0
22 23 a 4
22 23 b 3
22 49 c 4
22 10 d 2
22 102 e 3
23 24 a 2
23 24 b 2
23 98 c 1
23 11 d 4
23 99 e 4
24 25 a 1
24 25 b 3
24 47 c 3
24 50 d 2
24 41 e 4
25 26 a 3
25 26 b 4
25 34 c 4
25 79 d 2
25 113 e 1
26 27 a 1
26 27 b 1
26 70 c 4
26 82 d 3
26 59 e 4
27 28 a 4
27 28 b 3
27 44 c 0
27 81 d 0
27 73 e 1
28 29 a 1
28 29 b 1
28 105 c 4
28 5 d 2
28 34 e 4
29 30 a 0
29 30 b 4
29 22 c 3
29 77 d 0
29 15 e 4
30 31 a 3
30 31 b 2
30 79 c 4
30 41 d 3
30 33 e 1
31 32 a 2
31 32 b 3
31 52 c 1
31 64 d 2
31 41 e 3
32 33 a 4
32 33 b 2
32 107 c 3
32 92 d 3
32 63 e 0
33 34 a 2
33 34 b 3
33 28 c 2
33 105 d 3
33 60 e 1
34 35 a 0
34 35 b 4
34 115 c 2
34 121 d 2
34 64 e 4
35 36 a 3
35 36 b 4
35 34 c 3
35 66 d 0
35 44 e 0
36 37 a 3
36 37 b 1
36 92 c 0
36 30 d 4
36 41 e 3
37 38 a 3
37 38 b 3
37 91 c 3
37 11 d 3
37 31 e 4
38 39 a 4
38 39 b 1
38 91 c 4
38 41 d 4
38 63 e 2
39 40 a 0
39 40 b 2
39 29 c 3
39 62 d 3
39 122 e 3
40 41 a 0
40 41 b 2
40 101 c 0
40 53 d 1
40 7 e 3
41 42 a 4
41 42 b 0
41 124 c 0
41 27 d 0
41 97 e 3
42 43 a 4
42 43 b 0
42 46 c 2
42 33 d 1
42 70 e 4
43 44 a 0
43 44 b 1
43 77 c 3
43 29 d 3
43 58 e 3
44 45 a 3
44 45 b 3
44 45 c 4
44 8 d 3
44 2 e 0
45 46 a 0
45 46 b 2
45 38 c 3
45 1 d 3
45 41 e 4
46 47 a 1
46 47 b 1
46 21 c 4
46 73 d 0
46 127 e 4
47 48 a 4
47 48 b 0
47 91 c 2
47 69 d 2
47 21 e 0
48 49 a 4
48 49 b 2
48 93 c 1
48 127 d 3
48 66 e 0
49 50 a 2
49 50 b 2
49 2 c 1
49 37 d 2
49 32 e 2
50 51 a 1
50 51 b 2
50 56 c 2
50 9 d 2
50 16 e 3
51 52 a 3
51 52 b 0
51 111 c 0
51 31 d 1
51 50 e 4
52 53 a 2
52 53 b 3
52 28 c 0
52 2 d 0
52 110 e 4
53 54 a 4
53 54 b 4
53 55 c 1
53 111 d 2
53 110 e 3
54 55 a 2
54 55 b 1
54 62 c 1
54 73 d 4
54 33 e 4
55 56 a 0
55 56 b 1
55 48 c 3
55 19 d 1
55 58 e 3
56 57 a 3
56 57 b 0
56 19 c 0
56 121 d 2
56 46 e 2
57 58 a 1
57 58 b 1
57 110 c 0
57 72 d 4
57 58 e 1
58 59 a 1
58 59 b 2
58 80 c 0
58 113 d 3
58 91 e 0
59 60 a 0
59 60 b 3
59 71 c 2
59 10 d 3
59 84 e 3
60 61 a 4
60 61 b 3
60 105 c 1
60 76 d 3
60 44 e 2
61 62 a 4
61 62 b 1
61 79 c 3
61 22 d 3
61 44 e 1
62 63 a 2
62 63 b 3
62 21 c 0
62 105 d 1
62 101 e 0
63 64 a 3
63 64 b 1
63 91 c 2
63 106 d 1
63 41 e 4
64 65 a 1
64 65 b 1
64 71 c 1
64 100 d 4
64 13 e 0
65 66 a 4
65 66 b 1
65 1 c 2
65 67 d 4
65 110 e 1
66 67 a 4
66 67 b 2
66 54 c 1
66 25 d 3
66 104 e 1
67 68 a 3
67 68 b 4
67 21 c 4
67 29 d 4
67 96 e 0
68 69 a 0
68 69 b 1
68 85 c 1
68 39 d 2
68 124 e 1
69 70 a 2
69 70 b 3
69 45 c 1
69 53 d 0
69 37 e 3
70 71 a 1
70 71 b 2
70 90 c 4
70 105 d 2
70 12 e 4
71 72 a 0
71 72 b 0
71 29 c 2
71 9 d 1
71 34 e 2
72 73 a 3
72 73 b 0
72 58 c 1
72 126 d 3
72 31 e 4
73 74 a 0
73 74 b 4
73 122 c 0
73 86 d 2
73 124 e 1
74 75 a 4
74 75 b 4
74 42 c 2
74 66 d 2
74 120 e 0
75 76 a 3
75 76 b 0
75 26 c 0
75 24 d 3
75 23 e 4
76 77 a 2
76 77 b 3
76 31 c 3
76 81 d 1
76 30 e 2
77 78 a 0
77 78 b 0
77 17 c 0
77 12 d 4
77 25 e 2
78 79 a 4
78 79 b 4
78 77 c 1
78 10 d 1
78 85 e 3
79 80 a 0
79 80 b 3
79 53 c 0
79 49 d 3
79 102 e 3
80 81 a 2
80 81 b 0
80 43 c 4
80 9 d 1
80 34 e 2
81 82 a 2
81 82 b 2
81 25 c 0
81 65 d 2
81 36 e 4
82 83 a 3
82 83 b 1
82 108 c 0
82 43 d 0
82 74 e 2
83 84 a 0
83 84 b 3
83 21 c 3
83 59 d 4
83 56 e 3
84 85 a 2
84 85 b 1
84 7 c 4
84 12 d 1
84 83 e 1
85 86 a 1
85 86 b 4
85 59 c 0
85 92 d 4
85 70 e 2
86 87 a 1
86 87 b 1
86 47 c 1
86 11 d 3
86 128 e 4
87 88 a 0
87 88 b 1
87 98 c 0
87 32 d 1
87 52 e 0
88 89 a 0
88 89 b 2
88 90 c 2
88 68 d 2
88 88 e 1
89 90 a 0
89 90 b 1
89 31 c 3
89 69 d 3
89 38 e 0
90 91 a 4
90 91 b 4
90 61 c 3
90 20 d 1
90 31 e 3
91 92 a 2
91 92 b 1
91 70 c 3
91 71 d 3
91 3 e 0
92 93 a 0
92 93 b 2
92 77 c 0
92 24 d 3
92 90 e 3
93 94 a 1
93 94 b 4
93 108 c 1
93 100 d 1
93 110 e 2
94 95 a 0
94 95 b 0
94 63 c 3
94 44 d 3
94 78 e 4
95 96 a 3
95 96 b 4
95 103 c 3
95 24 d 0
95 76 e 3
96 97 a 0
96 97 b 4
96 8 c 1
96 111 d 3
96 128 e 2
97 98 a 0
97 98 b 1
97 75 c 4
97 33 d 2
97 67 e 1
98 99 a 3
98 99 b 3
98 92 c 2
98 61 d 3
98 53 e 4
99 100 a 2
99 100 b 2
99 109 c 3
99 123 d 4
99 56 e 0
100 101 a 2
100 101 b 0
100 50 c 0
100 51 d 2
100 115 e 0
101 102 a 0
101 102 b 2
101 99 c 1
101 100 d 3
101 79 e 0
102 103 a 4
102 103 b 1
102 61 c 3
102 46 d 0
102 125 e 1
103 104 a 4
103 104 b 3
103 1 c 3
103 88 d 3
103 111 e 4
104 105 a 1
104 105 b 4
104 115 c 1
104 75 d 4
104 90 e 3
105 106 a 4
105 106 b 2
105 93 c 0
105 21 d 0
105 58 e 0
106 107 a 1
106 107 b 4
106 10 c 1
106 103 d 4
106 78 e 0
107 108 a 2
107 108 b 1
107 75 c 2
107 23 d 4
107 24 e 4
108 109 a 2
108 109 b 4
108 117 c 1
108 31 d 2
108 94 e 3
109 110 a 1
109 110 b 4
109 96 c 1
109 28 d 2
109 44 e 2
110 111 a 1
110 111 b 2
110 106 c 4
110 80 d 4
110 79 e 3
111 112 a 3
111 112 b 1
111 114 c 2
111 32 d 1
111 91 e 2
112 113 a 4
112 113 b 0
112 93 c 1
112 23 d 3
112 39 e 1
113 114 a 1
113 114 b 2
113 21 c 0
113 97 d 0
113 76 e 3
114 115 a 1
114 115 b 1
114 5 c 2
114 81 d 1
114 41 e 4
115 116 a 3
115 116 b 1
115 31 c 3
115 91 d 4
115 97 e 3
116 117 a 0
116 117 b 0
116 86 c 1
116 27 d 0
116 92 e 1
117 118 a 2
117 118 b 3
117 35 c 1
117 76 d 1
117 66 e 0
118 119 a 2
118 119 b 3
118 4 c 4
118 82 d 3
118 3 e 2
119 120 a 0
119 120 b 1
119 121 c 3
119 49 d 4
119 82 e 1
120 121 a 2
120 121 b 1
120 6 c 0
120 19 d 0
120 37 e 0
121 122 a 0
121 122 b 1
121 52 c 1
121 70 d 0
121 55 e 0
122 123 a 0
122 123 b 1
122 15 c 4
122 59 d 3
122 6 e 2
123 124 a 4
123 124 b 4
123 41 c 1
123 8 d 3
123 86 e 0
124 125 a 1
124 125 b 4
124 21 c 1
124 103 d 2
124 43 e 3
125 126 a 1
125 126 b 2
125 109 c 4
125 53 d 4
125 83 e 0
126 127 a 0
126 127 b 3
126 77 c 1
126 116 d 2
126 90 e 3
127 128 a 2
127 128 b 0
127 86 c 2
127 74 d 2
127 19 e 0
128 1 a 0
128 1 b 1
128 44 c 4
128 127 d 3
128 22 e 0

61 128 640 5 5 0
1 2 a 0
1 2 b 3
1 120 c 0
1 3 d 4
1 61 e 1
2 3 a 0
2 3 b 0
2 103 c 3
2 101 d 3
2 38 e 4
3 4 a 1
3 4 b 1
3 41 c 4
3 93 d 3
3 52 e 1
4 5 a 2
4 5 b 1
4 115 c 0
4 67 d 0
4 14 e 4
5 6 a 1
5 6 b 3
5 125 c 1
5 22 d 1
5 30 e 1
6 7 a 0
6 7 b 0
6 4 c 2
6 119 d 2
6 18 e 2
7 8 a 0
7 8 b 4
7 73 c 4
7 43 d 2
7 95 e 2
8 9 a 4
8 9 b 3
8 17 c 2
8 28 d 1
8 58 e 4
9 10 a 2
9 10 b 0
9 35 c 3
9 88 d 1
9 29 e 4
10 11 a 2
10 11 b 3
10 77 c 3
10 16 d 0
10 72 e 0
11 12 a 2
11 12 b 4
11 96 c 3
11 26 d 1
11 61 e 0
12 13 a 2
12 13 b 3
12 47 c 2
12 112 d 4
12 66 e 3
13 14 a 3
13 14 b 3
13 19 c 3
13 47 d 2
13 99 e 4
14 15 a 2
14 15 b 2
14 106 c 2
14 25 d 2
14 109 e 2
15 16 a 3
15 16 b 4
15 19 c 4
15 20 d 4
15 117 e 3
16 17 a 1
16 17 b 4
16 116 c 2
16 41 d 4
16 79 e 0
17 18 a 1
17 18 b 2
17 117 c 1
17 5 d 4
17 23 e 3
18 19 a 3
18 19 b 4
18 2 c 3
18 123 d 0
18 44 e 0
19 20 a 1
19 20 b 4
19 12 c 4
19 128 d 0
19 47 e 1
20 21 a 0
20 21 b 0
20 9 c 3
20 45 d 4
20 9 e 0
21 22 a 4
21 22 b 1
21 112 c 3
21 65 d 4
21 98 e 2
22 23 a 0
22 23 b 4
22 61 c 1
22 28 d 2
22 43 e 3
23 24 a 3
23 24 b 0
23 115 c 3
23 69 d 3
23 21 e 2
24 25 a 2
24 25 b 1
24 21 c 2
24 102 d 2
24 23 e 2
25 26 a 2
25 26 b 3
25 44 c 1
25 75 d 0
25 108 e 4
26 27 a 1
26 27 b 1
26 69 c 2
26 102 d 2
26 18 e 1
27 28 a 2
27 28 b 3
27 111 c 2
27 77 d 0
27 76 e 1
28 29 a 3
28 29 b 4
28 65 c 4
28 58 d 2
28 33 e 1
29 30 a 3
29 30 b 1
29 82 c 3
29 11 d 2
29 92 e 4
30 31 a 0
30 31 b 2
30 63 c 1
30 64 d 4
30 10 e 3
31 32 a 0
31 32 b 2
31 41 c 3
31 127 d 0
31 127 e 3
32 33 a 4
32 33 b 3
32 53 c 1
32 19 d 1
32 81 e 2
33 34 a 2
33 34 b 1
33 10 c 3
33 105 d 0
33 90 e 2
34 35 a 0
34 35 b 0
34 86 c 4
34 17 d 0
34 59 e 1
35 36 a 0
35 36 b 3
35 73 c 2
35 67 d 3
35 84 e 1
36 37 a 1
36 37 b 4
36 24 c 4
36 88 d 4
36 77 e 4
37 38 a 4
37 38 b 3
37 123 c 4
37 77 d 0
37 16 e 0
38 39 a 2
38 39 b 4
38 48 c 2
38 67 d 3
38 76 e 4
39 40 a 3
39 40 b 3
39 118 c 4
39 1 d 1
39 115 e 2
40 41 a 0
40 41 b 3
40 18 c 3
40 113 d 1
40 61 e 0
41 42 a 4
41 42 b 1
41 78 c 4
41 31 d 2
41 36 e 1
42 43 a 3
42 43 b 3
42 117 c 0
42 61 d 4
42 101 e 4
43 44 a 1
43 44 b 0
43 88 c 1
43 33 d 1
43 5 e 1
44 45 a 0
44 45 b 3
44 77 c 2
44 69 d 4
44 74 e 2
45 46 a 3
45 46 b 2
45 42 c 2
45 71 d 2
45 62 e 0
46 47 a 0
46 47 b 4
46 78 c 3
46 103 d 0
46 48 e 2
47 48 a 1
47 48 b 2
47 24 c 4
47 12 d 3
47 50 e 4
48 49 a 0
48 49 b 2
48 110 c 0
48 62 d 4
48 28 e 0
49 50 a 1
49 50 b 0
49 56 c 1
49 45 d 2
49 7 e 4
50 51 a 3
50 51 b 0
50 99 c 0
50 41 d 3
50 82 e 0
51 52 a 3
51 52 b 2
51 94 c 4
51 40 d 2
51 33 e 2
52 53 a 4
52 53 b 3
52 32 c 1
52 67 d 4
52 90 e 2
53 54 a 1
53 54 b 4
53 32 c 3
53 57 d 3
53 38 e 0
54 55 a 0
54 55 b 3
54 91 c 1
54 107 d 2
54 118 e 2
55 56 a 1
55 56 b 1
55 81 c 1
55 94 d 1
55 123 e 0
56 57 a 3
56 57 b 1
56 9 c 4
56 61 d 3
56 44 e 1
57 58 a 4
57 58 b 1
57 9 c 0
57 84 d 2
57 68 e 0
58 59 a 1
58 59 b 1
58 94 c 2
58 21 d 2
58 66 e 4
59 60 a 2
59 60 b 2
59 26 c 2
59 23 d 0
59 103 e 1
60 61 a 1
60 61 b 0
60 81 c 1
60 18 d 4
60 59 e 2
61 62 a 3
61 62 b 4
61 27 c 0
61 100 d 3
61 9 e 2
62 63 a 2
62 63 b 2
62 22 c 0
62 15 d 0
62 94 e 3
63 64 a 0
63 64 b 2
63 97 c 3
63 57 d 1
63 14 e 3
64 65 a 3
64 65 b 2
64 33 c 1
64 43 d 4
64 47 e 4
65 66 a 2
65 66 b 2
65 127 c 2
65 82 d 3
65 28 e 4
66 67 a 3
66 67 b 2
66 40 c 2
66 65 d 4
66 115 e 4
67 68 a 2
67 68 b 2
67 77 c 4
67 45 d 0
67 24 e 3
68 69 a 1
68 69 b 3
68 33 c 0
68 112 d 4
68 48 e 1
69 70 a 3
69 70 b 3
69 93 c 2
69 7 d 2
69 38 e 4
70 71 a 2
70 71 b 3
70 63 c 4
70 20 d 0
70 41 e 1
71 72 a 0
71 72 b 2
71 6 c 4
71 92 d 4
71 44 e 4
72 73 a 1
72 73 b 1
72 120 c 3
72 73 d 1
72 100 e 2
73 74 a 0
73 74 b 1
73 92 c 4
73 106 d 2
73 78 e 2
74 75 a 0
74 75 b 1
74 1 c 2
74 110 d 4
74 39 e 4
75 76 a 4
75 76 b 0
75 53 c 2
75 45 d 4
75 114 e 2
76 77 a 0
76 77 b 4
76 78 c 3
76 31 d 1
76 118 e 1
77 78 a 2
77 78 b 0
77 37 c 0
77 98 d 0
77 61 e 0
78 79 a 0
78 79 b 0
78 22 c 3
78 57 d 2
78 22 e 0
79 80 a 4
79 80 b 0
79 2 c 1
79 7 d 0
79 19 e 1
80 81 a 2
80 81 b 0
80 77 c 1
80 88 d 0
80 12 e 4
81 82 a 2
81 82 b 2
81 96 c 3
81 89 d 2
81 26 e 0
82 83 a 2
82 83 b 0
82 39 c 0
82 91 d 2
82 29 e 4
83 84 a 4
83 84 b 2
83 20 c 2
83 84 d 3
83 55 e 0
84 85 a 2
84 85 b 3
84 27 c 3
84 94 d 1
84 79 e 2
85 86 a 4
85 86 b 1
85 52 c 2
85 54 d 4
85 14 e 3
86 87 a 2
86 87 b 1
86 92 c 2
86 62 d 3
86 101 e 4
87 88 a 3
87 88 b 0
87 20 c 0
87 123 d 1
87 5 e 1
88 89 a 2
88 89 b 2
88 96 c 3
88 23 d 0
88 102 e 3
89 90 a 0
89 90 b 0
89 73 c 3
89 97 d 0
89 65 e 3
90 91 a 4
90 91 b 0
90 92 c 0
90 72 d 4
90 22 e 1
91 92 a 4
91 92 b 2
91 41 c 4
91 100 d 4
91 38 e 3
92 93 a 4
92 93 b 2
92 69 c 3
92 109 d 2
92 121 e 0
93 94 a 2
93 94 b 2
93 72 c 2
93 65 d 0
93 90 e 2
94 95 a 4
94 95 b 4
94 80 c 3
94 99 d 1
94 87 e 0
95 96 a 0
95 96 b 0
95 124 c 3
95 119 d 3
95 66 e 0
96 97 a 3
96 97 b 4
96 113 c 3
96 71 d 1
96 50 e 0
97 98 a 3
97 98 b 1
97 89 c 2
97 64 d 1
97 2 e 0
98 99 a 0
98 99 b 4
98 95 c 1
98 118 d 1
98 80 e 1
99 100 a 4
99 100 b 1
99 52 c 0
99 28 d 0
99 128 e 2
100 101 a 1
100 101 b 4
100 14 c 0
100 12 d 0
100 55 e 3
101 102 a 3
101 102 b 1
101 35 c 4
101 69 d 0
101 96 e 0
102 103 a 3
102 103 b 1
102 50 c 4
102 104 d 3
102 42 e 2
103 104 a 3
103 104 b 1
103 122 c 3
103 59 d 2
103 8 e 0
104 105 a 3
104 105 b 1
104 65 c 1
104 38 d 1
104 48 e 3
105 106 a 0
105 106 b 0
105 79 c 2
105 57 d 3
105 29 e 2
106 107 a 4
106 107 b 4
106 112 c 1
106 35 d 4
106 13 e 0
107 108 a 2
107 108 b 1
107 118 c 2
107 60 d 0
107 3 e 0
108 109 a 1
108 109 b 3
108 52 c 3
108 124 d 4
108 70 e 1
109 110 a 2
109 110 b 0
109 4 c 4
109 2 d 0
109 96 e 2
110 111 a 4
110 111 b 4
110 66 c 2
110 14 d 2
110 32 e 2
111 112 a 4
111 112 b 1
111 79 c 0
111 7 d 3
111 25 e 0
112 113 a 0
112 113 b 3
112 15 c 4
112 118 d 3
112 32 e 1
113 114 a 3
113 114 b 1
113 107 c 3
113 9 d 0
113 82 e 3
114 115 a 0
114 115 b 0
114 80 c 3
114 17 d 4
114 12 e 0
115 116 a 4
115 116 b 3
115 46 c 2
115 4 d 0
115 113 e 2
116 117 a 3
116 117 b 1
116 121 c 2
116 124 d 4
116 104 e 2
117 118 a 2
117 118 b 1
117 44 c 0
117 54 d 1
117 26 e 2
118 119 a 4
118 119 b 4
118 65 c 3
118 20 d 4
118 120 e 0
119 120 a 3
119 120 b 0
119 58 c 1
119 28 d 1
119 52 e 0
120 121 a 0
120 121 b 2
120 27 c 3
120 118 d 1
120 67 e 1
121 122 a 3
121 122 b 0
121 110 c 0
121 114 d 4
121 98 e 4
122 123 a 4
122 123 b 3
122 62 c 4
122 127 d 1
122 13 e 2
123 124 a 4
123 124 b 2
123 28 c 4
123 53 d 3
123 9 e 3
124 125 a 2
124 125 b 3
124 29 c 3
124 76 d 0
124 91 e 3
125 126 a 3
125 126 b 3
125 89 c 1
125 35 d 4
125 79 e 1
126 127 a 1
126 127 b 0
126 110 c 0
126 58 d 3
126 115 e 3
127 128 a 0
127 128 b 1
127 123 c 0
127 56 d 4
127 25 e 4
128 1 a 0
128 1 b 4
128 38 c 2
128 103 d 3
128 88 e 3

62 128 640 5 5 0
1 2 a 2
1 2 b 0
1 22 c 2
1 50 d 0
1 11 e 4
2 3 a 3
2 3 b 0
2 122 c 1
2 46 d 0
2 81 e 2
3 4 a 2
3 4 b 2
3 128 c 4
3 14 d 4
3 11 e 2
4 5 a 4
4 5 b 4
4 94 c 4
4 45 d 1
4 98 e 4
5 6 a 1
5 6 b 3
5 77 c 4
5 8 d 2
5 62 e 4
6 7 a 0
6 7 b 1
6 9 c 0
6 65 d 4
6 79 e 3
7 8 a 1
7 8 b 4
7 83 c 0
7 29 d 1
7 8 e 3
8 9 a 0
8 9 b 2
8 111 c 3
8 7 d 1
8 31 e 2
9 10 a 3
9 10 b 1
9 37 c 0
9 11 d 2
9 15 e 4
10 11 a 3
10 11 b 0
10 68 c 4
10 92 d 2
10 23 e 1
11 12 a 0
11 12 b 1
11 27 c 0
11 79 d 2
11 56 e 4
12 13 a 3
12 13 b 2
12 126 c 4
12 93 d 2
12 58 e 1
13 14 a 2
13 14 b 3
13 71 c 1
13 37 d 0
13 39 e 3
14 15 a 3
14 15 b 2
14 82 c 3
14 104 d 1
14 78 e 2
15 16 a 2
15 16 b 1
15 128 c 3
15 11 d 1
15 66 e 4
16 17 a 1
16 17 b 0
16 54 c 3
16 24 d 0
16 89 e 4
17 18 a 1
17 18 b 3
17 91 c 4
17 61 d 3
17 46 e 4
18 19 a 0
18 19 b 2
18 93 c 4
18 75 d 1
18 31 e 1
19 20 a 3
19 20 b 1
19 44 c 3
19 56 d 1
19 79 e 0
20 21 a 4
20 21 b 2
20 60 c 3
20 30 d 0
20 37 e 2
21 22 a 0
21 22 b 0
21 8 c 3
21 59 d 4
21 75 e 3
22 23 a 3
22 23 b 2
22 10 c 3
22 111 d 2
22 48 e 0
23 24 a 0
23 24 b 2
23 68 c 1
23 64 d 0
23 6 e 0
24 25 a 1
24 25 b 1
24 59 c 1
24 89 d 1
24 69 e 3
25 26 a 2
25 26 b 4
25 118 c 2
25 6 d 2
25 38 e 3
26 27 a 0
26 27 b 2
26 3 c 4
26 58 d 4
26 41 e 0
27 28 a 4
27 28 b 0
27 115 c 4
27 10 d 4
27 16 e 3
28 29 a 2
28 29 b 3
28 89 c 1
28 48 d 0
28 97 e 0
29 30 a 0
29 30 b 4
29 78 c 3
29 8 d 1
29 104 e 4
30 31 a 3
30 31 b 1
30 112 c 2
30 22 d 2
30 51 e 1
31 32 a 2
31 32 b 4
31 95 c 2
31 126 d 3
31 20 e 2
32 33 a 4
32 33 b 0
32 62 c 3
32 10 d 2
32 35 e 1
33 34 a 4
33 34 b 2
33 56 c 4
33 40 d 2
33 57 e 1
34 35 a 4
34 35 b 1
34 120 c 4
34 106 d 4
34 118 e 1
35 36 a 4
35 36 b 1
35 48 c 2
35 4 d 1
35 59 e 0
36 37 a 2
36 37 b 2
36 19 c 3
36 81 d 1
36 49 e 2
37 38 a 0
37 38 b 2
37 91 c 4
37 78 d 1
37 64 e 3
38 39 a 1
38 39 b 2
38 68 c 0
38 30 d 3
38 25 e 1
39 40 a 1
39 40 b 0
39 15 c 0
39 4 d 4
39 45 e 1
40 41 a 0
40 41 b 1
40 128 c 0
40 108 d 0
40 51 e 0
41 42 a 4
41 42 b 3
41 96 c 3
41 98 d 0
41 38 e 0
42 43 a 2
42 43 b 0
42 124 c 0
42 25 d 4
42 68 e 1
43 44 a 0
43 44 b 0
43 36 c 1
43 102 d 0
43 17 e 1
44 45 a 2
44 45 b 4
44 44 c 2
44 67 d 0
44 82 e 1
45 46 a 1
45 46 b 3
45 110 c 4
45 77 d 1
45 18 e 1
46 47 a 2
46 47 b 3
46 71 c 1
46 69 d 0
46 33 e 4
47 48 a 2
47 48 b 4
47 22 c 0
47 18 d 0
47 15 e 2
48 49 a 0
48 49 b 3
48 64 c 1
48 62 d 0
48 53 e 2
49 50 a 2
49 50 b 3
49 46 c 3
49 117 d 0
49 45 e 3
50 51 a 3
50 51 b 0
50 77 c 2
50 9 d 1
50 85 e 0
51 52 a 0
51 52 b 0
51 13 c 2
51 113 d 0
51 81 e 4
52 53 a 2
52 53 b 4
52 99 c 1
52 69 d 3
52 6 e 1
53 54 a 2
53 54 b 1
53 72 c 4
53 67 d 4
53 31 e 0
54 55 a 0
54 55 b 0
54 55 c 1
54 77 d 2
54 11 e 2
55 56 a 1
55 56 b 0
55 51 c 4
55 105 d 1
55 124 e 0
56 57 a 3
56 57 b 0
56 62 c 3
56 64 d 3
56 106 e 4
57 58 a 2
57 58 b 0
57 99 c 1
57 31 d 0
57 15 e 0
58 59 a 3
58 59 b 2
58 45 c 0
58 121 d 4
58 105 e 3
59 60 a 2
59 60 b 0
59 45 c 1
59 99 d 4
59 59 e 1
60 61 a 2
60 61 b 3
60 121 c 0
60 23 d 1
60 11 e 2
61 62 a 4
61 62 b 0
61 39 c 3
61 114 d 4
61 37 e 2
62 63 a 0
62 63 b 1
62 86 c 0
62 118 d 1
62 23 e 0
63 64 a 2
63 64 b 3
63 38 c 3
63 72 d 2
63 52 e 3
64 65 a 0
64 65 b 4
64 59 c 3
64 50 d 3
64 17 e 3
65 66 a 3
65 66 b 1
65 62 c 4
65 34 d 1
65 11 e 0
66 67 a 4
66 67 b 2
66 91 c 0
66 42 d 1
66 62 e 2
67 68 a 0
67 68 b 0
67 68 c 2
67 126 d 2
67 15 e 4
68 69 a 1
68 69 b 3
68 44 c 1
68 121 d 1
68 36 e 3
69 70 a 3
69 70 b 0
69 77 c 0
69 25 d 0
69 102 e 2
70 71 a 3
70 71 b 1
70 99 c 4
70 126 d 1
70 6 e 3
71 72 a 4
71 72 b 1
71 47 c 3
71 111 d 2
71 117 e 2
72 73 a 4
72 73 b 1
72 117 c 2
72 85 d 0
72 106 e 3
73 74 a 1
73 74 b 4
73 127 c 4
73 61 d 2
73 97 e 2
74 75 a 0
74 75 b 2
74 23 c 4
74 90 d 1
74 22 e 3
75 76 a 1
75 76 b 0
75 16 c 1
75 1 d 0
75 14 e 0
76 77 a 4
76 77 b 1
76 62 c 4
76 44 d 4
76 14 e 0
77 78 a 2
77 78 b 4
77 121 c 1
77 120 d 0
77 33 e 4
78 79 a 3
78 79 b 4
78 31 c 4
78 39 d 2
78 23 e 0
79 80 a 3
79 80 b 3
79 15 c 4
79 30 d 3
79 1 e 2
80 81 a 3
80 81 b 0
80 46 c 2
80 104 d 0
80 54 e 3
81 82 a 3
81 82 b 3
81 102 c 1
81 49 d 1
81 81 e 1
82 83 a 3
82 83 b 2
82 34 c 1
82 75 d 0
82 48 e 1
83 84 a 3
83 84 b 1
83 83 c 3
83 45 d 0
83 119 e 0
84 85 a 1
84 85 b 0
84 110 c 1
84 111 d 4
84 11 e 0
85 86 a 4
85 86 b 0
85 108 c 1
85 80 d 1
85 23 e 3
86 87 a 4
86 87 b 0
86 73 c 1
86 48 d 1
86 10 e 1
87 88 a 3
87 88 b 1
87 5 c 1
87 22 d 3
87 23 e 0
88 89 a 4
88 89 b 2
88 38 c 2
88 43 d 0
88 52 e 3
89 90 a 0
89 90 b 1
89 51 c 3
89 60 d 1
89 27 e 2
90 91 a 1
90 91 b 2
90 59 c 3
90 60 d 2
90 76 e 3
91 92 a 4
91 92 b 1
91 76 c 4
91 65 d 2
91 10 e 3
92 93 a 0
92 93 b 3
92 125 c 2
92 2 d 2
92 89 e 2
93 94 a 0
93 94 b 0
93 100 c 0
93 95 d 0
93 6 e 4
94 95 a 3
94 95 b 0
94 32 c 0
94 89 d 4
94 31 e 0
95 96 a 2
95 96 b 2
95 81 c 1
95 22 d 4
95 119 e 2
96 97 a 3
96 97 b 0
96 27 c 3
96 94 d 2
96 36 e 0
97 98 a 0
97 98 b 4
97 39 c 4
97 32 d 4
97 128 e 2
98 99 a 0
98 99 b 0
98 34 c 3
98 110 d 3
98 43 e 1
99 100 a 0
99 100 b 2
99 60 c 0
99 125 d 4
99 7 e 2
100 101 a 1
100 101 b 1
100 41 c 4
100 38 d 2
100 59 e 3
101 102 a 4
101 102 b 2
101 35 c 2
101 103 d 1
101 48 e 2
102 103 a 4
102 103 b 1
102 103 c 0
102 99 d 2
102 23 e 0
103 104 a 3
103 104 b 3
103 52 c 3
103 94 d 4
103 97 e 4
104 105 a 3
104 105 b 0
104 79 c 3
104 66 d 2
104 70 e 1
105 106 a 1
105 106 b 2
105 1 c 3
105 28 d 4
105 63 e 0
106 107 a 3
106 107 b 3
106 23 c 0
106 32 d 4
106 12 e 4
107 108 a 4
107 108 b 0
107 97 c 2
107 33 d 1
107 47 e 3
108 109 a 0
108 109 b 0
108 52 c 0
108 25 d 4
108 110 e 4
109 110 a 1
109 110 b 0
109 104 c 1
109 40 d 1
109 85 e 1
110 111 a 4
110 111 b 0
110 91 c 3
110 12 d 1
110 49 e 2
111 112 a 0
111 112 b 2
111 108 c 2
111 46 d 4
111 22 e 4
112 113 a 4
112 113 b 4
112 1 c 0
112 21 d 3
112 90 e 3
113 114 a 2
113 114 b 0
113 1 c 3
113 113 d 2
113 24 e 3
114 115 a 2
114 115 b 2
114 91 c 1
114 17 d 1
114 47 e 4
115 116 a 2
115 116 b 1
115 125 c 1
115 109 d 3
115 64 e 0
116 117 a 1
116 117 b 0
116 93 c 3
116 29 d 3
116 52 e 2
117 118 a 2
117 118 b 4
117 116 c 4
117 96 d 2
117 51 e 0
118 119 a 1
118 119 b 2
118 62 c 2
118 22 d 4
118 45 e 0
119 120 a 0
119 120 b 1
119 59 c 2
119 70 d 4
119 85 e 2
120 121 a 1
120 121 b 2
120 113 c 3
120 26 d 2
120 33 e 0
121 122 a 1
121 122 b 4
121 104 c 4
121 93 d 2
121 76 e 2
122 123 a 1
122 123 b 2
122 44 c 2
122 4 d 4
122 84 e 4
123 124 a 2
123 124 b 4
123 79 c 2
123 34 d 1
123 124 e 4
124 125 a 4
124 125 b 3
124 101 c 0
124 114 d 3
124 75 e 1
125 126 a 2
125 126 b 4
125 6 c 3
125 81 d 2
125 12 e 0
126 127 a 3
126 127 b 0
126 79 c 1
126 65 d 1
126 76 e 2
127 128 a 1
127 128 b 3
127 96 c 2
127 103 d 2
127 94 e 2
128 1 a 2
128 1 b 0
128 96 c 0
128 14 d 1
128 90 e 0

63 128 640 5 5 0
1 2 a 0
1 2 b 1
1 117 c 0
1 34 d 3
1 26 e 4
2 3 a 2
2 3 b 0
2 76 c 1
2 54 d 3
2 60 e 3
3 4 a 3
3 4 b 3
3 23 c 0
3 127 d 4
3 35 e 2
4 5 a 3
4 5 b 2
4 10 c 4
4 86 d 4
4 118 e 0
5 6 a 4
5 6 b 2
5 93 c 2
5 58 d 3
5 31 e 2
6 7 a 3
6 7 b 4
6 78 c 3
6 75 d 4
6 76 e 1
7 8 a 3
7 8 b 1
7 28 c 0
7 80 d 1
7 114 e 4
8 9 a 3
8 9 b 3
8 12 c 4
8 50 d 0
8 69 e 1
9 10 a 0
9 10 b 3
9 104 c 3
9 127 d 4
9 66 e 0
10 11 a 3
10 11 b 3
10 123 c 0
10 105 d 1
10 38 e 2
11 12 a 1
11 12 b 2
11 22 c 1
11 68 d 2
11 115 e 2
12 13 a 3
12 13 b 2
12 14 c 3
12 11 d 0
12 114 e 4
13 14 a 4
13 14 b 4
13 60 c 3
13 91 d 3
13 44 e 0
14 15 a 0
14 15 b 3
14 123 c 2
14 118 d 2
14 111 e 3
15 16 a 2
15 16 b 1
15 46 c 2
15 66 d 3
15 80 e 4
16 17 a 4
16 17 b 3
16 55 c 4
16 71 d 4
16 35 e 3
17 18 a 3
17 18 b 2
17 1 c 0
17 53 d 0
17 4 e 1
18 19 a 0
18 19 b 0
18 119 c 3
18 91 d 3
18 82 e 0
19 20 a 0
19 20 b 1
19 11 c 2
19 49 d 0
19 46 e 4
20 21 a 4
20 21 b 1
20 48 c 0
20 80 d 3
20 1 e 3
21 22 a 4
21 22 b 2
21 96 c 0
21 116 d 1
21 115 e 1
22 23 a 3
22 23 b 0
22 23 c 2
22 1 d 3
22 117 e 2
23 24 a 1
23 24 b 1
23 86 c 2
23 123 d 0
23 56 e 1
24 25 a 4
24 25 b 3
24 32 c 2
24 12 d 4
24 51 e 3
25 26 a 4
25 26 b 1
25 128 c 2
25 2 d 0
25 33 e 1
26 27 a 2
26 27 b 2
26 2 c 0
26 79 d 3
26 128 e 3
27 28 a 4
27 28 b 3
27 54 c 0
27 7 d 2
27 19 e 2
28 29 a 0
28 29 b 1
28 48 c 2
28 101 d 4
28 97 e 2
29 30 a 4
29 30 b 1
29 11 c 2
29 70 d 3
29 53 e 3
30 31 a 4
30 31 b 3
30 97 c 3
30 44 d 4
30 28 e 0
31 32 a 0
31 32 b 2
31 84 c 4
31 61 d 4
31 106 e 0
32 33 a 0
32 33 b 2
32 8 c 1
32 66 d 3
32 53 e 2
33 34 a 0
33 34 b 1
33 38 c 3
33 40 d 3
33 87 e 2
34 35 a 1
34 35 b 4
34 91 c 3
34 2 d 4
34 113 e 1
35 36 a 1
35 36 b 2
35 87 c 0
35 5 d 0
35 99 e 3
36 37 a 3
36 37 b 0
36 79 c 4
36 10 d 0
36 85 e 1
37 38 a 1
37 38 b 0
37 123 c 3
37 16 d 2
37 49 e 3
38 39 a 0
38 39 b 4
38 25 c 0
38 56 d 2
38 38 e 3
39 40 a 4
39 40 b 4
39 104 c 2
39 71 d 3
39 38 e 3
40 41 a 2
40 41 b 1
40 46 c 1
40 39 d 2
40 105 e 1
41 42 a 4
41 42 b 2
41 50 c 2
41 102 d 0
41 104 e 1
42 43 a 3
42 43 b 1
42 66 c 4
42 54 d 4
42 99 e 0
43 44 a 0
43 44 b 4
43 47 c 4
43 107 d 3
43 92 e 1
44 45 a 4
44 45 b 4
44 76 c 3
44 128 d 1
44 26 e 3
45 46 a 0
45 46 b 0
45 115 c 4
45 18 d 0
45 39 e 1
46 47 a 1
46 47 b 0
46 127 c 2
46 100 d 2
46 82 e 2
47 48 a 3
47 48 b 1
47 83 c 0
47 89 d 2
47 45 e 4
48 49 a 3
48 49 b 4
48 82 c 1
48 125 d 3
48 15 e 4
49 50 a 1
49 50 b 3
49 101 c 1
49 125 d 0
49 20 e 0
50 51 a 3
50 51 b 1
50 120 c 3
50 42 d 2
50 24 e 0
51 52 a 4
51 52 b 0
51 125 c 0
51 122 d 3
51 64 e 4
52 53 a 4
52 53 b 3
52 103 c 4
52 6 d 4
52 114 e 2
53 54 a 4
53 54 b 1
53 48 c 0
53 13 d 1
53 87 e 1
54 55 a 2
54 55 b 4
54 84 c 0
54 112 d 0
54 96 e 0
55 56 a 0
55 56 b 2
55 84 c 0
55 52 d 1
55 62 e 3
56 57 a 2
56 57 b 0
56 52 c 1
56 3 d 2
56 104 e 0
57 58 a 0
57 58 b 1
57 125 c 3
57 43 d 4
57 25 e 2
58 59 a 1
58 59 b 4
58 60 c 4
58 30 d 3
58 80 e 3
59 60 a 3
59 60 b 2
59 1 c 3
59 112 d 2
59 78 e 1
60 61 a 3
60 61 b 1
60 96 c 0
60 92 d 4
60 27 e 2
61 62 a 1
61 62 b 0
61 116 c 3
61 64 d 2
61 2 e 2
62 63 a 3
62 63 b 1
62 87 c 2
62 28 d 0
62 16 e 3
63 64 a 4
63 64 b 2
63 43 c 3
63 23 d 1
63 25 e 0
64 65 a 3
64 65 b 0
64 20 c 4
64 122 d 1
64 51 e 4
65 66 a 3
65 66 b 3
65 60 c 3
65 50 d 0
65 57 e 1
66 67 a 2
66 67 b 2
66 78 c 3
66 82 d 2
66 73 e 3
67 68 a 3
67 68 b 0
67 123 c 1
67 15 d 4
67 71 e 1
68 69 a 2
68 69 b 0
68 120 c 4
68 67 d 0
68 87 e 1
69 70 a 4
69 70 b 0
69 126 c 3
69 107 d 0
69 103 e 2
70 71 a 3
70 71 b 4
70 72 c 1
70 40 d 0
70 35 e 0
71 72 a 0
71 72 b 0
71 24 c 4
71 66 d 0
71 127 e 0
72 73 a 4
72 73 b 3
72 51 c 3
72 32 d 1
72 48 e 2
73 74 a 3
73 74 b 0
73 97 c 1
73 81 d 2
73 51 e 4
74 75 a 4
74 75 b 0
74 110 c 2
74 7 d 0
74 69 e 3
75 76 a 1
75 76 b 3
75 44 c 1
75 22 d 0
75 105 e 0
76 77 a 1
76 77 b 2
76 110 c 1
76 121 d 0
76 102 e 2
77 78 a 4
77 78 b 1
77 14 c 1
77 78 d 0
77 70 e 1
78 79 a 2
78 79 b 4
78 104 c 3
78 85 d 4
78 88 e 4
79 80 a 0
79 80 b 4
79 92 c 0
79 117 d 1
79 46 e 0
80 81 a 4
80 81 b 1
80 80 c 0
80 55 d 3
80 32 e 4
81 82 a 0
81 82 b 4
81 44 c 1
81 73 d 0
81 71 e 2
82 83 a 1
82 83 b 4
82 93 c 2
82 124 d 4
82 3 e 4
83 84 a 3
83 84 b 4
83 82 c 1
83 70 d 1
83 118 e 4
84 85 a 1
84 85 b 4
84 2 c 1
84 64 d 2
84 6 e 4
85 86 a 0
85 86 b 2
85 100 c 1
85 41 d 1
85 95 e 0
86 87 a 1
86 87 b 4
86 117 c 4
86 98 d 0
86 111 e 3
87 88 a 1
87 88 b 4
87 54 c 4
87 113 d 0
87 104 e 2
88 89 a 1
88 89 b 1
88 43 c 4
88 126 d 1
88 66 e 2
89 90 a 2
89 90 b 4
89 94 c 4
89 88 d 1
89 54 e 0
90 91 a 4
90 91 b 0
90 89 c 4
90 113 d 0
90 67 e 2
91 92 a 4
91 92 b 2
91 47 c 0
91 93 d 4
91 45 e 0
92 93 a 0
92 93 b 0
92 116 c 4
92 88 d 0
92 121 e 4
93 94 a 2
93 94 b 2
93 65 c 1
93 61 d 2
93 115 e 0
94 95 a 3
94 95 b 2
94 49 c 2
94 15 d 3
94 40 e 3
95 96 a 4
95 96 b 0
95 102 c 0
95 116 d 4
95 108 e 0
96 97 a 0
96 97 b 4
96 5 c 0
96 53 d 3
96 86 e 2
97 98 a 0
97 98 b 0
97 53 c 3
97 64 d 2
97 63 e 4
98 99 a 1
98 99 b 1
98 36 c 4
98 38 d 1
98 70 e 4
99 100 a 1
99 100 b 1
99 3 c 2
99 29 d 1
99 78 e 1
100 101 a 3
100 101 b 0
100 5 c 4
100 127 d 0
100 126 e 4
101 102 a 3
101 102 b 3
101 100 c 1
101 73 d 3
101 65 e 1
102 103 a 2
102 103 b 1
102 91 c 0
102 29 d 0
102 68 e 3
103 104 a 2
103 104 b 0
103 45 c 4
103 64 d 1
103 123 e 3
104 105 a 4
104 105 b 3
104 29 c 2
104 29 d 2
104 28 e 0
105 106 a 2
105 106 b 1
105 115 c 1
105 64 d 4
105 34 e 4
106 107 a 3
106 107 b 4
106 126 c 0
106 92 d 1
106 75 e 2
107 108 a 3
107 108 b 3
107 12 c 2
107 70 d 2
107 26 e 3
108 109 a 0
108 109 b 1
108 116 c 2
108 119 d 0
108 86 e 0
109 110 a 2
109 110 b 1
109 13 c 0
109 13 d 4
109 9 e 0
110 111 a 4
110 111 b 4
110 52 c 4
110 75 d 1
110 2 e 3
111 112 a 1
111 112 b 1
111 73 c 0
111 21 d 0
111 84 e 0
112 113 a 3
112 113 b 1
112 51 c 3
112 117 d 1
112 84 e 0
113 114 a 1
113 114 b 2
113 88 c 2
113 25 d 0
113 31 e 3
114 115 a 0
114 115 b 2
114 37 c 0
114 82 d 4
114 18 e 3
115 116 a 3
115 116 b 2
115 12 c 3
115 22 d 2
115 80 e 1
116 117 a 3
116 117 b 4
116 1 c 4
116 127 d 0
116 63 e 1
117 118 a 0
117 118 b 4
117 124 c 0
117 74 d 3
117 11 e 3
118 119 a 0
118 119 b 2
118 122 c 3
118 89 d 2
118 34 e 3
119 120 a 1
119 120 b 3
119 124 c 3
119 49 d 4
119 55 e 2
120 121 a 3
120 121 b 4
120 7 c 1
120 125 d 4
120 63 e 3
121 122 a 4
121 122 b 0
121 34 c 0
121 9 d 3
121 118 e 1
122 123 a 2
122 123 b 0
122 91 c 4
122 72 d 4
122 91 e 0
123 124 a 4
123 124 b 2
123 66 c 0
123 79 d 3
123 48 e 2
124 125 a 0
124 125 b 2
124 108 c 2
124 87 d 0
124 123 e 1
125 126 a 3
125 126 b 4
125 114 c 2
125 63 d 2
125 8 e 0
126 127 a 1
126 127 b 3
126 111 c 3
126 7 d 0
126 101 e 2
127 128 a 3
127 128 b 3
127 6 c 1
127 86 d 4
127 100 e 4
128 1 a 3
128 1 b 4
128 89 c 4
128 117 d 4
128 28 e 0

64 128 640 5 5 0
1 2 a 2
1 2 b 0
1 19 c 3
1 82 d 0
1 104 e 2
2 3 a 3
2 3 b 3
2 95 c 1
2 126 d 2
2 103 e 2
3 4 a 3
3 4 b 4
3 111 c 0
3 48 d 2
3 122 e 0
4 5 a 3
4 5 b 0
4 118 c 4
4 63 d 4
4 73 e 3
5 6 a 0
5 6 b 1
5 46 c 1
5 44 d 0
5 63 e 0
6 7 a 0
6 7 b 4
6 82 c 3
6 22 d 2
6 9 e 4
7 8 a 3
7 8 b 1
7 37 c 0
7 67 d 3
7 27 e 3
8 9 a 2
8 9 b 4
8 106 c 2
8 30 d 3
8 43 e 1
9 10 a 3
9 10 b 2
9 106 c 2
9 51 d 1
9 52 e 0
10 11 a 1
10 11 b 3
10 113 c 2
10 53 d 3
10 117 e 2
11 12 a 1
11 12 b 2
11 81 c 3
11 121 d 1
11 111 e 0
12 13 a 3
12 13 b 4
12 94 c 1
12 120 d 2
12 106 e 0
13 14 a 3
13 14 b 2
13 112 c 3
13 81 d 0
13 112 e 3
14 15 a 1
14 15 b 2
14 100 c 1
14 68 d 2
14 80 e 0
15 16 a 1
15 16 b 2
15 27 c 1
15 56 d 3
15 29 e 3
16 17 a 4
16 17 b 4
16 121 c 1
16 55 d 1
16 45 e 4
17 18 a 3
17 18 b 4
17 103 c 0
17 109 d 4
17 27 e 0
18 19 a 2
18 19 b 1
18 82 c 2
18 44 d 4
18 69 e 2
19 20 a 1
19 20 b 1
19 42 c 2
19 106 d 4
19 78 e 4
20 21 a 4
20 21 b 3
20 100 c 0
20 65 d 3
20 28 e 3
21 22 a 1
21 22 b 2
21 120 c 3
21 110 d 3
21 92 e 1
22 23 a 3
22 23 b 0
22 100 c 2
22 83 d 2
22 121 e 4
23 24 a 1
23 24 b 4
23 39 c 2
23 118 d 0
23 41 e 3
24 25 a 1
24 25 b 4
24 70 c 2
24 128 d 1
24 97 e 3
25 26 a 4
25 26 b 4
25 75 c 0
25 62 d 1
25 91 e 0
26 27 a 3
26 27 b 1
26 65 c 1
26 35 d 2
26 23 e 0
27 28 a 0
27 28 b 4
27 57 c 4
27 68 d 3
27 87 e 1
28 29 a 1
28 29 b 0
28 72 c 4
28 90 d 4
28 33 e 2
29 30 a 2
29 30 b 4
29 7 c 3
29 68 d 1
29 65 e 2
30 31 a 0
30 31 b 3
30 17 c 0
30 3 d 3
30 69 e 0
31 32 a 1
31 32 b 2
31 9 c 3
31 60 d 4
31 127 e 2
32 33 a 2
32 33 b 0
32 18 c 4
32 57 d 2
32 7 e 0
33 34 a 2
33 34 b 4
33 84 c 1
33 104 d 1
33 54 e 1
34 35 a 3
34 35 b 3
34 126 c 3
34 90 d 4
34 43 e 2
35 36 a 2
35 36 b 3
35 62 c 2
35 70 d 3
35 74 e 2
36 37 a 3
36 37 b 3
36 75 c 3
36 4 d 1
36 56 e 4
37 38 a 3
37 38 b 3
37 92 c 0
37 18 d 4
37 97 e 2
38 39 a 1
38 39 b 4
38 46 c 3
38 18 d 0
38 115 e 0
39 40 a 4
39 40 b 0
39 1 c 1
39 74 d 4
39 96 e 3
40 41 a 0
40 41 b 1
40 27 c 4
40 35 d 4
40 95 e 3
41 42 a 1
41 42 b 2
41 68 c 2
41 42 d 0
41 107 e 0
42 43 a 3
42 43 b 4
42 73 c 1
42 18 d 1
42 66 e 0
43 44 a 3
43 44 b 2
43 122 c 0
43 48 d 3
43 104 e 0
44 45 a 0
44 45 b 3
44 44 c 3
44 125 d 2
44 34 e 0
45 46 a 3
45 46 b 1
45 55 c 3
45 24 d 3
45 123 e 1
46 47 a 4
46 47 b 1
46 120 c 0
46 66 d 1
46 67 e 4
47 48 a 4
47 48 b 1
47 80 c 0
47 96 d 2
47 10 e 0
48 49 a 1
48 49 b 1
48 35 c 2
48 124 d 0
48 41 e 3
49 50 a 3
49 50 b 4
49 91 c 3
49 68 d 4
49 58 e 2
50 51 a 1
50 51 b 3
50 99 c 3
50 10 d 2
50 27 e 1
51 52 a 0
51 52 b 3
51 44 c 4
51 66 d 4
51 112 e 0
52 53 a 2
52 53 b 2
52 43 c 0
52 7 d 2
52 29 e 4
53 54 a 1
53 54 b 0
53 88 c 2
53 23 d 0
53 80 e 2
54 55 a 4
54 55 b 3
54 49 c 0
54 82 d 3
54 117 e 1
55 56 a 4
55 56 b 0
55 53 c 2
55 63 d 3
55 63 e 1
56 57 a 0
56 57 b 4
56 106 c 1
56 6 d 0
56 38 e 4
57 58 a 4
57 58 b 3
57 87 c 2
57 119 d 1
57 100 e 2
58 59 a 1
58 59 b 0
58 10 c 2
58 2 d 2
58 119 e 0
59 60 a 2
59 60 b 3
59 20 c 1
59 61 d 2
59 34 e 1
60 61 a 1
60 61 b 2
60 8 c 0
60 98 d 3
60 107 e 0
61 62 a 0
61 62 b 1
61 128 c 1
61 77 d 3
61 30 e 3
62 63 a 0
62 63 b 0
62 24 c 3
62 2 d 2
62 73 e 0
63 64 a 4
63 64 b 2
63 112 c 3
63 37 d 3
63 63 e 1
64 65 a 2
64 65 b 1
64 46 c 3
64 1 d 2
64 21 e 2
65 66 a 0
65 66 b 3
65 122 c 3
65 2 d 4
65 39 e 2
66 67 a 3
66 67 b 3
66 128 c 4
66 58 d 1
66 20 e 3
67 68 a 4
67 68 b 1
67 114 c 4
67 96 d 4
67 62 e 4
68 69 a 3
68 69 b 4
68 4 c 3
68 76 d 1
68 75 e 3
69 70 a 0
69 70 b 4
69 110 c 2
69 124 d 1
69 39 e 4
70 71 a 1
70 71 b 4
70 109 c 4
70 19 d 2
70 128 e 4
71 72 a 4
71 72 b 3
71 66 c 3
71 85 d 0
71 72 e 1
72 73 a 0
72 73 b 2
72 49 c 2
72 43 d 1
72 54 e 0
73 74 a 0
73 74 b 1
73 3 c 3
73 37 d 3
73 69 e 3
74 75 a 2
74 75 b 3
74 5 c 4
74 115 d 2
74 52 e 0
75 76 a 2
75 76 b 4
75 7 c 4
75 107 d 2
75 5 e 2
76 77 a 0
76 77 b 2
76 94 c 1
76 7 d 4
76 126 e 2
77 78 a 2
77 78 b 2
77 98 c 0
77 100 d 0
77 42 e 3
78 79 a 2
78 79 b 0
78 112 c 4
78 68 d 0
78 89 e 2
79 80 a 4
79 80 b 1
79 105 c 2
79 12 d 0
79 28 e 4
80 81 a 2
80 81 b 0
80 50 c 3
80 70 d 1
80 74 e 0
81 82 a 1
81 82 b 4
81 50 c 4
81 32 d 2
81 126 e 3
82 83 a 2
82 83 b 4
82 87 c 4
82 108 d 4
82 22 e 0
83 84 a 3
83 84 b 0
83 18 c 0
83 31 d 2
83 53 e 1
84 85 a 0
84 85 b 2
84 86 c 1
84 82 d 2
84 66 e 2
85 86 a 1
85 86 b 1
85 28 c 0
85 67 d 3
85 104 e 4
86 87 a 0
86 87 b 0
86 98 c 3
86 85 d 4
86 20 e 0
87 88 a 3
87 88 b 4
87 39 c 4
87 11 d 4
87 122 e 2
88 89 a 1
88 89 b 2
88 113 c 0
88 17 d 3
88 16 e 4
89 90 a 4
89 90 b 1
89 72 c 1
89 52 d 4
89 16 e 4
90 91 a 0
90 91 b 2
90 56 c 3
90 101 d 0
90 122 e 0
91 92 a 3
91 92 b 4
91 83 c 4
91 58 d 0
91 17 e 2
92 93 a 0
92 93 b 1
92 44 c 3
92 109 d 4
92 89 e 4
93 94 a 1
93 94 b 2
93 93 c 3
93 91 d 0
93 31 e 4
94 95 a 1
94 95 b 3
94 2 c 0
94 6 d 2
94 113 e 0
95 96 a 4
95 96 b 1
95 60 c 3
95 19 d 4
95 34 e 0
96 97 a 2
96 97 b 1
96 47 c 1
96 77 d 2
96 72 e 4
97 98 a 1
97 98 b 2
97 4 c 2
97 32 d 4
97 61 e 2
98 99 a 3
98 99 b 0
98 103 c 1
98 31 d 2
98 33 e 3
99 100 a 4
99 100 b 3
99 10 c 1
99 126 d 1
99 86 e 1
100 101 a 2
100 101 b 2
100 33 c 4
100 24 d 2
100 2 e 4
101 102 a 0
101 102 b 4
101 100 c 4
101 107 d 3
101 17 e 4
102 103 a 0
102 103 b 3
102 16 c 4
102 23 d 2
102 49 e 1
103 104 a 0
103 104 b 4
103 102 c 4
103 99 d 0
103 84 e 0
104 105 a 0
104 105 b 3
104 42 c 0
104 56 d 1
104 50 e 2
105 106 a 0
105 106 b 0
105 38 c 4
105 36 d 4
105 68 e 2
106 107 a 2
106 107 b 1
106 36 c 3
106 88 d 1
106 74 e 2
107 108 a 3
107 108 b 2
107 120 c 3
107 42 d 2
107 69 e 3
108 109 a 3
108 109 b 0
108 115 c 0
108 20 d 2
108 126 e 1
109 110 a 2
109 110 b 3
109 113 c 4
109 51 d 3
109 125 e 0
110 111 a 4
110 111 b 4
110 76 c 2
110 73 d 1
110 19 e 3
111 112 a 1
111 112 b 1
111 103 c 3
111 60 d 3
111 81 e 0
112 113 a 3
112 113 b 2
112 36 c 3
112 20 d 4
112 14 e 1
113 114 a 4
113 114 b 2
113 110 c 1
113 128 d 2
113 101 e 3
114 115 a 4
114 115 b 3
114 48 c 0
114 82 d 1
114 53 e 3
115 116 a 0
115 116 b 3
115 91 c 3
115 127 d 3
115 31 e 1
116 117 a 4
116 117 b 0
116 101 c 1
116 32 d 3
116 11 e 1
117 118 a 4
117 118 b 4
117 68 c 3
117 116 d 3
117 36 e 3
118 119 a 1
118 119 b 2
118 119 c 2
118 91 d 3
118 87 e 3
119 120 a 3
119 120 b 2
119 126 c 0
119 92 d 2
119 88 e 2
120 121 a 0
120 121 b 3
120 92 c 2
120 32 d 0
120 29 e 4
121 122 a 0
121 122 b 0
121 28 c 0
121 117 d 0
121 97 e 4
122 123 a 2
122 123 b 2
122 74 c 2
122 76 d 2
122 34 e 3
123 124 a 1
123 124 b 3
123 117 c 4
123 59 d 2
123 35 e 0
124 125 a 3
124 125 b 2
124 52 c 0
124 124 d 3
124 107 e 4
125 126 a 3
125 126 b 0
125 30 c 0
125 108 d 0
125 69 e 2
126 127 a 0
126 127 b 2
126 80 c 3
126 13 d 4
126 62 e 3
127 128 a 4
127 128 b 4
127 107 c 3
127 5 d 4
127 41 e 0
128 1 a 4
128 1 b 4
128 19 c 2
128 28 d 2
128 30 e 4

65 128 640 5 5 0
1 2 a 3
1 2 b 2
1 113 c 3
1 66 d 2
1 119 e 0
2 3 a 2
2 3 b 4
2 50 c 4
2 7 d 1
2 82 e 1
3 4 a 0
3 4 b 4
3 6 c 0
3 32 d 3
3 18 e 2
4 5 a 0
4 5 b 3
4 34 c 4
4 105 d 0
4 93 e 2
5 6 a 4
5 6 b 2
5 62 c 3
5 93 d 1
5 31 e 0
6 7 a 0
6 7 b 4
6 23 c 4
6 32 d 3
6 6 e 2
7 8 a 3
7 8 b 1
7 110 c 4
7 118 d 0
7 5 e 2
8 9 a 1
8 9 b 1
8 8 c 2
8 73 d 4
8 81 e 4
9 10 a 4
9 10 b 3
9 44 c 1
9 39 d 2
9 103 e 1
10 11 a 1
10 11 b 3
10 40 c 0
10 65 d 2
10 3 e 1
11 12 a 1
11 12 b 3
11 76 c 1
11 110 d 3
11 42 e 0
12 13 a 0
12 13 b 0
12 109 c 0
12 37 d 2
12 34 e 1
13 14 a 1
13 14 b 2
13 100 c 0
13 7 d 2
13 117 e 4
14 15 a 1
14 15 b 0
14 13 c 2
14 83 d 2
14 113 e 3
15 16 a 3
15 16 b 2
15 72 c 4
15 111 d 2
15 42 e 4
16 17 a 3
16 17 b 1
16 123 c 0
16 102 d 3
16 119 e 2
17 18 a 4
17 18 b 4
17 13 c 2
17 100 d 3
17 113 e 4
18 19 a 1
18 19 b 0
18 109 c 0
18 60 d 1
18 120 e 4
19 20 a 4
19 20 b 1
19 9 c 0
19 99 d 4
19 45 e 0
20 21 a 3
20 21 b 0
20 88 c 0
20 114 d 3
20 120 e 2
21 22 a 1
21 22 b 4
21 80 c 4
21 40 d 3
21 4 e 3
22 23 a 0
22 23 b 2
22 112 c 0
22 102 d 4
22 62 e 1
23 24 a 0
23 24 b 2
23 56 c 0
23 49 d 2
23 90 e 2
24 25 a 3
24 25 b 0
24 44 c 1
24 51 d 2
24 79 e 2
25 26 a 1
25 26 b 4
25 85 c 4
25 58 d 0
25 86 e 3
26 27 a 3
26 27 b 4
26 63 c 0
26 55 d 1
26 110 e 4
27 28 a 0
27 28 b 1
27 124 c 2
27 65 d 3
27 90 e 3
28 29 a 1
28 29 b 3
28 32 c 0
28 16 d 1
28 33 e 2
29 30 a 0
29 30 b 4
29 67 c 2
29 2 d 2
29 14 e 2
30 31 a 2
30 31 b 4
30 2 c 0
30 25 d 4
30 46 e 4
31 32 a 0
31 32 b 3
31 126 c 1
31 123 d 0
31 85 e 1
32 33 a 1
32 33 b 4
32 91 c 3
32 112 d 2
32 25 e 3
33 34 a 0
33 34 b 3
33 67 c 1
33 104 d 0
33 84 e 0
34 35 a 2
34 35 b 2
34 96 c 0
34 115 d 4
34 38 e 1
35 36 a 2
35 36 b 4
35 102 c 4
35 71 d 1
35 114 e 4
36 37 a 4
36 37 b 1
36 6 c 3
36 61 d 2
36 92 e 1
37 38 a 0
37 38 b 3
37 124 c 0
37 84 d 0
37 82 e 1
38 39 a 2
38 39 b 3
38 2 c 0
38 44 d 4
38 128 e 4
39 40 a 0
39 40 b 1
39 91 c 0
39 13 d 0
39 89 e 1
40 41 a 1
40 41 b 2
40 73 c 2
40 94 d 0
40 21 e 3
41 42 a 0
41 42 b 2
41 23 c 3
41 46 d 4
41 45 e 3
42 43 a 3
42 43 b 3
42 16 c 0
42 46 d 0
42 97 e 0
43 44 a 0
43 44 b 0
43 5 c 1
43 53 d 2
43 51 e 2
44 45 a 1
44 45 b 3
44 75 c 1
44 59 d 2
44 106 e 0
45 46 a 0
45 46 b 3
45 59 c 1
45 94 d 3
45 16 e 2
46 47 a 2
46 47 b 0
46 49 c 0
46 96 d 4
46 115 e 2
47 48 a 3
47 48 b 2
47 13 c 0
47 39 d 1
47 40 e 3
48 49 a 0
48 49 b 4
48 53 c 1
48 60 d 2
48 3 e 4
49 50 a 4
49 50 b 2
49 17 c 2
49 76 d 2
49 33 e 4
50 51 a 0
50 51 b 2
50 13 c 1
50 42 d 1
50 94 e 2
51 52 a 3
51 52 b 1
51 27 c 1
51 75 d 0
51 95 e 2
52 53 a 3
52 53 b 1
52 46 c 3
52 73 d 0
52 9 e 0
53 54 a 1
53 54 b 3
53 64 c 3
53 97 d 0
53 8 e 2
54 55 a 2
54 55 b 4
54 77 c 1
54 116 d 2
54 74 e 1
55 56 a 3
55 56 b 1
55 86 c 3
55 9 d 1
55 1 e 3
56 57 a 3
56 57 b 3
56 95 c 3
56 74 d 2
56 36 e 2
57 58 a 4
57 58 b 1
57 113 c 1
57 3 d 4
57 110 e 4
58 59 a 0
58 59 b 3
58 25 c 3
58 38 d 0
58 94 e 4
59 60 a 2
59 60 b 0
59 103 c 1
59 74 d 0
59 53 e 3
60 61 a 2
60 61 b 4
60 112 c 0
60 39 d 0
60 123 e 3
61 62 a 2
61 62 b 3
61 76 c 3
61 27 d 4
61 123 e 2
62 63 a 2
62 63 b 2
62 24 c 4
62 41 d 1
62 66 e 3
63 64 a 1
63 64 b 3
63 117 c 2
63 116 d 3
63 36 e 1
64 65 a 1
64 65 b 2
64 8 c 0
64 72 d 0
64 55 e 0
65 66 a 2
65 66 b 1
65 120 c 2
65 18 d 0
65 86 e 3
66 67 a 4
66 67 b 4
66 115 c 1
66 99 d 4
66 31 e 3
67 68 a 1
67 68 b 2
67 41 c 4
67 113 d 1
67 117 e 1
68 69 a 3
68 69 b 1
68 79 c 4
68 21 d 4
68 127 e 2
69 70 a 4
69 70 b 2
69 30 c 0
69 78 d 1
69 40 e 3
70 71 a 3
70 71 b 4
70 82 c 0
70 61 d 2
70 29 e 1
71 72 a 0
71 72 b 4
71 43 c 3
71 39 d 4
71 81 e 0
72 73 a 4
72 73 b 3
72 111 c 4
72 119 d 0
72 124 e 1
73 74 a 2
73 74 b 3
73 101 c 4
73 57 d 2
73 24 e 3
74 75 a 3
74 75 b 4
74 91 c 2
74 31 d 0
74 99 e 4
75 76 a 4
75 76 b 4
75 34 c 4
75 128 d 3
75 96 e 4
76 77 a 3
76 77 b 3
76 13 c 3
76 84 d 2
76 86 e 4
77 78 a 0
77 78 b 1
77 118 c 2
77 58 d 0
77 79 e 4
78 79 a 2
78 79 b 2
78 57 c 0
78 114 d 2
78 26 e 3
79 80 a 1
79 80 b 1
79 55 c 1
79 99 d 0
79 73 e 0
80 81 a 0
80 81 b 0
80 84 c 2
80 22 d 2
80 52 e 0
81 82 a 0
81 82 b 0
81 120 c 1
81 56 d 3
81 116 e 4
82 83 a 3
82 83 b 4
82 18 c 3
82 28 d 3
82 105 e 4
83 84 a 2
83 84 b 3
83 17 c 3
83 55 d 4
83 53 e 2
84 85 a 0
84 85 b 4
84 105 c 0
84 35 d 4
84 62 e 4
85 86 a 0
85 86 b 1
85 20 c 1
85 29 d 0
85 48 e 0
86 87 a 4
86 87 b 1
86 15 c 3
86 7 d 0
86 121 e 4
87 88 a 4
87 88 b 2
87 89 c 2
87 102 d 2
87 75 e 2
88 89 a 4
88 89 b 0
88 119 c 3
88 101 d 2
88 30 e 4
89 90 a 1
89 90 b 2
89 114 c 0
89 80 d 3
89 43 e 2
90 91 a 3
90 91 b 1
90 87 c 1
90 25 d 2
90 113 e 0
91 92 a 0
91 92 b 1
91 54 c 0
91 87 d 3
91 52 e 1
92 93 a 2
92 93 b 1
92 36 c 3
92 66 d 4
92 121 e 4
93 94 a 0
93 94 b 1
93 57 c 2
93 57 d 4
93 12 e 1
94 95 a 3
94 95 b 2
94 19 c 4
94 60 d 0
94 122 e 1
95 96 a 0
95 96 b 3
95 81 c 3
95 114 d 2
95 23 e 4
96 97 a 4
96 97 b 1
96 24 c 3
96 36 d 1
96 122 e 0
97 98 a 1
97 98 b 4
97 18 c 2
97 64 d 1
97 124 e 3
98 99 a 0
98 99 b 4
98 106 c 4
98 87 d 0
98 60 e 2
99 100 a 4
99 100 b 3
99 81 c 1
99 31 d 4
99 29 e 3
100 101 a 2
100 101 b 0
100 124 c 4
100 114 d 1
100 70 e 3
101 102 a 0
101 102 b 0
101 36 c 2
101 77 d 4
101 34 e 2
102 103 a 1
102 103 b 2
102 5 c 1
102 82 d 0
102 94 e 4
103 104 a 3
103 104 b 4
103 95 c 2
103 70 d 3
103 110 e 0
104 105 a 3
104 105 b 0
104 120 c 4
104 20 d 4
104 8 e 3
105 106 a 4
105 106 b 4
105 24 c 3
105 72 d 0
105 39 e 4
106 107 a 2
106 107 b 0
106 11 c 4
106 21 d 0
106 9 e 4
107 108 a 1
107 108 b 0
107 35 c 4
107 79 d 1
107 49 e 3
108 109 a 3
108 109 b 1
108 51 c 4
108 113 d 2
108 102 e 2
109 110 a 4
109 110 b 1
109 21 c 4
109 25 d 0
109 50 e 3
110 111 a 0
110 111 b 2
110 37 c 2
110 7 d 0
110 100 e 4
111 112 a 2
111 112 b 4
111 68 c 4
111 34 d 3
111 15 e 4
112 113 a 4
112 113 b 0
112 86 c 1
112 115 d 0
112 8 e 4
113 114 a 3
113 114 b 4
113 68 c 1
113 40 d 1
113 108 e 3
114 115 a 3
114 115 b 3
114 123 c 0
114 18 d 4
114 24 e 3
115 116 a 4
115 116 b 2
115 107 c 0
115 40 d 1
115 47 e 4
116 117 a 2
116 117 b 4
116 8 c 2
116 1 d 3
116 23 e 3
117 118 a 3
117 118 b 4
117 76 c 3
117 93 d 2
117 124 e 0
118 119 a 2
118 119 b 4
118 52 c 2
118 29 d 0
118 76 e 0
119 120 a 2
119 120 b 3
119 63 c 1
119 71 d 4
119 58 e 0
120 121 a 4
120 121 b 4
120 114 c 0
120 3 d 3
120 59 e 3
121 122 a 3
121 122 b 0
121 87 c 1
121 33 d 2
121 11 e 3
122 123 a 1
122 123 b 3
122 120 c 3
122 17 d 1
122 41 e 3
123 124 a 4
123 124 b 3
123 105 c 0
123 104 d 2
123 87 e 0
124 125 a 3
124 125 b 3
124 60 c 2
124 98 d 2
124 27 e 0
125 126 a 3
125 126 b 2
125 10 c 4
125 90 d 4
125 65 e 2
126 127 a 2
126 127 b 2
126 113 c 3
126 84 d 0
126 87 e 0
127 128 a 0
127 128 b 2
127 16 c 4
127 116 d 3
127 47 e 3
128 1 a 4
128 1 b 4
128 13 c 2
128 4 d 3
128 96 e 0

66 128 640 5 5 0
1 2 a 2
1 2 b 2
1 15 c 4
1 114 d 2
1 69 e 3
2 3 a 4
2 3 b 0
2 69 c 3
2 79 d 0
2 125 e 1
3 4 a 2
3 4 b 2
3 93 c 1
3 81 d 4
3 105 e 2
4 5 a 4
4 5 b 1
4 13 c 3
4 82 d 4
4 49 e 0
5 6 a 3
5 6 b 3
5 14 c 3
5 79 d 1
5 64 e 4
6 7 a 3
6 7 b 4
6 28 c 3
6 106 d 2
6 67 e 0
7 8 a 2
7 8 b 3
7 119 c 4
7 105 d 4
7 46 e 4
8 9 a 2
8 9 b 3
8 101 c 1
8 52 d 2
8 55 e 3
9 10 a 2
9 10 b 4
9 46 c 2
9 91 d 2
9 89 e 1
10 11 a 2
10 11 b 1
10 31 c 0
10 14 d 0
10 82 e 2
11 12 a 2
11 12 b 3
11 8 c 1
11 34 d 2
11 38 e 0
12 13 a 0
12 13 b 2
12 61 c 4
12 19 d 3
12 26 e 2
13 14 a 1
13 14 b 0
13 24 c 1
13 124 d 4
13 57 e 1
14 15 a 2
14 15 b 1
14 117 c 4
14 33 d 2
14 82 e 0
15 16 a 0
15 16 b 1
15 53 c 4
15 102 d 1
15 120 e 1
16 17 a 3
16 17 b 1
16 60 c 3
16 85 d 4
16 1 e 2
17 18 a 0
17 18 b 4
17 116 c 4
17 28 d 3
17 7 e 3
18 19 a 3
18 19 b 4
18 71 c 0
18 12 d 2
18 107 e 2
19 20 a 3
19 20 b 4
19 40 c 2
19 28 d 0
19 77 e 4
20 21 a 3
20 21 b 2
20 11 c 0
20 100 d 1
20 20 e 2
21 22 a 4
21 22 b 1
21 105 c 3
21 34 d 0
21 108 e 4
22 23 a 3
22 23 b 4
22 61 c 2
22 56 d 0
22 67 e 0
23 24 a 3
23 24 b 2
23 9 c 4
23 44 d 4
23 76 e 2
24 25 a 2
24 25 b 1
24 82 c 2
24 38 d 2
24 125 e 1
25 26 a 0
25 26 b 0
25 31 c 4
25 118 d 0
25 16 e 2
26 27 a 1
26 27 b 1
26 126 c 3
26 12 d 4
26 5 e 0
27 28 a 2
27 28 b 2
27 127 c 4
27 125 d 2
27 30 e 3
28 29 a 3
28 29 b 2
28 56 c 1
28 5 d 3
28 97 e 2
29 30 a 4
29 30 b 3
29 63 c 4
29 128 d 0
29 26 e 2
30 31 a 2
30 31 b 1
30 51 c 2
30 111 d 4
30 87 e 4
31 32 a 1
31 32 b 2
31 51 c 0
31 121 d 4
31 106 e 1
32 33 a 2
32 33 b 2
32 101 c 4
32 104 d 4
32 107 e 0
33 34 a 2
33 34 b 2
33 113 c 1
33 40 d 3
33 51 e 4
34 35 a 1
34 35 b 1
34 3 c 0
34 75 d 0
34 97 e 3
35 36 a 2
35 36 b 3
35 77 c 2
35 7 d 2
35 89 e 2
36 37 a 0
36 37 b 2
36 2 c 2
36 54 d 2
36 64 e 2
37 38 a 0
37 38 b 1
37 92 c 4
37 86 d 0
37 2 e 4
38 39 a 2
38 39 b 2
38 23 c 0
38 7 d 3
38 76 e 3
39 40 a 0
39 40 b 1
39 116 c 4
39 15 d 3
39 19 e 4
40 41 a 4
40 41 b 0
40 55 c 4
40 89 d 0
40 11 e 4
41 42 a 3
41 42 b 3
41 41 c 1
41 114 d 3
41 48 e 0
42 43 a 0
42 43 b 4
42 22 c 0
42 11 d 2
42 64 e 1
43 44 a 3
43 44 b 2
43 80 c 4
43 122 d 4
43 63 e 1
44 45 a 4
44 45 b 2
44 43 c 3
44 56 d 0
44 114 e 0
45 46 a 4
45 46 b 2
45 127 c 2
45 100 d 1
45 100 e 1
46 47 a 3
46 47 b 0
46 41 c 4
46 63 d 4
46 100 e 1
47 48 a 2
47 48 b 4
47 10 c 2
47 46 d 3
47 5 e 2
48 49 a 4
48 49 b 2
48 7 c 4
48 59 d 4
48 29 e 2
49 50 a 1
49 50 b 4
49 7 c 3
49 20 d 1
49 71 e 1
50 51 a 0
50 51 b 1
50 120 c 4
50 11 d 3
50 97 e 4
51 52 a 1
51 52 b 0
51 74 c 2
51 20 d 2
51 14 e 0
52 53 a 0
52 53 b 2
52 114 c 3
52 74 d 0
52 53 e 0
53 54 a 2
53 54 b 1
53 105 c 3
53 106 d 1
53 1 e 0
54 55 a 2
54 55 b 2
54 42 c 3
54 87 d 4
54 95 e 3
55 56 a 4
55 56 b 1
55 55 c 4
55 20 d 4
55 2 e 3
56 57 a 3
56 57 b 1
56 21 c 1
56 77 d 2
56 98 e 0
57 58 a 4
57 58 b 1
57 76 c 4
57 79 d 1
57 57 e 2
58 59 a 4
58 59 b 0
58 104 c 4
58 11 d 4
58 5 e 2
59 60 a 0
59 60 b 4
59 122 c 3
59 23 d 4
59 9 e 2
60 61 a 0
60 61 b 2
60 23 c 1
60 44 d 3
60 75 e 4
61 62 a 2
61 62 b 1
61 88 c 2
61 41 d 0
61 23 e 4
62 63 a 3
62 63 b 2
62 89 c 0
62 15 d 4
62 123 e 4
63 64 a 4
63 64 b 4
63 59 c 2
63 3 d 4
63 73 e 0
64 65 a 1
64 65 b 4
64 34 c 2
64 79 d 4
64 25 e 2
65 66 a 3
65 66 b 2
65 54 c 3
65 98 d 3
65 68 e 4
66 67 a 3
66 67 b 0
66 38 c 0
66 75 d 1
66 106 e 3
67 68 a 0
67 68 b 3
67 33 c 0
67 66 d 3
67 109 e 3
68 69 a 4
68 69 b 3
68 91 c 0
68 31 d 2
68 115 e 2
69 70 a 1
69 70 b 0
69 14 c 2
69 96 d 1
69 104 e 1
70 71 a 1
70 71 b 1
70 118 c 4
70 39 d 3
70 122 e 0
71 72 a 0
71 72 b 3
71 84 c 2
71 58 d 0
71 27 e 4
72 73 a 2
72 73 b 1
72 108 c 3
72 2 d 0
72 2 e 0
73 74 a 1
73 74 b 2
73 7 c 4
73 13 d 2
73 42 e 4
74 75 a 3
74 75 b 4
74 114 c 3
74 12 d 4
74 82 e 2
75 76 a 4
75 76 b 3
75 125 c 4
75 85 d 3
75 123 e 1
76 77 a 1
76 77 b 0
76 125 c 4
76 97 d 1
76 110 e 2
77 78 a 2
77 78 b 2
77 74 c 2
77 79 d 3
77 51 e 3
78 79 a 0
78 79 b 2
78 66 c 4
78 96 d 4
78 27 e 3
79 80 a 2
79 80 b 2
79 68 c 2
79 121 d 3
79 55 e 0
80 81 a 3
80 81 b 3
80 53 c 4
80 37 d 3
80 94 e 0
81 82 a 4
81 82 b 1
81 127 c 3
81 16 d 4
81 43 e 0
82 83 a 3
82 83 b 2
82 13 c 0
82 13 d 3
82 124 e 1
83 84 a 1
83 84 b 2
83 80 c 1
83 16 d 1
83 116 e 1
84 85 a 0
84 85 b 1
84 61 c 3
84 52 d 3
84 122 e 0
85 86 a 2
85 86 b 1
85 77 c 2
85 55 d 3
85 57 e 3
86 87 a 0
86 87 b 4
86 123 c 3
86 121 d 3
86 30 e 1
87 88 a 4
87 88 b 0
87 74 c 1
87 1 d 4
87 93 e 0
88 89 a 3
88 89 b 2
88 60 c 2
88 120 d 0
88 108 e 3
89 90 a 3
89 90 b 0
89 92 c 2
89 44 d 0
89 5 e 4
90 91 a 2
90 91 b 4
90 53 c 3
90 14 d 2
90 40 e 4
91 92 a 0
91 92 b 0
91 89 c 1
91 52 d 1
91 23 e 0
92 93 a 2
92 93 b 3
92 91 c 2
92 88 d 2
92 89 e 4
93 94 a 0
93 94 b 1
93 85 c 4
93 87 d 0
93 56 e 1
94 95 a 3
94 95 b 2
94 99 c 0
94 50 d 2
94 67 e 0
95 96 a 0
95 96 b 3
95 38 c 4
95 17 d 4
95 77 e 3
96 97 a 0
96 97 b 2
96 66 c 0
96 59 d 3
96 108 e 1
97 98 a 2
97 98 b 2
97 96 c 3
97 32 d 1
97 122 e 1
98 99 a 1
98 99 b 1
98 45 c 2
98 79 d 4
98 23 e 4
99 100 a 2
99 100 b 4
99 88 c 4
99 128 d 1
99 37 e 1
100 101 a 3
100 101 b 4
100 24 c 3
100 11 d 0
100 74 e 3
101 102 a 0
101 102 b 3
101 36 c 1
101 111 d 4
101 114 e 4
102 103 a 2
102 103 b 3
102 57 c 3
102 76 d 3
102 75 e 4
103 104 a 1
103 104 b 1
103 24 c 2
103 105 d 3
103 71 e 0
104 105 a 2
104 105 b 4
104 6 c 3
104 47 d 1
104 30 e 4
105 106 a 2
105 106 b 4
105 74 c 1
105 44 d 3
105 73 e 2
106 107 a 3
106 107 b 3
106 50 c 4
106 17 d 2
106 8 e 0
107 108 a 0
107 108 b 0
107 14 c 4
107 52 d 2
107 92 e 0
108 109 a 2
108 109 b 3
108 51 c 2
108 15 d 2
108 14 e 1
109 110 a 0
109 110 b 3
109 121 c 0
109 63 d 0
109 38 e 4
110 111 a 4
110 111 b 4
110 62 c 3
110 6 d 3
110 117 e 1
111 112 a 4
111 112 b 2
111 97 c 1
111 73 d 1
111 12 e 0
112 113 a 2
112 113 b 1
112 72 c 2
112 19 d 1
112 66 e 2
113 114 a 3
113 114 b 4
113 90 c 0
113 16 d 2
113 50 e 1
114 115 a 3
114 115 b 4
114 5 c 1
114 19 d 3
114 59 e 4
115 116 a 0
115 116 b 1
115 58 c 2
115 16 d 0
115 126 e 3
116 117 a 4
116 117 b 3
116 108 c 0
116 35 d 3
116 99 e 1
117 118 a 0
117 118 b 1
117 21 c 4
117 7 d 2
117 21 e 1
118 119 a 1
118 119 b 3
118 48 c 2
118 32 d 2
118 1 e 0
119 120 a 2
119 120 b 1
119 64 c 2
119 114 d 4
119 91 e 1
120 121 a 4
120 121 b 4
120 72 c 2
120 39 d 2
120 25 e 3
121 122 a 0
121 122 b 1
121 81 c 4
121 13 d 3
121 118 e 1
122 123 a 4
122 123 b 1
122 103 c 4
122 21 d 1
122 112 e 4
123 124 a 0
123 124 b 4
123 28 c 3
123 85 d 4
123 74 e 2
124 125 a 3
124 125 b 1
124 3 c 4
124 7 d 4
124 11 e 1
125 126 a 4
125 126 b 0
125 54 c 3
125 8 d 1
125 125 e 0
126 127 a 4
126 127 b 3
126 81 c 0
126 90 d 0
126 48 e 1
127 128 a 4
127 128 b 1
127 117 c 0
127 35 d 4
127 116 e 0
128 1 a 2
128 1 b 0
128 70 c 0
128 43 d 1
128 98 e 3

67 128 640 5 5 0
1 2 a 2
1 2 b 0
1 109 c 4
1 98 d 4
1 84 e 3
2 3 a 2
2 3 b 4
2 23 c 4
2 87 d 0
2 104 e 4
3 4 a 3
3 4 b 0
3 116 c 2
3 66 d 1
3 1 e 3
4 5 a 4
4 5 b 2
4 57 c 3
4 123 d 3
4 69 e 2
5 6 a 3
5 6 b 4
5 30 c 2
5 1 d 0
5 32 e 0
6 7 a 3
6 7 b 3
6 97 c 2
6 117 d 2
6 64 e 0
7 8 a 0
7 8 b 2
7 65 c 2
7 28 d 3
7 24 e 2
8 9 a 4
8 9 b 3
8 3 c 1
8 96 d 2
8 93 e 0
9 10 a 2
9 10 b 2
9 113 c 4
9 79 d 3
9 12 e 0
10 11 a 3
10 11 b 3
10 86 c 2
10 26 d 4
10 97 e 0
11 12 a 1
11 12 b 2
11 3 c 4
11 23 d 2
11 97 e 0
12 13 a 0
12 13 b 2
12 77 c 3
12 64 d 0
12 82 e 1
13 14 a 0
13 14 b 4
13 12 c 0
13 50 d 1
13 61 e 3
14 15 a 0
14 15 b 3
14 30 c 2
14 47 d 0
14 115 e 3
15 16 a 0
15 16 b 3
15 98 c 0
15 29 d 0
15 5 e 3
16 17 a 0
16 17 b 2
16 62 c 4
16 5 d 4
16 75 e 4
17 18 a 1
17 18 b 1
17 26 c 2
17 20 d 1
17 94 e 0
18 19 a 3
18 19 b 1
18 98 c 0
18 29 d 4
18 29 e 3
19 20 a 0
19 20 b 3
19 8 c 4
19 21 d 2
19 44 e 2
20 21 a 3
20 21 b 4
20 127 c 4
20 21 d 0
20 112 e 1
21 22 a 0
21 22 b 0
21 65 c 4
21 92 d 0
21 21 e 0
22 23 a 3
22 23 b 1
22 74 c 1
22 74 d 3
22 8 e 4
23 24 a 3
23 24 b 4
23 26 c 2
23 102 d 1
23 125 e 4
24 25 a 4
24 25 b 3
24 55 c 3
24 90 d 1
24 106 e 4
25 26 a 2
25 26 b 1
25 41 c 1
25 114 d 2
25 10 e 0
26 27 a 3
26 27 b 2
26 125 c 0
26 32 d 3
26 92 e 0
27 28 a 3
27 28 b 0
27 67 c 4
27 122 d 3
27 33 e 2
28 29 a 2
28 29 b 0
28 15 c 2
28 58 d 0
28 97 e 0
29 30 a 2
29 30 b 3
29 123 c 2
29 62 d 1
29 103 e 1
30 31 a 1
30 31 b 4
30 36 c 4
30 6 d 1
30 64 e 0
31 32 a 0
31 32 b 2
31 41 c 0
31 56 d 1
31 64 e 1
32 33 a 3
32 33 b 4
32 47 c 4
32 31 d 1
32 124 e 2
33 34 a 2
33 34 b 2
33 95 c 4
33 39 d 1
33 81 e 0
34 35 a 3
34 35 b 1
34 102 c 0
34 99 d 0
34 92 e 0
35 36 a 1
35 36 b 2
35 116 c 3
35 8 d 1
35 128 e 4
36 37 a 0
36 37 b 0
36 62 c 3
36 112 d 1
36 100 e 4
37 38 a 3
37 38 b 3
37 124 c 0
37 24 d 1
37 114 e 4
38 39 a 1
38 39 b 3
38 108 c 2
38 33 d 3
38 89 e 2
39 40 a 4
39 40 b 2
39 77 c 2
39 82 d 1
39 12 e 0
40 41 a 0
40 41 b 2
40 101 c 2
40 21 d 4
40 65 e 1
41 42 a 2
41 42 b 1
41 123 c 2
41 118 d 1
41 114 e 1
42 43 a 1
42 43 b 4
42 93 c 4
42 39 d 4
42 95 e 2
43 44 a 1
43 44 b 0
43 92 c 0
43 126 d 0
43 10 e 2
44 45 a 1
44 45 b 2
44 75 c 4
44 117 d 4
44 58 e 0
45 46 a 0
45 46 b 3
45 3 c 1
45 42 d 3
45 121 e 4
46 47 a 2
46 47 b 4
46 98 c 1
46 93 d 3
46 21 e 1
47 48 a 1
47 48 b 4
47 72 c 2
47 117 d 4
47 35 e 3
48 49 a 0
48 49 b 1
48 25 c 4
48 122 d 4
48 119 e 2
49 50 a 4
49 50 b 3
49 61 c 3
49 28 d 0
49 46 e 3
50 51 a 0
50 51 b 1
50 35 c 1
50 43 d 4
50 36 e 1
51 52 a 4
51 52 b 0
51 57 c 3
51 29 d 3
51 126 e 4
52 53 a 3
52 53 b 1
52 118 c 1
52 11 d 4
52 33 e 4
53 54 a 3
53 54 b 1
53 81 c 1
53 52 d 0
53 57 e 3
54 55 a 4
54 55 b 0
54 71 c 2
54 121 d 4
54 52 e 3
55 56 a 1
55 56 b 2
55 89 c 3
55 95 d 4
55 68 e 1
56 57 a 4
56 57 b 3
56 11 c 4
56 16 d 4
56 96 e 2
57 58 a 4
57 58 b 2
57 102 c 0
57 91 d 4
57 67 e 2
58 59 a 0
58 59 b 1
58 119 c 3
58 47 d 3
58 108 e 4
59 60 a 0
59 60 b 4
59 77 c 3
59 36 d 0
59 28 e 1
60 61 a 2
60 61 b 4
60 127 c 1
60 114 d 1
60 91 e 0
61 62 a 1
61 62 b 4
61 36 c 1
61 119 d 0
61 116 e 2
62 63 a 0
62 63 b 1
62 90 c 3
62 53 d 1
62 116 e 2
63 64 a 0
63 64 b 0
63 64 c 0
63 82 d 0
63 47 e 1
64 65 a 2
64 65 b 2
64 123 c 0
64 23 d 3
64 59 e 1
65 66 a 2
65 66 b 2
65 53 c 4
65 113 d 4
65 115 e 0
66 67 a 2
66 67 b 3
66 25 c 0
66 115 d 4
66 117 e 1
67 68 a 1
67 68 b 4
67 88 c 3
67 82 d 3
67 36 e 4
68 69 a 3
68 69 b 0
68 39 c 4
68 104 d 4
68 39 e 3
69 70 a 1
69 70 b 0
69 62 c 2
69 50 d 2
69 105 e 1
70 71 a 4
70 71 b 3
70 91 c 2
70 82 d 4
70 23 e 4
71 72 a 2
71 72 b 1
71 61 c 4
71 13 d 3
71 36 e 1
72 73 a 4
72 73 b 3
72 42 c 1
72 77 d 2
72 72 e 3
73 74 a 0
73 74 b 0
73 106 c 2
73 33 d 4
73 125 e 4
74 75 a 2
74 75 b 3
74 73 c 2
74 56 d 3
74 1 e 2
75 76 a 3
75 76 b 1
75 24 c 4
75 106 d 4
75 87 e 2
76 77 a 4
76 77 b 1
76 45 c 1
76 47 d 3
76 70 e 2
77 78 a 3
77 78 b 1
77 94 c 1
77 37 d 2
77 88 e 0
78 79 a 4
78 79 b 1
78 10 c 2
78 14 d 3
78 92 e 4
79 80 a 4
79 80 b 4
79 17 c 1
79 80 d 3
79 100 e 4
80 81 a 0
80 81 b 4
80 87 c 1
80 116 d 4
80 72 e 4
81 82 a 3
81 82 b 3
81 69 c 0
81 40 d 2
81 33 e 1
82 83 a 1
82 83 b 3
82 71 c 4
82 61 d 2
82 79 e 1
83 84 a 4
83 84 b 3
83 79 c 2
83 41 d 1
83 116 e 1
84 85 a 1
84 85 b 3
84 81 c 3
84 6 d 4
84 118 e 0
85 86 a 2
85 86 b 1
85 69 c 1
85 17 d 0
85 1 e 0
86 87 a 4
86 87 b 2
86 40 c 2
86 44 d 1
86 3 e 0
87 88 a 0
87 88 b 2
87 123 c 2
87 92 d 4
87 46 e 1
88 89 a 2
88 89 b 1
88 66 c 1
88 75 d 0
88 121 e 0
89 90 a 3
89 90 b 2
89 6 c 2
89 72 d 3
89 32 e 4
90 91 a 4
90 91 b 1
90 84 c 0
90 66 d 2
90 31 e 0
91 92 a 1
91 92 b 0
91 60 c 2
91 81 d 3
91 59 e 1
92 93 a 2
92 93 b 0
92 83 c 4
92 45 d 4
92 121 e 2
93 94 a 4
93 94 b 1
93 49 c 4
93 52 d 4
93 37 e 2
94 95 a 0
94 95 b 3
94 116 c 3
94 105 d 1
94 76 e 3
95 96 a 3
95 96 b 0
95 59 c 1
95 112 d 4
95 66 e 4
96 97 a 3
96 97 b 1
96 44 c 2
96 19 d 0
96 29 e 4
97 98 a 0
97 98 b 2
97 110 c 4
97 63 d 0
97 56 e 2
98 99 a 0
98 99 b 1
98 47 c 4
98 8 d 2
98 50 e 4
99 100 a 1
99 100 b 0
99 32 c 4
99 33 d 3
99 108 e 0
100 101 a 3
100 101 b 1
100 116 c 0
100 100 d 1
100 14 e 0
101 102 a 1
101 102 b 2
101 100 c 4
101 80 d 0
101 3 e 3
102 103 a 0
102 103 b 2
102 46 c 2
102 6 d 2
102 120 e 4
103 104 a 3
103 104 b 2
103 18 c 4
103 76 d 0
103 97 e 3
104 105 a 4
104 105 b 0
104 83 c 2
104 10 d 1
104 116 e 4
105 106 a 0
105 106 b 4
105 60 c 3
105 80 d 1
105 43 e 4
106 107 a 0
106 107 b 0
106 25 c 3
106 77 d 4
106 71 e 0
107 108 a 2
107 108 b 1
107 57 c 2
107 89 d 2
107 72 e 4
108 109 a 1
108 109 b 1
108 115 c 3
108 108 d 4
108 118 e 0
109 110 a 3
109 110 b 3
109 30 c 3
109 37 d 0
109 91 e 1
110 111 a 3
110 111 b 3
110 23 c 0
110 68 d 3
110 70 e 4
111 112 a 3
111 112 b 3
111 62 c 1
111 48 d 3
111 73 e 0
112 113 a 2
112 113 b 0
112 121 c 1
112 114 d 4
112 60 e 2
113 114 a 4
113 114 b 4
113 48 c 1
113 56 d 0
113 57 e 1
114 115 a 4
114 115 b 0
114 80 c 4
114 83 d 1
114 30 e 0
115 116 a 1
115 116 b 1
115 73 c 2
115 57 d 4
115 14 e 3
116 117 a 2
116 117 b 3
116 16 c 3
116 4 d 2
116 111 e 1
117 118 a 1
117 118 b 4
117 29 c 2
117 113 d 1
117 109 e 4
118 119 a 0
118 119 b 2
118 109 c 4
118 98 d 0
118 118 e 2
119 120 a 1
119 120 b 1
119 1 c 2
119 93 d 2
119 60 e 2
120 121 a 2
120 121 b 1
120 94 c 0
120 10 d 0
120 55 e 4
121 122 a 0
121 122 b 4
121 11 c 2
121 56 d 1
121 32 e 3
122 123 a 0
122 123 b 1
122 22 c 0
122 89 d 1
122 119 e 0
123 124 a 4
123 124 b 2
123 15 c 4
123 2 d 4
123 126 e 4
124 125 a 2
124 125 b 2
124 11 c 3
124 108 d 0
124 59 e 2
125 126 a 4
125 126 b 2
125 35 c 1
125 118 d 3
125 122 e 4
126 127 a 2
126 127 b 2
126 114 c 4
126 32 d 2
126 72 e 3
127 128 a 3
127 128 b 3
127 26 c 1
127 17 d 1
127 122 e 3
128 1 a 2
128 1 b 2
128 64 c 4
128 18 d 0
128 36 e 1

68 128 640 5 5 0
1 2 a 3
1 2 b 4
1 12 c 1
1 17 d 3
1 34 e 4
2 3 a 1
2 3 b 2
2 42 c 0
2 32 d 4
2 19 e 0
3 4 a 2
3 4 b 1
3 75 c 3
3 115 d 2
3 88 e 0
4 5 a 1
4 5 b 0
4 37 c 3
4 101 d 4
4 25 e 3
5 6 a 2
5 6 b 1
5 110 c 3
5 115 d 1
5 65 e 3
6 7 a 1
6 7 b 0
6 101 c 3
6 63 d 1
6 125 e 0
7 8 a 2
7 8 b 0
7 74 c 0
7 14 d 3
7 65 e 2
8 9 a 1
8 9 b 1
8 97 c 4
8 75 d 1
8 67 e 3
9 10 a 0
9 10 b 4
9 115 c 0
9 2 d 2
9 126 e 0
10 11 a 1
10 11 b 4
10 76 c 0
10 102 d 3
10 48 e 2
11 12 a 1
11 12 b 1
11 62 c 0
11 76 d 4
11 93 e 2
12 13 a 1
12 13 b 4
12 29 c 3
12 45 d 0
12 74 e 0
13 14 a 1
13 14 b 2
13 65 c 4
13 40 d 3
13 2 e 1
14 15 a 4
14 15 b 2
14 7 c 4
14 126 d 0
14 84 e 2
15 16 a 0
15 16 b 1
15 80 c 2
15 20 d 1
15 83 e 3
16 17 a 1
16 17 b 3
16 128 c 3
16 116 d 4
16 85 e 3
17 18 a 3
17 18 b 4
17 128 c 1
17 76 d 4
17 116 e 4
18 19 a 3
18 19 b 1
18 61 c 0
18 109 d 2
18 16 e 2
19 20 a 2
19 20 b 0
19 39 c 4
19 77 d 4
19 76 e 1
20 21 a 2
20 21 b 1
20 51 c 4
20 6 d 1
20 12 e 2
21 22 a 0
21 22 b 2
21 89 c 0
21 86 d 3
21 125 e 2
22 23 a 3
22 23 b 0
22 22 c 2
22 29 d 2
22 13 e 3
23 24 a 1
23 24 b 3
23 108 c 3
23 97 d 1
23 111 e 2
24 25 a 4
24 25 b 4
24 93 c 3
24 77 d 4
24 24 e 0
25 26 a 2
25 26 b 1
25 115 c 3
25 45 d 2
25 69 e 4
26 27 a 4
26 27 b 0
26 60 c 0
26 116 d 4
26 115 e 4
27 28 a 4
27 28 b 4
27 70 c 3
27 55 d 3
27 101 e 1
28 29 a 4
28 29 b 4
28 39 c 4
28 48 d 1
28 33 e 3
29 30 a 2
29 30 b 4
29 120 c 0
29 59 d 2
29 115 e 0
30 31 a 3
30 31 b 3
30 84 c 2
30 92 d 4
30 105 e 2
31 32 a 4
31 32 b 3
31 94 c 4
31 55 d 1
31 85 e 4
32 33 a 4
32 33 b 0
32 56 c 2
32 22 d 3
32 78 e 1
33 34 a 2
33 34 b 2
33 13 c 4
33 103 d 2
33 48 e 4
34 35 a 1
34 35 b 1
34 9 c 4
34 60 d 3
34 23 e 3
35 36 a 2
35 36 b 1
35 91 c 3
35 73 d 3
35 104 e 4
36 37 a 4
36 37 b 3
36 58 c 4
36 105 d 3
36 72 e 3
37 38 a 0
37 38 b 3
37 92 c 1
37 25 d 0
37 35 e 3
38 39 a 2
38 39 b 4
38 128 c 4
38 123 d 3
38 38 e 3
39 40 a 2
39 40 b 0
39 102 c 1
39 85 d 0
39 69 e 4
40 41 a 4
40 41 b 4
40 82 c 3
40 16 d 2
40 55 e 1
41 42 a 3
41 42 b 1
41 13 c 1
41 57 d 3
41 117 e 0
42 43 a 1
42 43 b 3
42 100 c 4
42 3 d 1
42 62 e 2
43 44 a 0
43 44 b 0
43 39 c 4
43 67 d 0
43 22 e 3
44 45 a 3
44 45 b 2
44 42 c 4
44 115 d 1
44 66 e 3
45 46 a 2
45 46 b 4
45 72 c 4
45 48 d 0
45 77 e 1
46 47 a 2
46 47 b 2
46 91 c 0
46 59 d 4
46 6 e 2
47 48 a 4
47 48 b 3
47 69 c 0
47 123 d 2
47 128 e 3
48 49 a 1
48 49 b 1
48 106 c 2
48 122 d 4
48 17 e 4
49 50 a 3
49 50 b 2
49 52 c 4
49 100 d 1
49 84 e 0
50 51 a 4
50 51 b 3
50 13 c 0
50 11 d 1
50 39 e 4
51 52 a 3
51 52 b 2
51 105 c 2
51 102 d 4
51 45 e 4
52 53 a 1
52 53 b 0
52 58 c 4
52 13 d 2
52 77 e 2
53 54 a 3
53 54 b 4
53 121 c 2
53 62 d 0
53 49 e 0
54 55 a 0
54 55 b 0
54 36 c 1
54 91 d 2
54 73 e 0
55 56 a 2
55 56 b 0
55 58 c 0
55 106 d 0
55 69 e 2
56 57 a 0
56 57 b 0
56 64 c 4
56 20 d 3
56 30 e 2
57 58 a 1
57 58 b 3
57 64 c 1
57 38 d 3
57 13 e 4
58 59 a 2
58 59 b 2
58 69 c 4
58 19 d 4
58 18 e 3
59 60 a 2
59 60 b 2
59 97 c 4
59 112 d 0
59 111 e 0
60 61 a 2
60 61 b 2
60 39 c 2
60 119 d 1
60 43 e 4
61 62 a 2
61 62 b 1
61 49 c 1
61 5 d 0
61 16 e 3
62 63 a 1
62 63 b 1
62 26 c 0
62 28 d 3
62 45 e 3
63 64 a 3
63 64 b 2
63 5 c 3
63 97 d 2
63 84 e 1
64 65 a 0
64 65 b 0
64 21 c 4
64 30 d 2
64 29 e 0
65 66 a 0
65 66 b 0
65 115 c 1
65 65 d 2
65 97 e 4
66 67 a 0
66 67 b 0
66 75 c 1
66 92 d 1
66 64 e 0
67 68 a 4
67 68 b 4
67 79 c 3
67 35 d 1
67 28 e 1
68 69 a 3
68 69 b 4
68 51 c 4
68 113 d 1
68 27 e 1
69 70 a 0
69 70 b 0
69 47 c 0
69 68 d 2
69 41 e 1
70 71 a 4
70 71 b 4
70 128 c 3
70 60 d 0
70 116 e 0
71 72 a 2
71 72 b 1
71 102 c 1
71 32 d 1
71 110 e 2
72 73 a 3
72 73 b 2
72 40 c 0
72 89 d 3
72 78 e 1
73 74 a 4
73 74 b 0
73 12 c 3
73 116 d 1
73 15 e 3
74 75 a 4
74 75 b 1
74 96 c 1
74 36 d 2
74 112 e 1
75 76 a 2
75 76 b 0
75 116 c 0
75 62 d 1
75 114 e 1
76 77 a 3
76 77 b 1
76 28 c 3
76 60 d 4
76 94 e 0
77 78 a 1
77 78 b 0
77 51 c 2
77 59 d 1
77 60 e 0
78 79 a 3
78 79 b 2
78 19 c 4
78 125 d 4
78 93 e 1
79 80 a 4
79 80 b 0
79 30 c 1
79 103 d 2
79 82 e 0
80 81 a 0
80 81 b 4
80 57 c 4
80 4 d 3
80 114 e 3
81 82 a 3
81 82 b 3
81 75 c 0
81 128 d 4
81 88 e 2
82 83 a 4
82 83 b 2
82 66 c 0
82 45 d 2
82 98 e 1
83 84 a 2
83 84 b 2
83 14 c 1
83 2 d 3
83 51 e 2
84 85 a 1
84 85 b 0
84 36 c 3
84 23 d 0
84 50 e 4
85 86 a 3
85 86 b 3
85 125 c 2
85 43 d 1
85 10 e 2
86 87 a 1
86 87 b 2
86 21 c 0
86 30 d 0
86 40 e 1
87 88 a 0
87 88 b 2
87 108 c 0
87 119 d 1
87 64 e 2
88 89 a 3
88 89 b 2
88 8 c 2
88 95 d 1
88 71 e 0
89 90 a 2
89 90 b 2
89 113 c 1
89 35 d 3
89 122 e 1
90 91 a 3
90 91 b 2
90 51 c 2
90 54 d 2
90 86 e 1
91 92 a 4
91 92 b 2
91 95 c 4
91 46 d 2
91 30 e 4
92 93 a 3
92 93 b 1
92 11 c 0
92 66 d 4
92 89 e 0
93 94 a 2
93 94 b 2
93 78 c 3
93 82 d 3
93 81 e 1
94 95 a 1
94 95 b 0
94 69 c 2
94 95 d 1
94 21 e 2
95 96 a 1
95 96 b 1
95 16 c 2
95 14 d 0
95 120 e 4
96 97 a 3
96 97 b 1
96 85 c 3
96 42 d 2
96 15 e 1
97 98 a 1
97 98 b 2
97 60 c 3
97 31 d 4
97 55 e 0
98 99 a 2
98 99 b 1
98 114 c 2
98 128 d 1
98 13 e 0
99 100 a 2
99 100 b 4
99 39 c 1
99 1 d 3
99 116 e 0
100 101 a 0
100 101 b 3
100 15 c 0
100 126 d 4
100 18 e 3
101 102 a 1
101 102 b 1
101 101 c 1
101 114 d 3
101 83 e 4
102 103 a 4
102 103 b 0
102 99 c 4
102 1 d 4
102 101 e 4
103 104 a 4
103 104 b 3
103 75 c 2
103 111 d 2
103 58 e 4
104 105 a 0
104 105 b 0
104 97 c 0
104 38 d 3
104 10 e 2
105 106 a 0
105 106 b 0
105 110 c 0
105 51 d 3
105 78 e 0
106 107 a 4
106 107 b 1
106 63 c 2
106 73 d 1
106 70 e 2
107 108 a 0
107 108 b 2
107 36 c 1
107 62 d 0
107 115 e 4
108 109 a 2
108 109 b 3
108 114 c 3
108 9 d 4
108 30 e 2
109 110 a 1
109 110 b 1
109 2 c 4
109 74 d 0
109 79 e 1
110 111 a 3
110 111 b 2
110 47 c 4
110 66 d 0
110 87 e 1
111 112 a 0
111 112 b 0
111 91 c 1
111 87 d 1
111 71 e 4
112 113 a 2
112 113 b 0
112 107 c 2
112 17 d 3
112 118 e 4
113 114 a 4
113 114 b 0
113 71 c 2
113 32 d 4
113 127 e 4
114 115 a 3
114 115 b 1
114 91 c 0
114 83 d 4
114 65 e 2
115 116 a 1
115 116 b 4
115 24 c 0
115 34 d 1
115 93 e 4
116 117 a 4
116 117 b 2
116 115 c 0
116 37 d 1
116 59 e 2
117 118 a 4
117 118 b 0
117 101 c 4
117 27 d 0
117 6 e 4
118 119 a 1
118 119 b 3
118 106 c 2
118 100 d 1
118 43 e 4
119 120 a 0
119 120 b 1
119 2 c 1
119 7 d 2
119 94 e 1
120 121 a 4
120 121 b 1
120 51 c 1
120 45 d 0
120 21 e 1
121 122 a 2
121 122 b 1
121 5 c 1
121 36 d 4
121 11 e 1
122 123 a 0
122 123 b 2
122 5 c 4
122 94 d 1
122 62 e 0
123 124 a 2
123 124 b 1
123 66 c 1
123 111 d 3
123 113 e 3
124 125 a 1
124 125 b 0
124 83 c 1
124 18 d 1
124 43 e 3
125 126 a 3
125 126 b 0
125 79 c 1
125 36 d 1
125 54 e 1
126 127 a 3
126 127 b 0
126 83 c 2
126 39 d 1
126 33 e 1
127 128 a 0
127 128 b 1
127 128 c 1
127 64 d 4
127 63 e 1
128 1 a 4
128 1 b 2
128 122 c 2
128 58 d 4
128 38 e 1

69 128 640 5 5 0
1 2 a 3
1 2 b 0
1 106 c 3
1 1 d 1
1 48 e 4
2 3 a 0
2 3 b 4
2 125 c 4
2 40 d 1
2 125 e 4
3 4 a 0
3 4 b 4
3 99 c 3
3 100 d 3
3 112 e 1
4 5 a 0
4 5 b 4
4 80 c 0
4 14 d 2
4 45 e 3
5 6 a 0
5 6 b 3
5 127 c 4
5 37 d 1
5 33 e 3
6 7 a 4
6 7 b 1
6 42 c 0
6 73 d 2
6 122 e 0
7 8 a 0
7 8 b 2
7 19 c 2
7 65 d 0
7 43 e 3
8 9 a 0
8 9 b 1
8 127 c 1
8 118 d 1
8 105 e 2
9 10 a 0
9 10 b 3
9 53 c 3
9 118 d 3
9 49 e 4
10 11 a 3
10 11 b 2
10 3 c 2
10 115 d 2
10 63 e 3
11 12 a 2
11 12 b 4
11 57 c 1
11 65 d 0
11 24 e 1
12 13 a 2
12 13 b 2
12 44 c 2
12 91 d 3
12 2 e 2
13 14 a 4
13 14 b 1
13 53 c 0
13 94 d 4
13 6 e 2
14 15 a 1
14 15 b 1
14 47 c 1
14 12 d 4
14 117 e 2
15 16 a 0
15 16 b 2
15 125 c 3
15 75 d 0
15 96 e 3
16 17 a 4
16 17 b 0
16 1 c 2
16 35 d 2
16 31 e 2
17 18 a 1
17 18 b 2
17 38 c 0
17 68 d 4
17 75 e 1
18 19 a 3
18 19 b 1
18 87 c 4
18 125 d 3
18 67 e 4
19 20 a 3
19 20 b 2
19 6 c 0
19 70 d 4
19 43 e 3
20 21 a 2
20 21 b 1
20 38 c 4
20 56 d 4
20 104 e 4
21 22 a 2
21 22 b 1
21 49 c 4
21 15 d 0
21 38 e 2
22 23 a 1
22 23 b 1
22 35 c 1
22 47 d 1
22 82 e 2
23 24 a 1
23 24 b 0
23 125 c 1
23 28 d 1
23 32 e 3
24 25 a 1
24 25 b 0
24 67 c 4
24 128 d 2
24 6 e 2
25 26 a 1
25 26 b 0
25 126 c 1
25 41 d 3
25 63 e 0
26 27 a 0
26 27 b 2
26 58 c 0
26 9 d 3
26 74 e 0
27 28 a 4
27 28 b 3
27 9 c 1
27 52 d 1
27 104 e 0
28 29 a 4
28 29 b 2
28 127 c 2
28 101 d 0
28 33 e 1
29 30 a 1
29 30 b 1
29 52 c 3
29 121 d 2
29 63 e 0
30 31 a 0
30 31 b 3
30 69 c 1
30 114 d 2
30 82 e 4
31 32 a 2
31 32 b 3
31 83 c 3
31 118 d 2
31 42 e 2
32 33 a 4
32 33 b 1
32 2 c 1
32 78 d 3
32 96 e 2
33 34 a 2
33 34 b 3
33 123 c 3
33 103 d 2
33 78 e 3
34 35 a 0
34 35 b 4
34 107 c 4
34 84 d 0
34 18 e 4
35 36 a 3
35 36 b 4
35 2 c 3
35 74 d 4
35 15 e 0
36 37 a 0
36 37 b 1
36 117 c 4
36 34 d 0
36 108 e 3
37 38 a 4
37 38 b 0
37 125 c 3
37 91 d 0
37 19 e 2
38 39 a 3
38 39 b 2
38 85 c 4
38 22 d 4
38 51 e 2
39 40 a 2
39 40 b 0
39 63 c 3
39 24 d 1
39 63 e 3
40 41 a 2
40 41 b 0
40 128 c 3
40 75 d 4
40 109 e 2
41 42 a 2
41 42 b 1
41 95 c 2
41 61 d 3
41 55 e 1
42 43 a 0
42 43 b 4
42 43 c 2
42 32 d 3
42 93 e 1
43 44 a 2
43 44 b 4
43 50 c 3
43 72 d 2
43 97 e 1
44 45 a 0
44 45 b 2
44 74 c 4
44 48 d 2
44 10 e 1
45 46 a 0
45 46 b 2
45 76 c 4
45 117 d 2
45 97 e 3
46 47 a 2
46 47 b 0
46 20 c 4
46 90 d 4
46 55 e 2
47 48 a 3
47 48 b 4
47 2 c 3
47 66 d 1
47 30 e 2
48 49 a 2
48 49 b 1
48 124 c 1
48 57 d 2
48 107 e 1
49 50 a 2
49 50 b 1
49 106 c 2
49 108 d 1
49 58 e 2
50 51 a 1
50 51 b 1
50 56 c 4
50 44 d 1
50 106 e 0
51 52 a 2
51 52 b 2
51 88 c 3
51 110 d 3
51 29 e 0
52 53 a 3
52 53 b 4
52 61 c 2
52 78 d 1
52 57 e 1
53 54 a 0
53 54 b 1
53 97 c 2
53 8 d 2
53 106 e 4
54 55 a 3
54 55 b 2
54 64 c 3
54 126 d 1
54 29 e 2
55 56 a 2
55 56 b 0
55 91 c 4
55 53 d 1
55 7 e 3
56 57 a 0
56 57 b 1
56 54 c 3
56 87 d 1
56 28 e 3
57 58 a 3
57 58 b 0
57 90 c 2
57 50 d 1
57 24 e 2
58 59 a 2
58 59 b 1
58 84 c 3
58 56 d 0
58 121 e 4
59 60 a 0
59 60 b 1
59 52 c 2
59 125 d 4
59 3 e 3
60 61 a 4
60 61 b 4
60 15 c 1
60 60 d 4
60 59 e 0
61 62 a 2
61 62 b 1
61 125 c 2
61 83 d 0
61 109 e 2
62 63 a 4
62 63 b 4
62 27 c 2
62 66 d 4
62 38 e 3
63 64 a 1
63 64 b 0
63 10 c 0
63 48 d 0
63 58 e 0
64 65 a 2
64 65 b 4
64 111 c 1
64 101 d 1
64 63 e 1
65 66 a 4
65 66 b 1
65 113 c 4
65 81 d 2
65 16 e 0
66 67 a 1
66 67 b 2
66 62 c 2
66 4 d 4
66 75 e 4
67 68 a 4
67 68 b 2
67 6 c 1
67 52 d 4
67 83 e 4
68 69 a 4
68 69 b 1
68 126 c 0
68 59 d 4
68 79 e 3
69 70 a 1
69 70 b 0
69 95 c 2
69 22 d 3
69 41 e 2
70 71 a 0
70 71 b 3
70 100 c 3
70 102 d 2
70 17 e 1
71 72 a 1
71 72 b 3
71 80 c 4
71 115 d 1
71 119 e 1
72 73 a 1
72 73 b 3
72 101 c 2
72 36 d 0
72 20 e 3
73 74 a 1
73 74 b 4
73 110 c 3
73 8 d 2
73 98 e 3
74 75 a 0
74 75 b 1
74 54 c 2
74 81 d 3
74 31 e 2
75 76 a 2
75 76 b 1
75 15 c 3
75 83 d 2
75 78 e 4
76 77 a 0
76 77 b 2
76 76 c 0
76 9 d 3
76 54 e 3
77 78 a 4
77 78 b 0
77 71 c 3
77 17 d 0
77 97 e 1
78 79 a 0
78 79 b 0
78 92 c 1
78 43 d 4
78 30 e 2
79 80 a 4
79 80 b 0
79 107 c 0
79 62 d 2
79 127 e 2
80 81 a 0
80 81 b 1
80 90 c 3
80 83 d 0
80 92 e 4
81 82 a 4
81 82 b 4
81 17 c 1
81 24 d 0
81 78 e 2
82 83 a 3
82 83 b 1
82 125 c 0
82 94 d 2
82 53 e 2
83 84 a 0
83 84 b 1
83 14 c 2
83 27 d 0
83 51 e 2
84 85 a 1
84 85 b 0
84 56 c 4
84 104 d 3
84 46 e 2
85 86 a 4
85 86 b 0
85 117 c 2
85 4 d 3
85 82 e 3
86 87 a 2
86 87 b 4
86 65 c 1
86 80 d 2
86 13 e 0
87 88 a 4
87 88 b 3
87 29 c 1
87 82 d 0
87 17 e 1
88 89 a 0
88 89 b 0
88 14 c 0
88 50 d 1
88 85 e 1
89 90 a 1
89 90 b 4
89 27 c 2
89 63 d 3
89 21 e 4
90 91 a 3
90 91 b 2
90 82 c 0
90 107 d 4
90 77 e 3
91 92 a 4
91 92 b 0
91 67 c 3
91 74 d 0
91 66 e 0
92 93 a 4
92 93 b 1
92 3 c 0
92 24 d 1
92 121 e 1
93 94 a 2
93 94 b 4
93 42 c 4
93 48 d 0
93 62 e 3
94 95 a 0
94 95 b 3
94 85 c 4
94 21 d 1
94 30 e 2
95 96 a 4
95 96 b 2
95 38 c 0
95 109 d 4
95 109 e 3
96 97 a 3
96 97 b 1
96 63 c 2
96 1 d 4
96 65 e 3
97 98 a 0
97 98 b 0
97 75 c 1
97 63 d 2
97 117 e 1
98 99 a 0
98 99 b 4
98 117 c 2
98 56 d 1
98 40 e 1
99 100 a 0
99 100 b 0
99 110 c 4
99 34 d 1
99 59 e 1
100 101 a 4
100 101 b 0
100 107 c 0
100 87 d 2
100 86 e 3
101 102 a 0
101 102 b 0
101 37 c 1
101 84 d 3
101 100 e 3
102 103 a 0
102 103 b 3
102 88 c 2
102 59 d 1
102 18 e 4
103 104 a 4
103 104 b 1
103 68 c 0
103 81 d 1
103 84 e 0
104 105 a 2
104 105 b 2
104 47 c 1
104 1 d 2
104 96 e 1
105 106 a 2
105 106 b 3
105 97 c 1
105 87 d 3
105 48 e 4
106 107 a 2
106 107 b 4
106 38 c 4
106 6 d 3
106 5 e 1
107 108 a 0
107 108 b 2
107 80 c 0
107 98 d 4
107 95 e 4
108 109 a 2
108 109 b 4
108 50 c 0
108 103 d 0
108 6 e 1
109 110 a 2
109 110 b 2
109 38 c 4
109 48 d 0
109 4 e 4
110 111 a 4
110 111 b 4
110 8 c 0
110 1 d 1
110 40 e 4
111 112 a 2
111 112 b 0
111 57 c 2
111 62 d 0
111 4 e 4
112 113 a 2
112 113 b 3
112 29 c 2
112 113 d 2
112 112 e 3
113 114 a 3
113 114 b 4
113 29 c 1
113 72 d 2
113 6 e 4
114 115 a 3
114 115 b 0
114 37 c 1
114 20 d 4
114 36 e 2
115 116 a 1
115 116 b 2
115 39 c 0
115 75 d 0
115 109 e 1
116 117 a 2
116 117 b 3
116 23 c 3
116 7 d 2
116 71 e 2
117 118 a 0
117 118 b 0
117 109 c 1
117 5 d 0
117 94 e 1
118 119 a 3
118 119 b 4
118 39 c 1
118 39 d 2
118 32 e 1
119 120 a 2
119 120 b 0
119 68 c 0
119 114 d 0
119 63 e 3
120 121 a 2
120 121 b 2
120 73 c 1
120 17 d 1
120 51 e 1
121 122 a 4
121 122 b 1
121 63 c 2
121 80 d 1
121 53 e 3
122 123 a 4
122 123 b 4
122 51 c 1
122 34 d 1
122 69 e 4
123 124 a 0
123 124 b 2
123 53 c 0
123 28 d 1
123 37 e 2
124 125 a 0
124 125 b 2
124 90 c 0
124 119 d 1
124 91 e 2
125 126 a 4
125 126 b 0
125 59 c 1
125 18 d 4
125 51 e 1
126 127 a 4
126 127 b 1
126 116 c 3
126 109 d 4
126 58 e 0
127 128 a 2
127 128 b 2
127 37 c 2
127 47 d 2
127 69 e 0
128 1 a 4
128 1 b 1
128 115 c 2
128 33 d 1
128 104 e 3

70 128 640 5 5 0
1 2 a 1
1 2 b 1
1 8 c 3
1 49 d 4
1 127 e 0
2 3 a 3
2 3 b 4
2 15 c 2
2 112 d 2
2 40 e 3
3 4 a 0
3 4 b 3
3 58 c 2
3 21 d 2
3 71 e 0
4 5 a 2
4 5 b 2
4 60 c 4
4 119 d 2
4 1 e 4
5 6 a 4
5 6 b 2
5 79 c 3
5 23 d 0
5 66 e 0
6 7 a 4
6 7 b 2
6 47 c 0
6 20 d 3
6 55 e 0
7 8 a 0
7 8 b 3
7 28 c 0
7 52 d 2
7 84 e 1
8 9 a 0
8 9 b 3
8 92 c 0
8 98 d 3
8 79 e 4
9 10 a 3
9 10 b 1
9 55 c 1
9 42 d 2
9 35 e 4
10 11 a 3
10 11 b 1
10 122 c 0
10 63 d 3
10 14 e 1
11 12 a 3
11 12 b 1
11 116 c 4
11 118 d 2
11 20 e 2
12 13 a 3
12 13 b 1
12 124 c 1
12 72 d 2
12 122 e 4
13 14 a 1
13 14 b 1
13 105 c 3
13 84 d 0
13 75 e 4
14 15 a 3
14 15 b 1
14 24 c 3
14 90 d 0
14 86 e 1
15 16 a 1
15 16 b 0
15 106 c 4
15 65 d 0
15 46 e 4
16 17 a 4
16 17 b 0
16 67 c 2
16 19 d 0
16 41 e 0
17 18 a 0
17 18 b 1
17 12 c 0
17 123 d 1
17 97 e 0
18 19 a 0
18 19 b 4
18 50 c 0
18 78 d 3
18 54 e 4
19 20 a 4
19 20 b 2
19 37 c 3
19 127 d 2
19 74 e 4
20 21 a 3
20 21 b 3
20 90 c 4
20 41 d 2
20 4 e 0
21 22 a 2
21 22 b 1
21 73 c 0
21 9 d 1
21 14 e 3
22 23 a 4
22 23 b 4
22 112 c 4
22 1 d 3
22 87 e 3
23 24 a 4
23 24 b 2
23 78 c 3
23 23 d 1
23 18 e 4
24 25 a 4
24 25 b 0
24 104 c 3
24 116 d 3
24 52 e 0
25 26 a 2
25 26 b 1
25 72 c 0
25 101 d 4
25 122 e 4
26 27 a 3
26 27 b 0
26 121 c 4
26 93 d 4
26 97 e 0
27 28 a 2
27 28 b 4
27 12 c 1
27 113 d 3
27 44 e 1
28 29 a 0
28 29 b 1
28 22 c 3
28 90 d 0
28 97 e 2
29 30 a 2
29 30 b 2
29 48 c 0
29 119 d 4
29 76 e 3
30 31 a 3
30 31 b 4
30 118 c 4
30 73 d 4
30 123 e 1
31 32 a 4
31 32 b 4
31 8 c 2
31 117 d 4
31 64 e 1
32 33 a 0
32 33 b 3
32 12 c 2
32 69 d 3
32 50 e 0
33 34 a 3
33 34 b 4
33 42 c 0
33 39 d 2
33 45 e 2
34 35 a 4
34 35 b 2
34 14 c 0
34 44 d 1
34 77 e 3
35 36 a 2
35 36 b 0
35 106 c 1
35 11 d 0
35 119 e 0
36 37 a 0
36 37 b 2
36 113 c 0
36 28 d 1
36 80 e 0
37 38 a 1
37 38 b 3
37 93 c 1
37 93 d 4
37 68 e 0
38 39 a 2
38 39 b 0
38 106 c 3
38 112 d 3
38 128 e 3
39 40 a 0
39 40 b 2
39 89 c 0
39 27 d 2
39 120 e 0
40 41 a 4
40 41 b 3
40 110 c 0
40 71 d 0
40 99 e 1
41 42 a 3
41 42 b 1
41 114 c 1
41 1 d 4
41 58 e 3
42 43 a 4
42 43 b 1
42 49 c 3
42 124 d 0
42 60 e 2
43 44 a 0
43 44 b 4
43 125 c 4
43 13 d 3
43 108 e 1
44 45 a 0
44 45 b 1
44 42 c 1
44 45 d 1
44 18 e 2
45 46 a 3
45 46 b 3
45 16 c 2
45 123 d 1
45 54 e 1
46 47 a 3
46 47 b 4
46 12 c 4
46 56 d 0
46 40 e 3
47 48 a 3
47 48 b 0
47 127 c 0
47 73 d 1
47 123 e 0
48 49 a 2
48 49 b 2
48 78 c 4
48 56 d 0
48 5 e 2
49 50 a 3
49 50 b 3
49 96 c 0
49 51 d 0
49 97 e 4
50 51 a 1
50 51 b 4
50 35 c 3
50 12 d 3
50 109 e 1
51 52 a 0
51 52 b 2
51 7 c 1
51 55 d 0
51 76 e 3
52 53 a 1
52 53 b 3
52 1 c 4
52 79 d 4
52 101 e 2
53 54 a 0
53 54 b 2
53 9 c 4
53 18 d 1
53 98 e 0
54 55 a 3
54 55 b 4
54 29 c 1
54 96 d 4
54 50 e 1
55 56 a 3
55 56 b 2
55 60 c 3
55 64 d 4
55 8 e 2
56 57 a 2
56 57 b 4
56 108 c 1
56 90 d 3
56 90 e 2
57 58 a 2
57 58 b 2
57 52 c 1
57 126 d 2
57 98 e 4
58 59 a 4
58 59 b 4
58 35 c 3
58 28 d 1
58 32 e 4
59 60 a 4
59 60 b 4
59 71 c 2
59 74 d 4
59 86 e 4
60 61 a 2
60 61 b 0
60 54 c 2
60 66 d 3
60 11 e 2
61 62 a 4
61 62 b 0
61 9 c 0
61 96 d 0
61 9 e 2
62 63 a 2
62 63 b 1
62 92 c 4
62 40 d 4
62 95 e 4
63 64 a 4
63 64 b 1
63 79 c 3
63 62 d 1
63 95 e 3
64 65 a 1
64 65 b 1
64 8 c 1
64 109 d 1
64 33 e 4
65 66 a 4
65 66 b 3
65 47 c 2
65 33 d 1
65 126 e 4
66 67 a 0
66 67 b 2
66 113 c 4
66 108 d 3
66 22 e 1
67 68 a 1
67 68 b 0
67 125 c 0
67 5 d 4
67 75 e 3
68 69 a 0
68 69 b 3
68 10 c 1
68 68 d 3
68 67 e 1
69 70 a 0
69 70 b 0
69 79 c 2
69 39 d 1
69 106 e 3
70 71 a 3
70 71 b 1
70 9 c 1
70 81 d 0
70 110 e 2
71 72 a 4
71 72 b 0
71 121 c 1
71 5 d 0
71 65 e 3
72 73 a 4
72 73 b 1
72 99 c 3
72 47 d 3
72 26 e 3
73 74 a 2
73 74 b 4
73 16 c 0
73 92 d 1
73 116 e 2
74 75 a 0
74 75 b 0
74 77 c 4
74 61 d 2
74 14 e 2
75 76 a 0
75 76 b 3
75 106 c 3
75 40 d 0
75 105 e 2
76 77 a 4
76 77 b 2
76 60 c 3
76 23 d 0
76 78 e 4
77 78 a 0
77 78 b 1
77 27 c 2
77 39 d 3
77 69 e 0
78 79 a 1
78 79 b 2
78 100 c 4
78 25 d 3
78 30 e 4
79 80 a 2
79 80 b 3
79 121 c 4
79 85 d 1
79 108 e 1
80 81 a 4
80 81 b 4
80 60 c 2
80 98 d 3
80 6 e 2
81 82 a 4
81 82 b 4
81 23 c 0
81 111 d 2
81 4 e 2
82 83 a 4
82 83 b 3
82 120 c 4
82 78 d 4
82 72 e 1
83 84 a 2
83 84 b 4
83 77 c 3
83 116 d 0
83 114 e 0
84 85 a 0
84 85 b 2
84 12 c 4
84 122 d 2
84 106 e 1
85 86 a 3
85 86 b 0
85 45 c 2
85 30 d 3
85 90 e 1
86 87 a 4
86 87 b 1
86 46 c 0
86 67 d 2
86 50 e 1
87 88 a 3
87 88 b 2
87 15 c 3
87 108 d 3
87 34 e 3
88 89 a 0
88 89 b 0
88 83 c 2
88 69 d 0
88 35 e 3
89 90 a 2
89 90 b 0
89 5 c 3
89 27 d 2
89 111 e 1
90 91 a 0
90 91 b 4
90 48 c 2
90 95 d 4
90 4 e 4
91 92 a 2
91 92 b 2
91 102 c 2
91 39 d 0
91 37 e 0
92 93 a 0
92 93 b 2
92 58 c 4
92 45 d 3
92 89 e 2
93 94 a 1
93 94 b 0
93 70 c 3
93 78 d 3
93 106 e 1
94 95 a 4
94 95 b 4
94 38 c 1
94 12 d 3
94 103 e 1
95 96 a 2
95 96 b 2
95 123 c 1
95 12 d 3
95 35 e 1
96 97 a 3
96 97 b 2
96 105 c 4
96 25 d 4
96 51 e 0
97 98 a 3
97 98 b 3
97 25 c 4
97 31 d 2
97 116 e 2
98 99 a 1
98 99 b 0
98 55 c 0
98 49 d 0
98 3 e 0
99 100 a 0
99 100 b 4
99 117 c 0
99 3 d 2
99 67 e 3
100 101 a 4
100 101 b 4
100 7 c 2
100 112 d 4
100 90 e 4
101 102 a 2
101 102 b 4
101 37 c 1
101 118 d 2
101 52 e 4
102 103 a 1
102 103 b 3
102 12 c 0
102 53 d 4
102 127 e 4
103 104 a 3
103 104 b 2
103 125 c 2
103 116 d 4
103 45 e 2
104 105 a 2
104 105 b 2
104 60 c 0
104 28 d 0
104 118 e 3
105 106 a 2
105 106 b 3
105 19 c 3
105 59 d 1
105 83 e 0
106 107 a 4
106 107 b 4
106 77 c 1
106 2 d 2
106 3 e 4
107 108 a 2
107 108 b 1
107 59 c 4
107 71 d 3
107 10 e 3
108 109 a 0
108 109 b 1
108 50 c 0
108 4 d 2
108 46 e 1
109 110 a 0
109 110 b 2
109 10 c 3
109 86 d 4
109 120 e 3
110 111 a 2
110 111 b 2
110 33 c 0
110 127 d 3
110 57 e 3
111 112 a 4
111 112 b 1
111 86 c 0
111 100 d 4
111 2 e 0
112 113 a 1
112 113 b 2
112 14 c 3
112 16 d 4
112 42 e 4
113 114 a 0
113 114 b 3
113 51 c 4
113 47 d 2
113 76 e 2
114 115 a 1
114 115 b 2
114 48 c 1
114 20 d 3
114 71 e 2
115 116 a 1
115 116 b 3
115 119 c 0
115 52 d 4
115 60 e 2
116 117 a 0
116 117 b 2
116 123 c 1
116 40 d 0
116 19 e 1
117 118 a 4
117 118 b 3
117 54 c 1
117 47 d 2
117 119 e 2
118 119 a 0
118 119 b 2
118 35 c 2
118 41 d 3
118 85 e 0
119 120 a 0
119 120 b 2
119 69 c 4
119 29 d 1
119 97 e 3
120 121 a 3
120 121 b 0
120 31 c 3
120 52 d 0
120 17 e 4
121 122 a 3
121 122 b 3
121 58 c 1
121 60 d 3
121 32 e 1
122 123 a 3
122 123 b 3
122 34 c 1
122 38 d 1
122 12 e 0
123 124 a 3
123 124 b 4
123 105 c 2
123 8 d 1
123 24 e 3
124 125 a 4
124 125 b 0
124 34 c 2
124 28 d 4
124 75 e 4
125 126 a 2
125 126 b 4
125 103 c 2
125 63 d 0
125 111 e 4
126 127 a 1
126 127 b 1
126 84 c 1
126 115 d 4
126 19 e 3
127 128 a 0
127 128 b 0
127 10 c 1
127 94 d 3
127 10 e 3
128 1 a 1
128 1 b 2
128 45 c 2
128 72 d 1
128 106 e 2

71 128 640 5 5 0
1 2 a 3
1 2 b 2
1 102 c 2
1 33 d 0
1 13 e 3
2 3 a 4
2 3 b 2
2 98 c 1
2 121 d 2
2 19 e 3
3 4 a 4
3 4 b 4
3 81 c 1
3 5 d 4
3 94 e 0
4 5 a 1
4 5 b 3
4 104 c 1
4 33 d 4
4 21 e 2
5 6 a 3
5 6 b 1
5 95 c 4
5 72 d 0
5 34 e 1
6 7 a 0
6 7 b 0
6 115 c 3
6 30 d 0
6 52 e 2
7 8 a 2
7 8 b 4
7 101 c 1
7 103 d 1
7 61 e 0
8 9 a 3
8 9 b 4
8 122 c 0
8 13 d 1
8 117 e 2
9 10 a 3
9 10 b 1
9 121 c 2
9 30 d 2
9 85 e 3
10 11 a 2
10 11 b 2
10 48 c 1
10 75 d 2
10 29 e 1
11 12 a 4
11 12 b 2
11 112 c 2
11 107 d 2
11 79 e 3
12 13 a 3
12 13 b 4
12 12 c 2
12 117 d 0
12 50 e 1
13 14 a 2
13 14 b 3
13 93 c 1
13 10 d 4
13 79 e 4
14 15 a 4
14 15 b 2
14 65 c 3
14 105 d 3
14 119 e 1
15 16 a 4
15 16 b 4
15 23 c 0
15 120 d 0
15 59 e 2
16 17 a 2
16 17 b 1
16 69 c 3
16 66 d 3
16 115 e 3
17 18 a 3
17 18 b 2
17 51 c 1
17 115 d 4
17 56 e 2
18 19 a 2
18 19 b 1
18 77 c 1
18 94 d 0
18 105 e 2
19 20 a 2
19 20 b 2
19 4 c 0
19 120 d 4
19 42 e 3
20 21 a 3
20 21 b 1
20 78 c 4
20 90 d 4
20 96 e 0
21 22 a 2
21 22 b 1
21 34 c 0
21 67 d 1
21 55 e 4
22 23 a 4
22 23 b 2
22 124 c 4
22 20 d 3
22 28 e 2
23 24 a 4
23 24 b 1
23 95 c 4
23 82 d 0
23 67 e 0
24 25 a 0
24 25 b 2
24 78 c 1
24 39 d 3
24 34 e 1
25 26 a 3
25 26 b 2
25 82 c 4
25 97 d 4
25 116 e 0
26 27 a 0
26 27 b 0
26 120 c 2
26 113 d 0
26 56 e 2
27 28 a 3
27 28 b 3
27 79 c 4
27 110 d 4
27 47 e 4
28 29 a 0
28 29 b 4
28 110 c 1
28 16 d 1
28 97 e 3
29 30 a 2
29 30 b 4
29 108 c 4
29 53 d 4
29 24 e 2
30 31 a 4
30 31 b 1
30 102 c 2
30 95 d 3
30 100 e 4
31 32 a 1
31 32 b 1
31 125 c 0
31 52 d 2
31 21 e 2
32 33 a 0
32 33 b 3
32 86 c 4
32 124 d 1
32 68 e 0
33 34 a 0
33 34 b 2
33 24 c 0
33 39 d 1
33 75 e 1
34 35 a 1
34 35 b 3
34 113 c 1
34 69 d 3
34 72 e 0
35 36 a 4
35 36 b 3
35 17 c 1
35 12 d 2
35 30 e 0
36 37 a 1
36 37 b 0
36 45 c 1
36 85 d 2
36 116 e 3
37 38 a 1
37 38 b 4
37 125 c 4
37 31 d 3
37 52 e 3
38 39 a 1
38 39 b 0
38 63 c 4
38 10 d 0
38 13 e 4
39 40 a 2
39 40 b 1
39 50 c 1
39 94 d 3
39 114 e 0
40 41 a 1
40 41 b 3
40 27 c 4
40 2 d 2
40 25 e 1
41 42 a 4
41 42 b 2
41 68 c 1
41 5 d 3
41 124 e 2
42 43 a 0
42 43 b 1
42 120 c 3
42 24 d 2
42 91 e 2
43 44 a 1
43 44 b 3
43 8 c 0
43 18 d 2
43 56 e 4
44 45 a 2
44 45 b 1
44 74 c 2
44 107 d 0
44 90 e 3
45 46 a 1
45 46 b 3
45 20 c 0
45 65 d 1
45 74 e 2
46 47 a 2
46 47 b 4
46 69 c 2
46 86 d 4
46 89 e 0
47 48 a 0
47 48 b 2
47 60 c 1
47 16 d 2
47 25 e 0
48 49 a 0
48 49 b 2
48 95 c 4
48 120 d 1
48 95 e 3
49 50 a 3
49 50 b 1
49 22 c 4
49 59 d 0
49 71 e 4
50 51 a 2
50 51 b 0
50 78 c 4
50 44 d 1
50 48 e 3
51 52 a 0
51 52 b 1
51 118 c 0
51 64 d 0
51 60 e 2
52 53 a 2
52 53 b 2
52 5 c 2
52 17 d 2
52 81 e 4
53 54 a 3
53 54 b 3
53 114 c 1
53 92 d 4
53 27 e 3
54 55 a 1
54 55 b 3
54 58 c 1
54 2 d 1
54 7 e 3
55 56 a 3
55 56 b 1
55 93 c 0
55 10 d 2
55 74 e 1
56 57 a 4
56 57 b 4
56 98 c 1
56 30 d 1
56 88 e 2
57 58 a 0
57 58 b 0
57 79 c 4
57 10 d 2
57 109 e 2
58 59 a 2
58 59 b 4
58 49 c 3
58 64 d 2
58 7 e 1
59 60 a 1
59 60 b 4
59 26 c 0
59 87 d 0
59 106 e 4
60 61 a 3
60 61 b 2
60 30 c 4
60 7 d 0
60 27 e 1
61 62 a 0
61 62 b 0
61 85 c 1
61 46 d 3
61 101 e 0
62 63 a 0
62 63 b 1
62 93 c 1
62 79 d 1
62 88 e 1
63 64 a 0
63 64 b 0
63 85 c 4
63 13 d 4
63 69 e 0
64 65 a 2
64 65 b 1
64 98 c 1
64 52 d 2
64 67 e 4
65 66 a 1
65 66 b 0
65 45 c 3
65 49 d 0
65 45 e 0
66 67 a 3
66 67 b 0
66 99 c 3
66 21 d 1
66 33 e 1
67 68 a 1
67 68 b 3
67 53 c 1
67 22 d 4
67 2 e 3
68 69 a 0
68 69 b 0
68 86 c 2
68 13 d 1
68 119 e 1
69 70 a 2
69 70 b 2
69 127 c 0
69 121 d 4
69 106 e 1
70 71 a 1
70 71 b 4
70 110 c 2
70 123 d 3
70 11 e 3
71 72 a 3
71 72 b 1
71 98 c 3
71 88 d 1
71 74 e 0
72 73 a 4
72 73 b 3
72 33 c 1
72 123 d 3
72 96 e 4
73 74 a 3
73 74 b 3
73 114 c 2
73 112 d 3
73 71 e 2
74 75 a 0
74 75 b 3
74 36 c 1
74 105 d 3
74 61 e 4
75 76 a 4
75 76 b 0
75 5 c 4
75 61 d 2
75 69 e 0
76 77 a 1
76 77 b 4
76 107 c 0
76 100 d 1
76 37 e 0
77 78 a 3
77 78 b 1
77 47 c 3
77 125 d 1
77 106 e 2
78 79 a 0
78 79 b 2
78 45 c 0
78 72 d 2
78 95 e 2
79 80 a 0
79 80 b 4
79 70 c 1
79 44 d 3
79 26 e 4
80 81 a 1
80 81 b 0
80 94 c 1
80 50 d 3
80 112 e 0
81 82 a 2
81 82 b 1
81 94 c 3
81 7 d 4
81 123 e 2
82 83 a 2
82 83 b 1
82 50 c 1
82 126 d 0
82 27 e 3
83 84 a 1
83 84 b 2
83 76 c 2
83 12 d 0
83 114 e 4
84 85 a 0
84 85 b 4
84 32 c 4
84 75 d 4
84 102 e 4
85 86 a 2
85 86 b 4
85 38 c 3
85 120 d 4
85 35 e 1
86 87 a 1
86 87 b 0
86 91 c 2
86 117 d 2
86 23 e 2
87 88 a 2
87 88 b 2
87 64 c 4
87 71 d 3
87 116 e 0
88 89 a 4
88 89 b 4
88 89 c 0
88 25 d 1
88 49 e 3
89 90 a 3
89 90 b 3
89 47 c 2
89 55 d 1
89 9 e 4
90 91 a 3
90 91 b 2
90 79 c 0
90 19 d 4
90 123 e 2
91 92 a 4
91 92 b 3
91 73 c 1
91 68 d 0
91 73 e 0
92 93 a 0
92 93 b 2
92 50 c 3
92 2 d 3
92 121 e 3
93 94 a 2
93 94 b 4
93 34 c 2
93 44 d 1
93 87 e 3
94 95 a 4
94 95 b 4
94 55 c 0
94 66 d 2
94 112 e 1
95 96 a 3
95 96 b 2
95 16 c 1
95 107 d 1
95 24 e 1
96 97 a 0
96 97 b 1
96 82 c 3
96 112 d 2
96 101 e 1
97 98 a 4
97 98 b 2
97 39 c 4
97 63 d 3
97 50 e 3
98 99 a 0
98 99 b 1
98 58 c 3
98 105 d 0
98 30 e 0
99 100 a 2
99 100 b 3
99 60 c 0
99 36 d 2
99 10 e 1
100 101 a 1
100 101 b 1
100 99 c 3
100 74 d 0
100 30 e 4
101 102 a 0
101 102 b 0
101 101 c 1
101 88 d 0
101 68 e 2
102 103 a 0
102 103 b 3
102 1 c 0
102 112 d 0
102 44 e 1
103 104 a 3
103 104 b 3
103 118 c 3
103 87 d 4
103 71 e 1
104 105 a 1
104 105 b 0
104 10 c 1
104 120 d 2
104 76 e 1
105 106 a 4
105 106 b 3
105 5 c 4
105 95 d 4
105 53 e 2
106 107 a 1
106 107 b 0
106 51 c 0
106 62 d 4
106 66 e 4
107 108 a 2
107 108 b 4
107 102 c 4
107 108 d 3
107 118 e 0
108 109 a 0
108 109 b 4
108 113 c 3
108 97 d 0
108 21 e 3
109 110 a 0
109 110 b 3
109 46 c 3
109 60 d 3
109 45 e 0
110 111 a 1
110 111 b 4
110 121 c 3
110 61 d 3
110 10 e 3
111 112 a 0
111 112 b 4
111 51 c 0
111 75 d 1
111 63 e 0
112 113 a 0
112 113 b 1
112 64 c 4
112 111 d 4
112 36 e 2
113 114 a 3
113 114 b 3
113 9 c 4
113 87 d 4
113 83 e 2
114 115 a 2
114 115 b 2
114 123 c 0
114 84 d 3
114 41 e 3
115 116 a 2
115 116 b 4
115 6 c 3
115 93 d 1
115 75 e 3
116 117 a 0
116 117 b 1
116 31 c 4
116 9 d 0
116 31 e 4
117 118 a 1
117 118 b 1
117 62 c 3
117 24 d 2
117 79 e 3
118 119 a 4
118 119 b 0
118 96 c 0
118 107 d 3
118 74 e 2
119 120 a 2
119 120 b 2
119 6 c 2
119 8 d 2
119 66 e 3
120 121 a 3
120 121 b 2
120 52 c 1
120 23 d 4
120 47 e 1
121 122 a 3
121 122 b 4
121 116 c 3
121 104 d 1
121 74 e 3
122 123 a 4
122 123 b 4
122 81 c 0
122 107 d 3
122 19 e 0
123 124 a 3
123 124 b 1
123 92 c 0
123 53 d 0
123 76 e 4
124 125 a 0
124 125 b 1
124 42 c 1
124 2 d 2
124 123 e 1
125 126 a 1
125 126 b 1
125 83 c 4
125 45 d 1
125 108 e 1
126 127 a 4
126 127 b 4
126 117 c 1
126 58 d 3
126 44 e 4
127 128 a 2
127 128 b 2
127 47 c 0
127 77 d 3
127 15 e 3
128 1 a 2
128 1 b 1
128 39 c 3
128 48 d 3
128 44 e 3

72 128 640 5 5 0
1 2 a 2
1 2 b 4
1 5 c 1
1 81 d 0
1 92 e 1
2 3 a 0
2 3 b 0
2 117 c 1
2 65 d 3
2 62 e 1
3 4 a 3
3 4 b 4
3 40 c 2
3 54 d 4
3 54 e 1
4 5 a 1
4 5 b 1
4 83 c 1
4 10 d 1
4 105 e 1
5 6 a 0
5 6 b 0
5 47 c 4
5 58 d 2
5 67 e 4
6 7 a 1
6 7 b 3
6 120 c 0
6 104 d 2
6 113 e 2
7 8 a 2
7 8 b 2
7 111 c 2
7 90 d 0
7 103 e 2
8 9 a 3
8 9 b 2
8 88 c 0
8 120 d 1
8 91 e 1
9 10 a 0
9 10 b 0
9 124 c 1
9 82 d 0
9 72 e 3
10 11 a 0
10 11 b 2
10 39 c 2
10 24 d 3
10 108 e 0
11 12 a 2
11 12 b 2
11 43 c 4
11 31 d 2
11 74 e 4
12 13 a 3
12 13 b 1
12 91 c 2
12 99 d 1
12 41 e 1
13 14 a 2
13 14 b 2
13 17 c 2
13 127 d 0
13 20 e 2
14 15 a 0
14 15 b 4
14 42 c 4
14 55 d 0
14 88 e 2
15 16 a 2
15 16 b 4
15 4 c 0
15 111 d 1
15 9 e 4
16 17 a 2
16 17 b 0
16 7 c 2
16 49 d 4
16 124 e 3
17 18 a 4
17 18 b 2
17 25 c 4
17 43 d 1
17 78 e 4
18 19 a 2
18 19 b 2
18 40 c 0
18 46 d 0
18 92 e 0
19 20 a 2
19 20 b 2
19 36 c 1
19 49 d 1
19 73 e 3
20 21 a 3
20 21 b 3
20 1 c 0
20 76 d 1
20 124 e 4
21 22 a 3
21 22 b 1
21 58 c 3
21 61 d 1
21 31 e 4
22 23 a 0
22 23 b 0
22 73 c 1
22 102 d 4
22 33 e 3
23 24 a 0
23 24 b 2
23 48 c 3
23 77 d 2
23 53 e 2
24 25 a 4
24 25 b 3
24 116 c 1
24 26 d 4
24 80 e 0
25 26 a 4
25 26 b 3
25 28 c 0
25 29 d 3
25 47 e 4
26 27 a 1
26 27 b 2
26 54 c 3
26 70 d 1
26 79 e 1
27 28 a 1
27 28 b 2
27 83 c 3
27 42 d 3
27 114 e 2
28 29 a 2
28 29 b 1
28 6 c 3
28 5 d 0
28 33 e 2
29 30 a 1
29 30 b 3
29 104 c 1
29 51 d 4
29 37 e 4
30 31 a 0
30 31 b 1
30 23 c 0
30 53 d 4
30 13 e 3
31 32 a 3
31 32 b 4
31 51 c 2
31 50 d 0
31 43 e 2
32 33 a 2
32 33 b 1
32 95 c 2
32 116 d 4
32 22 e 0
33 34 a 3
33 34 b 3
33 70 c 1
33 103 d 0
33 41 e 0
34 35 a 1
34 35 b 2
34 19 c 1
34 29 d 1
34 3 e 2
35 36 a 1
35 36 b 2
35 120 c 3
35 76 d 4
35 6 e 2
36 37 a 1
36 37 b 4
36 40 c 2
36 78 d 0
36 88 e 0
37 38 a 4
37 38 b 2
37 93 c 4
37 33 d 1
37 101 e 0
38 39 a 2
38 39 b 2
38 83 c 4
38 101 d 0
38 90 e 2
39 40 a 3
39 40 b 0
39 75 c 3
39 96 d 1
39 43 e 0
40 41 a 4
40 41 b 2
40 9 c 1
40 125 d 0
40 14 e 2
41 42 a 2
41 42 b 0
41 86 c 4
41 73 d 3
41 126 e 3
42 43 a 0
42 43 b 1
42 127 c 4
42 117 d 1
42 58 e 4
43 44 a 3
43 44 b 0
43 84 c 0
43 87 d 2
43 67 e 1
44 45 a 0
44 45 b 0
44 41 c 4
44 104 d 3
44 97 e 4
45 46 a 0
45 46 b 4
45 88 c 0
45 71 d 2
45 31 e 1
46 47 a 2
46 47 b 2
46 62 c 0
46 53 d 2
46 74 e 1
47 48 a 0
47 48 b 2
47 58 c 2
47 23 d 4
47 118 e 4
48 49 a 0
48 49 b 4
48 49 c 2
48 119 d 2
48 121 e 1
49 50 a 4
49 50 b 4
49 12 c 4
49 3 d 0
49 110 e 1
50 51 a 4
50 51 b 1
50 56 c 1
50 13 d 3
50 51 e 0
51 52 a 0
51 52 b 3
51 37 c 2
51 9 d 2
51 107 e 2
52 53 a 4
52 53 b 3
52 72 c 0
52 18 d 2
52 125 e 0
53 54 a 4
53 54 b 4
53 26 c 4
53 101 d 3
53 19 e 0
54 55 a 2
54 55 b 2
54 22 c 1
54 101 d 4
54 28 e 2
55 56 a 1
55 56 b 2
55 63 c 0
55 21 d 2
55 75 e 1
56 57 a 2
56 57 b 1
56 23 c 1
56 33 d 1
56 22 e 3
57 58 a 4
57 58 b 4
57 41 c 4
57 86 d 2
57 55 e 4
58 59 a 3
58 59 b 3
58 128 c 2
58 37 d 3
58 46 e 2
59 60 a 4
59 60 b 0
59 45 c 4
59 36 d 3
59 61 e 0
60 61 a 1
60 61 b 3
60 70 c 0
60 12 d 1
60 107 e 3
61 62 a 4
61 62 b 0
61 97 c 0
61 60 d 2
61 2 e 4
62 63 a 4
62 63 b 0
62 29 c 1
62 53 d 4
62 17 e 2
63 64 a 1
63 64 b 3
63 26 c 0
63 28 d 1
63 106 e 4
64 65 a 1
64 65 b 2
64 124 c 2
64 59 d 2
64 37 e 1
65 66 a 1
65 66 b 1
65 108 c 3
65 1 d 2
65 27 e 0
66 67 a 1
66 67 b 1
66 22 c 0
66 125 d 0
66 108 e 2
67 68 a 2
67 68 b 4
67 44 c 4
67 103 d 0
67 122 e 1
68 69 a 1
68 69 b 2
68 97 c 4
68 23 d 4
68 107 e 2
69 70 a 2
69 70 b 0
69 111 c 2
69 11 d 3
69 43 e 3
70 71 a 2
70 71 b 2
70 18 c 2
70 101 d 2
70 103 e 4
71 72 a 4
71 72 b 3
71 11 c 3
71 107 d 4
71 20 e 0
72 73 a 0
72 73 b 2
72 30 c 0
72 6 d 0
72 102 e 3
73 74 a 1
73 74 b 1
73 21 c 0
73 68 d 2
73 89 e 1
74 75 a 2
74 75 b 0
74 58 c 4
74 86 d 4
74 44 e 0
75 76 a 1
75 76 b 4
75 96 c 3
75 18 d 2
75 96 e 0
76 77 a 0
76 77 b 4
76 91 c 2
76 113 d 0
76 61 e 1
77 78 a 3
77 78 b 2
77 3 c 3
77 18 d 2
77 78 e 0
78 79 a 0
78 79 b 3
78 54 c 1
78 54 d 0
78 96 e 1
79 80 a 3
79 80 b 1
79 83 c 4
79 66 d 4
79 7 e 1
80 81 a 0
80 81 b 2
80 63 c 4
80 65 d 0
80 25 e 2
81 82 a 4
81 82 b 4
81 100 c 0
81 95 d 0
81 49 e 2
82 83 a 3
82 83 b 1
82 45 c 3
82 111 d 2
82 46 e 3
83 84 a 2
83 84 b 3
83 11 c 2
83 101 d 1
83 49 e 4
84 85 a 0
84 85 b 1
84 115 c 1
84 92 d 1
84 34 e 4
85 86 a 2
85 86 b 2
85 94 c 3
85 18 d 4
85 43 e 0
86 87 a 0
86 87 b 0
86 72 c 3
86 103 d 3
86 60 e 3
87 88 a 3
87 88 b 1
87 49 c 3
87 98 d 3
87 5 e 0
88 89 a 4
88 89 b 1
88 31 c 1
88 44 d 3
88 127 e 2
89 90 a 4
89 90 b 0
89 25 c 1
89 19 d 4
89 100 e 1
90 91 a 4
90 91 b 2
90 46 c 1
90 8 d 1
90 50 e 4
91 92 a 4
91 92 b 1
91 108 c 1
91 33 d 4
91 44 e 2
92 93 a 0
92 93 b 3
92 106 c 4
92 24 d 1
92 89 e 2
93 94 a 3
93 94 b 0
93 62 c 0
93 74 d 4
93 3 e 1
94 95 a 2
94 95 b 0
94 7 c 3
94 56 d 0
94 57 e 2
95 96 a 0
95 96 b 2
95 101 c 1
95 10 d 0
95 78 e 2
96 97 a 2
96 97 b 2
96 124 c 4
96 7 d 0
96 87 e 4
97 98 a 4
97 98 b 1
97 117 c 0
97 31 d 1
97 49 e 4
98 99 a 2
98 99 b 0
98 125 c 0
98 97 d 1
98 121 e 0
99 100 a 4
99 100 b 1
99 68 c 0
99 5 d 0
99 17 e 0
100 101 a 0
100 101 b 3
100 126 c 3
100 99 d 4
100 34 e 3
101 102 a 3
101 102 b 2
101 101 c 2
101 122 d 4
101 21 e 2
102 103 a 2
102 103 b 1
102 54 c 1
102 106 d 3
102 25 e 4
103 104 a 1
103 104 b 1
103 48 c 4
103 122 d 1
103 32 e 1
104 105 a 4
104 105 b 3
104 24 c 4
104 19 d 0
104 97 e 2
105 106 a 1
105 106 b 0
105 55 c 3
105 67 d 2
105 88 e 3
106 107 a 0
106 107 b 2
106 90 c 0
106 59 d 3
106 65 e 3
107 108 a 1
107 108 b 1
107 81 c 1
107 81 d 0
107 33 e 4
108 109 a 4
108 109 b 1
108 113 c 1
108 127 d 1
108 61 e 3
109 110 a 1
109 110 b 3
109 19 c 3
109 98 d 2
109 33 e 3
110 111 a 1
110 111 b 4
110 18 c 3
110 60 d 2
110 27 e 2
111 112 a 0
111 112 b 3
111 80 c 3
111 114 d 4
111 61 e 4
112 113 a 0
112 113 b 1
112 50 c 0
112 15 d 4
112 94 e 3
113 114 a 2
113 114 b 2
113 31 c 0
113 63 d 3
113 25 e 0
114 115 a 4
114 115 b 2
114 6 c 3
114 85 d 4
114 76 e 2
115 116 a 3
115 116 b 3
115 85 c 4
115 69 d 1
115 27 e 3
116 117 a 3
116 117 b 0
116 2 c 1
116 43 d 1
116 107 e 3
117 118 a 1
117 118 b 1
117 6 c 0
117 66 d 4
117 103 e 0
118 119 a 4
118 119 b 1
118 93 c 4
118 110 d 1
118 127 e 1
119 120 a 3
119 120 b 3
119 7 c 1
119 51 d 0
119 100 e 1
120 121 a 2
120 121 b 1
120 10 c 4
120 59 d 2
120 13 e 1
121 122 a 2
121 122 b 2
121 110 c 4
121 84 d 1
121 53 e 1
122 123 a 4
122 123 b 1
122 63 c 3
122 111 d 0
122 90 e 2
123 124 a 1
123 124 b 2
123 15 c 0
123 34 d 4
123 63 e 2
124 125 a 3
124 125 b 4
124 114 c 1
124 39 d 2
124 107 e 3
125 126 a 1
125 126 b 0
125 128 c 3
125 91 d 2
125 40 e 3
126 127 a 4
126 127 b 3
126 86 c 0
126 64 d 3
126 5 e 2
127 128 a 2
127 128 b 4
127 20 c 3
127 123 d 4
127 85 e 2
128 1 a 1
128 1 b 1
128 97 c 1
128 87 d 1
128 46 e 1

73 128 640 5 5 0
1 2 a 1
1 2 b 1
1 99 c 2
1 64 d 0
1 106 e 4
2 3 a 0
2 3 b 1
2 71 c 1
2 73 d 0
2 41 e 2
3 4 a 4
3 4 b 2
3 63 c 3
3 39 d 3
3 77 e 3
4 5 a 3
4 5 b 4
4 127 c 3
4 51 d 0
4 125 e 4
5 6 a 0
5 6 b 4
5 63 c 2
5 108 d 1
5 35 e 4
6 7 a 4
6 7 b 4
6 61 c 0
6 115 d 0
6 110 e 4
7 8 a 3
7 8 b 2
7 56 c 4
7 13 d 3
7 80 e 4
8 9 a 1
8 9 b 0
8 117 c 2
8 36 d 2
8 1 e 4
9 10 a 4
9 10 b 2
9 62 c 2
9 70 d 4
9 122 e 2
10 11 a 3
10 11 b 1
10 94 c 0
10 36 d 4
10 123 e 3
11 12 a 3
11 12 b 2
11 38 c 3
11 20 d 1
11 6 e 2
12 13 a 0
12 13 b 4
12 107 c 3
12 16 d 3
12 97 e 1
13 14 a 1
13 14 b 4
13 6 c 2
13 53 d 4
13 24 e 3
14 15 a 0
14 15 b 2
14 82 c 0
14 69 d 4
14 121 e 2
15 16 a 0
15 16 b 2
15 50 c 4
15 38 d 3
15 22 e 0
16 17 a 1
16 17 b 2
16 8 c 4
16 97 d 3
16 70 e 2
17 18 a 0
17 18 b 2
17 63 c 2
17 35 d 3
17 37 e 1
18 19 a 1
18 19 b 1
18 66 c 0
18 63 d 4
18 15 e 0
19 20 a 2
19 20 b 0
19 3 c 2
19 42 d 4
19 41 e 4
20 21 a 2
20 21 b 0
20 117 c 0
20 125 d 0
20 88 e 4
21 22 a 4
21 22 b 3
21 18 c 1
21 119 d 2
21 72 e 4
22 23 a 1
22 23 b 3
22 86 c 4
22 120 d 0
22 102 e 1
23 24 a 3
23 24 b 0
23 66 c 4
23 7 d 0
23 102 e 4
24 25 a 1
24 25 b 4
24 90 c 4
24 78 d 2
24 62 e 3
25 26 a 0
25 26 b 0
25 38 c 0
25 25 d 0
25 41 e 0
26 27 a 1
26 27 b 0
26 53 c 4
26 90 d 4
26 37 e 4
27 28 a 4
27 28 b 4
27 22 c 2
27 39 d 1
27 118 e 2
28 29 a 1
28 29 b 0
28 93 c 1
28 58 d 3
28 33 e 1
29 30 a 3
29 30 b 1
29 37 c 1
29 112 d 4
29 113 e 4
30 31 a 2
30 31 b 0
30 8 c 1
30 76 d 4
30 117 e 1
31 32 a 3
31 32 b 2
31 40 c 1
31 113 d 4
31 128 e 1
32 33 a 1
32 33 b 0
32 41 c 3
32 43 d 0
32 40 e 4
33 34 a 0
33 34 b 4
33 52 c 2
33 102 d 2
33 72 e 4
34 35 a 2
34 35 b 1
34 118 c 0
34 53 d 4
34 126 e 0
35 36 a 0
35 36 b 3
35 31 c 1
35 77 d 4
35 45 e 2
36 37 a 2
36 37 b 0
36 100 c 2
36 8 d 0
36 124 e 1
37 38 a 2
37 38 b 0
37 125 c 0
37 98 d 0
37 85 e 4
38 39 a 1
38 39 b 0
38 40 c 3
38 127 d 2
38 103 e 3
39 40 a 3
39 40 b 3
39 36 c 3
39 35 d 0
39 37 e 1
40 41 a 0
40 41 b 1
40 55 c 1
40 57 d 3
40 68 e 1
41 42 a 1
41 42 b 2
41 40 c 2
41 77 d 0
41 65 e 0
42 43 a 0
42 43 b 3
42 69 c 3
42 17 d 0
42 89 e 0
43 44 a 2
43 44 b 3
43 95 c 2
43 91 d 2
43 15 e 3
44 45 a 1
44 45 b 0
44 73 c 4
44 37 d 2
44 41 e 3
45 46 a 1
45 46 b 2
45 93 c 4
45 13 d 3
45 51 e 1
46 47 a 3
46 47 b 4
46 118 c 2
46 83 d 2
46 123 e 3
47 48 a 0
47 48 b 1
47 119 c 3
47 94 d 1
47 19 e 2
48 49 a 2
48 49 b 2
48 67 c 0
48 54 d 0
48 83 e 2
49 50 a 1
49 50 b 3
49 67 c 4
49 11 d 2
49 84 e 1
50 51 a 3
50 51 b 0
50 99 c 4
50 45 d 1
50 118 e 3
51 52 a 2
51 52 b 0
51 21 c 3
51 18 d 1
51 91 e 1
52 53 a 2
52 53 b 3
52 76 c 3
52 83 d 4
52 105 e 3
53 54 a 0
53 54 b 2
53 2 c 1
53 47 d 1
53 76 e 2
54 55 a 0
54 55 b 4
54 51 c 4
54 7 d 2
54 113 e 1
55 56 a 4
55 56 b 3
55 96 c 2
55 96 d 1
55 12 e 3
56 57 a 0
56 57 b 0
56 13 c 0
56 100 d 0
56 20 e 2
57 58 a 0
57 58 b 2
57 67 c 4
57 98 d 3
57 66 e 2
58 59 a 3
58 59 b 3
58 15 c 0
58 73 d 4
58 21 e 2
59 60 a 0
59 60 b 0
59 1 c 0
59 48 d 4
59 81 e 4
60 61 a 3
60 61 b 0
60 45 c 1
60 82 d 0
60 123 e 0
61 62 a 1
61 62 b 1
61 46 c 0
61 10 d 1
61 94 e 3
62 63 a 4
62 63 b 2
62 30 c 2
62 91 d 2
62 10 e 1
63 64 a 2
63 64 b 1
63 31 c 2
63 107 d 4
63 80 e 2
64 65 a 2
64 65 b 1
64 85 c 4
64 3 d 0
64 71 e 0
65 66 a 2
65 66 b 3
65 106 c 0
65 16 d 1
65 74 e 0
66 67 a 2
66 67 b 2
66 9 c 2
66 37 d 4
66 119 e 3
67 68 a 3
67 68 b 1
67 99 c 0
67 119 d 1
67 49 e 3
68 69 a 2
68 69 b 1
68 45 c 0
68 96 d 4
68 31 e 2
69 70 a 2
69 70 b 1
69 32 c 1
69 93 d 1
69 43 e 2
70 71 a 3
70 71 b 3
70 119 c 0
70 16 d 4
70 4 e 2
71 72 a 1
71 72 b 2
71 116 c 4
71 62 d 1
71 29 e 3
72 73 a 4
72 73 b 4
72 92 c 4
72 81 d 3
72 44 e 4
73 74 a 4
73 74 b 1
73 119 c 4
73 88 d 4
73 44 e 4
74 75 a 3
74 75 b 1
74 17 c 3
74 2 d 0
74 91 e 3
75 76 a 4
75 76 b 4
75 124 c 4
75 39 d 1
75 60 e 2
76 77 a 3
76 77 b 0
76 11 c 4
76 63 d 4
76 21 e 0
77 78 a 2
77 78 b 0
77 24 c 1
77 104 d 0
77 114 e 1
78 79 a 2
78 79 b 0
78 127 c 1
78 100 d 2
78 33 e 4
79 80 a 2
79 80 b 0
79 32 c 0
79 25 d 2
79 53 e 0
80 81 a 3
80 81 b 4
80 97 c 0
80 16 d 3
80 3 e 1
81 82 a 3
81 82 b 0
81 42 c 3
81 119 d 1
81 40 e 2
82 83 a 4
82 83 b 4
82 104 c 4
82 31 d 3
82 1 e 1
83 84 a 2
83 84 b 4
83 10 c 1
83 126 d 1
83 49 e 0
84 85 a 4
84 85 b 3
84 7 c 0
84 46 d 2
84 30 e 0
85 86 a 2
85 86 b 2
85 86 c 0
85 108 d 0
85 116 e 4
86 87 a 2
86 87 b 1
86 116 c 0
86 25 d 2
86 33 e 4
87 88 a 0
87 88 b 2
87 98 c 0
87 61 d 2
87 87 e 4
88 89 a 2
88 89 b 4
88 36 c 1
88 127 d 3
88 13 e 1
89 90 a 2
89 90 b 0
89 68 c 3
89 46 d 1
89 126 e 4
90 91 a 2
90 91 b 1
90 76 c 2
90 60 d 3
90 41 e 3
91 92 a 2
91 92 b 4
91 79 c 3
91 62 d 0
91 80 e 4
92 93 a 2
92 93 b 3
92 97 c 4
92 109 d 3
92 121 e 1
93 94 a 0
93 94 b 1
93 27 c 0
93 39 d 2
93 111 e 2
94 95 a 0
94 95 b 4
94 24 c 1
94 111 d 2
94 66 e 4
95 96 a 4
95 96 b 3
95 122 c 1
95 105 d 0
95 67 e 3
96 97 a 4
96 97 b 0
96 102 c 3
96 95 d 1
96 9 e 2
97 98 a 3
97 98 b 2
97 3 c 2
97 62 d 3
97 111 e 0
98 99 a 4
98 99 b 2
98 127 c 1
98 25 d 0
98 20 e 3
99 100 a 1
99 100 b 2
99 11 c 1
99 38 d 1
99 89 e 2
100 101 a 2
100 101 b 0
100 90 c 0
100 60 d 3
100 102 e 1
101 102 a 4
101 102 b 2
101 38 c 4
101 91 d 2
101 37 e 1
102 103 a 3
102 103 b 0
102 42 c 0
102 36 d 0
102 70 e 1
103 104 a 4
103 104 b 1
103 41 c 0
103 93 d 3
103 57 e 1
104 105 a 2
104 105 b 0
104 102 c 0
104 110 d 0
104 55 e 2
105 106 a 1
105 106 b 1
105 41 c 3
105 102 d 1
105 58 e 0
106 107 a 0
106 107 b 1
106 65 c 3
106 119 d 2
106 128 e 4
107 108 a 0
107 108 b 4
107 124 c 0
107 118 d 0
107 13 e 3
108 109 a 3
108 109 b 2
108 49 c 0
108 92 d 3
108 37 e 1
109 110 a 2
109 110 b 1
109 55 c 2
109 72 d 1
109 86 e 1
110 111 a 2
110 111 b 0
110 107 c 0
110 122 d 0
110 108 e 2
111 112 a 0
111 112 b 0
111 45 c 2
111 89 d 2
111 122 e 2
112 113 a 1
112 113 b 2
112 100 c 0
112 110 d 4
112 88 e 3
113 114 a 2
113 114 b 4
113 118 c 0
113 103 d 3
113 31 e 0
114 115 a 2
114 115 b 0
114 80 c 4
114 21 d 1
114 47 e 1
115 116 a 1
115 116 b 4
115 100 c 2
115 110 d 1
115 42 e 4
116 117 a 1
116 117 b 4
116 38 c 4
116 12 d 3
116 119 e 4
117 118 a 4
117 118 b 1
117 14 c 3
117 44 d 1
117 64 e 0
118 119 a 1
118 119 b 3
118 25 c 1
118 48 d 2
118 116 e 0
119 120 a 3
119 120 b 2
119 72 c 3
119 30 d 3
119 69 e 2
120 121 a 1
120 121 b 2
120 32 c 4
120 30 d 4
120 43 e 4
121 122 a 1
121 122 b 4
121 40 c 4
121 127 d 4
121 95 e 3
122 123 a 4
122 123 b 2
122 110 c 1
122 51 d 2
122 97 e 3
123 124 a 0
123 124 b 2
123 2 c 2
123 79 d 0
123 114 e 2
124 125 a 3
124 125 b 3
124 121 c 0
124 12 d 0
124 27 e 0
125 126 a 1
125 126 b 2
125 108 c 0
125 73 d 4
125 37 e 1
126 127 a 0
126 127 b 1
126 118 c 2
126 6 d 1
126 30 e 3
127 128 a 2
127 128 b 0
127 58 c 0
127 106 d 3
127 90 e 0
128 1 a 0
128 1 b 4
128 90 c 1
128 62 d 1
128 112 e 1

74 128 640 5 5 0
1 2 a 1
1 2 b 1
1 1 c 4
1 112 d 1
1 57 e 0
2 3 a 3
2 3 b 2
2 90 c 0
2 18 d 2
2 84 e 1
3 4 a 2
3 4 b 2
3 23 c 2
3 88 d 2
3 37 e 3
4 5 a 2
4 5 b 0
4 107 c 0
4 29 d 0
4 81 e 1
5 6 a 3
5 6 b 0
5 16 c 3
5 94 d 4
5 67 e 1
6 7 a 3
6 7 b 4
6 66 c 4
6 61 d 1
6 43 e 3
7 8 a 1
7 8 b 4
7 65 c 3
7 127 d 0
7 122 e 1
8 9 a 2
8 9 b 4
8 83 c 1
8 15 d 2
8 103 e 2
9 10 a 1
9 10 b 1
9 64 c 4
9 121 d 2
9 109 e 2
10 11 a 3
10 11 b 4
10 84 c 2
10 112 d 0
10 74 e 3
11 12 a 3
11 12 b 1
11 97 c 1
11 73 d 4
11 1 e 2
12 13 a 1
12 13 b 3
12 59 c 3
12 125 d 1
12 89 e 1
13 14 a 2
13 14 b 2
13 58 c 4
13 43 d 4
13 93 e 3
14 15 a 1
14 15 b 3
14 59 c 0
14 20 d 2
14 90 e 0
15 16 a 3
15 16 b 3
15 31 c 0
15 29 d 3
15 100 e 0
16 17 a 1
16 17 b 2
16 74 c 1
16 80 d 2
16 80 e 4
17 18 a 1
17 18 b 1
17 37 c 1
17 91 d 4
17 59 e 3
18 19 a 3
18 19 b 0
18 29 c 2
18 15 d 4
18 2 e 2
19 20 a 1
19 20 b 4
19 34 c 3
19 98 d 2
19 72 e 4
20 21 a 2
20 21 b 2
20 41 c 2
20 110 d 4
20 116 e 1
21 22 a 1
21 22 b 0
21 42 c 1
21 113 d 2
21 48 e 3
22 23 a 4
22 23 b 3
22 35 c 0
22 75 d 2
22 107 e 2
23 24 a 3
23 24 b 0
23 19 c 4
23 2 d 0
23 87 e 4
24 25 a 0
24 25 b 4
24 127 c 0
24 65 d 4
24 108 e 4
25 26 a 3
25 26 b 4
25 113 c 3
25 84 d 1
25 100 e 2
26 27 a 1
26 27 b 3
26 116 c 2
26 46 d 0
26 60 e 1
27 28 a 0
27 28 b 3
27 25 c 0
27 100 d 1
27 57 e 2
28 29 a 3
28 29 b 4
28 117 c 4
28 48 d 0
28 97 e 0
29 30 a 3
29 30 b 0
29 33 c 2
29 110 d 3
29 126 e 0
30 31 a 2
30 31 b 2
30 57 c 3
30 34 d 1
30 30 e 0
31 32 a 3
31 32 b 4
31 93 c 1
31 112 d 4
31 22 e 4
32 33 a 4
32 33 b 2
32 51 c 4
32 34 d 0
32 122 e 3
33 34 a 3
33 34 b 1
33 98 c 4
33 38 d 3
33 38 e 1
34 35 a 1
34 35 b 4
34 25 c 2
34 14 d 2
34 57 e 1
35 36 a 1
35 36 b 2
35 6 c 2
35 14 d 1
35 21 e 3
36 37 a 3
36 37 b 3
36 96 c 0
36 1 d 2
36 96 e 1
37 38 a 1
37 38 b 0
37 94 c 0
37 100 d 3
37 6 e 2
38 39 a 3
38 39 b 4
38 61 c 0
38 89 d 3
38 52 e 1
39 40 a 4
39 40 b 2
39 61 c 3
39 38 d 1
39 94 e 4
40 41 a 0
40 41 b 4
40 36 c 0
40 52 d 2
40 58 e 1
41 42 a 4
41 42 b 0
41 58 c 0
41 16 d 2
41 67 e 1
42 43 a 2
42 43 b 4
42 76 c 0
42 109 d 4
42 56 e 3
43 44 a 3
43 44 b 0
43 42 c 3
43 32 d 3
43 26 e 2
44 45 a 4
44 45 b 4
44 41 c 1
44 35 d 2
44 49 e 2
45 46 a 1
45 46 b 4
45 33 c 1
45 19 d 4
45 8 e 4
46 47 a 1
46 47 b 2
46 111 c 4
46 49 d 1
46 108 e 1
47 48 a 0
47 48 b 0
47 116 c 3
47 100 d 1
47 113 e 4
48 49 a 2
48 49 b 3
48 20 c 1
48 54 d 4
48 109 e 4
49 50 a 2
49 50 b 2
49 57 c 1
49 83 d 3
49 123 e 3
50 51 a 3
50 51 b 2
50 78 c 4
50 13 d 0
50 121 e 4
51 52 a 4
51 52 b 2
51 68 c 4
51 91 d 1
51 10 e 0
52 53 a 4
52 53 b 2
52 16 c 1
52 85 d 3
52 21 e 2
53 54 a 2
53 54 b 0
53 42 c 2
53 57 d 3
53 68 e 3
54 55 a 1
54 55 b 0
54 16 c 3
54 105 d 1
54 6 e 2
55 56 a 3
55 56 b 4
55 65 c 4
55 107 d 4
55 14 e 1
56 57 a 0
56 57 b 3
56 67 c 0
56 104 d 0
56 82 e 2
57 58 a 4
57 58 b 2
57 29 c 3
57 45 d 1
57 12 e 2
58 59 a 0
58 59 b 0
58 93 c 1
58 45 d 1
58 60 e 2
59 60 a 0
59 60 b 1
59 20 c 3
59 125 d 1
59 36 e 2
60 61 a 0
60 61 b 3
60 85 c 4
60 87 d 0
60 75 e 0
61 62 a 2
61 62 b 3
61 58 c 0
61 24 d 3
61 123 e 3
62 63 a 1
62 63 b 1
62 95 c 0
62 66 d 2
62 67 e 4
63 64 a 2
63 64 b 4
63 100 c 2
63 122 d 1
63 117 e 1
64 65 a 2
64 65 b 3
64 111 c 4
64 10 d 3
64 41 e 4
65 66 a 1
65 66 b 3
65 40 c 2
65 96 d 2
65 56 e 0
66 67 a 2
66 67 b 1
66 59 c 0
66 14 d 3
66 66 e 2
67 68 a 3
67 68 b 1
67 90 c 2
67 72 d 0
67 41 e 3
68 69 a 2
68 69 b 3
68 57 c 1
68 105 d 1
68 19 e 4
69 70 a 3
69 70 b 1
69 16 c 0
69 111 d 4
69 108 e 3
70 71 a 1
70 71 b 0
70 28 c 2
70 122 d 4
70 97 e 0
71 72 a 3
71 72 b 3
71 30 c 4
71 81 d 0
71 103 e 1
72 73 a 2
72 73 b 2
72 90 c 0
72 93 d 0
72 50 e 0
73 74 a 2
73 74 b 2
73 25 c 0
73 43 d 0
73 62 e 3
74 75 a 3
74 75 b 1
74 40 c 4
74 110 d 0
74 74 e 0
75 76 a 0
75 76 b 3
75 87 c 3
75 123 d 2
75 87 e 4
76 77 a 1
76 77 b 0
76 123 c 4
76 76 d 2
76 45 e 4
77 78 a 0
77 78 b 2
77 108 c 3
77 126 d 1
77 87 e 0
78 79 a 3
78 79 b 3
78 7 c 0
78 83 d 1
78 34 e 3
79 80 a 3
79 80 b 0
79 45 c 3
79 48 d 1
79 34 e 0
80 81 a 1
80 81 b 2
80 67 c 2
80 32 d 3
80 45 e 0
81 82 a 2
81 82 b 4
81 48 c 3
81 79 d 0
81 94 e 2
82 83 a 4
82 83 b 2
82 98 c 4
82 15 d 0
82 20 e 2
83 84 a 2
83 84 b 0
83 74 c 2
83 87 d 1
83 112 e 2
84 85 a 4
84 85 b 3
84 91 c 2
84 63 d 3
84 90 e 0
85 86 a 3
85 86 b 2
85 14 c 4
85 5 d 0
85 124 e 2
86 87 a 2
86 87 b 4
86 97 c 3
86 12 d 1
86 69 e 2
87 88 a 1
87 88 b 0
87 83 c 4
87 88 d 4
87 104 e 1
88 89 a 2
88 89 b 4
88 106 c 3
88 19 d 3
88 91 e 4
89 90 a 1
89 90 b 2
89 46 c 3
89 10 d 1
89 89 e 4
90 91 a 1
90 91 b 0
90 43 c 0
90 48 d 4
90 96 e 1
91 92 a 1
91 92 b 0
91 115 c 3
91 27 d 4
91 51 e 3
92 93 a 3
92 93 b 4
92 25 c 0
92 2 d 3
92 89 e 3
93 94 a 1
93 94 b 0
93 55 c 3
93 69 d 3
93 28 e 4
94 95 a 4
94 95 b 0
94 105 c 4
94 101 d 1
94 11 e 0
95 96 a 0
95 96 b 2
95 80 c 0
95 7 d 0
95 120 e 2
96 97 a 0
96 97 b 1
96 16 c 2
96 118 d 0
96 123 e 2
97 98 a 1
97 98 b 1
97 82 c 4
97 30 d 1
97 110 e 1
98 99 a 0
98 99 b 0
98 66 c 0
98 18 d 1
98 110 e 2
99 100 a 4
99 100 b 0
99 18 c 0
99 6 d 1
99 96 e 3
100 101 a 2
100 101 b 2
100 118 c 2
100 86 d 1
100 106 e 3
101 102 a 3
101 102 b 1
101 38 c 1
101 125 d 0
101 118 e 0
102 103 a 0
102 103 b 4
102 95 c 3
102 31 d 3
102 51 e 0
103 104 a 1
103 104 b 0
103 98 c 0
103 128 d 0
103 19 e 4
104 105 a 4
104 105 b 4
104 115 c 4
104 10 d 4
104 77 e 2
105 106 a 0
105 106 b 2
105 92 c 4
105 74 d 2
105 93 e 1
106 107 a 1
106 107 b 2
106 103 c 4
106 115 d 0
106 127 e 4
107 108 a 3
107 108 b 4
107 104 c 2
107 91 d 4
107 56 e 1
108 109 a 4
108 109 b 0
108 49 c 0
108 121 d 1
108 77 e 4
109 110 a 4
109 110 b 3
109 27 c 3
109 109 d 3
109 74 e 0
110 111 a 1
110 111 b 2
110 3 c 1
110 120 d 3
110 125 e 3
111 112 a 0
111 112 b 3
111 75 c 0
111 128 d 1
111 120 e 2
112 113 a 4
112 113 b 3
112 85 c 3
112 13 d 2
112 18 e 0
113 114 a 3
113 114 b 4
113 12 c 2
113 79 d 2
113 102 e 3
114 115 a 0
114 115 b 1
114 91 c 0
114 21 d 2
114 82 e 1
115 116 a 3
115 116 b 2
115 51 c 2
115 87 d 3
115 122 e 1
116 117 a 3
116 117 b 3
116 10 c 4
116 45 d 2
116 67 e 1
117 118 a 3
117 118 b 4
117 86 c 0
117 86 d 4
117 88 e 1
118 119 a 0
118 119 b 0
118 22 c 2
118 50 d 1
118 41 e 1
119 120 a 2
119 120 b 0
119 74 c 3
119 72 d 3
119 103 e 3
120 121 a 1
120 121 b 2
120 118 c 1
120 65 d 0
120 9 e 3
121 122 a 2
121 122 b 1
121 34 c 2
121 107 d 3
121 73 e 4
122 123 a 1
122 123 b 0
122 93 c 2
122 56 d 3
122 40 e 1
123 124 a 2
123 124 b 1
123 53 c 2
123 60 d 0
123 102 e 2
124 125 a 3
124 125 b 3
124 65 c 4
124 50 d 2
124 11 e 0
125 126 a 3
125 126 b 0
125 24 c 1
125 119 d 4
125 97 e 4
126 127 a 2
126 127 b 3
126 87 c 1
126 13 d 3
126 119 e 3
127 128 a 2
127 128 b 1
127 31 c 4
127 25 d 0
127 32 e 3
128 1 a 3
128 1 b 3
128 20 c 1
128 102 d 2
128 114 e 1

75 128 640 5 5 0
1 2 a 2
1 2 b 2
1 95 c 2
1 96 d 3
1 71 e 3
2 3 a 4
2 3 b 1
2 45 c 3
2 26 d 4
2 63 e 0
3 4 a 4
3 4 b 3
3 46 c 2
3 73 d 2
3 60 e 3
4 5 a 4
4 5 b 3
4 23 c 1
4 70 d 3
4 101 e 0
5 6 a 0
5 6 b 2
5 32 c 3
5 16 d 3
5 36 e 0
6 7 a 4
6 7 b 1
6 6 c 3
6 71 d 0
6 40 e 0
7 8 a 0
7 8 b 3
7 10 c 4
7 50 d 2
7 99 e 4
8 9 a 1
8 9 b 3
8 113 c 3
8 58 d 3
8 13 e 3
9 10 a 0
9 10 b 4
9 2 c 2
9 109 d 1
9 31 e 4
10 11 a 4
10 11 b 4
10 11 c 4
10 125 d 2
10 89 e 2
11 12 a 3
11 12 b 1
11 92 c 0
11 62 d 0
11 61 e 2
12 13 a 0
12 13 b 1
12 74 c 3
12 43 d 2
12 17 e 4
13 14 a 0
13 14 b 4
13 46 c 4
13 97 d 4
13 97 e 3
14 15 a 4
14 15 b 3
14 100 c 4
14 34 d 1
14 123 e 2
15 16 a 4
15 16 b 3
15 76 c 4
15 84 d 2
15 113 e 2
16 17 a 3
16 17 b 1
16 76 c 4
16 127 d 0
16 26 e 0
17 18 a 1
17 18 b 1
17 75 c 4
17 83 d 2
17 18 e 0
18 19 a 0
18 19 b 0
18 56 c 4
18 31 d 3
18 53 e 2
19 20 a 2
19 20 b 1
19 1 c 3
19 91 d 3
19 40 e 2
20 21 a 2
20 21 b 2
20 29 c 2
20 32 d 1
20 80 e 4
21 22 a 4
21 22 b 3
21 2 c 3
21 42 d 3
21 88 e 0
22 23 a 0
22 23 b 2
22 47 c 1
22 93 d 1
22 48 e 0
23 24 a 1
23 24 b 2
23 36 c 3
23 61 d 0
23 9 e 2
24 25 a 2
24 25 b 1
24 101 c 3
24 116 d 2
24 90 e 3
25 26 a 2
25 26 b 0
25 123 c 1
25 80 d 1
25 94 e 4
26 27 a 3
26 27 b 2
26 114 c 1
26 67 d 2
26 19 e 0
27 28 a 2
27 28 b 3
27 92 c 1
27 97 d 0
27 61 e 4
28 29 a 2
28 29 b 2
28 77 c 2
28 101 d 2
28 97 e 2
29 30 a 0
29 30 b 0
29 93 c 3
29 44 d 4
29 74 e 4
30 31 a 2
30 31 b 1
30 41 c 2
30 56 d 0
30 7 e 0
31 32 a 3
31 32 b 4
31 82 c 2
31 47 d 2
31 107 e 4
32 33 a 3
32 33 b 2
32 124 c 1
32 90 d 1
32 12 e 4
33 34 a 3
33 34 b 1
33 81 c 2
33 38 d 4
33 69 e 0
34 35 a 3
34 35 b 1
34 124 c 4
34 38 d 1
34 52 e 0
35 36 a 1
35 36 b 1
35 46 c 0
35 15 d 0
35 60 e 2
36 37 a 3
36 37 b 4
36 28 c 1
36 58 d 4
36 4 e 0
37 38 a 1
37 38 b 0
37 126 c 3
37 38 d 0
37 118 e 0
38 39 a 4
38 39 b 3
38 17 c 2
38 116 d 2
38 65 e 4
39 40 a 2
39 40 b 1
39 23 c 4
39 105 d 2
39 88 e 3
40 41 a 1
40 41 b 1
40 82 c 4
40 111 d 3
40 112 e 2
41 42 a 2
41 42 b 2
41 13 c 4
41 20 d 3
41 6 e 3
42 43 a 0
42 43 b 4
42 19 c 1
42 10 d 2
42 87 e 3
43 44 a 2
43 44 b 4
43 53 c 0
43 37 d 1
43 102 e 4
44 45 a 1
44 45 b 2
44 72 c 2
44 96 d 3
44 121 e 1
45 46 a 3
45 46 b 2
45 37 c 1
45 88 d 0
45 28 e 0
46 47 a 3
46 47 b 3
46 40 c 0
46 80 d 2
46 29 e 0
47 48 a 4
47 48 b 4
47 49 c 4
47 43 d 0
47 14 e 0
48 49 a 4
48 49 b 2
48 38 c 3
48 117 d 1
48 71 e 3
49 50 a 1
49 50 b 0
49 111 c 2
49 91 d 0
49 97 e 3
50 51 a 3
50 51 b 4
50 120 c 1
50 46 d 3
50 60 e 0
51 52 a 0
51 52 b 4
51 51 c 1
51 99 d 0
51 122 e 1
52 53 a 2
52 53 b 1
52 19 c 0
52 22 d 2
52 1 e 2
53 54 a 3
53 54 b 3
53 18 c 3
53 3 d 0
53 125 e 1
54 55 a 2
54 55 b 3
54 44 c 2
54 12 d 0
54 91 e 1
55 56 a 4
55 56 b 3
55 98 c 0
55 54 d 0
55 79 e 4
56 57 a 3
56 57 b 4
56 56 c 0
56 43 d 1
56 80 e 0
57 58 a 0
57 58 b 1
57 55 c 1
57 57 d 4
57 23 e 0
58 59 a 4
58 59 b 4
58 108 c 2
58 82 d 2
58 35 e 3
59 60 a 3
59 60 b 0
59 103 c 4
59 10 d 0
59 56 e 0
60 61 a 2
60 61 b 3
60 61 c 1
60 28 d 3
60 91 e 0
61 62 a 0
61 62 b 1
61 6 c 0
61 102 d 2
61 87 e 4
62 63 a 4
62 63 b 0
62 95 c 3
62 104 d 1
62 60 e 1
63 64 a 1
63 64 b 0
63 105 c 2
63 73 d 1
63 91 e 0
64 65 a 3
64 65 b 1
64 73 c 1
64 81 d 1
64 75 e 2
65 66 a 4
65 66 b 3
65 38 c 0
65 112 d 2
65 102 e 0
66 67 a 0
66 67 b 0
66 46 c 0
66 54 d 3
66 77 e 2
67 68 a 0
67 68 b 1
67 17 c 3
67 89 d 3
67 96 e 2
68 69 a 3
68 69 b 1
68 4 c 4
68 51 d 3
68 71 e 4
69 70 a 3
69 70 b 4
69 64 c 2
69 65 d 3
69 108 e 1
70 71 a 0
70 71 b 2
70 1 c 1
70 36 d 2
70 126 e 3
71 72 a 0
71 72 b 4
71 7 c 4
71 36 d 4
71 112 e 2
72 73 a 1
72 73 b 2
72 24 c 3
72 40 d 4
72 120 e 4
73 74 a 0
73 74 b 3
73 123 c 4
73 63 d 3
73 16 e 3
74 75 a 2
74 75 b 3
74 126 c 0
74 27 d 3
74 121 e 4
75 76 a 3
75 76 b 1
75 114 c 3
75 16 d 4
75 51 e 3
76 77 a 4
76 77 b 1
76 42 c 1
76 25 d 4
76 5 e 1
77 78 a 2
77 78 b 0
77 128 c 4
77 84 d 3
77 123 e 0
78 79 a 2
78 79 b 2
78 80 c 0
78 1 d 1
78 99 e 3
79 80 a 4
79 80 b 3
79 123 c 3
79 7 d 1
79 80 e 2
80 81 a 3
80 81 b 3
80 101 c 3
80 111 d 4
80 23 e 1
81 82 a 2
81 82 b 1
81 118 c 2
81 103 d 1
81 85 e 2
82 83 a 2
82 83 b 3
82 29 c 2
82 64 d 3
82 103 e 1
83 84 a 4
83 84 b 0
83 73 c 4
83 112 d 4
83 111 e 0
84 85 a 1
84 85 b 0
84 110 c 2
84 16 d 1
84 86 e 4
85 86 a 0
85 86 b 0
85 6 c 2
85 95 d 0
85 69 e 2
86 87 a 4
86 87 b 2
86 14 c 1
86 62 d 1
86 42 e 0
87 88 a 1
87 88 b 0
87 5 c 3
87 50 d 2
87 58 e 1
88 89 a 0
88 89 b 3
88 112 c 1
88 102 d 2
88 105 e 2
89 90 a 4
89 90 b 3
89 88 c 4
89 38 d 2
89 115 e 2
90 91 a 3
90 91 b 2
90 74 c 2
90 101 d 1
90 87 e 1
91 92 a 4
91 92 b 3
91 86 c 4
91 55 d 4
91 87 e 2
92 93 a 2
92 93 b 4
92 17 c 2
92 88 d 4
92 121 e 0
93 94 a 1
93 94 b 0
93 19 c 4
93 35 d 0
93 8 e 1
94 95 a 1
94 95 b 4
94 122 c 2
94 27 d 2
94 20 e 4
95 96 a 4
95 96 b 4
95 101 c 3
95 102 d 1
95 110 e 1
96 97 a 4
96 97 b 0
96 121 c 2
96 77 d 1
96 45 e 4
97 98 a 4
97 98 b 3
97 96 c 1
97 62 d 1
97 44 e 2
98 99 a 4
98 99 b 0
98 69 c 2
98 74 d 3
98 9 e 1
99 100 a 2
99 100 b 4
99 89 c 3
99 39 d 1
99 40 e 0
100 101 a 3
100 101 b 4
100 81 c 3
100 47 d 4
100 46 e 4
101 102 a 1
101 102 b 3
101 102 c 0
101 95 d 4
101 6 e 3
102 103 a 2
102 103 b 0
102 84 c 3
102 89 d 1
102 96 e 4
103 104 a 4
103 104 b 2
103 91 c 4
103 98 d 3
103 44 e 0
104 105 a 0
104 105 b 0
104 65 c 0
104 101 d 4
104 35 e 1
105 106 a 4
105 106 b 4
105 78 c 2
105 110 d 1
105 63 e 3
106 107 a 3
106 107 b 4
106 78 c 4
106 48 d 4
106 62 e 3
107 108 a 1
107 108 b 1
107 19 c 0
107 127 d 2
107 35 e 2
108 109 a 1
108 109 b 1
108 112 c 3
108 87 d 1
108 53 e 2
109 110 a 4
109 110 b 2
109 63 c 2
109 83 d 1
109 126 e 2
110 111 a 0
110 111 b 0
110 92 c 0
110 55 d 2
110 77 e 0
111 112 a 3
111 112 b 4
111 40 c 3
111 103 d 1
111 53 e 1
112 113 a 1
112 113 b 0
112 7 c 2
112 109 d 0
112 12 e 1
113 114 a 3
113 114 b 2
113 98 c 4
113 118 d 3
113 108 e 1
114 115 a 3
114 115 b 2
114 38 c 0
114 86 d 2
114 53 e 1
115 116 a 0
115 116 b 0
115 67 c 3
115 128 d 3
115 9 e 4
116 117 a 1
116 117 b 2
116 45 c 2
116 15 d 3
116 79 e 0
117 118 a 2
117 118 b 3
117 95 c 1
117 64 d 1
117 49 e 2
118 119 a 4
118 119 b 4
118 83 c 0
118 117 d 3
118 30 e 2
119 120 a 3
119 120 b 4
119 11 c 1
119 51 d 2
119 72 e 2
120 121 a 1
120 121 b 2
120 11 c 2
120 37 d 0
120 39 e 3
121 122 a 3
121 122 b 3
121 93 c 1
121 23 d 0
121 116 e 1
122 123 a 2
122 123 b 2
122 11 c 3
122 124 d 0
122 47 e 1
123 124 a 3
123 124 b 4
123 41 c 0
123 105 d 1
123 25 e 4
124 125 a 2
124 125 b 2
124 73 c 3
124 23 d 4
124 59 e 0
125 126 a 2
125 126 b 2
125 4 c 4
125 101 d 4
125 93 e 1
126 127 a 1
126 127 b 0
126 120 c 0
126 83 d 4
126 16 e 1
127 128 a 2
127 128 b 1
127 68 c 1
127 8 d 0
127 37 e 1
128 1 a 3
128 1 b 2
128 14 c 4
128 77 d 4
128 52 e 0

76 128 640 5 5 0
1 2 a 2
1 2 b 3
1 125 c 0
1 16 d 0
1 22 e 4
2 3 a 4
2 3 b 3
2 64 c 2
2 98 d 2
2 106 e 0
3 4 a 2
3 4 b 1
3 5 c 1
3 121 d 1
3 20 e 2
4 5 a 4
4 5 b 4
4 2 c 3
4 47 d 1
4 57 e 2
5 6 a 4
5 6 b 2
5 112 c 0
5 1 d 1
5 68 e 3
6 7 a 2
6 7 b 0
6 11 c 1
6 18 d 2
6 101 e 4
7 8 a 3
7 8 b 0
7 19 c 3
7 37 d 0
7 13 e 2
8 9 a 1
8 9 b 4
8 78 c 3
8 38 d 1
8 115 e 3
9 10 a 4
9 10 b 4
9 4 c 0
9 33 d 3
9 18 e 4
10 11 a 0
10 11 b 0
10 2 c 4
10 73 d 3
10 40 e 1
11 12 a 4
11 12 b 3
11 24 c 2
11 115 d 0
11 56 e 3
12 13 a 1
12 13 b 3
12 26 c 3
12 24 d 4
12 9 e 0
13 14 a 3
13 14 b 2
13 98 c 4
13 87 d 2
13 38 e 2
14 15 a 3
14 15 b 1
14 76 c 1
14 112 d 0
14 92 e 3
15 16 a 0
15 16 b 1
15 57 c 2
15 74 d 1
15 62 e 0
16 17 a 4
16 17 b 0
16 13 c 3
16 111 d 2
16 36 e 3
17 18 a 4
17 18 b 1
17 50 c 4
17 10 d 1
17 40 e 2
18 19 a 1
18 19 b 2
18 18 c 4
18 112 d 0
18 40 e 0
19 20 a 0
19 20 b 3
19 32 c 2
19 20 d 1
19 71 e 1
20 21 a 1
20 21 b 4
20 80 c 3
20 17 d 4
20 108 e 4
21 22 a 2
21 22 b 4
21 27 c 0
21 36 d 1
21 65 e 4
22 23 a 4
22 23 b 1
22 124 c 2
22 47 d 1
22 53 e 3
23 24 a 0
23 24 b 2
23 117 c 2
23 56 d 4
23 122 e 0
24 25 a 2
24 25 b 0
24 11 c 3
24 104 d 2
24 8 e 1
25 26 a 2
25 26 b 0
25 69 c 4
25 12 d 4
25 24 e 2
26 27 a 4
26 27 b 0
26 49 c 0
26 23 d 0
26 42 e 1
27 28 a 2
27 28 b 1
27 95 c 3
27 30 d 3
27 128 e 1
28 29 a 1
28 29 b 4
28 101 c 1
28 90 d 2
28 33 e 4
29 30 a 1
29 30 b 4
29 89 c 4
29 42 d 1
29 87 e 1
30 31 a 3
30 31 b 3
30 90 c 1
30 15 d 3
30 48 e 4
31 32 a 2
31 32 b 1
31 7 c 4
31 46 d 2
31 1 e 0
32 33 a 4
32 33 b 3
32 6 c 4
32 81 d 0
32 94 e 2
33 34 a 3
33 34 b 4
33 127 c 0
33 102 d 4
33 35 e 2
34 35 a 1
34 35 b 4
34 30 c 3
34 126 d 4
34 111 e 2
35 36 a 1
35 36 b 4
35 21 c 0
35 80 d 0
35 36 e 0
36 37 a 4
36 37 b 2
36 23 c 4
36 52 d 2
36 104 e 0
37 38 a 1
37 38 b 0
37 94 c 4
37 40 d 2
37 39 e 2
38 39 a 3
38 39 b 4
38 38 c 1
38 78 d 2
38 14 e 4
39 40 a 2
39 40 b 4
39 48 c 2
39 108 d 3
39 17 e 2
40 41 a 0
40 41 b 3
40 64 c 3
40 107 d 0
40 102 e 1
41 42 a 2
41 42 b 3
41 31 c 2
41 88 d 4
41 8 e 2
42 43 a 1
42 43 b 1
42 26 c 1
42 102 d 1
42 54 e 2
43 44 a 2
43 44 b 1
43 128 c 0
43 106 d 2
43 113 e 0
44 45 a 3
44 45 b 1
44 40 c 1
44 93 d 2
44 1 e 3
45 46 a 0
45 46 b 4
45 105 c 0
45 94 d 1
45 113 e 2
46 47 a 3
46 47 b 0
46 33 c 1
46 46 d 0
46 14 e 3
47 48 a 2
47 48 b 4
47 46 c 3
47 50 d 4
47 108 e 3
48 49 a 0
48 49 b 4
48 120 c 3
48 116 d 3
48 97 e 2
49 50 a 4
49 50 b 4
49 101 c 1
49 34 d 4
49 8 e 0
50 51 a 2
50 51 b 4
50 99 c 4
50 14 d 4
50 63 e 2
51 52 a 3
51 52 b 2
51 98 c 1
51 44 d 4
51 41 e 2
52 53 a 0
52 53 b 0
52 87 c 3
52 23 d 0
52 45 e 4
53 54 a 3
53 54 b 3
53 59 c 0
53 13 d 3
53 117 e 3
54 55 a 0
54 55 b 3
54 9 c 0
54 110 d 0
54 112 e 2
55 56 a 1
55 56 b 1
55 67 c 2
55 65 d 0
55 81 e 3
56 57 a 2
56 57 b 1
56 110 c 0
56 46 d 4
56 14 e 2
57 58 a 3
57 58 b 4
57 18 c 4
57 5 d 1
57 97 e 2
58 59 a 3
58 59 b 4
58 59 c 0
58 54 d 0
58 74 e 1
59 60 a 4
59 60 b 3
59 122 c 1
59 87 d 3
59 11 e 0
60 61 a 4
60 61 b 2
60 101 c 2
60 34 d 1
60 43 e 3
61 62 a 2
61 62 b 3
61 18 c 1
61 115 d 4
61 116 e 0
62 63 a 3
62 63 b 0
62 32 c 0
62 78 d 2
62 117 e 1
63 64 a 0
63 64 b 2
63 47 c 1
63 87 d 0
63 128 e 0
64 65 a 1
64 65 b 3
64 99 c 2
64 89 d 2
64 45 e 0
65 66 a 3
65 66 b 4
65 100 c 4
65 64 d 2
65 85 e 0
66 67 a 3
66 67 b 0
66 97 c 3
66 30 d 4
66 24 e 2
67 68 a 2
67 68 b 4
67 9 c 4
67 42 d 4
67 87 e 4
68 69 a 3
68 69 b 3
68 16 c 4
68 60 d 4
68 59 e 1
69 70 a 2
69 70 b 4
69 48 c 1
69 82 d 4
69 45 e 1
70 71 a 4
70 71 b 1
70 37 c 2
70 15 d 3
70 91 e 1
71 72 a 4
71 72 b 4
71 48 c 0
71 54 d 2
71 57 e 1
72 73 a 3
72 73 b 1
72 21 c 0
72 51 d 4
72 126 e 4
73 74 a 1
73 74 b 3
73 29 c 1
73 19 d 0
73 35 e 0
74 75 a 1
74 75 b 1
74 21 c 1
74 7 d 4
74 103 e 2
75 76 a 1
75 76 b 4
75 77 c 0
75 101 d 3
75 78 e 0
76 77 a 3
76 77 b 1
76 26 c 0
76 39 d 1
76 29 e 3
77 78 a 0
77 78 b 4
77 84 c 1
77 106 d 0
77 96 e 0
78 79 a 3
78 79 b 2
78 89 c 2
78 111 d 1
78 100 e 4
79 80 a 0
79 80 b 2
79 8 c 4
79 30 d 2
79 61 e 3
80 81 a 3
80 81 b 0
80 70 c 1
80 126 d 2
80 65 e 4
81 82 a 1
81 82 b 2
81 125 c 2
81 62 d 4
81 11 e 0
82 83 a 0
82 83 b 2
82 24 c 0
82 48 d 2
82 122 e 0
83 84 a 4
83 84 b 3
83 8 c 4
83 72 d 4
83 47 e 4
84 85 a 0
84 85 b 3
84 66 c 4
84 34 d 1
84 18 e 4
85 86 a 4
85 86 b 2
85 63 c 1
85 121 d 4
85 77 e 4
86 87 a 3
86 87 b 2
86 122 c 1
86 48 d 4
86 79 e 3
87 88 a 2
87 88 b 2
87 118 c 0
87 77 d 2
87 75 e 1
88 89 a 1
88 89 b 4
88 53 c 4
88 121 d 0
88 55 e 4
89 90 a 4
89 90 b 1
89 66 c 0
89 2 d 1
89 78 e 4
90 91 a 2
90 91 b 3
90 41 c 4
90 89 d 0
90 14 e 0
91 92 a 2
91 92 b 2
91 121 c 2
91 20 d 4
91 58 e 3
92 93 a 3
92 93 b 0
92 72 c 2
92 109 d 1
92 89 e 2
93 94 a 3
93 94 b 1
93 47 c 4
93 65 d 0
93 53 e 2
94 95 a 3
94 95 b 1
94 74 c 3
94 18 d 2
94 93 e 2
95 96 a 1
95 96 b 0
95 58 c 1
95 5 d 0
95 35 e 1
96 97 a 0
96 97 b 0
96 35 c 2
96 101 d 3
96 31 e 3
97 98 a 1
97 98 b 3
97 46 c 1
97 30 d 3
97 43 e 3
98 99 a 3
98 99 b 3
98 8 c 0
98 66 d 1
98 100 e 3
99 100 a 4
99 100 b 0
99 96 c 1
99 8 d 2
99 47 e 3
100 101 a 3
100 101 b 1
100 109 c 0
100 72 d 4
100 50 e 1
101 102 a 1
101 102 b 0
101 102 c 3
101 1 d 0
101 87 e 3
102 103 a 3
102 103 b 1
102 8 c 2
102 83 d 2
102 77 e 3
103 104 a 4
103 104 b 0
103 20 c 3
103 5 d 0
103 6 e 2
104 105 a 1
104 105 b 0
104 79 c 0
104 128 d 0
104 57 e 3
105 106 a 3
105 106 b 3
105 128 c 0
105 82 d 1
105 98 e 2
106 107 a 2
106 107 b 0
106 117 c 0
106 44 d 3
106 61 e 0
107 108 a 4
107 108 b 0
107 126 c 0
107 100 d 4
107 79 e 2
108 109 a 2
108 109 b 3
108 112 c 3
108 116 d 3
108 93 e 0
109 110 a 0
109 110 b 0
109 35 c 4
109 121 d 4
109 115 e 0
110 111 a 0
110 111 b 4
110 117 c 1
110 53 d 1
110 94 e 1
111 112 a 1
111 112 b 1
111 69 c 4
111 13 d 2
111 51 e 1
112 113 a 4
112 113 b 0
112 121 c 0
112 12 d 1
112 70 e 2
113 114 a 0
113 114 b 0
113 120 c 2
113 94 d 0
113 51 e 4
114 115 a 4
114 115 b 1
114 48 c 4
114 86 d 0
114 88 e 2
115 116 a 4
115 116 b 3
115 18 c 0
115 105 d 3
115 89 e 0
116 117 a 4
116 117 b 1
116 17 c 1
116 48 d 4
116 27 e 0
117 118 a 1
117 118 b 1
117 39 c 2
117 106 d 4
117 73 e 2
118 119 a 0
118 119 b 0
118 80 c 0
118 119 d 1
118 83 e 3
119 120 a 0
119 120 b 0
119 12 c 1
119 94 d 3
119 105 e 1
120 121 a 3
120 121 b 1
120 97 c 4
120 72 d 4
120 5 e 4
121 122 a 1
121 122 b 4
121 87 c 1
121 3 d 0
121 94 e 4
122 123 a 3
122 123 b 0
122 122 c 1
122 128 d 4
122 118 e 2
123 124 a 4
123 124 b 4
123 92 c 3
123 85 d 0
123 13 e 4
124 125 a 1
124 125 b 0
124 16 c 3
124 60 d 0
124 43 e 3
125 126 a 0
125 126 b 1
125 48 c 0
125 18 d 4
125 26 e 3
126 127 a 1
126 127 b 3
126 88 c 0
126 89 d 0
126 105 e 1
127 128 a 0
127 128 b 4
127 41 c 2
127 55 d 1
127 107 e 2
128 1 a 0
128 1 b 2
128 71 c 3
128 116 d 0
128 54 e 4

77 128 640 5 5 0
1 2 a 3
1 2 b 3
1 92 c 4
1 128 d 4
1 36 e 2
2 3 a 4
2 3 b 3
2 18 c 2
2 107 d 4
2 85 e 3
3 4 a 1
3 4 b 3
3 28 c 2
3 106 d 0
3 43 e 4
4 5 a 0
4 5 b 2
4 46 c 0
4 89 d 3
4 77 e 1
5 6 a 1
5 6 b 1
5 128 c 4
5 51 d 3
5 37 e 3
6 7 a 3
6 7 b 4
6 80 c 0
6 28 d 1
6 98 e 3
7 8 a 0
7 8 b 2
7 93 c 3
7 88 d 3
7 118 e 3
8 9 a 0
8 9 b 4
8 108 c 0
8 81 d 3
8 25 e 3
9 10 a 1
9 10 b 3
9 71 c 0
9 21 d 1
9 68 e 1
10 11 a 4
10 11 b 4
10 57 c 4
10 85 d 1
10 55 e 1
11 12 a 1
11 12 b 1
11 19 c 4
11 103 d 4
11 116 e 1
12 13 a 3
12 13 b 1
12 42 c 4
12 69 d 2
12 65 e 3
13 14 a 4
13 14 b 1
13 86 c 1
13 13 d 2
13 42 e 0
14 15 a 0
14 15 b 0
14 117 c 0
14 127 d 1
14 125 e 3
15 16 a 0
15 16 b 1
15 102 c 4
15 1 d 3
15 76 e 0
16 17 a 3
16 17 b 2
16 15 c 0
16 30 d 2
16 110 e 1
17 18 a 1
17 18 b 2
17 88 c 1
17 2 d 4
17 126 e 4
18 19 a 0
18 19 b 0
18 45 c 0
18 128 d 4
18 91 e 1
19 20 a 0
19 20 b 3
19 128 c 2
19 13 d 4
19 39 e 1
20 21 a 3
20 21 b 1
20 68 c 0
20 66 d 4
20 72 e 0
21 22 a 0
21 22 b 4
21 115 c 0
21 94 d 1
21 105 e 0
22 23 a 2
22 23 b 0
22 9 c 3
22 66 d 2
22 122 e 1
23 24 a 1
23 24 b 0
23 6 c 4
23 115 d 1
23 44 e 1
24 25 a 4
24 25 b 1
24 112 c 2
24 27 d 3
24 118 e 2
25 26 a 2
25 26 b 4
25 79 c 3
25 8 d 3
25 19 e 4
26 27 a 0
26 27 b 2
26 48 c 0
26 43 d 3
26 1 e 1
27 28 a 3
27 28 b 3
27 35 c 2
27 27 d 4
27 4 e 0
28 29 a 4
28 29 b 2
28 60 c 4
28 16 d 3
28 33 e 4
29 30 a 4
29 30 b 0
29 21 c 3
29 104 d 1
29 35 e 1
30 31 a 2
30 31 b 3
30 75 c 3
30 37 d 4
30 25 e 1
31 32 a 0
31 32 b 4
31 125 c 4
31 109 d 1
31 86 e 3
32 33 a 4
32 33 b 4
32 80 c 2
32 8 d 2
32 112 e 2
33 34 a 4
33 34 b 2
33 109 c 3
33 102 d 4
33 66 e 1
34 35 a 0
34 35 b 2
34 1 c 3
34 23 d 0
34 106 e 4
35 36 a 4
35 36 b 0
35 60 c 1
35 81 d 2
35 75 e 4
36 37 a 0
36 37 b 3
36 83 c 4
36 109 d 3
36 12 e 2
37 38 a 1
37 38 b 3
37 126 c 4
37 106 d 0
37 23 e 1
38 39 a 1
38 39 b 2
38 123 c 1
38 104 d 2
38 27 e 2
39 40 a 0
39 40 b 4
39 9 c 2
39 47 d 1
39 11 e 4
40 41 a 3
40 41 b 3
40 110 c 3
40 38 d 4
40 28 e 1
41 42 a 2
41 42 b 1
41 113 c 4
41 92 d 1
41 75 e 4
42 43 a 4
42 43 b 4
42 96 c 1
42 2 d 2
42 85 e 0
43 44 a 3
43 44 b 0
43 12 c 0
43 111 d 4
43 61 e 1
44 45 a 0
44 45 b 1
44 72 c 2
44 27 d 2
44 73 e 3
45 46 a 3
45 46 b 4
45 109 c 3
45 36 d 4
45 5 e 2
46 47 a 0
46 47 b 1
46 89 c 2
46 76 d 2
46 63 e 4
47 48 a 0
47 48 b 4
47 108 c 2
47 121 d 1
47 9 e 0
48 49 a 1
48 49 b 2
48 10 c 4
48 52 d 0
48 59 e 0
49 50 a 4
49 50 b 3
49 27 c 0
49 42 d 0
49 110 e 1
50 51 a 4
50 51 b 3
50 14 c 3
50 46 d 2
50 2 e 2
51 52 a 0
51 52 b 2
51 81 c 3
51 53 d 4
51 24 e 0
52 53 a 2
52 53 b 2
52 91 c 3
52 89 d 2
52 25 e 0
53 54 a 4
53 54 b 4
53 35 c 1
53 87 d 3
53 46 e 0
54 55 a 3
54 55 b 3
54 38 c 2
54 16 d 3
54 69 e 3
55 56 a 2
55 56 b 1
55 101 c 2
55 11 d 3
55 18 e 4
56 57 a 0
56 57 b 2
56 100 c 1
56 114 d 1
56 11 e 4
57 58 a 4
57 58 b 2
57 44 c 1
57 17 d 1
57 108 e 3
58 59 a 3
58 59 b 3
58 74 c 4
58 90 d 3
58 49 e 1
59 60 a 3
59 60 b 0
59 77 c 2
59 100 d 3
59 31 e 0
60 61 a 1
60 61 b 2
60 76 c 0
60 103 d 1
60 59 e 3
61 62 a 1
61 62 b 1
61 94 c 3
61 65 d 0
61 80 e 2
62 63 a 3
62 63 b 1
62 33 c 1
62 116 d 0
62 110 e 0
63 64 a 2
63 64 b 0
63 52 c 1
63 38 d 1
63 101 e 2
64 65 a 3
64 65 b 2
64 60 c 1
64 32 d 3
64 78 e 0
65 66 a 1
65 66 b 0
65 99 c 3
65 80 d 0
65 3 e 3
66 67 a 2
66 67 b 2
66 84 c 1
66 71 d 4
66 35 e 0
67 68 a 3
67 68 b 2
67 64 c 3
67 59 d 3
67 15 e 0
68 69 a 4
68 69 b 0
68 92 c 2
68 5 d 0
68 111 e 2
69 70 a 4
69 70 b 3
69 96 c 4
69 36 d 3
69 45 e 0
70 71 a 0
70 71 b 2
70 10 c 4
70 57 d 1
70 120 e 1
71 72 a 4
71 72 b 4
71 25 c 3
71 9 d 3
71 67 e 3
72 73 a 2
72 73 b 2
72 83 c 3
72 127 d 3
72 68 e 0
73 74 a 3
73 74 b 1
73 128 c 2
73 39 d 4
73 117 e 0
74 75 a 2
74 75 b 2
74 108 c 4
74 51 d 2
74 22 e 2
75 76 a 2
75 76 b 1
75 104 c 4
75 122 d 0
75 41 e 1
76 77 a 0
76 77 b 2
76 74 c 2
76 116 d 2
76 117 e 0
77 78 a 3
77 78 b 2
77 104 c 3
77 63 d 0
77 4 e 4
78 79 a 3
78 79 b 3
78 33 c 1
78 30 d 3
78 37 e 4
79 80 a 4
79 80 b 2
79 85 c 0
79 117 d 2
79 107 e 3
80 81 a 3
80 81 b 0
80 104 c 2
80 78 d 3
80 43 e 4
81 82 a 1
81 82 b 1
81 67 c 4
81 86 d 0
81 2 e 0
82 83 a 0
82 83 b 1
82 82 c 2
82 96 d 0
82 76 e 0
83 84 a 0
83 84 b 1
83 7 c 1
83 97 d 4
83 46 e 0
84 85 a 0
84 85 b 0
84 86 c 1
84 115 d 1
84 14 e 1
85 86 a 4
85 86 b 2
85 55 c 3
85 83 d 2
85 22 e 3
86 87 a 4
86 87 b 2
86 39 c 4
86 99 d 3
86 52 e 1
87 88 a 3
87 88 b 2
87 39 c 0
87 40 d 2
87 29 e 4
88 89 a 4
88 89 b 2
88 59 c 4
88 77 d 2
88 69 e 4
89 90 a 4
89 90 b 0
89 108 c 3
89 30 d 1
89 104 e 0
90 91 a 2
90 91 b 1
90 71 c 1
90 13 d 2
90 5 e 1
91 92 a 1
91 92 b 3
91 92 c 2
91 49 d 2
91 93 e 1
92 93 a 0
92 93 b 0
92 64 c 2
92 66 d 1
92 121 e 2
93 94 a 4
93 94 b 1
93 12 c 3
93 31 d 2
93 33 e 3
94 95 a 1
94 95 b 4
94 91 c 0
94 72 d 3
94 102 e 4
95 96 a 0
95 96 b 4
95 79 c 4
95 100 d 2
95 25 e 3
96 97 a 3
96 97 b 3
96 13 c 3
96 60 d 2
96 81 e 4
97 98 a 4
97 98 b 1
97 60 c 0
97 62 d 4
97 105 e 4
98 99 a 1
98 99 b 1
98 10 c 2
98 123 d 3
98 127 e 1
99 100 a 1
99 100 b 4
99 40 c 2
99 41 d 3
99 119 e 4
100 101 a 0
100 101 b 3
100 73 c 2
100 34 d 1
100 118 e 0
101 102 a 4
101 102 b 4
101 38 c 1
101 99 d 3
101 103 e 0
102 103 a 2
102 103 b 4
102 125 c 0
102 14 d 4
102 121 e 2
103 104 a 0
103 104 b 2
103 14 c 2
103 104 d 0
103 31 e 0
104 105 a 3
104 105 b 0
104 28 c 1
104 92 d 3
104 15 e 1
105 106 a 4
105 106 b 1
105 114 c 2
105 118 d 4
105 68 e 4
106 107 a 1
106 107 b 3
106 92 c 4
106 104 d 4
106 124 e 3
107 108 a 4
107 108 b 0
107 41 c 2
107 9 d 3
107 58 e 0
108 109 a 2
108 109 b 4
108 48 c 4
108 81 d 1
108 69 e 1
109 110 a 0
109 110 b 4
109 72 c 2
109 95 d 0
109 39 e 1
110 111 a 1
110 111 b 1
110 78 c 2
110 115 d 4
110 47 e 3
111 112 a 2
111 112 b 1
111 34 c 4
111 116 d 4
111 112 e 1
112 113 a 1
112 113 b 4
112 42 c 0
112 107 d 1
112 64 e 0
113 114 a 2
113 114 b 3
113 78 c 1
113 6 d 1
113 57 e 2
114 115 a 2
114 115 b 1
114 123 c 1
114 22 d 1
114 59 e 1
115 116 a 1
115 116 b 4
115 33 c 3
115 18 d 0
115 104 e 0
116 117 a 1
116 117 b 0
116 53 c 4
116 17 d 4
116 39 e 4
117 118 a 1
117 118 b 4
117 47 c 4
117 83 d 4
117 34 e 2
118 119 a 2
118 119 b 1
118 12 c 1
118 57 d 4
118 72 e 4
119 120 a 3
119 120 b 3
119 77 c 3
119 73 d 1
119 75 e 1
120 121 a 1
120 121 b 2
120 119 c 4
120 43 d 2
120 34 e 3
121 122 a 4
121 122 b 2
121 17 c 3
121 47 d 0
121 9 e 1
122 123 a 1
122 123 b 0
122 41 c 3
122 68 d 1
122 125 e 3
123 124 a 2
123 124 b 4
123 79 c 3
123 2 d 4
123 64 e 3
124 125 a 2
124 125 b 4
124 24 c 4
124 34 d 4
124 91 e 1
125 126 a 2
125 126 b 4
125 29 c 1
125 128 d 4
125 22 e 1
126 127 a 2
126 127 b 4
126 121 c 3
126 32 d 2
126 2 e 4
127 128 a 4
127 128 b 4
127 78 c 4
127 38 d 3
127 112 e 3
128 1 a 0
128 1 b 0
128 65 c 4
128 92 d 4
128 119 e 0

78 128 640 5 5 0
1 2 a 0
1 2 b 4
1 122 c 4
1 48 d 0
1 115 e 3
2 3 a 2
2 3 b 3
2 37 c 2
2 51 d 4
2 128 e 4
3 4 a 2
3 4 b 3
3 115 c 4
3 27 d 0
3 3 e 2
4 5 a 0
4 5 b 3
4 26 c 2
4 66 d 0
4 33 e 4
5 6 a 1
5 6 b 3
5 80 c 2
5 37 d 3
5 69 e 3
6 7 a 3
6 7 b 0
6 84 c 0
6 102 d 2
6 31 e 2
7 8 a 2
7 8 b 1
7 102 c 0
7 75 d 3
7 32 e 2
8 9 a 0
8 9 b 1
8 74 c 1
8 60 d 4
8 127 e 2
9 10 a 2
9 10 b 4
9 73 c 4
9 73 d 2
9 55 e 1
10 11 a 4
10 11 b 1
10 47 c 3
10 34 d 4
10 6 e 3
11 12 a 4
11 12 b 1
11 78 c 0
11 28 d 0
11 111 e 4
12 13 a 3
12 13 b 1
12 122 c 1
12 51 d 0
12 57 e 4
13 14 a 2
13 14 b 2
13 11 c 2
13 2 d 0
13 110 e 3
14 15 a 2
14 15 b 3
14 94 c 4
14 77 d 4
14 94 e 1
15 16 a 4
15 16 b 4
15 84 c 3
15 120 d 1
15 25 e 4
16 17 a 2
16 17 b 0
16 81 c 1
16 13 d 4
16 120 e 3
17 18 a 1
17 18 b 3
17 62 c 2
17 58 d 4
17 21 e 1
18 19 a 2
18 19 b 3
18 8 c 3
18 80 d 0
18 78 e 0
19 20 a 2
19 20 b 0
19 31 c 2
19 70 d 0
19 70 e 2
20 21 a 3
20 21 b 1
20 120 c 2
20 52 d 1
20 100 e 0
21 22 a 1
21 22 b 2
21 11 c 4
21 88 d 0
21 82 e 3
22 23 a 0
22 23 b 3
22 85 c 3
22 20 d 1
22 127 e 1
23 24 a 3
23 24 b 4
23 88 c 4
23 110 d 4
23 29 e 0
24 25 a 2
24 25 b 2
24 22 c 2
24 14 d 2
24 36 e 1
25 26 a 2
25 26 b 4
25 26 c 4
25 68 d 2
25 77 e 0
26 27 a 3
26 27 b 3
26 111 c 0
26 128 d 1
26 24 e 0
27 28 a 2
27 28 b 1
27 38 c 3
27 87 d 4
27 71 e 1
28 29 a 2
28 29 b 4
28 84 c 2
28 5 d 0
28 97 e 4
29 30 a 1
29 30 b 2
29 18 c 1
29 102 d 4
29 48 e 2
30 31 a 0
30 31 b 4
30 123 c 1
30 123 d 1
30 66 e 2
31 32 a 3
31 32 b 0
31 50 c 4
31 107 d 1
31 108 e 0
32 33 a 2
32 33 b 1
32 90 c 0
32 128 d 4
32 66 e 4
33 34 a 1
33 34 b 2
33 27 c 4
33 38 d 2
33 32 e 3
34 35 a 4
34 35 b 0
34 36 c 2
34 111 d 3
34 37 e 2
35 36 a 3
35 36 b 3
35 35 c 0
35 17 d 1
35 50 e 4
36 37 a 0
36 37 b 1
36 79 c 2
36 102 d 1
36 112 e 0
37 38 a 2
37 38 b 4
37 95 c 3
37 108 d 2
37 71 e 2
38 39 a 0
38 39 b 0
38 15 c 2
38 67 d 3
38 104 e 2
39 40 a 4
39 40 b 4
39 34 c 1
39 49 d 0
39 68 e 4
40 41 a 0
40 41 b 1
40 91 c 2
40 33 d 4
40 18 e 2
41 42 a 4
41 42 b 3
41 3 c 1
41 32 d 3
41 77 e 0
42 43 a 3
42 43 b 4
42 103 c 4
42 95 d 1
42 52 e 0
43 44 a 2
43 44 b 3
43 87 c 0
43 52 d 3
43 72 e 1
44 45 a 3
44 45 b 0
44 39 c 0
44 24 d 0
44 81 e 0
45 46 a 0
45 46 b 4
45 50 c 2
45 42 d 4
45 90 e 3
46 47 a 1
46 47 b 0
46 82 c 3
46 43 d 1
46 48 e 4
47 48 a 1
47 48 b 3
47 105 c 0
47 128 d 4
47 103 e 3
48 49 a 1
48 49 b 3
48 91 c 3
48 51 d 0
48 85 e 3
49 50 a 4
49 50 b 3
49 18 c 4
49 114 d 0
49 20 e 0
50 51 a 1
50 51 b 1
50 120 c 2
50 15 d 2
50 5 e 2
51 52 a 2
51 52 b 3
51 1 c 2
51 126 d 4
51 72 e 3
52 53 a 0
52 53 b 1
52 31 c 1
52 90 d 0
52 69 e 2
53 54 a 0
53 54 b 3
53 75 c 4
53 96 d 1
53 38 e 1
54 55 a 3
54 55 b 0
54 3 c 2
54 115 d 4
54 90 e 4
55 56 a 2
55 56 b 3
55 70 c 2
55 22 d 2
55 20 e 1
56 57 a 4
56 57 b 3
56 25 c 1
56 117 d 0
56 73 e 0
57 58 a 3
57 58 b 1
57 6 c 1
57 93 d 4
57 54 e 0
58 59 a 2
58 59 b 4
58 24 c 3
58 63 d 3
58 88 e 0
59 60 a 3
59 60 b 1
59 97 c 4
59 49 d 1
59 114 e 2
60 61 a 2
60 61 b 0
60 116 c 3
60 108 d 2
60 11 e 4
61 62 a 4
61 62 b 2
61 107 c 4
61 79 d 3
61 109 e 0
62 63 a 1
62 63 b 0
62 97 c 3
62 91 d 2
62 38 e 0
63 64 a 1
63 64 b 1
63 121 c 4
63 53 d 3
63 11 e 0
64 65 a 3
64 65 b 4
64 86 c 3
64 39 d 2
64 48 e 2
65 66 a 3
65 66 b 2
65 33 c 2
65 32 d 0
65 114 e 3
66 67 a 3
66 67 b 0
66 6 c 3
66 47 d 0
66 110 e 4
67 68 a 4
67 68 b 0
67 55 c 3
67 12 d 1
67 6 e 4
68 69 a 0
68 69 b 2
68 104 c 0
68 15 d 2
68 99 e 2
69 70 a 2
69 70 b 4
69 81 c 2
69 54 d 4
69 110 e 0
70 71 a 3
70 71 b 3
70 47 c 2
70 35 d 1
70 85 e 1
71 72 a 3
71 72 b 3
71 67 c 1
71 28 d 0
71 12 e 0
72 73 a 4
72 73 b 0
72 81 c 4
72 10 d 1
72 74 e 4
73 74 a 3
73 74 b 1
73 34 c 0
73 123 d 1
73 8 e 2
74 75 a 2
74 75 b 1
74 3 c 3
74 32 d 0
74 5 e 1
75 76 a 1
75 76 b 2
75 68 c 1
75 79 d 1
75 69 e 4
76 77 a 4
76 77 b 2
76 57 c 2
76 1 d 4
76 13 e 0
77 78 a 3
77 78 b 1
77 61 c 4
77 85 d 2
77 105 e 3
78 79 a 1
78 79 b 0
78 42 c 2
78 12 d 4
78 38 e 0
79 80 a 3
79 80 b 0
79 98 c 4
79 11 d 1
79 88 e 2
80 81 a 4
80 81 b 3
80 74 c 1
80 93 d 2
80 85 e 1
81 82 a 4
81 82 b 3
81 73 c 1
81 46 d 3
81 56 e 3
82 83 a 0
82 83 b 3
82 77 c 3
82 81 d 3
82 95 e 3
83 84 a 3
83 84 b 4
83 70 c 3
83 58 d 2
83 110 e 2
84 85 a 4
84 85 b 0
84 42 c 2
84 4 d 3
84 74 e 2
85 86 a 4
85 86 b 4
85 111 c 3
85 109 d 0
85 30 e 1
86 87 a 1
86 87 b 4
86 20 c 3
86 85 d 2
86 89 e 1
87 88 a 0
87 88 b 2
87 24 c 2
87 67 d 3
87 46 e 0
88 89 a 0
88 89 b 2
88 1 c 1
88 96 d 0
88 19 e 0
89 90 a 4
89 90 b 4
89 87 c 0
89 122 d 3
89 67 e 2
90 91 a 2
90 91 b 0
90 38 c 0
90 2 d 1
90 60 e 1
91 92 a 3
91 92 b 0
91 127 c 0
91 14 d 0
91 65 e 4
92 93 a 0
92 93 b 4
92 120 c 3
92 88 d 2
92 89 e 2
93 94 a 2
93 94 b 2
93 40 c 3
93 61 d 2
93 78 e 0
94 95 a 0
94 95 b 3
94 44 c 4
94 62 d 2
94 47 e 4
95 96 a 2
95 96 b 1
95 36 c 1
95 3 d 2
95 78 e 4
96 97 a 4
96 97 b 4
96 54 c 2
96 83 d 3
96 67 e 2
97 98 a 3
97 98 b 2
97 10 c 1
97 30 d 0
97 103 e 3
98 99 a 0
98 99 b 2
98 77 c 2
98 115 d 4
98 90 e 4
99 100 a 2
99 100 b 3
99 47 c 4
99 10 d 2
99 126 e 4
100 101 a 4
100 101 b 1
100 100 c 1
100 59 d 0
100 122 e 0
101 102 a 0
101 102 b 3
101 39 c 0
101 5 d 0
101 56 e 4
102 103 a 0
102 103 b 2
102 50 c 1
102 8 d 1
102 102 e 1
103 104 a 0
103 104 b 1
103 71 c 0
103 11 d 2
103 121 e 3
104 105 a 3
104 105 b 4
104 42 c 2
104 119 d 0
104 37 e 2
105 106 a 0
105 106 b 2
105 36 c 3
105 90 d 0
105 102 e 0
106 107 a 4
106 107 b 0
106 2 c 1
106 101 d 0
106 123 e 0
107 108 a 2
107 108 b 2
107 20 c 2
107 110 d 0
107 102 e 2
108 109 a 0
108 109 b 1
108 47 c 4
108 111 d 0
108 109 e 2
109 110 a 4
109 110 b 4
109 44 c 0
109 5 d 2
109 28 e 0
110 111 a 4
110 111 b 2
110 102 c 4
110 114 d 1
110 64 e 1
111 112 a 4
111 112 b 1
111 64 c 0
111 27 d 1
111 109 e 2
112 113 a 0
112 113 b 3
112 28 c 3
112 11 d 0
112 122 e 3
113 114 a 0
113 114 b 1
113 101 c 2
113 110 d 4
113 128 e 0
114 115 a 0
114 115 b 3
114 6 c 3
114 23 d 4
114 94 e 0
115 116 a 4
115 116 b 0
115 112 c 4
115 122 d 2
115 56 e 1
116 117 a 4
116 117 b 4
116 24 c 4
116 51 d 4
116 115 e 2
117 118 a 1
117 118 b 2
117 119 c 0
117 125 d 1
117 58 e 1
118 119 a 4
118 119 b 2
118 9 c 0
118 60 d 3
118 125 e 0
119 120 a 0
119 120 b 3
119 78 c 1
119 116 d 4
119 108 e 1
120 121 a 2
120 121 b 0
120 76 c 3
120 79 d 4
120 128 e 3
121 122 a 3
121 122 b 4
121 11 c 0
121 27 d 0
121 115 e 2
122 123 a 0
122 123 b 2
122 24 c 0
122 73 d 0
122 67 e 3
123 124 a 0
123 124 b 2
123 2 c 1
123 111 d 2
123 52 e 4
124 125 a 2
124 125 b 4
124 96 c 4
124 71 d 4
124 75 e 4
125 126 a 1
125 126 b 3
125 73 c 4
125 46 d 3
125 83 e 2
126 127 a 4
126 127 b 4
126 90 c 1
126 38 d 4
126 91 e 1
127 128 a 0
127 128 b 0
127 52 c 1
127 84 d 4
127 54 e 0
128 1 a 2
128 1 b 4
128 123 c 4
128 3 d 3
128 121 e 3

79 128 640 5 5 0
1 2 a 4
1 2 b 3
1 88 c 4
1 31 d 4
1 1 e 1
2 3 a 3
2 3 b 1
2 120 c 1
2 59 d 1
2 107 e 3
3 4 a 0
3 4 b 3
3 11 c 3
3 12 d 2
3 26 e 1
4 5 a 2
4 5 b 1
4 69 c 0
4 107 d 4
4 53 e 3
5 6 a 4
5 6 b 0
5 97 c 1
5 87 d 1
5 38 e 4
6 7 a 4
6 7 b 1
6 25 c 3
6 112 d 3
6 28 e 3
7 8 a 2
7 8 b 2
7 47 c 4
7 126 d 0
7 9 e 1
8 9 a 3
8 9 b 0
8 104 c 3
8 104 d 2
8 37 e 4
9 10 a 3
9 10 b 4
9 11 c 1
9 61 d 0
9 105 e 4
10 11 a 3
10 11 b 2
10 102 c 4
10 46 d 2
10 21 e 2
11 12 a 3
11 12 b 2
11 73 c 2
11 17 d 0
11 43 e 4
12 13 a 0
12 13 b 2
12 9 c 1
12 96 d 2
12 113 e 3
13 14 a 4
13 14 b 0
13 127 c 1
13 56 d 2
13 115 e 2
14 15 a 0
14 15 b 4
14 6 c 4
14 91 d 1
14 127 e 0
15 16 a 3
15 16 b 3
15 1 c 3
15 47 d 3
15 39 e 3
16 17 a 0
16 17 b 1
16 83 c 2
16 61 d 2
16 66 e 0
17 18 a 0
17 18 b 0
17 100 c 1
17 50 d 1
17 107 e 3
18 19 a 0
18 19 b 4
18 34 c 0
18 97 d 1
18 1 e 2
19 20 a 1
19 20 b 4
19 126 c 3
19 63 d 0
19 37 e 4
20 21 a 2
20 21 b 3
20 107 c 4
20 101 d 0
20 64 e 4
21 22 a 0
21 22 b 2
21 99 c 0
21 18 d 3
21 122 e 3
22 23 a 0
22 23 b 4
22 98 c 4
22 38 d 3
22 68 e 1
23 24 a 4
23 24 b 1
23 105 c 1
23 40 d 4
23 79 e 4
24 25 a 0
24 25 b 4
24 124 c 2
24 66 d 4
24 18 e 1
25 26 a 2
25 26 b 3
25 36 c 0
25 64 d 0
25 72 e 2
26 27 a 0
26 27 b 3
26 109 c 4
26 20 d 4
26 111 e 1
27 28 a 3
27 28 b 1
27 105 c 2
27 84 d 1
27 75 e 2
28 29 a 0
28 29 b 2
28 44 c 0
28 58 d 0
28 97 e 4
29 30 a 2
29 30 b 0
29 78 c 1
29 35 d 2
29 124 e 1
30 31 a 1
30 31 b 1
30 108 c 4
30 18 d 4
30 43 e 2
31 32 a 4
31 32 b 0
31 39 c 3
31 42 d 0
31 65 e 4
32 33 a 0
32 33 b 0
32 35 c 2
32 55 d 1
32 84 e 3
33 34 a 2
33 34 b 0
33 9 c 1
33 37 d 4
33 63 e 2
34 35 a 2
34 35 b 1
34 6 c 4
34 7 d 4
34 32 e 3
35 36 a 2
35 36 b 2
35 74 c 1
35 18 d 1
35 90 e 2
36 37 a 1
36 37 b 2
36 10 c 0
36 32 d 1
36 20 e 2
37 38 a 3
37 38 b 0
37 127 c 0
37 45 d 0
37 56 e 0
38 39 a 4
38 39 b 0
38 100 c 0
38 93 d 4
38 117 e 2
39 40 a 0
39 40 b 3
39 123 c 4
39 116 d 4
39 61 e 4
40 41 a 2
40 41 b 1
40 9 c 3
40 93 d 1
40 72 e 1
41 42 a 1
41 42 b 2
41 85 c 2
41 36 d 0
41 16 e 0
42 43 a 0
42 43 b 3
42 46 c 0
42 123 d 2
42 83 e 4
43 44 a 2
43 44 b 3
43 98 c 4
43 56 d 1
43 20 e 4
44 45 a 4
44 45 b 3
44 71 c 1
44 85 d 2
44 25 e 0
45 46 a 4
45 46 b 3
45 54 c 2
45 112 d 4
45 110 e 4
46 47 a 0
46 47 b 0
46 11 c 2
46 73 d 3
46 97 e 3
47 48 a 2
47 48 b 0
47 38 c 0
47 71 d 3
47 4 e 1
48 49 a 4
48 49 b 2
48 109 c 1
48 114 d 0
48 47 e 0
49 50 a 0
49 50 b 3
49 72 c 4
49 122 d 0
49 123 e 1
50 51 a 2
50 51 b 2
50 35 c 2
50 47 d 2
50 72 e 3
51 52 a 1
51 52 b 0
51 112 c 4
51 7 d 2
51 55 e 0
52 53 a 3
52 53 b 0
52 34 c 0
52 27 d 2
52 49 e 1
53 54 a 4
53 54 b 4
53 51 c 2
53 42 d 1
53 94 e 2
54 55 a 4
54 55 b 2
54 31 c 2
54 21 d 2
54 47 e 2
55 56 a 2
55 56 b 1
55 103 c 3
55 97 d 0
55 85 e 3
56 57 a 3
56 57 b 3
56 15 c 1
56 56 d 0
56 71 e 4
57 58 a 1
57 58 b 3
57 32 c 1
57 105 d 2
57 64 e 1
58 59 a 0
58 59 b 4
58 39 c 3
58 99 d 1
58 63 e 1
59 60 a 4
59 60 b 3
59 52 c 2
59 61 d 0
59 5 e 4
60 61 a 0
60 61 b 0
60 92 c 0
60 50 d 1
60 27 e 2
61 62 a 2
61 62 b 1
61 55 c 1
61 29 d 4
61 73 e 3
62 63 a 4
62 63 b 3
62 98 c 4
62 1 d 1
62 31 e 1
63 64 a 1
63 64 b 3
63 126 c 2
63 4 d 1
63 112 e 0
64 65 a 3
64 65 b 2
64 48 c 0
64 111 d 1
64 82 e 1
65 66 a 3
65 66 b 0
65 31 c 4
65 47 d 2
65 32 e 1
66 67 a 3
66 67 b 3
66 121 c 4
66 87 d 2
66 121 e 3
67 68 a 0
67 68 b 3
67 110 c 2
67 28 d 4
67 62 e 2
68 69 a 0
68 69 b 4
68 51 c 3
68 88 d 2
68 23 e 3
69 70 a 0
69 70 b 0
69 1 c 1
69 8 d 0
69 110 e 2
70 71 a 3
70 71 b 1
70 19 c 2
70 78 d 1
70 114 e 1
71 72 a 1
71 72 b 3
71 44 c 4
71 111 d 4
71 22 e 0
72 73 a 4
72 73 b 0
72 14 c 4
72 85 d 2
72 16 e 4
73 74 a 0
73 74 b 0
73 4 c 0
73 14 d 1
73 90 e 0
74 75 a 2
74 75 b 4
74 89 c 0
74 76 d 3
74 52 e 2
75 76 a 4
75 76 b 2
75 95 c 4
75 100 d 4
75 32 e 2
76 77 a 2
76 77 b 1
76 105 c 1
76 79 d 4
76 101 e 0
77 78 a 2
77 78 b 3
77 81 c 2
77 43 d 2
77 13 e 3
78 79 a 1
78 79 b 0
78 115 c 4
78 58 d 2
78 103 e 2
79 80 a 2
79 80 b 4
79 47 c 2
79 98 d 4
79 6 e 3
80 81 a 1
80 81 b 4
80 107 c 3
80 44 d 0
80 63 e 0
81 82 a 4
81 82 b 1
81 15 c 4
81 70 d 3
81 47 e 3
82 83 a 3
82 83 b 3
82 8 c 2
82 1 d 1
82 50 e 4
83 84 a 1
83 84 b 0
83 70 c 3
83 83 d 3
83 109 e 0
84 85 a 4
84 85 b 2
84 61 c 4
84 86 d 1
84 70 e 4
85 86 a 2
85 86 b 2
85 103 c 0
85 71 d 4
85 103 e 1
86 87 a 3
86 87 b 3
86 64 c 2
86 7 d 2
86 62 e 1
87 88 a 3
87 88 b 4
87 73 c 4
87 30 d 3
87 127 e 1
88 89 a 2
88 89 b 4
88 7 c 1
88 51 d 0
88 33 e 2
89 90 a 1
89 90 b 2
89 1 c 0
89 21 d 0
89 93 e 3
90 91 a 2
90 91 b 1
90 69 c 3
90 54 d 0
90 51 e 3
91 92 a 3
91 92 b 2
91 99 c 4
91 43 d 1
91 100 e 3
92 93 a 2
92 93 b 0
92 112 c 0
92 45 d 3
92 121 e 2
93 94 a 0
93 94 b 4
93 4 c 4
93 26 d 2
93 58 e 2
94 95 a 0
94 95 b 3
94 60 c 3
94 117 d 0
94 56 e 3
95 96 a 0
95 96 b 0
95 58 c 2
95 98 d 3
95 68 e 4
96 97 a 2
96 97 b 3
96 32 c 2
96 43 d 3
96 117 e 2
97 98 a 3
97 98 b 3
97 25 c 2
97 61 d 4
97 38 e 4
98 99 a 1
98 99 b 3
98 80 c 2
98 43 d 3
98 117 e 0
99 100 a 3
99 100 b 1
99 118 c 3
99 43 d 3
99 70 e 2
100 101 a 1
100 101 b 3
100 64 c 2
100 20 d 4
100 62 e 4
101 102 a 1
101 102 b 0
101 103 c 3
101 102 d 1
101 72 e 2
102 103 a 2
102 103 b 2
102 39 c 0
102 66 d 4
102 19 e 2
103 104 a 0
103 104 b 4
103 64 c 4
103 110 d 4
103 18 e 4
104 105 a 2
104 105 b 0
104 120 c 3
104 82 d 4
104 123 e 4
105 106 a 3
105 106 b 0
105 23 c 2
105 125 d 1
105 73 e 0
106 107 a 4
106 107 b 3
106 105 c 2
106 33 d 4
106 58 e 4
107 108 a 1
107 108 b 0
107 64 c 3
107 19 d 3
107 81 e 2
108 109 a 0
108 109 b 2
108 111 c 4
108 76 d 2
108 85 e 1
109 110 a 0
109 110 b 0
109 80 c 3
109 107 d 4
109 80 e 0
110 111 a 3
110 111 b 4
110 63 c 4
110 48 d 4
110 17 e 3
111 112 a 0
111 112 b 4
111 29 c 1
111 2 d 1
111 43 e 2
112 113 a 0
112 113 b 0
112 78 c 4
112 106 d 4
112 116 e 0
113 114 a 4
113 114 b 2
113 59 c 1
113 22 d 4
113 6 e 3
114 115 a 3
114 115 b 3
114 81 c 4
114 87 d 1
114 65 e 0
115 116 a 1
115 116 b 1
115 127 c 0
115 35 d 2
115 71 e 0
116 117 a 1
116 117 b 2
116 60 c 4
116 20 d 1
116 127 e 4
117 118 a 4
117 118 b 1
117 127 c 3
117 103 d 2
117 19 e 2
118 119 a 3
118 119 b 2
118 70 c 4
118 126 d 1
118 113 e 3
119 120 a 3
119 120 b 0
119 16 c 2
119 94 d 4
119 78 e 4
120 121 a 0
120 121 b 2
120 98 c 4
120 50 d 4
120 30 e 1
121 122 a 1
121 122 b 0
121 69 c 3
121 70 d 4
121 30 e 2
122 123 a 1
122 123 b 0
122 70 c 2
122 13 d 4
122 74 e 2
123 124 a 1
123 124 b 2
123 117 c 2
123 28 d 4
123 103 e 0
124 125 a 0
124 125 b 3
124 103 c 2
124 44 d 0
124 123 e 0
125 126 a 0
125 126 b 3
125 53 c 1
125 28 d 2
125 79 e 4
126 127 a 2
126 127 b 0
126 123 c 3
126 108 d 0
126 116 e 4
127 128 a 1
127 128 b 4
127 89 c 1
127 67 d 2
127 59 e 4
128 1 a 3
128 1 b 1
128 117 c 2
128 106 d 2
128 59 e 3

80 128 640 5 5 0
1 2 a 3
1 2 b 0
1 118 c 1
1 79 d 0
1 79 e 0
2 3 a 4
2 3 b 4
2 10 c 4
2 4 d 1
2 22 e 0
3 4 a 3
3 4 b 1
3 98 c 4
3 61 d 0
3 114 e 1
4 5 a 1
4 5 b 2
4 49 c 2
4 85 d 3
4 9 e 4
5 6 a 0
5 6 b 4
5 49 c 3
5 73 d 3
5 70 e 0
6 7 a 2
6 7 b 4
6 30 c 4
6 59 d 2
6 89 e 4
7 8 a 3
7 8 b 0
7 56 c 1
7 112 d 0
7 51 e 3
8 9 a 0
8 9 b 4
8 69 c 0
8 83 d 1
8 11 e 4
9 10 a 4
9 10 b 4
9 13 c 3
9 112 d 1
9 92 e 3
10 11 a 3
10 11 b 2
10 93 c 2
10 122 d 0
10 100 e 0
11 12 a 0
11 12 b 3
11 4 c 2
11 70 d 3
11 38 e 1
12 13 a 0
12 13 b 1
12 89 c 3
12 77 d 0
12 105 e 4
13 14 a 3
13 14 b 1
13 51 c 4
13 46 d 1
13 55 e 4
14 15 a 4
14 15 b 1
14 111 c 2
14 42 d 0
14 96 e 0
15 16 a 2
15 16 b 3
15 110 c 1
15 38 d 3
15 116 e 4
16 17 a 1
16 17 b 0
16 20 c 3
16 44 d 2
16 76 e 4
17 18 a 1
17 18 b 2
17 74 c 3
17 106 d 3
17 2 e 0
18 19 a 4
18 19 b 0
18 125 c 2
18 49 d 3
18 116 e 2
19 20 a 1
19 20 b 3
19 29 c 2
19 119 d 3
19 69 e 2
20 21 a 2
20 21 b 0
20 31 c 0
20 86 d 4
20 92 e 2
21 22 a 2
21 22 b 2
21 123 c 1
21 12 d 2
21 99 e 2
22 23 a 1
22 23 b 4
22 47 c 2
22 121 d 3
22 73 e 1
23 24 a 4
23 24 b 2
23 58 c 3
23 35 d 4
23 64 e 1
24 25 a 3
24 25 b 3
24 33 c 4
24 53 d 2
24 64 e 2
25 26 a 4
25 26 b 1
25 110 c 2
25 123 d 0
25 2 e 3
26 27 a 2
26 27 b 2
26 44 c 2
26 104 d 4
26 6 e 4
27 28 a 1
27 28 b 2
27 108 c 2
27 17 d 4
27 14 e 3
28 29 a 4
28 29 b 4
28 67 c 1
28 48 d 1
28 33 e 2
29 30 a 1
29 30 b 2
29 74 c 1
29 33 d 0
29 8 e 1
30 31 a 2
30 31 b 1
30 29 c 1
30 104 d 2
30 84 e 0
31 32 a 0
31 32 b 0
31 92 c 2
31 41 d 1
31 86 e 4
32 33 a 4
32 33 b 3
32 45 c 0
32 46 d 1
32 38 e 4
33 34 a 4
33 34 b 1
33 56 c 1
33 101 d 1
33 29 e 0
34 35 a 3
34 35 b 0
34 41 c 4
34 96 d 4
34 91 e 2
35 36 a 0
35 36 b 3
35 50 c 4
35 83 d 1
35 65 e 4
36 37 a 2
36 37 b 0
36 6 c 3
36 25 d 1
36 120 e 1
37 38 a 2
37 38 b 3
37 95 c 3
37 47 d 0
37 104 e 2
38 39 a 2
38 39 b 0
38 121 c 0
38 55 d 1
38 66 e 4
39 40 a 2
39 40 b 2
39 21 c 0
39 119 d 0
39 119 e 2
40 41 a 1
40 41 b 3
40 119 c 0
40 88 d 4
40 62 e 1
41 42 a 4
41 42 b 0
41 104 c 1
41 103 d 3
41 18 e 1
42 43 a 4
42 43 b 1
42 52 c 2
42 87 d 3
42 50 e 0
43 44 a 1
43 44 b 0
43 45 c 2
43 125 d 1
43 31 e 4
44 45 a 2
44 45 b 2
44 39 c 0
44 83 d 1
44 33 e 3
45 46 a 2
45 46 b 0
45 122 c 4
45 118 d 4
45 66 e 1
46 47 a 1
46 47 b 1
46 3 c 2
46 39 d 3
46 82 e 0
47 48 a 3
47 48 b 3
47 35 c 3
47 77 d 1
47 98 e 0
48 49 a 4
48 49 b 2
48 63 c 4
48 114 d 3
48 73 e 2
49 50 a 0
49 50 b 4
49 62 c 0
49 66 d 3
49 33 e 0
50 51 a 4
50 51 b 1
50 14 c 4
50 15 d 1
50 75 e 2
51 52 a 2
51 52 b 4
51 31 c 2
51 80 d 2
51 103 e 3
52 53 a 0
52 53 b 4
52 102 c 0
52 29 d 4
52 93 e 1
53 54 a 1
53 54 b 0
53 91 c 3
53 52 d 1
53 87 e 2
54 55 a 2
54 55 b 3
54 124 c 1
54 119 d 4
54 68 e 0
55 56 a 0
55 56 b 1
55 72 c 1
55 108 d 1
55 87 e 3
56 57 a 2
56 57 b 0
56 69 c 3
56 60 d 2
56 5 e 4
57 58 a 1
57 58 b 2
57 122 c 1
57 52 d 0
57 11 e 1
58 59 a 1
58 59 b 4
58 118 c 4
58 71 d 4
58 102 e 1
59 60 a 3
59 60 b 0
59 71 c 2
59 10 d 1
59 89 e 3
60 61 a 1
60 61 b 1
60 3 c 3
60 55 d 1
60 107 e 3
61 62 a 1
61 62 b 1
61 67 c 1
61 43 d 1
61 102 e 3
62 63 a 3
62 63 b 2
62 35 c 0
62 103 d 4
62 88 e 1
63 64 a 3
63 64 b 3
63 67 c 4
63 19 d 0
63 22 e 4
64 65 a 2
64 65 b 0
64 73 c 1
64 118 d 2
64 52 e 2
65 66 a 4
65 66 b 2
65 93 c 0
65 127 d 2
65 15 e 1
66 67 a 4
66 67 b 0
66 44 c 3
66 64 d 3
66 67 e 0
67 68 a 0
67 68 b 3
67 101 c 1
67 109 d 3
67 53 e 3
68 69 a 1
68 69 b 4
68 63 c 0
68 97 d 4
68 11 e 3
69 70 a 1
69 70 b 1
69 113 c 4
69 26 d 2
69 46 e 3
70 71 a 2
70 71 b 4
70 56 c 2
70 56 d 4
70 79 e 3
71 72 a 3
71 72 b 3
71 85 c 1
71 2 d 3
71 95 e 0
72 73 a 0
72 73 b 4
72 12 c 1
72 97 d 1
72 22 e 2
73 74 a 2
73 74 b 3
73 38 c 4
73 98 d 1
73 109 e 4
74 75 a 4
74 75 b 1
74 112 c 0
74 56 d 1
74 35 e 2
75 76 a 2
75 76 b 3
75 58 c 4
75 56 d 3
75 60 e 0
76 77 a 0
76 77 b 1
76 89 c 4
76 92 d 2
76 125 e 3
77 78 a 3
77 78 b 3
77 37 c 3
77 65 d 1
77 114 e 1
78 79 a 0
78 79 b 4
78 123 c 2
78 41 d 2
78 104 e 0
79 80 a 2
79 80 b 2
79 61 c 1
79 121 d 3
79 115 e 3
80 81 a 3
80 81 b 2
80 77 c 0
80 59 d 4
80 105 e 4
81 82 a 3
81 82 b 4
81 22 c 3
81 30 d 2
81 101 e 1
82 83 a 1
82 83 b 3
82 3 c 4
82 113 d 0
82 69 e 3
83 84 a 3
83 84 b 1
83 5 c 1
83 44 d 4
83 45 e 4
84 85 a 1
84 85 b 2
84 17 c 1
84 103 d 2
84 2 e 0
85 86 a 3
85 86 b 0
85 31 c 3
85 96 d 2
85 111 e 1
86 87 a 2
86 87 b 2
86 45 c 3
86 122 d 2
86 99 e 1
87 88 a 2
87 88 b 3
87 59 c 1
87 57 d 1
87 17 e 3
88 89 a 2
88 89 b 0
88 76 c 4
88 71 d 4
88 111 e 2
89 90 a 3
89 90 b 0
89 107 c 0
89 113 d 1
89 56 e 3
90 91 a 3
90 91 b 1
90 35 c 1
90 42 d 4
90 106 e 4
91 92 a 2
91 92 b 1
91 6 c 0
91 7 d 3
91 72 e 4
92 93 a 2
92 93 b 1
92 39 c 2
92 66 d 3
92 89 e 0
93 94 a 4
93 94 b 2
93 32 c 2
93 56 d 3
93 103 e 3
94 95 a 3
94 95 b 1
94 13 c 1
94 107 d 0
94 1 e 3
95 96 a 0
95 96 b 3
95 15 c 3
95 128 d 0
95 121 e 3
96 97 a 4
96 97 b 3
96 74 c 4
96 66 d 3
96 103 e 2
97 98 a 2
97 98 b 1
97 103 c 4
97 29 d 2
97 36 e 0
98 99 a 4
98 99 b 2
98 18 c 4
98 36 d 1
98 80 e 3
99 100 a 4
99 100 b 4
99 125 c 1
99 11 d 4
99 77 e 1
100 101 a 0
100 101 b 0
100 92 c 4
100 46 d 1
100 66 e 2
101 102 a 3
101 102 b 3
101 103 c 1
101 8 d 3
101 25 e 2
102 103 a 1
102 103 b 4
102 91 c 3
102 61 d 0
102 128 e 3
103 104 a 3
103 104 b 0
103 121 c 1
103 16 d 2
103 108 e 3
104 105 a 2
104 105 b 0
104 6 c 0
104 109 d 4
104 17 e 2
105 106 a 0
105 106 b 2
105 73 c 4
105 97 d 2
105 107 e 1
106 107 a 0
106 107 b 1
106 16 c 2
106 29 d 2
106 57 e 2
107 108 a 1
107 108 b 3
107 43 c 1
107 120 d 3
107 125 e 1
108 109 a 1
108 109 b 4
108 111 c 4
108 105 d 0
108 125 e 0
109 110 a 0
109 110 b 0
109 52 c 4
109 16 d 4
109 69 e 3
110 111 a 3
110 111 b 0
110 88 c 1
110 46 d 0
110 34 e 3
111 112 a 1
111 112 b 3
111 58 c 2
111 41 d 0
111 40 e 4
112 113 a 4
112 113 b 0
112 63 c 2
112 9 d 3
112 46 e 4
113 114 a 2
113 114 b 4
113 81 c 3
113 126 d 4
113 77 e 4
114 115 a 3
114 115 b 1
114 91 c 2
114 87 d 4
114 100 e 3
115 116 a 3
115 116 b 0
115 79 c 3
115 12 d 0
115 23 e 3
116 117 a 4
116 117 b 1
116 32 c 4
116 53 d 0
116 75 e 0
117 118 a 3
117 118 b 0
117 72 c 1
117 17 d 2
117 43 e 2
118 119 a 0
118 119 b 0
118 66 c 3
118 128 d 1
118 38 e 1
119 120 a 3
119 120 b 2
119 17 c 2
119 9 d 3
119 111 e 2
120 121 a 1
120 121 b 4
120 56 c 1
120 85 d 4
120 124 e 0
121 122 a 1
121 122 b 3
121 64 c 0
121 50 d 2
121 8 e 3
122 123 a 1
122 123 b 1
122 53 c 1
122 17 d 3
122 17 e 3
123 124 a 3
123 124 b 3
123 41 c 3
123 9 d 4
123 91 e 1
124 125 a 0
124 125 b 1
124 47 c 4
124 82 d 4
124 107 e 1
125 126 a 0
125 126 b 4
125 97 c 1
125 74 d 1
125 12 e 1
126 127 a 4
126 127 b 4
126 91 c 4
126 115 d 0
126 77 e 3
127 128 a 2
127 128 b 4
127 62 c 0
127 114 d 3
127 1 e 2
128 1 a 2
128 1 b 1
128 46 c 1
128 18 d 4
128 61 e 0

81 128 640 5 5 0
1 2 a 3
1 2 b 2
1 84 c 4
1 63 d 3
1 94 e 3
2 3 a 4
2 3 b 1
2 93 c 0
2 12 d 0
2 1 e 2
3 4 a 0
3 4 b 4
3 121 c 3
3 46 d 0
3 9 e 2
4 5 a 3
4 5 b 3
4 93 c 4
4 126 d 1
4 29 e 1
5 6 a 1
5 6 b 3
5 65 c 1
5 123 d 4
5 39 e 3
6 7 a 0
6 7 b 4
6 98 c 4
6 69 d 2
6 86 e 0
7 8 a 3
7 8 b 0
7 2 c 4
7 35 d 3
7 28 e 3
8 9 a 3
8 9 b 2
8 99 c 2
8 126 d 4
8 49 e 3
9 10 a 2
9 10 b 4
9 79 c 0
9 100 d 3
9 14 e 1
10 11 a 4
10 11 b 4
10 19 c 1
10 7 d 3
10 115 e 2
11 12 a 0
11 12 b 3
11 128 c 4
11 59 d 2
11 98 e 1
12 13 a 0
12 13 b 2
12 105 c 4
12 123 d 1
12 33 e 1
13 14 a 1
13 14 b 3
13 39 c 4
13 100 d 3
13 60 e 2
14 15 a 0
14 15 b 0
14 24 c 0
14 56 d 3
14 128 e 4
15 16 a 4
15 16 b 1
15 27 c 2
15 92 d 3
15 2 e 4
16 17 a 4
16 17 b 2
16 22 c 2
16 91 d 3
16 22 e 0
17 18 a 0
17 18 b 1
17 113 c 2
17 98 d 0
17 88 e 0
18 19 a 3
18 19 b 2
18 24 c 2
18 65 d 4
18 39 e 0
19 20 a 4
19 20 b 2
19 124 c 3
19 112 d 4
19 36 e 3
20 21 a 2
20 21 b 0
20 19 c 2
20 8 d 2
20 56 e 1
21 22 a 2
21 22 b 2
21 84 c 3
21 69 d 0
21 11 e 1
22 23 a 2
22 23 b 4
22 60 c 2
22 11 d 1
22 14 e 2
23 24 a 4
23 24 b 1
23 75 c 4
23 94 d 0
23 114 e 1
24 25 a 1
24 25 b 4
24 7 c 3
24 104 d 4
24 46 e 1
25 26 a 1
25 26 b 1
25 120 c 3
25 119 d 0
25 125 e 3
26 27 a 1
26 27 b 3
26 43 c 0
26 125 d 2
26 93 e 1
27 28 a 0
27 28 b 2
27 47 c 4
27 14 d 4
27 17 e 3
28 29 a 1
28 29 b 2
28 27 c 4
28 101 d 3
28 33 e 0
29 30 a 3
29 30 b 0
29 6 c 2
29 95 d 3
29 85 e 4
30 31 a 4
30 31 b 0
30 13 c 2
30 126 d 4
30 61 e 2
31 32 a 1
31 32 b 1
31 81 c 1
31 104 d 3
31 44 e 1
32 33 a 4
32 33 b 2
32 119 c 3
32 102 d 1
32 56 e 0
33 34 a 2
33 34 b 0
33 38 c 3
33 101 d 2
33 60 e 3
34 35 a 4
34 35 b 2
34 12 c 0
34 120 d 0
34 86 e 4
35 36 a 0
35 36 b 3
35 89 c 0
35 84 d 2
35 105 e 2
36 37 a 2
36 37 b 1
36 66 c 1
36 82 d 3
36 28 e 1
37 38 a 4
37 38 b 1
37 127 c 2
37 113 d 2
37 89 e 4
38 39 a 4
38 39 b 2
38 78 c 1
38 82 d 1
38 79 e 4
39 40 a 3
39 40 b 4
39 110 c 3
39 58 d 3
39 112 e 3
40 41 a 3
40 41 b 4
40 36 c 2
40 19 d 0
40 116 e 4
41 42 a 1
41 42 b 1
41 58 c 0
41 107 d 3
41 85 e 1
42 43 a 4
42 43 b 3
42 123 c 1
42 116 d 4
42 80 e 3
43 44 a 0
43 44 b 1
43 56 c 2
43 2 d 4
43 106 e 4
44 45 a 3
44 45 b 3
44 71 c 3
44 16 d 2
44 105 e 3
45 46 a 4
45 46 b 4
45 126 c 4
45 59 d 2
45 87 e 1
46 47 a 1
46 47 b 4
46 60 c 4
46 70 d 0
46 3 e 1
47 48 a 2
47 48 b 4
47 97 c 0
47 20 d 1
47 127 e 1
48 49 a 1
48 49 b 0
48 80 c 2
48 49 d 4
48 35 e 1
49 50 a 3
49 50 b 3
49 116 c 1
49 74 d 3
49 8 e 1
50 51 a 3
50 51 b 0
50 57 c 0
50 47 d 3
50 14 e 1
51 52 a 1
51 52 b 4
51 14 c 4
51 88 d 2
51 86 e 2
52 53 a 3
52 53 b 3
52 106 c 0
52 94 d 0
52 73 e 0
53 54 a 4
53 54 b 3
53 68 c 1
53 126 d 2
53 15 e 4
54 55 a 0
54 55 b 2
54 25 c 4
54 26 d 4
54 25 e 3
55 56 a 4
55 56 b 3
55 105 c 1
55 55 d 4
55 24 e 3
56 57 a 4
56 57 b 1
56 59 c 4
56 127 d 0
56 3 e 2
57 58 a 1
57 58 b 0
57 21 c 2
57 64 d 4
57 21 e 4
58 59 a 4
58 59 b 2
58 4 c 2
58 108 d 4
58 77 e 3
59 60 a 1
59 60 b 4
59 26 c 1
59 23 d 1
59 108 e 2
60 61 a 0
60 61 b 3
60 107 c 4
60 124 d 2
60 123 e 2
61 62 a 2
61 62 b 2
61 15 c 2
61 121 d 3
61 66 e 4
62 63 a 3
62 63 b 4
62 36 c 2
62 14 d 4
62 81 e 2
63 64 a 4
63 64 b 0
63 73 c 2
63 98 d 0
63 123 e 0
64 65 a 4
64 65 b 2
64 35 c 0
64 61 d 4
64 86 e 0
65 66 a 1
65 66 b 1
65 91 c 3
65 15 d 4
65 61 e 4
66 67 a 0
66 67 b 1
66 30 c 2
66 104 d 0
66 78 e 3
67 68 a 2
67 68 b 3
67 29 c 3
67 126 d 2
67 109 e 0
68 69 a 2
68 69 b 1
68 11 c 3
68 43 d 1
68 63 e 0
69 70 a 0
69 70 b 4
69 33 c 4
69 108 d 3
69 47 e 1
70 71 a 3
70 71 b 4
70 29 c 0
70 98 d 3
70 108 e 3
71 72 a 0
71 72 b 2
71 62 c 4
71 85 d 4
71 105 e 1
72 73 a 1
72 73 b 0
72 74 c 4
72 44 d 1
72 92 e 1
73 74 a 1
73 74 b 3
73 8 c 0
73 118 d 1
73 63 e 2
74 75 a 0
74 75 b 0
74 71 c 4
74 101 d 1
74 82 e 4
75 76 a 1
75 76 b 1
75 85 c 3
75 77 d 4
75 23 e 0
76 77 a 0
76 77 b 2
76 9 c 4
76 41 d 4
76 85 e 3
77 78 a 1
77 78 b 4
77 57 c 2
77 23 d 2
77 22 e 0
78 79 a 2
78 79 b 2
78 68 c 0
78 87 d 1
78 41 e 2
79 80 a 4
79 80 b 4
79 10 c 0
79 80 d 0
79 32 e 2
80 81 a 1
80 81 b 2
80 111 c 3
80 11 d 1
80 83 e 2
81 82 a 2
81 82 b 0
81 92 c 2
81 54 d 1
81 91 e 1
82 83 a 2
82 83 b 1
82 61 c 2
82 34 d 0
82 24 e 0
83 84 a 2
83 84 b 2
83 4 c 1
83 69 d 0
83 44 e 4
84 85 a 0
84 85 b 4
84 37 c 3
84 56 d 0
84 126 e 0
85 86 a 2
85 86 b 3
85 24 c 2
85 58 d 1
85 55 e 0
86 87 a 4
86 87 b 3
86 90 c 2
86 44 d 3
86 72 e 1
87 88 a 3
87 88 b 4
87 108 c 2
87 19 d 1
87 98 e 2
88 89 a 0
88 89 b 3
88 82 c 4
88 26 d 2
88 125 e 0
89 90 a 0
89 90 b 3
89 21 c 0
89 13 d 2
89 82 e 1
90 91 a 4
90 91 b 0
90 66 c 2
90 95 d 3
90 97 e 2
91 92 a 1
91 92 b 1
91 105 c 3
91 36 d 2
91 107 e 0
92 93 a 2
92 93 b 1
92 31 c 4
92 24 d 4
92 121 e 3
93 94 a 2
93 94 b 2
93 124 c 3
93 22 d 4
93 83 e 4
94 95 a 1
94 95 b 3
94 30 c 3
94 33 d 4
94 10 e 2
95 96 a 0
95 96 b 1
95 36 c 4
95 95 d 3
95 111 e 4
96 97 a 1
96 97 b 1
96 51 c 0
96 25 d 1
96 25 e 1
97 98 a 4
97 98 b 0
97 117 c 2
97 61 d 0
97 99 e 4
98 99 a 0
98 99 b 4
98 21 c 2
98 92 d 3
98 107 e 0
99 100 a 4
99 100 b 0
99 68 c 3
99 44 d 3
99 21 e 1
100 101 a 2
100 101 b 2
100 56 c 3
100 7 d 4
100 6 e 4
101 102 a 0
101 102 b 0
101 39 c 0
101 106 d 4
101 41 e 4
102 103 a 2
102 103 b 1
102 80 c 4
102 119 d 3
102 45 e 4
103 104 a 2
103 104 b 2
103 114 c 1
103 115 d 2
103 5 e 2
104 105 a 0
104 105 b 0
104 83 c 2
104 73 d 3
104 103 e 3
105 106 a 0
105 106 b 1
105 59 c 0
105 5 d 2
105 78 e 1
106 107 a 3
106 107 b 0
106 118 c 2
106 90 d 3
106 120 e 2
107 108 a 4
107 108 b 0
107 86 c 1
107 28 d 2
107 104 e 0
108 109 a 0
108 109 b 0
108 46 c 0
108 71 d 4
108 101 e 2
109 110 a 2
109 110 b 3
109 88 c 4
109 118 d 1
109 121 e 4
110 111 a 0
110 111 b 1
110 48 c 3
110 109 d 0
110 115 e 2
111 112 a 0
111 112 b 3
111 23 c 0
111 16 d 2
111 102 e 0
112 113 a 0
112 113 b 3
112 113 c 4
112 105 d 3
112 40 e 3
113 114 a 3
113 114 b 1
113 39 c 1
113 37 d 2
113 83 e 2
114 115 a 3
114 115 b 4
114 38 c 0
114 24 d 3
114 71 e 1
115 116 a 2
115 116 b 0
115 94 c 1
115 53 d 1
115 38 e 4
116 117 a 2
116 117 b 0
116 68 c 1
116 23 d 0
116 87 e 2
117 118 a 2
117 118 b 1
117 80 c 2
117 123 d 2
117 4 e 3
118 119 a 0
118 119 b 2
118 127 c 2
118 67 d 4
118 27 e 4
119 120 a 4
119 120 b 3
119 82 c 0
119 116 d 4
119 81 e 4
120 121 a 0
120 121 b 1
120 77 c 3
120 57 d 0
120 26 e 0
121 122 a 1
121 122 b 4
121 122 c 1
121 94 d 3
121 51 e 0
122 123 a 1
122 123 b 2
122 100 c 4
122 86 d 2
122 24 e 3
123 124 a 1
123 124 b 1
123 28 c 1
123 54 d 3
123 14 e 4
124 125 a 4
124 125 b 0
124 55 c 3
124 55 d 3
124 27 e 0
125 126 a 4
125 126 b 0
125 77 c 4
125 55 d 0
125 8 e 2
126 127 a 3
126 127 b 4
126 124 c 1
126 57 d 4
126 102 e 3
127 128 a 3
127 128 b 2
127 99 c 1
127 97 d 3
127 6 e 4
128 1 a 1
128 1 b 4
128 40 c 4
128 121 d 4
128 127 e 2

82 128 640 5 5 0
1 2 a 2
1 2 b 1
1 115 c 1
1 111 d 0
1 44 e 4
2 3 a 0
2 3 b 0
2 112 c 1
2 84 d 0
2 44 e 0
3 4 a 4
3 4 b 2
3 80 c 3
3 94 d 2
3 96 e 4
4 5 a 2
4 5 b 2
4 72 c 3
4 103 d 4
4 113 e 2
5 6 a 4
5 6 b 0
5 17 c 0
5 108 d 4
5 71 e 0
6 7 a 4
6 7 b 4
6 103 c 0
6 15 d 2
6 19 e 1
7 8 a 2
7 8 b 2
7 11 c 1
7 22 d 3
7 69 e 3
8 9 a 4
8 9 b 4
8 65 c 3
8 106 d 1
8 23 e 2
9 10 a 2
9 10 b 3
9 82 c 3
9 24 d 3
9 128 e 3
10 11 a 1
10 11 b 2
10 10 c 4
10 83 d 3
10 66 e 1
11 12 a 3
11 12 b 2
11 59 c 1
11 112 d 1
11 93 e 0
12 13 a 1
12 13 b 1
12 56 c 1
12 104 d 1
12 25 e 0
13 14 a 3
13 14 b 4
13 91 c 4
13 90 d 4
13 128 e 3
14 15 a 2
14 15 b 1
14 1 c 2
14 6 d 3
14 97 e 1
15 16 a 1
15 16 b 3
15 8 c 3
15 83 d 4
15 79 e 1
16 17 a 1
16 17 b 2
16 88 c 1
16 74 d 1
16 32 e 3
17 18 a 2
17 18 b 3
17 87 c 4
17 25 d 4
17 111 e 2
18 19 a 0
18 19 b 1
18 115 c 1
18 18 d 1
18 26 e 1
19 20 a 4
19 20 b 4
19 28 c 1
19 41 d 0
19 68 e 3
20 21 a 3
20 21 b 2
20 70 c 4
20 121 d 0
20 84 e 2
21 22 a 1
21 22 b 3
21 108 c 4
21 63 d 1
21 116 e 4
22 23 a 2
22 23 b 4
22 8 c 3
22 93 d 0
22 19 e 2
23 24 a 4
23 24 b 0
23 28 c 1
23 89 d 3
23 99 e 1
24 25 a 0
24 25 b 2
24 45 c 0
24 92 d 3
24 92 e 1
25 26 a 4
25 26 b 0
25 66 c 3
25 51 d 1
25 55 e 4
26 27 a 1
26 27 b 3
26 105 c 1
26 81 d 2
26 116 e 0
27 28 a 0
27 28 b 3
27 51 c 4
27 75 d 2
27 85 e 1
28 29 a 0
28 29 b 4
28 51 c 3
28 90 d 1
28 96 e 3
29 30 a 2
29 30 b 2
29 2 c 4
29 93 d 3
29 97 e 2
30 31 a 4
30 31 b 0
30 62 c 1
30 85 d 0
30 102 e 0
31 32 a 2
31 32 b 3
31 7 c 4
31 103 d 1
31 65 e 4
32 33 a 4
32 33 b 4
32 128 c 2
32 93 d 4
32 10 e 3
33 34 a 2
33 34 b 2
33 84 c 3
33 37 d 3
33 26 e 4
34 35 a 2
34 35 b 4
34 46 c 0
34 80 d 2
34 17 e 4
35 36 a 2
35 36 b 1
35 64 c 2
35 21 d 4
35 80 e 4
36 37 a 3
36 37 b 2
36 61 c 3
36 76 d 2
36 128 e 0
37 38 a 0
37 38 b 0
37 95 c 3
37 115 d 3
37 9 e 0
38 39 a 1
38 39 b 1
38 98 c 0
38 44 d 0
38 28 e 1
39 40 a 3
39 40 b 3
39 7 c 0
39 61 d 4
39 42 e 4
40 41 a 1
40 41 b 2
40 18 c 1
40 14 d 4
40 106 e 3
41 42 a 0
41 42 b 4
41 76 c 4
41 47 d 3
41 87 e 2
42 43 a 1
42 43 b 4
42 2 c 0
42 80 d 0
42 47 e 2
43 44 a 2
43 44 b 3
43 4 c 3
43 71 d 3
43 118 e 1
44 45 a 1
44 45 b 2
44 38 c 1
44 13 d 1
44 113 e 1
45 46 a 3
45 46 b 3
45 66 c 2
45 65 d 4
45 43 e 2
46 47 a 4
46 47 b 2
46 53 c 3
46 36 d 1
46 116 e 3
47 48 a 4
47 48 b 0
47 94 c 1
47 27 d 4
47 93 e 3
48 49 a 1
48 49 b 1
48 34 c 3
48 48 d 1
48 61 e 2
49 50 a 0
49 50 b 3
49 106 c 0
49 17 d 0
49 46 e 0
50 51 a 4
50 51 b 2
50 35 c 4
50 16 d 4
50 16 e 1
51 52 a 1
51 52 b 1
51 61 c 1
51 33 d 0
51 6 e 4
52 53 a 1
52 53 b 2
52 45 c 0
52 95 d 1
52 117 e 1
53 54 a 3
53 54 b 1
53 108 c 4
53 8 d 2
53 8 e 0
54 55 a 1
54 55 b 3
54 117 c 0
54 124 d 0
54 46 e 1
55 56 a 2
55 56 b 0
55 75 c 4
55 66 d 4
55 25 e 4
56 57 a 4
56 57 b 2
56 112 c 2
56 2 d 2
56 65 e 1
57 58 a 1
57 58 b 0
57 111 c 4
57 12 d 1
57 96 e 4
58 59 a 3
58 59 b 4
58 83 c 0
58 80 d 4
58 116 e 4
59 60 a 4
59 60 b 4
59 45 c 1
59 100 d 3
59 64 e 0
60 61 a 0
60 61 b 4
60 19 c 4
60 2 d 1
60 74 e 3
61 62 a 4
61 62 b 2
61 27 c 3
61 6 d 3
61 94 e 3
62 63 a 0
62 63 b 2
62 100 c 0
62 116 d 2
62 10 e 4
63 64 a 4
63 64 b 1
63 14 c 0
63 112 d 0
63 33 e 2
64 65 a 3
64 65 b 4
64 61 c 2
64 69 d 4
64 56 e 3
65 66 a 4
65 66 b 1
65 26 c 1
65 95 d 3
65 44 e 2
66 67 a 0
66 67 b 0
66 81 c 0
66 80 d 2
66 25 e 1
67 68 a 3
67 68 b 0
67 20 c 1
67 79 d 4
67 100 e 3
68 69 a 2
68 69 b 3
68 22 c 1
68 52 d 0
68 51 e 3
69 70 a 3
69 70 b 0
69 17 c 1
69 125 d 3
69 111 e 1
70 71 a 1
70 71 b 4
70 65 c 4
70 77 d 0
70 73 e 0
71 72 a 2
71 72 b 1
71 103 c 0
71 103 d 2
71 50 e 4
72 73 a 4
72 73 b 3
72 71 c 2
72 55 d 0
72 98 e 1
73 74 a 0
73 74 b 1
73 43 c 1
73 74 d 0
73 82 e 4
74 75 a 1
74 75 b 0
74 93 c 2
74 81 d 4
74 65 e 0
75 76 a 2
75 76 b 0
75 48 c 3
75 34 d 3
75 51 e 0
76 77 a 2
76 77 b 2
76 120 c 2
76 55 d 3
76 109 e 4
77 78 a 0
77 78 b 1
77 14 c 2
77 45 d 1
77 122 e 2
78 79 a 1
78 79 b 0
78 77 c 2
78 69 d 2
78 42 e 0
79 80 a 1
79 80 b 4
79 23 c 4
79 103 d 1
79 14 e 0
80 81 a 0
80 81 b 0
80 80 c 2
80 26 d 1
80 125 e 0
81 82 a 0
81 82 b 4
81 98 c 3
81 13 d 1
81 18 e 4
82 83 a 2
82 83 b 2
82 56 c 4
82 18 d 4
82 43 e 0
83 84 a 3
83 84 b 2
83 67 c 3
83 29 d 3
83 108 e 0
84 85 a 0
84 85 b 4
84 120 c 4
84 74 d 3
84 58 e 4
85 86 a 2
85 86 b 3
85 80 c 1
85 84 d 4
85 64 e 1
86 87 a 4
86 87 b 4
86 71 c 2
86 30 d 2
86 109 e 3
87 88 a 0
87 88 b 2
87 93 c 4
87 46 d 1
87 116 e 2
88 89 a 2
88 89 b 3
88 24 c 3
88 45 d 3
88 75 e 2
89 90 a 3
89 90 b 0
89 127 c 1
89 105 d 2
89 44 e 1
90 91 a 0
90 91 b 1
90 33 c 2
90 83 d 4
90 24 e 4
91 92 a 0
91 92 b 0
91 12 c 4
91 1 d 0
91 79 e 3
92 93 a 3
92 93 b 0
92 87 c 0
92 45 d 1
92 88 e 4
93 94 a 4
93 94 b 4
93 25 c 2
93 52 d 3
93 128 e 4
94 95 a 0
94 95 b 1
94 110 c 1
94 24 d 0
94 83 e 4
95 96 a 0
95 96 b 3
95 121 c 4
95 126 d 1
95 36 e 1
96 97 a 2
96 97 b 2
96 93 c 4
96 49 d 4
96 11 e 0
97 98 a 1
97 98 b 4
97 67 c 0
97 29 d 0
97 97 e 3
98 99 a 1
98 99 b 4
98 88 c 3
98 84 d 2
98 70 e 0
99 100 a 1
99 100 b 1
99 76 c 4
99 13 d 2
99 28 e 0
100 101 a 2
100 101 b 2
100 83 c 0
100 32 d 4
100 10 e 0
101 102 a 4
101 102 b 2
101 39 c 3
101 12 d 3
101 121 e 3
102 103 a 4
102 103 b 0
102 5 c 4
102 113 d 2
102 26 e 2
103 104 a 3
103 104 b 2
103 44 c 4
103 22 d 2
103 95 e 4
104 105 a 0
104 105 b 4
104 97 c 2
104 100 d 4
104 125 e 0
105 106 a 3
105 106 b 4
105 109 c 3
105 105 d 2
105 112 e 2
106 107 a 1
106 107 b 3
106 29 c 0
106 86 d 4
106 119 e 1
107 108 a 3
107 108 b 1
107 65 c 1
107 1 d 3
107 20 e 1
108 109 a 4
108 109 b 0
108 46 c 0
108 100 d 1
108 13 e 1
109 110 a 3
109 110 b 4
109 61 c 1
109 28 d 1
109 110 e 1
110 111 a 3
110 111 b 1
110 73 c 2
110 107 d 2
110 4 e 2
111 112 a 4
111 112 b 3
111 52 c 4
111 54 d 3
111 99 e 0
112 113 a 4
112 113 b 2
112 99 c 2
112 8 d 0
112 97 e 4
113 114 a 3
113 114 b 1
113 61 c 4
113 13 d 4
113 26 e 0
114 115 a 1
114 115 b 0
114 49 c 3
114 24 d 1
114 106 e 0
115 116 a 1
115 116 b 3
115 45 c 2
115 30 d 1
115 117 e 1
116 117 a 4
116 117 b 4
116 39 c 3
116 56 d 1
116 35 e 1
117 118 a 0
117 118 b 0
117 24 c 0
117 37 d 1
117 28 e 1
118 119 a 4
118 119 b 4
118 124 c 0
118 69 d 0
118 80 e 2
119 120 a 0
119 120 b 0
119 83 c 4
119 31 d 0
119 114 e 2
120 121 a 3
120 121 b 4
120 35 c 2
120 92 d 3
120 120 e 3
121 122 a 1
121 122 b 4
121 116 c 0
121 74 d 0
121 29 e 2
122 123 a 3
122 123 b 0
122 82 c 2
122 90 d 3
122 95 e 0
123 124 a 2
123 124 b 0
123 79 c 2
123 34 d 1
123 2 e 2
124 125 a 3
124 125 b 4
124 127 c 0
124 92 d 4
124 10 e 0
125 126 a 0
125 126 b 2
125 122 c 3
125 101 d 2
125 69 e 3
126 127 a 2
126 127 b 3
126 93 c 2
126 63 d 0
126 63 e 2
127 128 a 2
127 128 b 4
127 72 c 0
127 16 d 4
127 75 e 0
128 1 a 4
128 1 b 1
128 98 c 4
128 32 d 4
128 1 e 3

83 128 640 5 5 0
1 2 a 2
1 2 b 3
1 81 c 0
1 95 d 2
1 59 e 0
2 3 a 3
2 3 b 4
2 66 c 4
2 93 d 0
2 23 e 1
3 4 a 1
3 4 b 0
3 103 c 0
3 79 d 0
3 120 e 2
4 5 a 4
4 5 b 3
4 116 c 1
4 17 d 3
4 5 e 2
5 6 a 1
5 6 b 0
5 33 c 1
5 30 d 4
5 40 e 4
6 7 a 0
6 7 b 1
6 44 c 4
6 26 d 3
6 15 e 2
7 8 a 0
7 8 b 2
7 84 c 1
7 73 d 1
7 47 e 1
8 9 a 4
8 9 b 3
8 94 c 3
8 21 d 2
8 60 e 0
9 10 a 0
9 10 b 1
9 20 c 2
9 12 d 1
9 51 e 1
10 11 a 0
10 11 b 2
10 65 c 3
10 95 d 1
10 81 e 2
11 12 a 2
11 12 b 3
11 54 c 3
11 100 d 0
11 24 e 4
12 13 a 2
12 13 b 2
12 72 c 3
12 21 d 4
12 81 e 2
13 14 a 3
13 14 b 2
13 80 c 0
13 16 d 2
13 5 e 2
14 15 a 0
14 15 b 1
14 41 c 3
14 21 d 0
14 2 e 2
15 16 a 3
15 16 b 0
15 54 c 3
15 10 d 1
15 93 e 4
16 17 a 3
16 17 b 3
16 89 c 4
16 122 d 2
16 106 e 3
17 18 a 3
17 18 b 3
17 125 c 3
17 17 d 3
17 69 e 2
18 19 a 2
18 19 b 1
18 13 c 4
18 34 d 4
18 77 e 2
19 20 a 4
19 20 b 1
19 123 c 2
19 34 d 2
19 35 e 4
20 21 a 3
20 21 b 3
20 58 c 1
20 42 d 0
20 48 e 2
21 22 a 4
21 22 b 1
21 68 c 0
21 121 d 0
21 28 e 4
22 23 a 1
22 23 b 3
22 21 c 0
22 112 d 4
22 88 e 4
23 24 a 1
23 24 b 1
23 46 c 1
23 20 d 1
23 21 e 4
24 25 a 3
24 25 b 4
24 19 c 3
24 15 d 3
24 74 e 2
25 26 a 3
25 26 b 2
25 77 c 1
25 47 d 3
25 50 e 1
26 27 a 4
26 27 b 4
26 104 c 4
26 101 d 2
26 75 e 3
27 28 a 3
27 28 b 2
27 118 c 0
27 72 d 4
27 88 e 3
28 29 a 3
28 29 b 2
28 11 c 2
28 16 d 2
28 96 e 0
29 30 a 0
29 30 b 2
29 63 c 3
29 27 d 2
29 46 e 4
30 31 a 4
30 31 b 3
30 47 c 0
30 107 d 1
30 79 e 4
31 32 a 2
31 32 b 2
31 124 c 1
31 37 d 0
31 23 e 0
32 33 a 0
32 33 b 2
32 74 c 0
32 20 d 1
32 28 e 0
33 34 a 2
33 34 b 3
33 66 c 2
33 37 d 2
33 56 e 2
34 35 a 0
34 35 b 4
34 17 c 1
34 105 d 2
34 12 e 2
35 36 a 1
35 36 b 4
35 103 c 1
35 21 d 4
35 120 e 3
36 37 a 4
36 37 b 0
36 121 c 1
36 5 d 3
36 36 e 0
37 38 a 3
37 38 b 4
37 128 c 2
37 53 d 3
37 122 e 3
38 39 a 2
38 39 b 0
38 55 c 3
38 70 d 1
38 41 e 3
39 40 a 3
39 40 b 2
39 96 c 1
39 128 d 3
39 35 e 3
40 41 a 2
40 41 b 2
40 64 c 4
40 74 d 4
40 32 e 3
41 42 a 4
41 42 b 1
41 30 c 4
41 51 d 2
41 25 e 2
42 43 a 4
42 43 b 2
42 72 c 4
42 108 d 3
42 78 e 1
43 44 a 0
43 44 b 2
43 15 c 2
43 76 d 4
43 65 e 1
44 45 a 3
44 45 b 0
44 70 c 4
44 75 d 4
44 57 e 2
45 46 a 2
45 46 b 4
45 71 c 4
45 7 d 3
45 64 e 1
46 47 a 2
46 47 b 3
46 109 c 1
46 66 d 1
46 37 e 4
47 48 a 3
47 48 b 4
47 27 c 2
47 98 d 1
47 122 e 2
48 49 a 3
48 49 b 0
48 52 c 4
48 112 d 0
48 22 e 3
49 50 a 3
49 50 b 4
49 33 c 3
49 25 d 0
49 21 e 1
50 51 a 3
50 51 b 2
50 78 c 3
50 48 d 1
50 83 e 4
51 52 a 3
51 52 b 1
51 45 c 4
51 42 d 3
51 117 e 0
52 53 a 3
52 53 b 4
52 49 c 4
52 33 d 4
52 97 e 0
53 54 a 4
53 54 b 4
53 84 c 0
53 81 d 3
53 64 e 1
54 55 a 2
54 55 b 1
54 18 c 2
54 30 d 1
54 3 e 1
55 56 a 4
55 56 b 1
55 108 c 3
55 12 d 3
55 91 e 2
56 57 a 2
56 57 b 2
56 102 c 1
56 70 d 3
56 63 e 3
57 58 a 3
57 58 b 2
57 9 c 3
57 24 d 4
57 106 e 0
58 59 a 2
58 59 b 0
58 98 c 3
58 116 d 4
58 91 e 4
59 60 a 3
59 60 b 1
59 1 c 2
59 113 d 0
59 83 e 1
60 61 a 4
60 61 b 1
60 122 c 1
60 71 d 1
60 90 e 3
61 62 a 1
61 62 b 0
61 104 c 4
61 84 d 0
61 59 e 0
62 63 a 3
62 63 b 4
62 101 c 0
62 26 d 3
62 3 e 2
63 64 a 4
63 64 b 2
63 19 c 1
63 63 d 3
63 6 e 1
64 65 a 4
64 65 b 2
64 22 c 1
64 12 d 4
64 90 e 0
65 66 a 1
65 66 b 4
65 24 c 2
65 111 d 4
65 90 e 0
66 67 a 3
66 67 b 2
66 68 c 2
66 121 d 1
66 36 e 0
67 68 a 4
67 68 b 3
67 75 c 3
67 96 d 3
67 28 e 2
68 69 a 3
68 69 b 0
68 98 c 4
68 125 d 1
68 103 e 0
69 70 a 3
69 70 b 0
69 66 c 2
69 79 d 4
69 112 e 3
70 71 a 2
70 71 b 1
70 38 c 0
70 119 d 2
70 102 e 2
71 72 a 3
71 72 b 4
71 81 c 1
71 58 d 4
71 60 e 3
72 73 a 3
72 73 b 3
72 5 c 2
72 3 d 3
72 39 e 4
73 74 a 0
73 74 b 3
73 13 c 3
73 94 d 4
73 36 e 2
74 75 a 4
74 75 b 2
74 52 c 0
74 125 d 3
74 112 e 3
75 76 a 3
75 76 b 4
75 76 c 4
75 55 d 3
75 14 e 4
76 77 a 1
76 77 b 1
76 40 c 3
76 4 d 4
76 69 e 2
77 78 a 2
77 78 b 4
77 34 c 2
77 2 d 2
77 31 e 2
78 79 a 4
78 79 b 4
78 22 c 3
78 116 d 2
78 107 e 4
79 80 a 1
79 80 b 0
79 100 c 0
79 62 d 2
79 59 e 2
80 81 a 3
80 81 b 1
80 114 c 4
80 105 d 3
80 103 e 0
81 82 a 1
81 82 b 2
81 40 c 0
81 37 d 2
81 8 e 2
82 83 a 0
82 83 b 4
82 115 c 2
82 66 d 1
82 126 e 3
83 84 a 0
83 84 b 0
83 66 c 1
83 54 d 4
83 107 e 2
84 85 a 0
84 85 b 1
84 12 c 3
84 27 d 0
84 54 e 2
85 86 a 2
85 86 b 3
85 72 c 2
85 46 d 0
85 8 e 1
86 87 a 3
86 87 b 2
86 115 c 2
86 81 d 4
86 82 e 0
87 88 a 4
87 88 b 2
87 14 c 4
87 9 d 2
87 69 e 2
88 89 a 0
88 89 b 0
88 29 c 3
88 1 d 1
88 89 e 2
89 90 a 2
89 90 b 1
89 42 c 3
89 5 d 1
89 71 e 2
90 91 a 4
90 91 b 3
90 63 c 1
90 7 d 2
90 14 e 3
91 92 a 1
91 92 b 3
91 111 c 1
91 30 d 0
91 114 e 1
92 93 a 4
92 93 b 0
92 78 c 2
92 2 d 4
92 120 e 1
93 94 a 3
93 94 b 4
93 117 c 2
93 18 d 2
93 108 e 4
94 95 a 2
94 95 b 2
94 127 c 3
94 78 d 0
94 91 e 0
95 96 a 0
95 96 b 0
95 14 c 0
95 93 d 0
95 26 e 0
96 97 a 1
96 97 b 4
96 71 c 1
96 8 d 2
96 61 e 1
97 98 a 3
97 98 b 1
97 81 c 1
97 61 d 4
97 32 e 4
98 99 a 0
98 99 b 4
98 90 c 2
98 13 d 1
98 97 e 1
99 100 a 0
99 100 b 2
99 19 c 2
99 46 d 2
99 99 e 2
100 101 a 3
100 101 b 4
100 47 c 3
100 122 d 4
100 78 e 0
101 102 a 2
101 102 b 4
101 104 c 3
101 110 d 0
101 10 e 4
102 103 a 1
102 103 b 1
102 121 c 1
102 44 d 2
102 71 e 3
103 104 a 0
103 104 b 1
103 37 c 4
103 121 d 0
103 120 e 4
104 105 a 3
104 105 b 1
104 47 c 0
104 63 d 1
104 83 e 0
105 106 a 3
105 106 b 0
105 95 c 1
105 13 d 3
105 83 e 2
106 107 a 1
106 107 b 4
106 4 c 2
106 18 d 1
106 54 e 2
107 108 a 1
107 108 b 1
107 108 c 0
107 38 d 4
107 127 e 2
108 109 a 4
108 109 b 1
108 110 c 1
108 65 d 4
108 117 e 1
109 110 a 4
109 110 b 1
109 97 c 3
109 2 d 2
109 34 e 3
110 111 a 2
110 111 b 4
110 34 c 2
110 41 d 1
110 85 e 1
111 112 a 3
111 112 b 2
111 18 c 3
111 29 d 1
111 33 e 4
112 113 a 0
112 113 b 4
112 21 c 0
112 103 d 0
112 91 e 4
113 114 a 0
113 114 b 4
113 20 c 2
113 53 d 3
113 32 e 1
114 115 a 3
114 115 b 1
114 123 c 3
114 88 d 0
114 77 e 2
115 116 a 4
115 116 b 1
115 60 c 4
115 71 d 1
115 5 e 4
116 117 a 2
116 117 b 3
116 75 c 3
116 25 d 4
116 47 e 1
117 118 a 0
117 118 b 1
117 32 c 2
117 14 d 1
117 116 e 1
118 119 a 4
118 119 b 1
118 56 c 3
118 7 d 1
118 69 e 2
119 120 a 4
119 120 b 4
119 20 c 2
119 10 d 0
119 84 e 0
120 121 a 0
120 121 b 1
120 57 c 3
120 63 d 0
120 22 e 2
121 122 a 3
121 122 b 1
121 46 c 2
121 118 d 0
121 72 e 1
122 123 a 1
122 123 b 2
122 1 c 3
122 30 d 3
122 102 e 4
123 124 a 1
123 124 b 4
123 66 c 1
123 79 d 3
123 53 e 4
124 125 a 4
124 125 b 3
124 6 c 0
124 66 d 3
124 58 e 4
125 126 a 0
125 126 b 3
125 102 c 2
125 83 d 0
125 65 e 0
126 127 a 1
126 127 b 0
126 125 c 3
126 6 d 1
126 88 e 2
127 128 a 1
127 128 b 1
127 110 c 3
127 127 d 1
127 81 e 3
128 1 a 0
128 1 b 3
128 91 c 2
128 8 d 4
128 67 e 4

84 128 640 5 5 0
1 2 a 3
1 2 b 3
1 111 c 4
1 15 d 0
1 9 e 1
2 3 a 3
2 3 b 4
2 85 c 3
2 37 d 0
2 66 e 0
3 4 a 2
3 4 b 2
3 63 c 1
3 128 d 3
3 79 e 1
4 5 a 1
4 5 b 4
4 96 c 3
4 122 d 0
4 89 e 1
5 6 a 4
5 6 b 0
5 114 c 0
5 16 d 0
5 72 e 3
6 7 a 3
6 7 b 3
6 49 c 1
6 100 d 2
6 76 e 0
7 8 a 4
7 8 b 0
7 93 c 4
7 60 d 3
7 88 e 2
8 9 a 3
8 9 b 1
8 60 c 2
8 128 d 1
8 34 e 1
9 10 a 1
9 10 b 1
9 22 c 3
9 64 d 4
9 37 e 3
10 11 a 4
10 11 b 3
10 55 c 0
10 43 d 0
10 32 e 2
11 12 a 2
11 12 b 2
11 113 c 1
11 25 d 3
11 20 e 0
12 13 a 3
12 13 b 1
12 24 c 0
12 3 d 3
12 73 e 4
13 14 a 1
13 14 b 4
13 4 c 2
13 5 d 3
13 73 e 2
14 15 a 4
14 15 b 2
14 18 c 0
14 99 d 0
14 99 e 2
15 16 a 4
15 16 b 4
15 35 c 2
15 1 d 3
15 42 e 4
16 17 a 4
16 17 b 2
16 27 c 0
16 105 d 0
16 116 e 0
17 18 a 0
17 18 b 1
17 99 c 4
17 73 d 1
17 92 e 4
18 19 a 3
18 19 b 2
18 104 c 0
18 114 d 3
18 64 e 4
19 20 a 3
19 20 b 1
19 26 c 4
19 91 d 0
19 67 e 1
20 21 a 2
20 21 b 0
20 110 c 0
20 28 d 4
20 76 e 3
21 22 a 3
21 22 b 2
21 92 c 2
21 115 d 1
21 5 e 1
22 23 a 2
22 23 b 0
22 98 c 4
22 66 d 0
22 93 e 1
23 24 a 4
23 24 b 4
23 127 c 1
23 15 d 1
23 6 e 0
24 25 a 0
24 25 b 3
24 56 c 2
24 2 d 2
24 120 e 1
25 26 a 2
25 26 b 1
25 23 c 2
25 107 d 3
25 108 e 0
26 27 a 4
26 27 b 2
26 39 c 3
26 58 d 1
26 98 e 0
27 28 a 4
27 28 b 3
27 121 c 3
27 4 d 0
27 28 e 3
28 29 a 1
28 29 b 4
28 34 c 3
28 5 d 3
28 32 e 1
29 30 a 0
29 30 b 2
29 59 c 0
29 25 d 2
29 58 e 4
30 31 a 0
30 31 b 0
30 96 c 3
30 65 d 3
30 120 e 2
31 32 a 1
31 32 b 4
31 49 c 0
31 36 d 0
31 44 e 3
32 33 a 2
32 33 b 0
32 84 c 0
32 12 d 2
32 110 e 2
33 34 a 1
33 34 b 0
33 112 c 1
33 101 d 0
33 23 e 0
34 35 a 1
34 35 b 4
34 52 c 4
34 65 d 4
34 71 e 3
35 36 a 1
35 36 b 2
35 78 c 2
35 86 d 0
35 95 e 2
36 37 a 4
36 37 b 1
36 117 c 4
36 126 d 1
36 8 e 2
37 38 a 4
37 38 b 0
37 96 c 1
37 55 d 4
37 42 e 3
38 39 a 4
38 39 b 1
38 76 c 3
38 33 d 0
38 118 e 0
39 40 a 3
39 40 b 0
39 121 c 2
39 2 d 2
39 93 e 0
40 41 a 3
40 41 b 4
40 45 c 3
40 69 d 3
40 22 e 1
41 42 a 3
41 42 b 0
41 49 c 1
41 119 d 4
41 28 e 1
42 43 a 0
42 43 b 2
42 79 c 0
42 73 d 3
42 45 e 4
43 44 a 4
43 44 b 3
43 90 c 3
43 16 d 3
43 77 e 4
44 45 a 0
44 45 b 4
44 38 c 3
44 72 d 2
44 65 e 3
45 46 a 2
45 46 b 3
45 11 c 3
45 13 d 0
45 20 e 3
46 47 a 1
46 47 b 3
46 102 c 2
46 32 d 1
46 22 e 3
47 48 a 0
47 48 b 1
47 24 c 3
47 105 d 4
47 87 e 0
48 49 a 4
48 49 b 1
48 5 c 1
48 111 d 1
48 48 e 3
49 50 a 3
49 50 b 3
49 23 c 3
49 97 d 2
49 59 e 0
50 51 a 2
50 51 b 2
50 57 c 3
50 16 d 2
50 86 e 2
51 52 a 0
51 52 b 1
51 92 c 0
51 115 d 4
51 37 e 4
52 53 a 1
52 53 b 3
52 117 c 4
52 34 d 2
52 13 e 1
53 54 a 3
53 54 b 3
53 124 c 3
53 91 d 1
53 57 e 1
54 55 a 0
54 55 b 1
54 111 c 4
54 1 d 3
54 24 e 4
55 56 a 0
55 56 b 4
55 77 c 4
55 23 d 4
55 92 e 1
56 57 a 3
56 57 b 4
56 28 c 3
56 73 d 2
56 125 e 4
57 58 a 0
57 58 b 4
57 99 c 2
57 100 d 4
57 53 e 0
58 59 a 3
58 59 b 3
58 48 c 4
58 89 d 3
58 2 e 4
59 60 a 0
59 60 b 4
59 20 c 2
59 62 d 1
59 39 e 4
60 61 a 0
60 61 b 2
60 34 c 1
60 76 d 2
60 42 e 0
61 62 a 4
61 62 b 2
61 116 c 4
61 98 d 3
61 87 e 3
62 63 a 2
62 63 b 4
62 38 c 2
62 1 d 1
62 60 e 1
63 64 a 2
63 64 b 2
63 88 c 1
63 78 d 0
63 44 e 1
64 65 a 4
64 65 b 3
64 48 c 2
64 19 d 4
64 60 e 2
65 66 a 1
65 66 b 0
65 86 c 0
65 63 d 2
65 73 e 0
66 67 a 1
66 67 b 2
66 119 c 1
66 97 d 4
66 111 e 4
67 68 a 2
67 68 b 1
67 66 c 2
67 49 d 2
67 19 e 2
68 69 a 4
68 69 b 2
68 110 c 2
68 7 d 4
68 91 e 1
69 70 a 1
69 70 b 4
69 50 c 4
69 97 d 3
69 48 e 2
70 71 a 1
70 71 b 0
70 75 c 1
70 97 d 0
70 67 e 1
71 72 a 3
71 72 b 2
71 122 c 3
71 77 d 3
71 5 e 2
72 73 a 0
72 73 b 0
72 3 c 1
72 14 d 0
72 45 e 3
73 74 a 4
73 74 b 2
73 47 c 4
73 50 d 4
73 55 e 4
74 75 a 3
74 75 b 3
74 75 c 3
74 106 d 3
74 95 e 0
75 76 a 2
75 76 b 0
75 39 c 2
75 12 d 3
75 42 e 1
76 77 a 0
76 77 b 2
76 24 c 3
76 17 d 1
76 93 e 3
77 78 a 0
77 78 b 3
77 118 c 2
77 24 d 4
77 3 e 0
78 79 a 0
78 79 b 4
78 30 c 2
78 98 d 3
78 108 e 4
79 80 a 1
79 80 b 4
79 113 c 2
79 84 d 1
79 41 e 1
80 81 a 1
80 81 b 3
80 84 c 3
80 121 d 1
80 17 e 4
81 82 a 1
81 82 b 1
81 46 c 1
81 125 d 3
81 63 e 0
82 83 a 3
82 83 b 3
82 109 c 2
82 51 d 0
82 17 e 4
83 84 a 0
83 84 b 0
83 2 c 3
83 15 d 3
83 42 e 0
84 85 a 4
84 85 b 1
84 96 c 0
84 44 d 2
84 114 e 4
85 86 a 0
85 86 b 2
85 128 c 2
85 72 d 2
85 17 e 1
86 87 a 3
86 87 b 2
86 96 c 4
86 67 d 3
86 119 e 2
87 88 a 0
87 88 b 3
87 127 c 2
87 36 d 0
87 87 e 0
88 89 a 1
88 89 b 0
88 99 c 1
88 20 d 1
88 39 e 0
89 90 a 3
89 90 b 4
89 20 c 2
89 97 d 3
89 33 e 2
90 91 a 3
90 91 b 2
90 30 c 0
90 124 d 3
90 69 e 1
91 92 a 0
91 92 b 0
91 19 c 0
91 123 d 0
91 86 e 1
92 93 a 0
92 93 b 1
92 6 c 4
92 24 d 0
92 88 e 2
93 94 a 1
93 94 b 0
93 17 c 2
93 48 d 1
93 24 e 0
94 95 a 4
94 95 b 4
94 80 c 0
94 68 d 2
94 36 e 2
95 96 a 3
95 96 b 1
95 100 c 4
95 124 d 0
95 79 e 3
96 97 a 2
96 97 b 1
96 113 c 3
96 31 d 3
96 47 e 4
97 98 a 1
97 98 b 1
97 32 c 1
97 28 d 4
97 30 e 3
98 99 a 4
98 99 b 2
98 29 c 2
98 5 d 1
98 60 e 2
99 100 a 1
99 100 b 2
99 26 c 3
99 15 d 3
99 107 e 0
100 101 a 3
100 101 b 1
100 75 c 2
100 19 d 3
100 81 e 4
101 102 a 1
101 102 b 1
101 104 c 3
101 15 d 4
101 90 e 2
102 103 a 2
102 103 b 2
102 46 c 0
102 38 d 0
102 52 e 1
103 104 a 1
103 104 b 3
103 94 c 1
103 28 d 3
103 81 e 4
104 105 a 2
104 105 b 4
104 60 c 0
104 91 d 2
104 105 e 1
105 106 a 3
105 106 b 3
105 18 c 0
105 113 d 1
105 117 e 1
106 107 a 2
106 107 b 0
106 42 c 3
106 15 d 2
106 53 e 2
107 108 a 4
107 108 b 0
107 88 c 1
107 11 d 2
107 43 e 3
108 109 a 4
108 109 b 3
108 110 c 2
108 95 d 2
108 29 e 3
109 110 a 1
109 110 b 1
109 69 c 2
109 40 d 3
109 23 e 0
110 111 a 2
110 111 b 3
110 58 c 3
110 40 d 4
110 102 e 1
111 112 a 2
111 112 b 4
111 47 c 2
111 68 d 0
111 30 e 2
112 113 a 0
112 113 b 2
112 6 c 4
112 7 d 0
112 21 e 4
113 114 a 0
113 114 b 1
113 42 c 3
113 29 d 4
113 102 e 4
114 115 a 3
114 115 b 0
114 6 c 4
114 89 d 0
114 112 e 2
115 116 a 0
115 116 b 2
115 11 c 0
115 47 d 2
115 84 e 1
116 117 a 0
116 117 b 0
116 47 c 3
116 59 d 4
116 122 e 3
117 118 a 3
117 118 b 2
117 104 c 4
117 56 d 2
117 13 e 3
118 119 a 4
118 119 b 2
118 53 c 0
118 10 d 3
118 122 e 2
119 120 a 2
119 120 b 0
119 22 c 3
119 53 d 3
119 117 e 3
120 121 a 2
120 121 b 3
120 15 c 2
120 99 d 3
120 116 e 4
121 122 a 0
121 122 b 2
121 40 c 4
121 98 d 1
121 50 e 3
122 123 a 2
122 123 b 3
122 112 c 3
122 35 d 2
122 45 e 3
123 124 a 2
123 124 b 2
123 117 c 0
123 60 d 2
123 40 e 4
124 125 a 3
124 125 b 3
124 78 c 2
124 103 d 1
124 42 e 1
125 126 a 4
125 126 b 0
125 18 c 1
125 1 d 3
125 126 e 0
126 127 a 1
126 127 b 3
126 94 c 1
126 12 d 1
126 49 e 4
127 128 a 1
127 128 b 3
127 83 c 0
127 45 d 3
127 22 e 0
128 1 a 3
128 1 b 3
128 21 c 3
128 47 d 2
128 69 e 2

85 128 640 5 5 0
1 2 a 0
1 2 b 1
1 77 c 1
1 126 d 4
1 24 e 2
2 3 a 3
2 3 b 1
2 40 c 0
2 45 d 1
2 45 e 2
3 4 a 2
3 4 b 2
3 86 c 1
3 113 d 2
3 103 e 3
4 5 a 0
4 5 b 2
4 12 c 2
4 35 d 4
4 108 e 4
5 6 a 2
5 6 b 2
5 2 c 4
5 66 d 0
5 40 e 3
6 7 a 2
6 7 b 2
6 117 c 2
6 110 d 4
6 73 e 3
7 8 a 1
7 8 b 4
7 38 c 4
7 110 d 3
7 66 e 4
8 9 a 2
8 9 b 4
8 90 c 3
8 44 d 0
8 72 e 3
9 10 a 1
9 10 b 3
9 88 c 2
9 52 d 0
9 88 e 1
10 11 a 0
10 11 b 1
10 110 c 2
10 56 d 0
10 47 e 1
11 12 a 0
11 12 b 3
11 108 c 4
11 14 d 3
11 79 e 1
12 13 a 0
12 13 b 2
12 39 c 3
12 48 d 0
12 1 e 4
13 14 a 1
13 14 b 4
13 120 c 4
13 59 d 1
13 78 e 0
14 15 a 1
14 15 b 1
14 59 c 1
14 113 d 0
14 4 e 0
15 16 a 4
15 16 b 2
15 80 c 3
15 56 d 3
15 56 e 0
16 17 a 3
16 17 b 2
16 29 c 4
16 24 d 4
16 62 e 2
17 18 a 3
17 18 b 4
17 9 c 3
17 65 d 1
17 50 e 0
18 19 a 2
18 19 b 0
18 3 c 3
18 3 d 1
18 115 e 4
19 20 a 4
19 20 b 3
19 121 c 3
19 84 d 1
19 34 e 1
20 21 a 2
20 21 b 0
20 98 c 1
20 77 d 3
20 39 e 3
21 22 a 0
21 22 b 0
21 52 c 0
21 45 d 3
21 45 e 2
22 23 a 0
22 23 b 1
22 110 c 0
22 84 d 3
22 33 e 3
23 24 a 3
23 24 b 4
23 16 c 2
23 73 d 1
23 55 e 1
24 25 a 4
24 25 b 4
24 30 c 1
24 54 d 0
24 102 e 1
25 26 a 3
25 26 b 4
25 33 c 2
25 103 d 0
25 103 e 2
26 27 a 0
26 27 b 2
26 38 c 2
26 78 d 3
26 57 e 4
27 28 a 4
27 28 b 2
27 60 c 0
27 1 d 3
27 31 e 2
28 29 a 1
28 29 b 2
28 122 c 3
28 58 d 3
28 32 e 2
29 30 a 4
29 30 b 3
29 119 c 0
29 86 d 4
29 7 e 2
30 31 a 4
30 31 b 0
30 80 c 0
30 88 d 0
30 97 e 3
31 32 a 0
31 32 b 2
31 38 c 0
31 99 d 0
31 2 e 0
32 33 a 1
32 33 b 4
32 29 c 3
32 67 d 3
32 128 e 4
33 34 a 1
33 34 b 2
33 95 c 2
33 100 d 3
33 53 e 1
34 35 a 2
34 35 b 2
34 23 c 4
34 89 d 0
34 65 e 4
35 36 a 4
35 36 b 3
35 118 c 1
35 87 d 3
35 7 e 0
36 37 a 0
36 37 b 3
36 49 c 4
36 56 d 3
36 43 e 3
37 38 a 3
37 38 b 4
37 128 c 2
37 120 d 2
37 27 e 1
38 39 a 1
38 39 b 2
38 32 c 0
38 59 d 0
38 3 e 4
39 40 a 0
39 40 b 3
39 83 c 1
39 69 d 3
39 86 e 0
40 41 a 4
40 41 b 3
40 91 c 0
40 128 d 1
40 76 e 0
41 42 a 4
41 42 b 0
41 3 c 3
41 122 d 4
41 94 e 3
42 43 a 3
42 43 b 3
42 22 c 0
42 101 d 1
42 76 e 1
43 44 a 1
43 44 b 1
43 101 c 4
43 21 d 1
43 24 e 1
44 45 a 2
44 45 b 2
44 69 c 1
44 5 d 4
44 9 e 4
45 46 a 1
45 46 b 2
45 15 c 2
45 83 d 4
45 41 e 1
46 47 a 3
46 47 b 1
46 31 c 0
46 63 d 0
46 71 e 1
47 48 a 2
47 48 b 2
47 85 c 3
47 47 d 3
47 117 e 2
48 49 a 1
48 49 b 4
48 23 c 4
48 46 d 0
48 10 e 3
49 50 a 3
49 50 b 0
49 77 c 3
49 105 d 1
49 34 e 4
50 51 a 0
50 51 b 0
50 99 c 0
50 49 d 4
50 25 e 1
51 52 a 1
51 52 b 0
51 75 c 0
51 124 d 2
51 20 e 2
52 53 a 4
52 53 b 2
52 120 c 1
52 99 d 2
52 120 e 1
53 54 a 2
53 54 b 2
53 100 c 0
53 37 d 1
53 113 e 1
54 55 a 4
54 55 b 1
54 12 c 3
54 35 d 0
54 109 e 4
55 56 a 0
55 56 b 2
55 110 c 2
55 98 d 0
55 30 e 0
56 57 a 4
56 57 b 3
56 17 c 4
56 12 d 1
56 123 e 0
57 58 a 3
57 58 b 3
57 125 c 2
57 111 d 2
57 63 e 1
58 59 a 3
58 59 b 0
58 63 c 4
58 125 d 0
58 105 e 0
59 60 a 3
59 60 b 1
59 103 c 2
59 74 d 4
59 58 e 4
60 61 a 3
60 61 b 2
60 10 c 0
60 18 d 4
60 58 e 2
61 62 a 4
61 62 b 0
61 64 c 1
61 48 d 4
61 52 e 4
62 63 a 3
62 63 b 0
62 38 c 0
62 39 d 3
62 53 e 4
63 64 a 0
63 64 b 2
63 93 c 0
63 29 d 3
63 17 e 1
64 65 a 1
64 65 b 2
64 10 c 3
64 91 d 2
64 94 e 1
65 66 a 1
65 66 b 1
65 84 c 2
65 78 d 3
65 119 e 3
66 67 a 3
66 67 b 2
66 105 c 0
66 9 d 1
66 122 e 1
67 68 a 2
67 68 b 4
67 121 c 2
67 65 d 4
67 75 e 3
68 69 a 4
68 69 b 2
68 57 c 4
68 80 d 2
68 14 e 1
69 70 a 2
69 70 b 3
69 98 c 4
69 51 d 3
69 49 e 3
70 71 a 2
70 71 b 0
70 48 c 0
70 12 d 1
70 96 e 3
71 72 a 2
71 72 b 4
71 99 c 2
71 32 d 2
71 15 e 4
72 73 a 1
72 73 b 1
72 65 c 4
72 89 d 3
72 115 e 3
73 74 a 0
73 74 b 3
73 17 c 4
73 69 d 1
73 9 e 2
74 75 a 0
74 75 b 3
74 34 c 2
74 22 d 3
74 14 e 4
75 76 a 4
75 76 b 2
75 66 c 2
75 33 d 3
75 5 e 2
76 77 a 2
76 77 b 3
76 71 c 1
76 95 d 1
76 53 e 2
77 78 a 2
77 78 b 1
77 10 c 0
77 110 d 4
77 40 e 4
78 79 a 0
78 79 b 0
78 103 c 3
78 16 d 4
78 45 e 3
79 80 a 1
79 80 b 4
79 63 c 4
79 43 d 1
79 86 e 1
80 81 a 4
80 81 b 3
80 118 c 1
80 72 d 4
80 123 e 1
81 82 a 2
81 82 b 0
81 117 c 4
81 21 d 1
81 53 e 0
82 83 a 3
82 83 b 0
82 40 c 1
82 99 d 2
82 100 e 3
83 84 a 0
83 84 b 3
83 1 c 0
83 40 d 0
83 42 e 4
84 85 a 1
84 85 b 3
84 115 c 4
84 126 d 1
84 109 e 0
85 86 a 3
85 86 b 3
85 121 c 0
85 34 d 3
85 89 e 0
86 87 a 1
86 87 b 3
86 13 c 2
86 117 d 1
86 92 e 4
87 88 a 1
87 88 b 1
87 49 c 3
87 127 d 3
87 40 e 1
88 89 a 4
88 89 b 3
88 105 c 3
88 103 d 2
88 53 e 2
89 90 a 2
89 90 b 1
89 62 c 4
89 124 d 1
89 60 e 3
90 91 a 3
90 91 b 2
90 61 c 2
90 48 d 4
90 60 e 1
91 92 a 0
91 92 b 3
91 118 c 1
91 24 d 4
91 121 e 1
92 93 a 2
92 93 b 1
92 126 c 1
92 109 d 2
92 120 e 1
93 94 a 1
93 94 b 0
93 109 c 2
93 13 d 4
93 5 e 1
94 95 a 2
94 95 b 0
94 97 c 3
94 123 d 1
94 45 e 3
95 96 a 1
95 96 b 0
95 121 c 3
95 91 d 3
95 68 e 3
96 97 a 0
96 97 b 3
96 90 c 1
96 119 d 4
96 97 e 4
97 98 a 3
97 98 b 2
97 46 c 1
97 60 d 1
97 93 e 2
98 99 a 2
98 99 b 0
98 32 c 4
98 61 d 0
98 87 e 1
99 100 a 4
99 100 b 0
99 97 c 3
99 48 d 2
99 50 e 4
100 101 a 0
100 101 b 3
100 38 c 1
100 108 d 2
100 21 e 4
101 102 a 0
101 102 b 0
101 40 c 1
101 113 d 4
101 107 e 4
102 103 a 2
102 103 b 1
102 35 c 0
102 96 d 4
102 97 e 4
103 104 a 3
103 104 b 3
103 87 c 0
103 127 d 1
103 107 e 2
104 105 a 2
104 105 b 1
104 10 c 4
104 54 d 1
104 63 e 3
105 106 a 3
105 106 b 2
105 4 c 0
105 20 d 2
105 88 e 1
106 107 a 1
106 107 b 3
106 17 c 4
106 75 d 0
106 116 e 1
107 108 a 0
107 108 b 3
107 3 c 4
107 48 d 4
107 22 e 1
108 109 a 4
108 109 b 4
108 45 c 3
108 60 d 4
108 5 e 3
109 110 a 2
109 110 b 3
109 105 c 0
109 14 d 2
109 75 e 0
110 111 a 0
110 111 b 3
110 19 c 1
110 102 d 1
110 55 e 2
111 112 a 0
111 112 b 3
111 12 c 0
111 43 d 3
111 92 e 2
112 113 a 0
112 113 b 0
112 56 c 0
112 102 d 3
112 15 e 4
113 114 a 3
113 114 b 4
113 128 c 3
113 69 d 0
113 109 e 0
114 115 a 3
114 115 b 2
114 81 c 3
114 25 d 4
114 83 e 2
115 116 a 2
115 116 b 0
115 27 c 3
115 88 d 3
115 100 e 1
116 117 a 2
116 117 b 4
116 82 c 2
116 28 d 1
116 6 e 1
117 118 a 1
117 118 b 0
117 113 c 2
117 34 d 0
117 101 e 4
118 119 a 1
118 119 b 2
118 114 c 3
118 76 d 1
118 111 e 2
119 120 a 1
119 120 b 1
119 87 c 1
119 31 d 2
119 87 e 2
120 121 a 1
120 121 b 4
120 36 c 4
120 70 d 3
120 18 e 2
121 122 a 0
121 122 b 0
121 99 c 1
121 13 d 4
121 92 e 2
122 123 a 0
122 123 b 3
122 31 c 2
122 103 d 3
122 52 e 0
123 124 a 3
123 124 b 4
123 105 c 4
123 105 d 4
123 92 e 1
124 125 a 4
124 125 b 0
124 86 c 3
124 76 d 2
124 90 e 3
125 126 a 0
125 126 b 0
125 126 c 1
125 111 d 1
125 122 e 3
126 127 a 2
126 127 b 2
126 127 c 3
126 82 d 0
126 74 e 1
127 128 a 3
127 128 b 3
127 120 c 4
127 28 d 3
127 28 e 1
128 1 a 3
128 1 b 4
128 15 c 1
128 22 d 4
128 7 e 2

86 128 640 5 5 0
1 2 a 4
1 2 b 2
1 107 c 2
1 46 d 3
1 102 e 1
2 3 a 1
2 3 b 4
2 59 c 2
2 118 d 1
2 88 e 2
3 4 a 4
3 4 b 2
3 45 c 4
3 34 d 0
3 62 e 4
4 5 a 2
4 5 b 3
4 119 c 1
4 13 d 3
4 64 e 1
5 6 a 3
5 6 b 4
5 82 c 0
5 52 d 0
5 73 e 3
6 7 a 1
6 7 b 4
6 122 c 4
6 57 d 4
6 6 e 1
7 8 a 3
7 8 b 1
7 48 c 4
7 97 d 1
7 107 e 2
8 9 a 3
8 9 b 1
8 55 c 4
8 23 d 3
8 46 e 3
9 10 a 1
9 10 b 1
9 90 c 4
9 103 d 4
9 74 e 3
10 11 a 2
10 11 b 1
10 101 c 1
10 4 d 0
10 126 e 2
11 12 a 0
11 12 b 0
11 40 c 2
11 67 d 4
11 75 e 4
12 13 a 0
12 13 b 4
12 119 c 0
12 29 d 3
12 121 e 4
13 14 a 0
13 14 b 1
13 44 c 1
13 49 d 0
13 18 e 1
14 15 a 3
14 15 b 4
14 35 c 2
14 64 d 0
14 101 e 2
15 16 a 4
15 16 b 3
15 61 c 0
15 47 d 2
15 5 e 1
16 17 a 2
16 17 b 2
16 94 c 0
16 8 d 3
16 72 e 1
17 18 a 2
17 18 b 4
17 112 c 1
17 121 d 2
17 72 e 4
18 19 a 1
18 19 b 3
18 93 c 3
18 83 d 0
18 102 e 2
19 20 a 0
19 20 b 4
19 24 c 4
19 12 d 3
19 66 e 0
20 21 a 4
20 21 b 2
20 21 c 0
20 62 d 2
20 67 e 2
21 22 a 2
21 22 b 0
21 77 c 3
21 39 d 4
21 21 e 3
22 23 a 4
22 23 b 3
22 59 c 2
22 39 d 4
22 38 e 2
23 24 a 4
23 24 b 1
23 97 c 0
23 68 d 2
23 41 e 3
24 25 a 2
24 25 b 2
24 68 c 3
24 41 d 2
24 20 e 2
25 26 a 2
25 26 b 4
25 107 c 4
25 34 d 0
25 33 e 1
26 27 a 3
26 27 b 3
26 100 c 2
26 34 d 3
26 80 e 0
27 28 a 0
27 28 b 3
27 63 c 3
27 62 d 0
27 99 e 1
28 29 a 4
28 29 b 0
28 18 c 2
28 48 d 2
28 96 e 1
29 30 a 2
29 30 b 3
29 115 c 4
29 84 d 1
29 19 e 3
30 31 a 3
30 31 b 1
30 1 c 3
30 46 d 0
30 10 e 3
31 32 a 2
31 32 b 1
31 91 c 1
31 98 d 3
31 23 e 1
32 33 a 4
32 33 b 1
32 39 c 4
32 58 d 2
32 82 e 0
33 34 a 2
33 34 b 0
33 13 c 4
33 36 d 4
33 20 e 4
34 35 a 1
34 35 b 3
34 57 c 0
34 50 d 2
34 124 e 1
35 36 a 2
35 36 b 4
35 93 c 1
35 24 d 2
35 110 e 4
36 37 a 0
36 37 b 1
36 44 c 1
36 49 d 3
36 15 e 0
37 38 a 2
37 38 b 2
37 96 c 0
37 122 d 2
37 75 e 1
38 39 a 0
38 39 b 1
38 53 c 3
38 21 d 0
38 80 e 3
39 40 a 3
39 40 b 4
39 108 c 1
39 72 d 3
39 16 e 0
40 41 a 3
40 41 b 1
40 73 c 4
40 124 d 3
40 66 e 0
41 42 a 0
41 42 b 0
41 21 c 1
41 62 d 4
41 97 e 2
42 43 a 2
42 43 b 3
42 29 c 0
42 65 d 4
42 43 e 0
43 44 a 4
43 44 b 0
43 48 c 0
43 90 d 3
43 36 e 1
44 45 a 0
44 45 b 1
44 37 c 4
44 3 d 2
44 17 e 3
45 46 a 2
45 46 b 0
45 83 c 4
45 88 d 1
45 125 e 2
46 47 a 4
46 47 b 3
46 24 c 3
46 29 d 3
46 55 e 0
47 48 a 4
47 48 b 1
47 83 c 4
47 54 d 2
47 82 e 1
48 49 a 2
48 49 b 0
48 105 c 0
48 46 d 2
48 36 e 2
49 50 a 2
49 50 b 0
49 67 c 4
49 49 d 2
49 72 e 3
50 51 a 1
50 51 b 1
50 78 c 0
50 17 d 2
50 28 e 3
51 52 a 4
51 52 b 4
51 122 c 0
51 69 d 0
51 68 e 3
52 53 a 1
52 53 b 2
52 60 c 1
52 101 d 0
52 36 e 0
53 54 a 2
53 54 b 1
53 13 c 2
53 47 d 0
53 106 e 2
54 55 a 3
54 55 b 2
54 104 c 0
54 5 d 3
54 2 e 1
55 56 a 2
55 56 b 3
55 79 c 3
55 109 d 0
55 31 e 0
56 57 a 0
56 57 b 4
56 71 c 2
56 16 d 4
56 57 e 0
57 58 a 0
57 58 b 1
57 88 c 1
57 59 d 1
57 10 e 1
58 59 a 1
58 59 b 3
58 14 c 3
58 97 d 0
58 16 e 3
59 60 a 2
59 60 b 2
59 122 c 2
59 23 d 1
59 14 e 4
60 61 a 4
60 61 b 3
60 50 c 2
60 23 d 3
60 10 e 4
61 62 a 2
61 62 b 3
61 76 c 3
61 62 d 3
61 80 e 3
62 63 a 0
62 63 b 2
62 103 c 4
62 13 d 2
62 110 e 3
63 64 a 3
63 64 b 1
63 35 c 1
63 44 d 4
63 55 e 2
64 65 a 4
64 65 b 2
64 36 c 0
64 98 d 3
64 64 e 2
65 66 a 1
65 66 b 4
65 18 c 3
65 30 d 1
65 101 e 1
66 67 a 3
66 67 b 2
66 28 c 4
66 114 d 1
66 69 e 4
67 68 a 0
67 68 b 2
67 113 c 4
67 18 d 1
67 66 e 0
68 69 a 0
68 69 b 4
68 69 c 4
68 89 d 4
68 2 e 2
69 70 a 3
69 70 b 2
69 82 c 2
69 69 d 2
69 113 e 3
70 71 a 1
70 71 b 1
70 84 c 0
70 118 d 4
70 61 e 2
71 72 a 2
71 72 b 0
71 12 c 1
71 51 d 3
71 88 e 4
72 73 a 1
72 73 b 0
72 62 c 2
72 101 d 3
72 121 e 1
73 74 a 1
73 74 b 0
73 51 c 4
73 25 d 1
73 27 e 4
74 75 a 4
74 75 b 2
74 56 c 2
74 2 d 3
74 125 e 0
75 76 a 2
75 76 b 1
75 29 c 2
75 117 d 2
75 33 e 1
76 77 a 1
76 77 b 3
76 55 c 3
76 108 d 2
76 77 e 3
77 78 a 3
77 78 b 0
77 94 c 2
77 4 d 2
77 12 e 1
78 79 a 3
78 79 b 2
78 112 c 4
78 127 d 2
78 46 e 3
79 80 a 1
79 80 b 2
79 76 c 1
79 66 d 1
79 68 e 3
80 81 a 2
80 81 b 1
80 87 c 2
80 87 d 2
80 37 e 2
81 82 a 2
81 82 b 0
81 123 c 2
81 109 d 1
81 108 e 1
82 83 a 3
82 83 b 2
82 35 c 2
82 83 d 3
82 119 e 0
83 84 a 4
83 84 b 4
83 64 c 0
83 1 d 4
83 105 e 4
84 85 a 1
84 85 b 3
84 71 c 0
84 15 d 0
84 41 e 2
85 86 a 2
85 86 b 4
85 49 c 1
85 59 d 0
85 98 e 1
86 87 a 3
86 87 b 0
86 121 c 3
86 104 d 2
86 1 e 3
87 88 a 4
87 88 b 1
87 34 c 3
87 26 d 3
87 58 e 2
88 89 a 3
88 89 b 3
88 47 c 2
88 123 d 0
88 3 e 4
89 90 a 3
89 90 b 0
89 40 c 4
89 88 d 1
89 22 e 3
90 91 a 3
90 91 b 0
90 28 c 4
90 36 d 0
90 115 e 0
91 92 a 1
91 92 b 4
91 25 c 0
91 116 d 0
91 92 e 3
92 93 a 2
92 93 b 0
92 53 c 4
92 2 d 0
92 88 e 0
93 94 a 1
93 94 b 2
93 9 c 0
93 43 d 2
93 49 e 1
94 95 a 3
94 95 b 4
94 49 c 2
94 113 d 3
94 118 e 2
95 96 a 0
95 96 b 1
95 78 c 1
95 121 d 0
95 122 e 4
96 97 a 1
96 97 b 4
96 4 c 0
96 14 d 3
96 83 e 1
97 98 a 3
97 98 b 0
97 124 c 3
97 28 d 0
97 91 e 1
98 99 a 3
98 99 b 2
98 99 c 2
98 54 d 0
98 50 e 1
99 100 a 1
99 100 b 3
99 104 c 4
99 16 d 2
99 58 e 4
100 101 a 1
100 101 b 0
100 66 c 0
100 6 d 3
100 25 e 3
101 102 a 2
101 102 b 0
101 40 c 1
101 19 d 3
101 59 e 3
102 103 a 4
102 103 b 4
102 87 c 1
102 91 d 3
102 78 e 4
103 104 a 3
103 104 b 4
103 16 c 0
103 33 d 1
103 68 e 3
104 105 a 1
104 105 b 3
104 24 c 4
104 81 d 0
104 85 e 3
105 106 a 0
105 106 b 1
105 54 c 2
105 120 d 4
105 122 e 3
106 107 a 4
106 107 b 0
106 56 c 3
106 71 d 3
106 115 e 0
107 108 a 2
107 108 b 2
107 110 c 0
107 21 d 4
107 65 e 1
108 109 a 3
108 109 b 4
108 45 c 0
108 89 d 0
108 45 e 1
109 110 a 0
109 110 b 3
109 77 c 1
109 51 d 3
109 63 e 3
110 111 a 3
110 111 b 4
110 44 c 1
110 100 d 3
110 72 e 4
111 112 a 2
111 112 b 1
111 41 c 3
111 82 d 4
111 89 e 1
112 113 a 4
112 113 b 4
112 42 c 0
112 5 d 3
112 73 e 3
113 114 a 0
113 114 b 0
113 22 c 0
113 45 d 1
113 51 e 1
114 115 a 1
114 115 b 4
114 91 c 0
114 25 d 4
114 118 e 3
115 116 a 1
115 116 b 0
115 106 c 0
115 65 d 2
115 51 e 3
116 117 a 0
116 117 b 3
116 54 c 4
116 61 d 0
116 82 e 3
117 118 a 0
117 118 b 2
117 57 c 4
117 76 d 3
117 126 e 2
118 119 a 1
118 119 b 0
118 111 c 2
118 78 d 4
118 36 e 2
119 120 a 2
119 120 b 1
119 88 c 3
119 74 d 3
119 120 e 1
120 121 a 1
120 121 b 2
120 122 c 3
120 105 d 2
120 112 e 1
121 122 a 2
121 122 b 2
121 93 c 4
121 121 d 2
121 71 e 4
122 123 a 4
122 123 b 0
122 13 c 1
122 107 d 4
122 123 e 4
123 124 a 2
123 124 b 0
123 28 c 2
123 86 d 0
123 79 e 0
124 125 a 4
124 125 b 0
124 29 c 0
124 114 d 1
124 74 e 0
125 126 a 1
125 126 b 2
125 42 c 2
125 29 d 4
125 54 e 2
126 127 a 0
126 127 b 2
126 95 c 3
126 89 d 1
126 35 e 2
127 128 a 0
127 128 b 4
127 93 c 1
127 75 d 4
127 97 e 1
128 1 a 1
128 1 b 3
128 72 c 3
128 62 d 0
128 9 e 4

87 128 640 5 5 0
1 2 a 1
1 2 b 1
1 74 c 3
1 30 d 4
1 117 e 2
2 3 a 3
2 3 b 2
2 13 c 1
2 126 d 2
2 67 e 0
3 4 a 1
3 4 b 0
3 68 c 1
3 19 d 3
3 86 e 3
4 5 a 2
4 5 b 4
4 35 c 4
4 54 d 4
4 84 e 4
5 6 a 2
5 6 b 2
5 98 c 3
5 102 d 4
5 41 e 0
6 7 a 2
6 7 b 0
6 63 c 2
6 67 d 1
6 3 e 1
7 8 a 4
7 8 b 2
7 121 c 2
7 20 d 4
7 85 e 0
8 9 a 2
8 9 b 0
8 85 c 4
8 66 d 2
8 84 e 4
9 10 a 3
9 10 b 0
9 29 c 0
9 91 d 0
9 125 e 1
10 11 a 1
10 11 b 2
10 28 c 4
10 16 d 2
10 12 e 0
11 12 a 2
11 12 b 0
11 35 c 1
11 56 d 2
11 6 e 2
12 13 a 2
12 13 b 2
12 7 c 3
12 75 d 1
12 49 e 4
13 14 a 1
13 14 b 1
13 32 c 1
13 103 d 2
13 23 e 3
14 15 a 1
14 15 b 0
14 76 c 3
14 78 d 1
14 6 e 0
15 16 a 4
15 16 b 2
15 106 c 3
15 101 d 4
15 18 e 3
16 17 a 0
16 17 b 4
16 96 c 0
16 55 d 0
16 18 e 4
17 18 a 3
17 18 b 0
17 22 c 4
17 113 d 2
17 31 e 0
18 19 a 2
18 19 b 4
18 120 c 2
18 99 d 2
18 25 e 3
19 20 a 4
19 20 b 1
19 120 c 3
19 5 d 2
19 33 e 2
20 21 a 3
20 21 b 2
20 9 c 4
20 112 d 3
20 31 e 0
21 22 a 0
21 22 b 3
21 37 c 3
21 96 d 0
21 62 e 3
22 23 a 3
22 23 b 4
22 72 c 0
22 57 d 0
22 107 e 4
23 24 a 4
23 24 b 0
23 114 c 3
23 127 d 0
23 90 e 0
24 25 a 0
24 25 b 4
24 41 c 3
24 92 d 2
24 2 e 1
25 26 a 3
25 26 b 3
25 117 c 1
25 30 d 1
25 27 e 3
26 27 a 2
26 27 b 4
26 99 c 3
26 55 d 0
26 39 e 0
27 28 a 4
27 28 b 3
27 3 c 2
27 59 d 2
27 102 e 0
28 29 a 2
28 29 b 3
28 105 c 3
28 101 d 4
28 96 e 3
29 30 a 3
29 30 b 4
29 47 c 0
29 18 d 0
29 96 e 0
30 31 a 3
30 31 b 4
30 114 c 0
30 68 d 0
30 115 e 2
31 32 a 4
31 32 b 3
31 81 c 3
31 33 d 0
31 109 e 1
32 33 a 4
32 33 b 4
32 113 c 0
32 114 d 1
32 100 e 3
33 34 a 4
33 34 b 3
33 123 c 0
33 36 d 2
33 50 e 0
34 35 a 4
34 35 b 3
34 28 c 2
34 74 d 0
34 119 e 1
35 36 a 4
35 36 b 0
35 4 c 0
35 25 d 0
35 22 e 4
36 37 a 1
36 37 b 2
36 104 c 4
36 106 d 0
36 51 e 1
37 38 a 2
37 38 b 3
37 128 c 3
37 60 d 1
37 59 e 3
38 39 a 0
38 39 b 1
38 10 c 4
38 48 d 3
38 93 e 2
39 40 a 0
39 40 b 2
39 69 c 2
39 11 d 2
39 9 e 3
40 41 a 0
40 41 b 4
40 119 c 2
40 55 d 4
40 120 e 3
41 42 a 2
41 42 b 4
41 103 c 0
41 66 d 4
41 35 e 2
42 43 a 4
42 43 b 2
42 99 c 3
42 94 d 2
42 74 e 1
43 44 a 1
43 44 b 3
43 60 c 2
43 95 d 2
43 111 e 0
44 45 a 1
44 45 b 4
44 69 c 4
44 64 d 3
44 89 e 2
45 46 a 4
45 46 b 4
45 87 c 0
45 30 d 2
45 18 e 1
46 47 a 3
46 47 b 3
46 80 c 4
46 59 d 3
46 104 e 3
47 48 a 1
47 48 b 3
47 16 c 3
47 125 d 4
47 112 e 0
48 49 a 3
48 49 b 4
48 123 c 1
48 109 d 4
48 126 e 1
49 50 a 4
49 50 b 4
49 121 c 1
49 57 d 0
49 47 e 2
50 51 a 2
50 51 b 2
50 121 c 0
50 49 d 3
50 95 e 3
51 52 a 4
51 52 b 3
51 105 c 3
51 77 d 4
51 51 e 3
52 53 a 4
52 53 b 4
52 64 c 0
52 38 d 4
52 16 e 0
53 54 a 0
53 54 b 2
53 117 c 0
53 121 d 3
53 34 e 1
54 55 a 1
54 55 b 4
54 5 c 1
54 39 d 1
54 87 e 1
55 56 a 2
55 56 b 1
55 113 c 0
55 56 d 3
55 97 e 2
56 57 a 2
56 57 b 4
56 61 c 3
56 83 d 1
56 55 e 3
57 58 a 4
57 58 b 1
57 114 c 4
57 71 d 0
57 20 e 2
58 59 a 3
58 59 b 3
58 29 c 0
58 6 d 2
58 119 e 3
59 60 a 4
59 60 b 3
59 77 c 1
59 36 d 2
59 33 e 1
60 61 a 3
60 61 b 0
60 25 c 1
60 92 d 4
60 26 e 4
61 62 a 3
61 62 b 2
61 24 c 1
61 12 d 2
61 45 e 3
62 63 a 3
62 63 b 1
62 104 c 2
62 52 d 0
62 103 e 1
63 64 a 4
63 64 b 3
63 40 c 0
63 123 d 3
63 28 e 2
64 65 a 1
64 65 b 0
64 125 c 0
64 41 d 4
64 98 e 0
65 66 a 2
65 66 b 3
65 17 c 0
65 46 d 1
65 20 e 4
66 67 a 1
66 67 b 3
66 15 c 2
66 26 d 0
66 80 e 2
67 68 a 4
67 68 b 4
67 40 c 3
67 35 d 4
67 121 e 3
68 69 a 1
68 69 b 1
68 17 c 2
68 35 d 0
68 54 e 0
69 70 a 0
69 70 b 3
69 2 c 2
69 23 d 2
69 114 e 0
70 71 a 0
70 71 b 4
70 57 c 1
70 32 d 1
70 90 e 1
71 72 a 4
71 72 b 0
71 117 c 0
71 6 d 4
71 97 e 2
72 73 a 1
72 73 b 0
72 124 c 4
72 48 d 2
72 63 e 0
73 74 a 4
73 74 b 2
73 22 c 3
73 45 d 4
73 110 e 2
74 75 a 4
74 75 b 0
74 15 c 4
74 47 d 0
74 44 e 2
75 76 a 1
75 76 b 3
75 56 c 1
75 10 d 0
75 124 e 4
76 77 a 4
76 77 b 2
76 103 c 2
76 57 d 4
76 37 e 2
77 78 a 1
77 78 b 1
77 115 c 1
77 90 d 0
77 49 e 4
78 79 a 3
78 79 b 0
78 56 c 3
78 45 d 2
78 111 e 4
79 80 a 0
79 80 b 2
79 25 c 0
79 25 d 2
79 113 e 4
80 81 a 1
80 81 b 0
80 121 c 4
80 39 d 0
80 15 e 0
81 82 a 1
81 82 b 0
81 65 c 3
81 4 d 4
81 98 e 1
82 83 a 1
82 83 b 2
82 93 c 4
82 4 d 4
82 74 e 0
83 84 a 3
83 84 b 0
83 63 c 3
83 26 d 3
83 105 e 2
84 85 a 0
84 85 b 0
84 91 c 4
84 96 d 3
84 37 e 1
85 86 a 1
85 86 b 0
85 41 c 1
85 21 d 1
85 42 e 4
86 87 a 3
86 87 b 2
86 38 c 0
86 26 d 1
86 102 e 0
87 88 a 3
87 88 b 3
87 83 c 1
87 116 d 1
87 11 e 1
88 89 a 2
88 89 b 0
88 52 c 3
88 78 d 4
88 17 e 0
89 90 a 4
89 90 b 4
89 82 c 4
89 116 d 4
89 49 e 4
90 91 a 3
90 91 b 1
90 58 c 3
90 89 d 1
90 106 e 1
91 92 a 0
91 92 b 4
91 124 c 2
91 17 d 0
91 128 e 2
92 93 a 4
92 93 b 0
92 45 c 3
92 88 d 1
92 120 e 2
93 94 a 4
93 94 b 3
93 102 c 2
93 9 d 0
93 30 e 1
94 95 a 4
94 95 b 0
94 66 c 0
94 39 d 3
94 127 e 0
95 96 a 1
95 96 b 3
95 99 c 1
95 88 d 2
95 111 e 2
96 97 a 4
96 97 b 1
96 110 c 2
96 101 d 4
96 5 e 3
97 98 a 2
97 98 b 3
97 10 c 1
97 60 d 3
97 25 e 0
98 99 a 2
98 99 b 1
98 101 c 1
98 110 d 1
98 77 e 1
99 100 a 2
99 100 b 1
99 48 c 0
99 49 d 2
99 1 e 0
100 101 a 1
100 101 b 0
100 30 c 4
100 95 d 1
100 93 e 4
101 102 a 2
101 102 b 3
101 104 c 0
101 117 d 2
101 76 e 4
102 103 a 3
102 103 b 4
102 76 c 4
102 21 d 0
102 123 e 2
103 104 a 3
103 104 b 3
103 10 c 0
103 4 d 1
103 94 e 2
104 105 a 0
104 105 b 4
104 101 c 4
104 45 d 3
104 43 e 4
105 106 a 3
105 106 b 4
105 40 c 2
105 28 d 4
105 93 e 2
106 107 a 4
106 107 b 1
106 31 c 2
106 4 d 1
106 50 e 0
107 108 a 2
107 108 b 4
107 25 c 4
107 57 d 0
107 45 e 3
108 109 a 2
108 109 b 1
108 109 c 1
108 55 d 1
108 21 e 1
109 110 a 2
109 110 b 3
109 114 c 0
109 25 d 2
109 116 e 2
110 111 a 2
110 111 b 3
110 5 c 2
110 35 d 1
110 25 e 2
111 112 a 2
111 112 b 4
111 6 c 4
111 57 d 1
111 23 e 4
112 113 a 1
112 113 b 1
112 91 c 3
112 101 d 1
112 67 e 4
113 114 a 0
113 114 b 1
113 108 c 3
113 84 d 4
113 58 e 4
114 115 a 4
114 115 b 4
114 38 c 3
114 90 d 4
114 89 e 2
115 116 a 0
115 116 b 0
115 121 c 2
115 106 d 3
115 67 e 4
116 117 a 3
116 117 b 0
116 90 c 4
116 31 d 4
116 94 e 4
117 118 a 2
117 118 b 1
117 65 c 1
117 54 d 2
117 86 e 2
118 119 a 4
118 119 b 3
118 43 c 3
118 17 d 0
118 25 e 4
119 120 a 4
119 120 b 1
119 25 c 2
119 53 d 1
119 89 e 3
120 121 a 1
120 121 b 2
120 16 c 1
120 77 d 2
120 14 e 1
121 122 a 1
121 122 b 1
121 23 c 3
121 37 d 4
121 113 e 3
122 123 a 1
122 123 b 3
122 60 c 3
122 48 d 2
122 2 e 0
123 124 a 2
123 124 b 0
123 15 c 4
123 2 d 0
123 3 e 4
124 125 a 2
124 125 b 2
124 37 c 0
124 87 d 1
124 122 e 0
125 126 a 3
125 126 b 2
125 23 c 0
125 10 d 0
125 51 e 4
126 127 a 4
126 127 b 4
126 128 c 0
126 31 d 4
126 60 e 4
127 128 a 2
127 128 b 1
127 2 c 2
127 58 d 4
127 103 e 0
128 1 a 1
128 1 b 0
128 66 c 1
128 37 d 1
128 75 e 3

88 128 640 5 5 0
1 2 a 4
1 2 b 3
1 104 c 1
1 78 d 2
1 67 e 3
2 3 a 3
2 3 b 0
2 32 c 1
2 70 d 4
2 110 e 1
3 4 a 2
3 4 b 0
3 27 c 3
3 67 d 4
3 45 e 1
4 5 a 3
4 5 b 0
4 15 c 3
4 31 d 4
4 40 e 4
5 6 a 2
5 6 b 0
5 50 c 1
5 87 d 2
5 74 e 1
6 7 a 4
6 7 b 3
6 67 c 0
6 13 d 2
6 64 e 1
7 8 a 4
7 8 b 1
7 2 c 3
7 7 d 4
7 126 e 1
8 9 a 2
8 9 b 1
8 51 c 0
8 46 d 3
8 58 e 1
9 10 a 0
9 10 b 3
9 31 c 0
9 15 d 4
9 111 e 3
10 11 a 4
10 11 b 2
10 18 c 2
10 93 d 2
10 91 e 2
11 12 a 0
11 12 b 4
11 94 c 2
11 109 d 3
11 2 e 2
12 13 a 3
12 13 b 4
12 87 c 1
12 56 d 1
12 41 e 2
13 14 a 1
13 14 b 0
13 85 c 2
13 93 d 2
13 91 e 0
14 15 a 0
14 15 b 2
14 53 c 2
14 28 d 2
14 103 e 4
15 16 a 2
15 16 b 2
15 88 c 2
15 92 d 0
15 96 e 4
16 17 a 1
16 17 b 3
16 34 c 1
16 38 d 0
16 28 e 2
17 18 a 2
17 18 b 3
17 124 c 4
17 40 d 4
17 53 e 1
18 19 a 3
18 19 b 3
18 83 c 4
18 52 d 1
18 11 e 2
19 20 a 1
19 20 b 0
19 23 c 3
19 62 d 2
19 65 e 3
20 21 a 3
20 21 b 2
20 61 c 1
20 97 d 1
20 59 e 2
21 22 a 3
21 22 b 3
21 61 c 4
21 90 d 2
21 38 e 0
22 23 a 4
22 23 b 2
22 20 c 3
22 11 d 2
22 112 e 3
23 24 a 1
23 24 b 0
23 68 c 1
23 122 d 3
23 76 e 2
24 25 a 3
24 25 b 3
24 79 c 2
24 80 d 2
24 47 e 1
25 26 a 1
25 26 b 4
25 64 c 4
25 90 d 2
25 86 e 2
26 27 a 4
26 27 b 1
26 34 c 3
26 11 d 2
26 62 e 4
27 28 a 1
27 28 b 0
27 6 c 3
27 120 d 1
27 42 e 1
28 29 a 1
28 29 b 0
28 1 c 2
28 90 d 4
28 32 e 2
29 30 a 2
29 30 b 1
29 44 c 1
29 16 d 1
29 108 e 0
30 31 a 4
30 31 b 2
30 34 c 2
30 27 d 2
30 28 e 4
31 32 a 1
31 32 b 2
31 6 c 3
31 32 d 0
31 2 e 3
32 33 a 1
32 33 b 0
32 123 c 2
32 105 d 0
32 53 e 1
33 34 a 2
33 34 b 4
33 41 c 3
33 100 d 2
33 17 e 1
34 35 a 0
34 35 b 2
34 63 c 1
34 34 d 4
34 50 e 4
35 36 a 1
35 36 b 0
35 107 c 4
35 90 d 3
35 125 e 2
36 37 a 4
36 37 b 3
36 100 c 4
36 100 d 4
36 23 e 1
37 38 a 0
37 38 b 1
37 97 c 4
37 62 d 1
37 108 e 2
38 39 a 0
38 39 b 1
38 31 c 3
38 10 d 4
38 41 e 1
39 40 a 3
39 40 b 0
39 94 c 4
39 14 d 4
39 67 e 1
40 41 a 4
40 41 b 1
40 100 c 2
40 50 d 4
40 110 e 2
41 42 a 0
41 42 b 1
41 121 c 4
41 6 d 0
41 38 e 1
42 43 a 0
42 43 b 0
42 106 c 0
42 58 d 2
42 41 e 1
43 44 a 3
43 44 b 0
43 7 c 1
43 36 d 0
43 123 e 2
44 45 a 4
44 45 b 3
44 37 c 3
44 61 d 2
44 97 e 1
45 46 a 1
45 46 b 4
45 28 c 3
45 36 d 0
45 102 e 1
46 47 a 4
46 47 b 4
46 73 c 4
46 26 d 0
46 89 e 4
47 48 a 1
47 48 b 1
47 13 c 2
47 4 d 0
47 77 e 3
48 49 a 4
48 49 b 4
48 76 c 3
48 108 d 4
48 24 e 2
49 50 a 0
49 50 b 1
49 112 c 3
49 128 d 1
49 85 e 1
50 51 a 1
50 51 b 1
50 99 c 4
50 18 d 1
50 98 e 4
51 52 a 4
51 52 b 3
51 25 c 3
51 22 d 0
51 98 e 1
52 53 a 1
52 53 b 3
52 4 c 2
52 39 d 3
52 60 e 4
53 54 a 1
53 54 b 3
53 29 c 2
53 3 d 2
53 27 e 1
54 55 a 3
54 55 b 3
54 98 c 4
54 10 d 4
54 108 e 3
55 56 a 1
55 56 b 1
55 82 c 1
55 67 d 2
55 98 e 0
56 57 a 3
56 57 b 2
56 115 c 2
56 86 d 2
56 117 e 2
57 58 a 3
57 58 b 2
57 76 c 0
57 19 d 3
57 95 e 2
58 59 a 4
58 59 b 0
58 107 c 2
58 106 d 4
58 30 e 2
59 60 a 0
59 60 b 3
59 97 c 4
59 113 d 4
59 117 e 3
60 61 a 0
60 61 b 1
60 65 c 1
60 98 d 1
60 106 e 4
61 62 a 3
61 62 b 2
61 37 c 0
61 25 d 3
61 73 e 1
62 63 a 3
62 63 b 2
62 41 c 3
62 26 d 0
62 32 e 2
63 64 a 3
63 64 b 2
63 109 c 0
63 9 d 0
63 65 e 4
64 65 a 0
64 65 b 1
64 23 c 2
64 49 d 0
64 68 e 0
65 66 a 4
65 66 b 2
65 79 c 4
65 126 d 3
65 2 e 2
66 67 a 0
66 67 b 4
66 65 c 2
66 2 d 3
66 27 e 1
67 68 a 0
67 68 b 4
67 31 c 3
67 116 d 3
67 113 e 4
68 69 a 3
68 69 b 4
68 29 c 2
68 44 d 4
68 42 e 4
69 70 a 0
69 70 b 4
69 115 c 1
69 40 d 1
69 50 e 4
70 71 a 4
70 71 b 2
70 94 c 4
70 11 d 1
70 55 e 1
71 72 a 3
71 72 b 0
71 31 c 0
71 24 d 1
71 43 e 2
72 73 a 0
72 73 b 2
72 122 c 3
72 59 d 4
72 69 e 0
73 74 a 0
73 74 b 0
73 56 c 3
73 1 d 3
73 128 e 2
74 75 a 1
74 75 b 0
74 38 c 1
74 27 d 0
74 27 e 4
75 76 a 3
75 76 b 0
75 20 c 2
75 95 d 0
75 23 e 0
76 77 a 2
76 77 b 2
76 86 c 4
76 71 d 4
76 61 e 4
77 78 a 3
77 78 b 1
77 71 c 3
77 112 d 3
77 21 e 2
78 79 a 2
78 79 b 4
78 65 c 1
78 27 d 1
78 112 e 1
79 80 a 3
79 80 b 3
79 38 c 1
79 48 d 4
79 95 e 2
80 81 a 0
80 81 b 2
80 91 c 0
80 54 d 3
80 57 e 3
81 82 a 3
81 82 b 1
81 71 c 3
81 92 d 4
81 25 e 2
82 83 a 0
82 83 b 2
82 88 c 2
82 116 d 0
82 93 e 3
83 84 a 1
83 84 b 1
83 126 c 3
83 114 d 0
83 40 e 4
84 85 a 2
84 85 b 0
84 47 c 3
84 114 d 0
84 97 e 1
85 86 a 1
85 86 b 3
85 97 c 3
85 47 d 2
85 51 e 4
86 87 a 1
86 87 b 1
86 19 c 2
86 12 d 3
86 11 e 1
87 88 a 4
87 88 b 2
87 68 c 0
87 15 d 2
87 29 e 3
88 89 a 3
88 89 b 1
88 122 c 2
88 97 d 0
88 94 e 4
89 90 a 2
89 90 b 3
89 61 c 1
89 80 d 0
89 11 e 4
90 91 a 4
90 91 b 1
90 25 c 1
90 77 d 4
90 33 e 1
91 92 a 2
91 92 b 0
91 32 c 4
91 110 d 4
91 99 e 1
92 93 a 0
92 93 b 4
92 101 c 1
92 109 d 2
92 88 e 4
93 94 a 4
93 94 b 0
93 2 c 1
93 39 d 2
93 74 e 2
94 95 a 1
94 95 b 1
94 19 c 3
94 30 d 2
94 72 e 4
95 96 a 2
95 96 b 3
95 56 c 4
95 119 d 2
95 37 e 1
96 97 a 1
96 97 b 1
96 23 c 1
96 125 d 3
96 118 e 4
97 98 a 4
97 98 b 1
97 88 c 0
97 28 d 1
97 24 e 4
98 99 a 2
98 99 b 3
98 40 c 0
98 102 d 1
98 40 e 2
99 100 a 1
99 100 b 2
99 55 c 2
99 18 d 2
99 9 e 2
100 101 a 3
100 101 b 2
100 57 c 2
100 120 d 1
100 97 e 1
101 102 a 0
101 102 b 3
101 105 c 4
101 23 d 2
101 28 e 2
102 103 a 0
102 103 b 4
102 1 c 2
102 15 d 3
102 104 e 2
103 104 a 2
103 104 b 1
103 67 c 3
103 39 d 2
103 55 e 3
104 105 a 4
104 105 b 2
104 115 c 1
104 72 d 0
104 65 e 1
105 106 a 0
105 106 b 4
105 90 c 0
105 128 d 2
105 127 e 2
106 107 a 1
106 107 b 1
106 69 c 3
106 128 d 1
106 49 e 2
107 108 a 3
107 108 b 0
107 4 c 3
107 30 d 1
107 88 e 0
108 109 a 3
108 109 b 3
108 108 c 2
108 84 d 1
108 61 e 4
109 110 a 1
109 110 b 4
109 86 c 3
109 63 d 0
109 104 e 1
110 111 a 2
110 111 b 1
110 29 c 4
110 33 d 3
110 42 e 4
111 112 a 2
111 112 b 3
111 36 c 4
111 95 d 3
111 20 e 1
112 113 a 3
112 113 b 4
112 77 c 2
112 4 d 0
112 125 e 0
113 114 a 4
113 114 b 3
113 3 c 0
113 60 d 2
113 128 e 0
114 115 a 4
114 115 b 2
114 49 c 3
114 90 d 1
114 124 e 1
115 116 a 3
115 116 b 0
115 72 c 1
115 83 d 4
115 18 e 3
116 117 a 0
116 117 b 4
116 61 c 1
116 64 d 0
116 42 e 4
117 118 a 4
117 118 b 0
117 9 c 4
117 96 d 0
117 111 e 4
118 119 a 1
118 119 b 3
118 40 c 4
118 19 d 3
118 78 e 1
119 120 a 0
119 120 b 0
119 26 c 3
119 96 d 3
119 123 e 0
120 121 a 2
120 121 b 1
120 101 c 1
120 112 d 1
120 108 e 0
121 122 a 2
121 122 b 0
121 17 c 4
121 17 d 1
121 92 e 3
122 123 a 0
122 123 b 3
122 43 c 0
122 52 d 3
122 73 e 0
123 124 a 0
123 124 b 4
123 66 c 1
123 111 d 2
123 118 e 1
124 125 a 2
124 125 b 0
124 109 c 2
124 124 d 2
124 106 e 0
125 126 a 4
125 126 b 2
125 67 c 3
125 56 d 0
125 111 e 4
126 127 a 4
126 127 b 1
126 97 c 4
126 37 d 1
126 20 e 2
127 128 a 4
127 128 b 1
127 104 c 4
127 105 d 2
127 44 e 3
128 1 a 0
128 1 b 0
128 124 c 4
128 76 d 2
128 77 e 0

89 128 640 5 5 0
1 2 a 3
1 2 b 4
1 70 c 0
1 62 d 3
1 82 e 4
2 3 a 3
2 3 b 4
2 115 c 4
2 78 d 2
2 89 e 0
3 4 a 3
3 4 b 1
3 51 c 3
3 52 d 0
3 69 e 0
4 5 a 3
4 5 b 1
4 58 c 2
4 73 d 2
4 60 e 0
5 6 a 2
5 6 b 0
5 67 c 2
5 9 d 3
5 42 e 4
6 7 a 3
6 7 b 1
6 8 c 2
6 24 d 1
6 61 e 1
7 8 a 0
7 8 b 0
7 75 c 1
7 58 d 4
7 104 e 0
8 9 a 0
8 9 b 1
8 81 c 4
8 89 d 3
8 96 e 1
9 10 a 4
9 10 b 3
9 97 c 3
9 3 d 2
9 34 e 4
10 11 a 2
10 11 b 4
10 73 c 3
10 105 d 4
10 106 e 1
11 12 a 4
11 12 b 4
11 89 c 3
11 97 d 3
11 61 e 2
12 13 a 2
12 13 b 2
12 102 c 4
12 101 d 4
12 97 e 0
13 14 a 0
13 14 b 2
13 73 c 3
13 19 d 2
13 95 e 1
14 15 a 3
14 15 b 3
14 93 c 2
14 43 d 2
14 8 e 2
15 16 a 0
15 16 b 4
15 5 c 4
15 19 d 3
15 109 e 2
16 17 a 4
16 17 b 3
16 36 c 0
16 86 d 0
16 102 e 2
17 18 a 4
17 18 b 0
17 34 c 0
17 32 d 2
17 12 e 2
18 19 a 2
18 19 b 2
18 110 c 1
18 68 d 1
18 62 e 4
19 20 a 3
19 20 b 4
19 118 c 2
19 55 d 1
19 32 e 2
20 21 a 3
20 21 b 4
20 48 c 4
20 18 d 4
20 23 e 3
21 22 a 3
21 22 b 4
21 21 c 2
21 20 d 3
21 79 e 4
22 23 a 2
22 23 b 2
22 33 c 0
22 30 d 2
22 53 e 2
23 24 a 1
23 24 b 2
23 85 c 0
23 53 d 3
23 125 e 2
24 25 a 1
24 25 b 4
24 53 c 3
24 3 d 1
24 29 e 4
25 26 a 3
25 26 b 4
25 74 c 3
25 86 d 2
25 80 e 2
26 27 a 3
26 27 b 2
26 32 c 1
26 31 d 4
26 21 e 0
27 28 a 1
27 28 b 4
27 73 c 1
27 117 d 4
27 45 e 4
28 29 a 3
28 29 b 1
28 89 c 4
28 16 d 3
28 32 e 4
29 30 a 3
29 30 b 4
29 104 c 1
29 78 d 2
29 56 e 4
30 31 a 2
30 31 b 1
30 19 c 1
30 49 d 1
30 5 e 0
31 32 a 1
31 32 b 2
31 123 c 3
31 94 d 4
31 88 e 1
32 33 a 1
32 33 b 4
32 68 c 0
32 32 d 2
32 71 e 3
33 34 a 2
33 34 b 3
33 24 c 2
33 100 d 1
33 47 e 2
34 35 a 1
34 35 b 4
34 33 c 2
34 59 d 2
34 45 e 0
35 36 a 2
35 36 b 3
35 18 c 4
35 90 d 2
35 36 e 4
36 37 a 4
36 37 b 4
36 31 c 4
36 29 d 3
36 59 e 3
37 38 a 4
37 38 b 3
37 1 c 4
37 128 d 4
37 92 e 0
38 39 a 4
38 39 b 3
38 115 c 1
38 36 d 1
38 54 e 2
39 40 a 3
39 40 b 2
39 55 c 3
39 81 d 0
39 60 e 0
40 41 a 1
40 41 b 2
40 18 c 0
40 110 d 3
40 36 e 4
41 42 a 3
41 42 b 2
41 76 c 0
41 10 d 4
41 104 e 1
42 43 a 0
42 43 b 2
42 49 c 1
42 86 d 0
42 72 e 0
43 44 a 3
43 44 b 1
43 18 c 2
43 41 d 3
43 70 e 3
44 45 a 1
44 45 b 1
44 68 c 3
44 123 d 4
44 41 e 3
45 46 a 2
45 46 b 0
45 32 c 4
45 106 d 1
45 123 e 1
46 47 a 4
46 47 b 4
46 2 c 3
46 56 d 0
46 10 e 4
47 48 a 4
47 48 b 1
47 74 c 0
47 75 d 4
47 107 e 3
48 49 a 2
48 49 b 2
48 94 c 3
48 44 d 4
48 114 e 0
49 50 a 2
49 50 b 1
49 38 c 0
49 8 d 4
49 59 e 0
50 51 a 3
50 51 b 0
50 14 c 2
50 50 d 0
50 37 e 0
51 52 a 4
51 52 b 0
51 8 c 0
51 31 d 2
51 82 e 0
52 53 a 4
52 53 b 0
52 7 c 4
52 105 d 1
52 40 e 0
53 54 a 3
53 54 b 4
53 5 c 3
53 76 d 0
53 83 e 1
54 55 a 2
54 55 b 4
54 126 c 1
54 44 d 1
54 65 e 0
55 56 a 4
55 56 b 1
55 115 c 0
55 13 d 3
55 36 e 0
56 57 a 0
56 57 b 1
56 104 c 3
56 26 d 2
56 115 e 0
57 58 a 4
57 58 b 3
57 102 c 4
57 31 d 0
57 105 e 3
58 59 a 0
58 59 b 3
58 122 c 1
58 14 d 1
58 4 e 3
59 60 a 1
59 60 b 4
59 52 c 2
59 126 d 2
59 8 e 2
60 61 a 2
60 61 b 2
60 41 c 0
60 39 d 1
60 122 e 4
61 62 a 0
61 62 b 3
61 113 c 1
61 103 d 0
61 38 e 2
62 63 a 4
62 63 b 2
62 41 c 2
62 64 d 2
62 25 e 2
63 64 a 2
63 64 b 4
63 114 c 2
63 88 d 3
63 39 e 0
64 65 a 2
64 65 b 1
64 113 c 3
64 120 d 4
64 102 e 1
65 66 a 0
65 66 b 4
65 77 c 3
65 14 d 2
65 49 e 3
66 67 a 0
66 67 b 0
66 52 c 2
66 43 d 4
66 38 e 0
67 68 a 3
67 68 b 4
67 86 c 1
67 5 d 3
67 40 e 0
68 69 a 4
68 69 b 4
68 104 c 1
68 117 d 3
68 94 e 2
69 70 a 1
69 70 b 0
69 35 c 0
69 122 d 0
69 51 e 0
70 71 a 0
70 71 b 0
70 66 c 4
70 53 d 4
70 84 e 2
71 72 a 0
71 72 b 2
71 8 c 4
71 107 d 0
71 52 e 3
72 73 a 3
72 73 b 3
72 55 c 3
72 7 d 1
72 11 e 3
73 74 a 0
73 74 b 4
73 26 c 2
73 21 d 0
73 83 e 0
74 75 a 2
74 75 b 4
74 124 c 3
74 71 d 2
74 74 e 0
75 76 a 4
75 76 b 0
75 47 c 0
75 116 d 4
75 115 e 0
76 77 a 2
76 77 b 1
76 6 c 4
76 20 d 0
76 21 e 1
77 78 a 2
77 78 b 2
77 91 c 1
77 69 d 1
77 58 e 1
78 79 a 4
78 79 b 1
78 10 c 3
78 74 d 2
78 49 e 2
79 80 a 1
79 80 b 0
79 115 c 2
79 7 d 4
79 12 e 1
80 81 a 1
80 81 b 2
80 124 c 3
80 5 d 4
80 35 e 0
81 82 a 1
81 82 b 2
81 13 c 3
81 116 d 1
81 15 e 0
82 83 a 0
82 83 b 3
82 19 c 2
82 36 d 2
82 48 e 4
83 84 a 4
83 84 b 1
83 126 c 3
83 11 d 2
83 40 e 4
84 85 a 1
84 85 b 1
84 66 c 2
84 67 d 0
84 93 e 0
85 86 a 2
85 86 b 1
85 89 c 0
85 9 d 2
85 123 e 3
86 87 a 1
86 87 b 2
86 63 c 1
86 63 d 1
86 112 e 0
87 88 a 1
87 88 b 3
87 117 c 1
87 106 d 0
87 110 e 0
88 89 a 2
88 89 b 2
88 128 c 4
88 53 d 2
88 108 e 4
89 90 a 4
89 90 b 3
89 103 c 2
89 108 d 2
89 38 e 3
90 91 a 0
90 91 b 3
90 56 c 4
90 1 d 0
90 24 e 3
91 92 a 0
91 92 b 3
91 3 c 4
91 11 d 1
91 7 e 2
92 93 a 1
92 93 b 4
92 93 c 2
92 66 d 0
92 120 e 1
93 94 a 1
93 94 b 3
93 94 c 3
93 5 d 1
93 55 e 1
94 95 a 4
94 95 b 3
94 35 c 0
94 84 d 3
94 81 e 2
95 96 a 3
95 96 b 4
95 78 c 1
95 86 d 1
95 26 e 2
96 97 a 1
96 97 b 4
96 1 c 4
96 84 d 3
96 40 e 0
97 98 a 1
97 98 b 0
97 103 c 4
97 60 d 2
97 86 e 3
98 99 a 3
98 99 b 0
98 43 c 0
98 31 d 2
98 67 e 3
99 100 a 2
99 100 b 3
99 126 c 2
99 51 d 2
99 80 e 0
100 101 a 2
100 101 b 2
100 21 c 1
100 82 d 0
100 37 e 2
101 102 a 2
101 102 b 3
101 41 c 1
101 121 d 4
101 45 e 4
102 103 a 1
102 103 b 1
102 118 c 3
102 74 d 1
102 21 e 2
103 104 a 0
103 104 b 2
103 60 c 2
103 10 d 0
103 81 e 0
104 105 a 3
104 105 b 4
104 65 c 0
104 35 d 1
104 23 e 1
105 106 a 4
105 106 b 0
105 77 c 2
105 36 d 0
105 97 e 4
106 107 a 3
106 107 b 3
106 44 c 3
106 60 d 4
106 112 e 1
107 108 a 0
107 108 b 2
107 48 c 0
107 67 d 3
107 68 e 2
108 109 a 2
108 109 b 4
108 44 c 0
108 49 d 4
108 37 e 0
109 110 a 4
109 110 b 1
109 122 c 3
109 37 d 0
109 29 e 4
110 111 a 1
110 111 b 0
110 118 c 3
110 95 d 0
110 123 e 2
111 112 a 2
111 112 b 3
111 1 c 0
111 70 d 1
111 81 e 0
112 113 a 1
112 113 b 2
112 127 c 0
112 99 d 1
112 119 e 0
113 114 a 4
113 114 b 0
113 89 c 4
113 100 d 4
113 7 e 1
114 115 a 4
114 115 b 1
114 124 c 2
114 26 d 2
114 95 e 1
115 116 a 1
115 116 b 3
115 87 c 2
115 123 d 3
115 34 e 1
116 117 a 3
116 117 b 1
116 97 c 0
116 33 d 3
116 54 e 0
117 118 a 3
117 118 b 4
117 17 c 1
117 73 d 4
117 71 e 0
118 119 a 1
118 119 b 3
118 101 c 3
118 85 d 3
118 67 e 3
119 120 a 3
119 120 b 0
119 92 c 4
119 75 d 2
119 92 e 0
120 121 a 1
120 121 b 0
120 123 c 4
120 83 d 1
120 10 e 1
121 122 a 1
121 122 b 1
121 75 c 0
121 61 d 4
121 6 e 2
122 123 a 0
122 123 b 2
122 89 c 4
122 120 d 1
122 80 e 4
123 124 a 4
123 124 b 4
123 54 c 3
123 28 d 0
123 42 e 3
124 125 a 3
124 125 b 4
124 117 c 0
124 97 d 4
124 26 e 3
125 126 a 4
125 126 b 3
125 47 c 3
125 38 d 2
125 108 e 0
126 127 a 1
126 127 b 1
126 2 c 4
126 108 d 0
126 45 e 4
127 128 a 4
127 128 b 3
127 13 c 4
127 88 d 3
127 50 e 3
128 1 a 4
128 1 b 3
128 118 c 2
128 52 d 1
128 15 e 1

90 128 640 5 5 0
1 2 a 3
1 2 b 1
1 100 c 0
1 110 d 1
1 32 e 4
2 3 a 1
2 3 b 3
2 5 c 0
2 23 d 4
2 4 e 4
3 4 a 2
3 4 b 4
3 10 c 4
3 101 d 2
3 28 e 2
4 5 a 0
4 5 b 4
4 38 c 1
4 50 d 4
4 16 e 3
5 6 a 1
5 6 b 3
5 19 c 2
5 123 d 1
5 75 e 4
6 7 a 2
6 7 b 1
6 13 c 3
6 98 d 3
6 122 e 1
7 8 a 3
7 8 b 1
7 84 c 4
7 45 d 1
7 17 e 4
8 9 a 3
8 9 b 1
8 46 c 2
8 68 d 2
8 70 e 2
9 10 a 3
9 10 b 2
9 99 c 2
9 55 d 0
9 20 e 1
10 11 a 4
10 11 b 3
10 64 c 3
10 53 d 1
10 57 e 4
11 12 a 3
11 12 b 1
11 20 c 4
11 22 d 0
11 57 e 4
12 13 a 0
12 13 b 4
12 54 c 3
12 83 d 3
12 89 e 1
13 14 a 2
13 14 b 4
13 125 c 4
13 8 d 2
13 36 e 2
14 15 a 3
14 15 b 2
14 70 c 4
14 121 d 4
14 105 e 1
15 16 a 1
15 16 b 2
15 114 c 1
15 10 d 2
15 59 e 4
16 17 a 1
16 17 b 1
16 101 c 2
16 69 d 0
16 112 e 4
17 18 a 0
17 18 b 2
17 8 c 2
17 88 d 2
17 34 e 1
18 19 a 0
18 19 b 4
18 72 c 0
18 20 d 0
18 49 e 4
19 20 a 2
19 20 b 1
19 21 c 1
19 112 d 3
19 63 e 0
20 21 a 4
20 21 b 4
20 100 c 3
20 4 d 1
20 51 e 3
21 22 a 2
21 22 b 3
21 45 c 1
21 14 d 2
21 55 e 0
22 23 a 0
22 23 b 2
22 110 c 3
22 112 d 0
22 58 e 3
23 24 a 0
23 24 b 1
23 38 c 3
23 47 d 3
23 111 e 4
24 25 a 0
24 25 b 2
24 90 c 0
24 118 d 4
24 75 e 3
25 26 a 1
25 26 b 2
25 20 c 4
25 18 d 4
25 11 e 1
26 27 a 3
26 27 b 2
26 95 c 4
26 116 d 1
26 44 e 3
27 28 a 2
27 28 b 2
27 76 c 4
27 49 d 4
27 113 e 2
28 29 a 2
28 29 b 3
28 112 c 0
28 5 d 0
28 96 e 4
29 30 a 3
29 30 b 3
29 100 c 3
29 76 d 1
29 69 e 2
30 31 a 1
30 31 b 1
30 68 c 4
30 7 d 4
30 46 e 2
31 32 a 2
31 32 b 3
31 48 c 2
31 93 d 0
31 109 e 1
32 33 a 3
32 33 b 1
32 78 c 1
32 24 d 2
32 25 e 0
33 34 a 0
33 34 b 4
33 70 c 2
33 36 d 0
33 14 e 3
34 35 a 4
34 35 b 1
34 68 c 4
34 19 d 1
34 104 e 4
35 36 a 3
35 36 b 3
35 122 c 3
35 27 d 1
35 12 e 4
36 37 a 0
36 37 b 0
36 27 c 1
36 22 d 1
36 31 e 1
37 38 a 3
37 38 b 2
37 97 c 2
37 2 d 3
37 13 e 3
38 39 a 1
38 39 b 0
38 8 c 0
38 127 d 3
38 3 e 1
39 40 a 0
39 40 b 4
39 81 c 1
39 83 d 4
39 117 e 1
40 41 a 4
40 41 b 4
40 128 c 1
40 105 d 0
40 26 e 2
41 42 a 3
41 42 b 0
41 94 c 0
41 78 d 4
41 107 e 0
42 43 a 3
42 43 b 1
42 55 c 2
42 51 d 0
42 39 e 1
43 44 a 4
43 44 b 1
43 93 c 4
43 109 d 3
43 82 e 4
44 45 a 3
44 45 b 3
44 36 c 1
44 120 d 0
44 49 e 0
45 46 a 3
45 46 b 2
45 100 c 3
45 112 d 1
45 79 e 0
46 47 a 2
46 47 b 2
46 122 c 2
46 22 d 0
46 123 e 0
47 48 a 2
47 48 b 2
47 71 c 4
47 82 d 2
47 72 e 2
48 49 a 2
48 49 b 1
48 48 c 4
48 43 d 4
48 12 e 0
49 50 a 0
49 50 b 2
49 28 c 0
49 80 d 4
49 98 e 4
50 51 a 1
50 51 b 3
50 121 c 3
50 18 d 3
50 40 e 4
51 52 a 3
51 52 b 1
51 55 c 3
51 104 d 3
51 1 e 0
52 53 a 2
52 53 b 4
52 75 c 4
52 106 d 4
52 84 e 2
53 54 a 0
53 54 b 2
53 45 c 2
53 86 d 1
53 75 e 0
54 55 a 3
54 55 b 0
54 91 c 2
54 14 d 1
54 85 e 2
55 56 a 1
55 56 b 0
55 84 c 1
55 24 d 4
55 37 e 1
56 57 a 0
56 57 b 2
56 30 c 3
56 29 d 1
56 49 e 3
57 58 a 0
57 58 b 3
57 65 c 3
57 107 d 0
57 51 e 1
58 59 a 3
58 59 b 0
58 73 c 1
58 115 d 3
58 43 e 3
59 60 a 3
59 60 b 2
59 71 c 0
59 75 d 2
59 91 e 3
60 61 a 4
60 61 b 3
60 80 c 4
60 44 d 2
60 74 e 2
61 62 a 1
61 62 b 3
61 125 c 3
61 117 d 0
61 66 e 4
62 63 a 1
62 63 b 3
62 106 c 2
62 39 d 3
62 82 e 3
63 64 a 3
63 64 b 0
63 55 c 1
63 103 d 1
63 76 e 0
64 65 a 1
64 65 b 1
64 10 c 2
64 127 d 2
64 72 e 0
65 66 a 4
65 66 b 4
65 11 c 3
65 93 d 4
65 31 e 1
66 67 a 0
66 67 b 2
66 103 c 0
66 19 d 4
66 113 e 2
67 68 a 3
67 68 b 4
67 77 c 3
67 85 d 3
67 32 e 0
68 69 a 4
68 69 b 1
68 116 c 4
68 127 d 1
68 82 e 2
69 70 a 2
69 70 b 3
69 19 c 0
69 12 d 3
69 115 e 0
70 71 a 0
70 71 b 2
70 103 c 3
70 31 d 0
70 49 e 3
71 72 a 1
71 72 b 3
71 49 c 1
71 126 d 4
71 126 e 2
72 73 a 1
72 73 b 4
72 53 c 1
72 18 d 4
72 17 e 4
73 74 a 3
73 74 b 2
73 60 c 4
73 105 d 2
73 101 e 2
74 75 a 3
74 75 b 0
74 19 c 2
74 52 d 4
74 57 e 0
75 76 a 3
75 76 b 3
75 10 c 3
75 73 d 1
75 14 e 0
76 77 a 1
76 77 b 1
76 118 c 4
76 33 d 2
76 45 e 3
77 78 a 1
77 78 b 2
77 47 c 4
77 91 d 3
77 30 e 1
78 79 a 3
78 79 b 2
78 19 c 0
78 56 d 2
78 50 e 4
79 80 a 4
79 80 b 0
79 1 c 0
79 29 d 3
79 122 e 2
80 81 a 2
80 81 b 0
80 94 c 4
80 21 d 3
80 77 e 2
81 82 a 0
81 82 b 2
81 20 c 0
81 76 d 2
81 70 e 3
82 83 a 0
82 83 b 1
82 14 c 4
82 21 d 0
82 67 e 3
83 84 a 0
83 84 b 1
83 61 c 1
83 100 d 2
83 103 e 3
84 85 a 1
84 85 b 3
84 22 c 0
84 84 d 2
84 25 e 1
85 86 a 0
85 86 b 1
85 18 c 0
85 35 d 3
85 4 e 0
86 87 a 3
86 87 b 3
86 44 c 1
86 49 d 4
86 21 e 4
87 88 a 4
87 88 b 4
87 103 c 4
87 5 d 3
87 127 e 0
88 89 a 2
88 89 b 2
88 69 c 0
88 72 d 1
88 58 e 2
89 90 a 4
89 90 b 0
89 81 c 4
89 72 d 2
89 128 e 4
90 91 a 3
90 91 b 1
90 22 c 2
90 118 d 3
90 79 e 2
91 92 a 0
91 92 b 2
91 38 c 0
91 104 d 2
91 106 e 3
92 93 a 2
92 93 b 3
92 20 c 2
92 87 d 1
92 88 e 3
93 94 a 2
93 94 b 2
93 122 c 0
93 34 d 3
93 99 e 1
94 95 a 3
94 95 b 1
94 116 c 2
94 74 d 1
94 26 e 3
95 96 a 4
95 96 b 1
95 35 c 2
95 117 d 3
95 80 e 2
96 97 a 1
96 97 b 0
96 43 c 3
96 107 d 0
96 26 e 3
97 98 a 1
97 98 b 4
97 53 c 3
97 27 d 2
97 85 e 2
98 99 a 4
98 99 b 2
98 109 c 2
98 23 d 4
98 30 e 0
99 100 a 0
99 100 b 4
99 5 c 4
99 20 d 4
99 88 e 4
100 101 a 4
100 101 b 4
100 49 c 2
100 107 d 2
100 41 e 2
101 102 a 1
101 102 b 0
101 41 c 0
101 26 d 4
101 125 e 1
102 103 a 0
102 103 b 0
102 42 c 0
102 68 d 4
102 2 e 4
103 104 a 2
103 104 b 3
103 117 c 0
103 45 d 1
103 42 e 0
104 105 a 3
104 105 b 1
104 79 c 0
104 63 d 1
104 45 e 2
105 106 a 3
105 106 b 2
105 127 c 3
105 8 d 3
105 4 e 4
106 107 a 1
106 107 b 1
106 83 c 3
106 57 d 4
106 111 e 4
107 108 a 1
107 108 b 1
107 27 c 0
107 40 d 2
107 111 e 1
108 109 a 3
108 109 b 4
108 44 c 2
108 79 d 1
108 77 e 1
109 110 a 2
109 110 b 2
109 94 c 1
109 75 d 3
109 17 e 2
110 111 a 2
110 111 b 2
110 15 c 4
110 94 d 1
110 12 e 1
111 112 a 2
111 112 b 2
111 30 c 1
111 109 d 0
111 79 e 0
112 113 a 0
112 113 b 2
112 113 c 0
112 3 d 0
112 49 e 0
113 114 a 4
113 114 b 3
113 111 c 3
113 76 d 3
113 77 e 2
114 115 a 2
114 115 b 2
114 6 c 1
114 27 d 2
114 2 e 4
115 116 a 3
115 116 b 1
115 39 c 4
115 100 d 2
115 113 e 2
116 117 a 1
116 117 b 0
116 69 c 2
116 67 d 2
116 2 e 3
117 118 a 1
117 118 b 0
117 90 c 0
117 115 d 0
117 96 e 1
118 119 a 0
118 119 b 3
118 97 c 3
118 88 d 3
118 120 e 0
119 120 a 2
119 120 b 2
119 93 c 4
119 118 d 1
119 126 e 3
120 121 a 2
120 121 b 3
120 81 c 3
120 119 d 3
120 104 e 1
121 122 a 2
121 122 b 4
121 70 c 2
121 41 d 2
121 113 e 4
122 123 a 2
122 123 b 0
122 72 c 4
122 125 d 2
122 23 e 0
123 124 a 1
123 124 b 2
123 105 c 4
123 9 d 4
123 29 e 0
124 125 a 2
124 125 b 2
124 60 c 2
124 7 d 1
124 10 e 1
125 126 a 1
125 126 b 0
125 91 c 0
125 84 d 2
125 40 e 4
126 127 a 2
126 127 b 0
126 98 c 0
126 114 d 0
126 6 e 2
127 128 a 4
127 128 b 1
127 114 c 1
127 6 d 4
127 119 e 2
128 1 a 2
128 1 b 2
128 47 c 4
128 91 d 3
128 17 e 1

91 128 640 5 5 0
1 2 a 4
1 2 b 3
1 66 c 0
1 93 d 1
1 46 e 4
2 3 a 2
2 3 b 2
2 88 c 2
2 31 d 2
2 110 e 4
3 4 a 4
3 4 b 1
3 33 c 4
3 86 d 3
3 52 e 0
4 5 a 1
4 5 b 0
4 82 c 2
4 91 d 1
4 36 e 2
5 6 a 4
5 6 b 3
5 35 c 4
5 45 d 4
5 43 e 1
6 7 a 3
6 7 b 1
6 81 c 2
6 108 d 3
6 119 e 1
7 8 a 2
7 8 b 4
7 30 c 2
7 95 d 2
7 123 e 1
8 9 a 1
8 9 b 0
8 76 c 2
8 112 d 2
8 108 e 4
9 10 a 3
9 10 b 0
9 37 c 3
9 43 d 1
9 70 e 2
10 11 a 3
10 11 b 3
10 118 c 4
10 66 d 3
10 72 e 1
11 12 a 1
11 12 b 4
11 16 c 1
11 11 d 3
11 116 e 3
12 13 a 4
12 13 b 1
12 70 c 1
12 128 d 3
12 17 e 2
13 14 a 2
13 14 b 0
13 113 c 1
13 62 d 2
13 40 e 4
14 15 a 3
14 15 b 2
14 111 c 3
14 7 d 0
14 10 e 1
15 16 a 0
15 16 b 3
15 31 c 2
15 65 d 0
15 72 e 0
16 17 a 4
16 17 b 2
16 103 c 1
16 116 d 3
16 58 e 1
17 18 a 2
17 18 b 2
17 47 c 4
17 80 d 1
17 121 e 2
18 19 a 1
18 19 b 4
18 99 c 0
18 37 d 2
18 100 e 2
19 20 a 0
19 20 b 1
19 116 c 3
19 105 d 0
19 31 e 1
20 21 a 4
20 21 b 4
20 88 c 2
20 53 d 3
20 15 e 4
21 22 a 4
21 22 b 1
21 6 c 3
21 72 d 2
21 96 e 0
22 23 a 1
22 23 b 4
22 123 c 2
22 2 d 1
22 127 e 4
23 24 a 3
23 24 b 0
23 55 c 4
23 106 d 4
23 32 e 1
24 25 a 3
24 25 b 3
24 64 c 2
24 42 d 1
24 57 e 3
25 26 a 1
25 26 b 2
25 30 c 3
25 13 d 1
25 5 e 3
26 27 a 1
26 27 b 1
26 94 c 4
26 8 d 3
26 3 e 0
27 28 a 1
27 28 b 1
27 16 c 1
27 46 d 0
27 116 e 2
28 29 a 2
28 29 b 1
28 72 c 4
28 58 d 3
28 96 e 4
29 30 a 0
29 30 b 2
29 32 c 3
29 9 d 0
29 17 e 0
30 31 a 3
30 31 b 2
30 52 c 2
30 29 d 4
30 23 e 0
31 32 a 2
31 32 b 2
31 37 c 2
31 28 d 2
31 66 e 0
32 33 a 2
32 33 b 4
32 24 c 4
32 79 d 2
32 43 e 4
33 34 a 4
33 34 b 3
33 52 c 2
33 35 d 2
33 44 e 4
34 35 a 2
34 35 b 1
34 39 c 2
34 43 d 4
34 99 e 1
35 36 a 2
35 36 b 4
35 33 c 4
35 28 d 3
35 51 e 3
36 37 a 1
36 37 b 1
36 87 c 1
36 80 d 4
36 67 e 0
37 38 a 2
37 38 b 1
37 1 c 3
37 67 d 1
37 125 e 2
38 39 a 2
38 39 b 4
38 93 c 0
38 25 d 0
38 16 e 2
39 40 a 0
39 40 b 3
39 42 c 0
39 22 d 1
39 111 e 3
40 41 a 1
40 41 b 4
40 45 c 4
40 36 d 2
40 80 e 1
41 42 a 1
41 42 b 0
41 48 c 3
41 81 d 1
41 45 e 3
42 43 a 0
42 43 b 4
42 126 c 1
42 79 d 3
42 70 e 1
43 44 a 3
43 44 b 3
43 104 c 4
43 114 d 2
43 29 e 2
44 45 a 0
44 45 b 1
44 68 c 1
44 53 d 2
44 121 e 0
45 46 a 0
45 46 b 3
45 104 c 3
45 54 d 3
45 99 e 4
46 47 a 2
46 47 b 3
46 51 c 3
46 53 d 0
46 44 e 0
47 48 a 2
47 48 b 1
47 5 c 3
47 24 d 2
47 102 e 2
48 49 a 4
48 49 b 0
48 65 c 3
48 106 d 1
48 102 e 0
49 50 a 3
49 50 b 3
49 82 c 1
49 88 d 3
49 72 e 3
50 51 a 0
50 51 b 3
50 36 c 2
50 51 d 2
50 107 e 3
51 52 a 1
51 52 b 2
51 38 c 4
51 113 d 2
51 113 e 1
52 53 a 4
52 53 b 1
52 79 c 1
52 43 d 4
52 64 e 3
53 54 a 2
53 54 b 1
53 22 c 4
53 32 d 0
53 4 e 1
54 55 a 4
54 55 b 1
54 120 c 1
54 49 d 4
54 42 e 1
55 56 a 4
55 56 b 4
55 117 c 1
55 99 d 1
55 103 e 0
56 57 a 4
56 57 b 2
56 20 c 4
56 96 d 4
56 47 e 2
57 58 a 1
57 58 b 1
57 91 c 2
57 118 d 1
57 62 e 2
58 59 a 0
58 59 b 4
58 87 c 4
58 23 d 0
58 18 e 0
59 60 a 3
59 60 b 4
59 26 c 2
59 87 d 3
59 111 e 2
60 61 a 1
60 61 b 3
60 56 c 0
60 113 d 4
60 90 e 0
61 62 a 4
61 62 b 0
61 73 c 2
61 67 d 3
61 31 e 4
62 63 a 4
62 63 b 2
62 107 c 4
62 77 d 0
62 75 e 3
63 64 a 2
63 64 b 4
63 61 c 0
63 54 d 0
63 50 e 0
64 65 a 4
64 65 b 4
64 100 c 2
64 71 d 4
64 106 e 4
65 66 a 2
65 66 b 3
65 9 c 4
65 109 d 3
65 78 e 4
66 67 a 3
66 67 b 4
66 89 c 4
66 59 d 2
66 124 e 0
67 68 a 3
67 68 b 2
67 5 c 0
67 102 d 1
67 87 e 3
68 69 a 0
68 69 b 1
68 64 c 4
68 72 d 4
68 6 e 3
69 70 a 3
69 70 b 2
69 67 c 4
69 94 d 2
69 115 e 0
70 71 a 4
70 71 b 2
70 76 c 2
70 74 d 2
70 78 e 4
71 72 a 3
71 72 b 0
71 26 c 4
71 81 d 3
71 7 e 1
72 73 a 1
72 73 b 4
72 115 c 3
72 93 d 4
72 87 e 4
73 74 a 4
73 74 b 4
73 30 c 2
73 124 d 4
73 56 e 3
74 75 a 3
74 75 b 2
74 106 c 2
74 96 d 1
74 104 e 2
75 76 a 2
75 76 b 0
75 37 c 0
75 93 d 2
75 106 e 2
76 77 a 3
76 77 b 0
76 38 c 0
76 111 d 4
76 5 e 3
77 78 a 1
77 78 b 0
77 67 c 2
77 49 d 0
77 67 e 0
78 79 a 1
78 79 b 1
78 91 c 3
78 102 d 4
78 114 e 2
79 80 a 0
79 80 b 1
79 78 c 4
79 116 d 2
79 39 e 2
80 81 a 3
80 81 b 4
80 128 c 3
80 100 d 0
80 55 e 1
81 82 a 0
81 82 b 3
81 90 c 3
81 100 d 3
81 60 e 1
82 83 a 4
82 83 b 0
82 72 c 0
82 69 d 4
82 22 e 0
83 84 a 2
83 84 b 4
83 60 c 0
83 125 d 4
83 103 e 0
84 85 a 3
84 85 b 3
84 42 c 4
84 38 d 4
84 21 e 3
85 86 a 1
85 86 b 0
85 10 c 2
85 125 d 3
85 76 e 2
86 87 a 2
86 87 b 1
86 89 c 4
86 99 d 3
86 122 e 0
87 88 a 0
87 88 b 0
87 24 c 0
87 96 d 3
87 81 e 3
88 89 a 0
88 89 b 4
88 75 c 1
88 27 d 0
88 72 e 1
89 90 a 2
89 90 b 4
89 123 c 3
89 99 d 2
89 27 e 2
90 91 a 0
90 91 b 1
90 53 c 2
90 42 d 1
90 70 e 0
91 92 a 2
91 92 b 1
91 9 c 0
91 5 d 0
91 14 e 1
92 93 a 3
92 93 b 3
92 12 c 1
92 45 d 1
92 120 e 3
93 94 a 2
93 94 b 0
93 86 c 4
93 128 d 0
93 80 e 4
94 95 a 0
94 95 b 2
94 5 c 4
94 1 d 3
94 35 e 3
95 96 a 3
95 96 b 2
95 56 c 3
95 84 d 1
95 69 e 4
96 97 a 0
96 97 b 2
96 21 c 0
96 67 d 0
96 76 e 3
97 98 a 4
97 98 b 4
97 67 c 0
97 59 d 2
97 19 e 1
98 99 a 4
98 99 b 0
98 112 c 2
98 79 d 4
98 57 e 2
99 100 a 0
99 100 b 4
99 76 c 3
99 53 d 2
99 31 e 1
100 101 a 0
100 101 b 2
100 13 c 1
100 68 d 1
100 109 e 3
101 102 a 3
101 102 b 2
101 105 c 1
101 124 d 1
101 14 e 2
102 103 a 2
102 103 b 4
102 31 c 0
102 126 d 3
102 47 e 1
103 104 a 0
103 104 b 1
103 110 c 1
103 16 d 1
103 68 e 0
104 105 a 1
104 105 b 2
104 28 c 0
104 26 d 0
104 3 e 4
105 106 a 2
105 106 b 1
105 113 c 2
105 43 d 2
105 102 e 3
106 107 a 4
106 107 b 1
106 57 c 1
106 117 d 4
106 45 e 4
107 108 a 2
107 108 b 1
107 70 c 0
107 77 d 1
107 91 e 2
108 109 a 3
108 109 b 0
108 107 c 0
108 44 d 3
108 53 e 2
109 110 a 1
109 110 b 4
109 2 c 4
109 49 d 1
109 70 e 1
110 111 a 3
110 111 b 3
110 103 c 4
110 28 d 4
110 93 e 4
111 112 a 0
111 112 b 0
111 123 c 2
111 84 d 2
111 12 e 2
112 113 a 1
112 113 b 4
112 34 c 3
112 98 d 2
112 43 e 2
113 114 a 1
113 114 b 2
113 69 c 3
113 116 d 3
113 84 e 0
114 115 a 4
114 115 b 1
114 81 c 3
114 91 d 0
114 101 e 0
115 116 a 0
115 116 b 2
115 54 c 2
115 13 d 2
115 1 e 2
116 117 a 3
116 117 b 2
116 105 c 4
116 36 d 2
116 14 e 2
117 118 a 0
117 118 b 4
117 98 c 4
117 93 d 3
117 56 e 1
118 119 a 0
118 119 b 2
118 30 c 4
118 26 d 4
118 109 e 4
119 120 a 2
119 120 b 1
119 30 c 3
119 96 d 2
119 95 e 4
120 121 a 1
120 121 b 3
120 102 c 1
120 90 d 2
120 6 e 4
121 122 a 0
121 122 b 1
121 128 c 3
121 84 d 0
121 27 e 3
122 123 a 0
122 123 b 2
122 119 c 2
122 65 d 0
122 30 e 0
123 124 a 0
123 124 b 4
123 92 c 4
123 54 d 2
123 81 e 4
124 125 a 1
124 125 b 1
124 68 c 2
124 108 d 2
124 58 e 4
125 126 a 0
125 126 b 1
125 71 c 2
125 66 d 3
125 37 e 1
126 127 a 1
126 127 b 2
126 3 c 1
126 56 d 0
126 31 e 1
127 128 a 3
127 128 b 2
127 23 c 0
127 117 d 2
127 125 e 0
128 1 a 3
128 1 b 4
128 41 c 4
128 66 d 0
128 83 e 1

92 128 640 5 5 0
1 2 a 1
1 2 b 3
1 97 c 0
1 13 d 4
1 125 e 4
2 3 a 4
2 3 b 2
2 107 c 1
2 103 d 3
2 25 e 2
3 4 a 1
3 4 b 1
3 120 c 1
3 7 d 4
3 11 e 2
4 5 a 1
4 5 b 1
4 62 c 0
4 69 d 4
4 120 e 0
5 6 a 3
5 6 b 3
5 115 c 1
5 31 d 1
5 76 e 0
6 7 a 1
6 7 b 0
6 86 c 3
6 55 d 4
6 52 e 3
7 8 a 1
7 8 b 4
7 39 c 4
7 82 d 2
7 36 e 1
8 9 a 2
8 9 b 1
8 42 c 3
8 91 d 4
8 82 e 4
9 10 a 2
9 10 b 4
9 40 c 4
9 94 d 2
9 57 e 4
10 11 a 2
10 11 b 2
10 109 c 1
10 14 d 0
10 23 e 0
11 12 a 2
11 12 b 2
11 75 c 0
11 64 d 3
11 112 e 2
12 13 a 2
12 13 b 3
12 21 c 4
12 109 d 1
12 9 e 3
13 14 a 4
13 14 b 2
13 37 c 4
13 52 d 1
13 109 e 4
14 15 a 3
14 15 b 0
14 88 c 1
14 86 d 0
14 107 e 2
15 16 a 1
15 16 b 0
15 12 c 4
15 56 d 1
15 22 e 0
16 17 a 4
16 17 b 1
16 41 c 4
16 100 d 1
16 68 e 2
17 18 a 3
17 18 b 0
17 21 c 1
17 8 d 2
17 15 e 1
18 19 a 2
18 19 b 4
18 62 c 4
18 117 d 1
18 87 e 3
19 20 a 3
19 20 b 3
19 20 c 2
19 33 d 0
19 62 e 3
20 21 a 4
20 21 b 4
20 11 c 1
20 38 d 2
20 43 e 2
21 22 a 4
21 22 b 2
21 30 c 1
21 65 d 3
21 72 e 2
22 23 a 2
22 23 b 3
22 71 c 1
22 85 d 0
22 4 e 3
23 24 a 2
23 24 b 3
23 8 c 2
23 101 d 0
23 18 e 1
24 25 a 2
24 25 b 2
24 102 c 4
24 29 d 2
24 103 e 4
25 26 a 4
25 26 b 1
25 104 c 0
25 73 d 4
25 64 e 2
26 27 a 1
26 27 b 4
26 28 c 0
26 92 d 2
26 26 e 4
27 28 a 1
27 28 b 4
27 19 c 0
27 107 d 2
27 55 e 2
28 29 a 0
28 29 b 3
28 96 c 0
28 47 d 4
28 32 e 4
29 30 a 1
29 30 b 0
29 28 c 1
29 7 d 0
29 30 e 4
30 31 a 4
30 31 b 4
30 101 c 0
30 116 d 3
30 64 e 2
31 32 a 2
31 32 b 4
31 91 c 0
31 27 d 3
31 88 e 1
32 33 a 1
32 33 b 1
32 33 c 1
32 70 d 1
32 125 e 0
33 34 a 4
33 34 b 2
33 98 c 4
33 99 d 1
33 11 e 2
34 35 a 0
34 35 b 4
34 73 c 0
34 4 d 4
34 30 e 1
35 36 a 4
35 36 b 2
35 8 c 1
35 93 d 4
35 27 e 0
36 37 a 1
36 37 b 2
36 82 c 1
36 73 d 4
36 39 e 1
37 38 a 4
37 38 b 0
37 97 c 1
37 69 d 3
37 46 e 4
38 39 a 4
38 39 b 0
38 113 c 2
38 115 d 1
38 93 e 0
39 40 a 4
39 40 b 1
39 67 c 2
39 25 d 3
39 40 e 0
40 41 a 1
40 41 b 1
40 27 c 4
40 32 d 3
40 70 e 1
41 42 a 1
41 42 b 1
41 66 c 1
41 21 d 1
41 48 e 2
42 43 a 1
42 43 b 3
42 5 c 4
42 43 d 3
42 37 e 3
43 44 a 3
43 44 b 0
43 52 c 1
43 55 d 0
43 40 e 3
44 45 a 3
44 45 b 0
44 35 c 0
44 51 d 0
44 1 e 0
45 46 a 1
45 46 b 1
45 44 c 3
45 59 d 3
45 56 e 4
46 47 a 1
46 47 b 3
46 44 c 0
46 19 d 4
46 29 e 3
47 48 a 0
47 48 b 1
47 2 c 0
47 31 d 3
47 67 e 2
48 49 a 0
48 49 b 0
48 19 c 4
48 106 d 4
48 128 e 4
49 50 a 3
49 50 b 2
49 72 c 0
49 32 d 2
49 111 e 2
50 51 a 4
50 51 b 1
50 14 c 2
50 19 d 2
50 110 e 3
51 52 a 4
51 52 b 1
51 85 c 4
51 58 d 4
51 32 e 3
52 53 a 2
52 53 b 0
52 18 c 2
52 45 d 1
52 108 e 3
53 54 a 2
53 54 b 3
53 62 c 3
53 42 d 1
53 124 e 4
54 55 a 2
54 55 b 4
54 84 c 3
54 19 d 0
54 63 e 3
55 56 a 1
55 56 b 2
55 87 c 0
55 110 d 0
55 104 e 4
56 57 a 2
56 57 b 2
56 73 c 3
56 100 d 1
56 109 e 4
57 58 a 2
57 58 b 1
57 53 c 2
57 66 d 4
57 8 e 0
58 59 a 1
58 59 b 2
58 38 c 2
58 123 d 4
58 57 e 1
59 60 a 4
59 60 b 2
59 46 c 3
59 36 d 4
59 66 e 0
60 61 a 4
60 61 b 4
60 96 c 0
60 119 d 4
60 42 e 1
61 62 a 1
61 62 b 1
61 86 c 3
61 81 d 1
61 59 e 2
62 63 a 3
62 63 b 0
62 43 c 3
62 51 d 2
62 4 e 1
63 64 a 1
63 64 b 1
63 2 c 1
63 69 d 0
63 87 e 2
64 65 a 3
64 65 b 0
64 126 c 4
64 78 d 1
64 76 e 0
65 66 a 2
65 66 b 3
65 72 c 0
65 61 d 4
65 60 e 2
66 67 a 1
66 67 b 1
66 12 c 0
66 36 d 4
66 71 e 3
67 68 a 2
67 68 b 1
67 124 c 0
67 55 d 2
67 79 e 2
68 69 a 1
68 69 b 3
68 75 c 4
68 81 d 4
68 122 e 3
69 70 a 2
69 70 b 4
69 51 c 2
69 112 d 0
69 52 e 4
70 71 a 3
70 71 b 1
70 113 c 4
70 52 d 4
70 43 e 0
71 72 a 2
71 72 b 2
71 67 c 1
71 100 d 4
71 81 e 3
72 73 a 4
72 73 b 3
72 113 c 2
72 105 d 3
72 93 e 2
73 74 a 4
73 74 b 1
73 65 c 1
73 80 d 2
73 74 e 0
74 75 a 0
74 75 b 3
74 128 c 0
74 76 d 3
74 87 e 3
75 76 a 0
75 76 b 3
75 128 c 1
75 50 d 2
75 5 e 0
76 77 a 2
76 77 b 0
76 21 c 2
76 124 d 0
76 29 e 3
77 78 a 2
77 78 b 3
77 24 c 3
77 71 d 2
77 39 e 2
78 79 a 2
78 79 b 4
78 100 c 4
78 85 d 3
78 115 e 4
79 80 a 1
79 80 b 4
79 91 c 3
79 11 d 4
79 20 e 1
80 81 a 3
80 81 b 1
80 98 c 4
80 115 d 2
80 97 e 2
81 82 a 1
81 82 b 2
81 96 c 2
81 60 d 2
81 114 e 2
82 83 a 1
82 83 b 4
82 67 c 1
82 53 d 2
82 41 e 0
83 84 a 1
83 84 b 2
83 123 c 3
83 86 d 1
83 38 e 1
84 85 a 2
84 85 b 3
84 125 c 3
84 55 d 3
84 81 e 1
85 86 a 0
85 86 b 4
85 66 c 4
85 22 d 2
85 84 e 1
86 87 a 2
86 87 b 4
86 70 c 2
86 86 d 2
86 31 e 1
87 88 a 1
87 88 b 4
87 9 c 2
87 123 d 3
87 98 e 4
88 89 a 1
88 89 b 0
88 17 c 2
88 47 d 4
88 22 e 1
89 90 a 2
89 90 b 3
89 101 c 2
89 63 d 2
89 117 e 3
90 91 a 2
90 91 b 0
90 20 c 1
90 30 d 3
90 125 e 2
91 92 a 0
91 92 b 2
91 44 c 0
91 97 d 2
91 113 e 4
92 93 a 4
92 93 b 3
92 68 c 4
92 66 d 4
92 88 e 1
93 94 a 4
93 94 b 1
93 115 c 2
93 30 d 2
93 124 e 0
94 95 a 2
94 95 b 2
94 86 c 3
94 119 d 2
94 108 e 2
95 96 a 2
95 96 b 2
95 13 c 4
95 114 d 2
95 123 e 2
96 97 a 4
96 97 b 2
96 62 c 2
96 90 d 3
96 62 e 0
97 98 a 1
97 98 b 4
97 17 c 1
97 27 d 1
97 18 e 0
98 99 a 2
98 99 b 3
98 51 c 4
98 72 d 1
98 20 e 2
99 100 a 2
99 100 b 4
99 84 c 0
99 21 d 0
99 39 e 2
100 101 a 0
100 101 b 2
100 40 c 4
100 94 d 2
100 113 e 1
101 102 a 3
101 102 b 4
101 105 c 4
101 30 d 3
101 94 e 0
102 103 a 1
102 103 b 0
102 84 c 3
102 121 d 3
102 28 e 1
103 104 a 0
103 104 b 1
103 40 c 4
103 50 d 1
103 29 e 3
104 105 a 2
104 105 b 0
104 42 c 2
104 53 d 3
104 25 e 4
105 106 a 3
105 106 b 1
105 35 c 2
105 15 d 1
105 9 e 3
106 107 a 2
106 107 b 0
106 96 c 3
106 113 d 3
106 44 e 3
107 108 a 1
107 108 b 0
107 49 c 4
107 50 d 2
107 6 e 3
108 109 a 1
108 109 b 0
108 107 c 1
108 73 d 4
108 92 e 1
109 110 a 4
109 110 b 2
109 103 c 1
109 86 d 4
109 58 e 3
110 111 a 4
110 111 b 2
110 128 c 2
110 26 d 4
110 110 e 4
111 112 a 4
111 112 b 3
111 24 c 0
111 123 d 3
111 10 e 3
112 113 a 1
112 113 b 2
112 20 c 4
112 1 d 4
112 101 e 1
113 114 a 2
113 114 b 2
113 91 c 4
113 92 d 2
113 26 e 0
114 115 a 4
114 115 b 0
114 92 c 4
114 91 d 2
114 8 e 1
115 116 a 2
115 116 b 0
115 5 c 4
115 118 d 3
115 80 e 0
116 117 a 1
116 117 b 2
116 76 c 1
116 69 d 1
116 90 e 3
117 118 a 4
117 118 b 0
117 42 c 1
117 7 d 0
117 81 e 3
118 119 a 0
118 119 b 1
118 27 c 2
118 28 d 3
118 34 e 3
119 120 a 1
119 120 b 0
119 31 c 2
119 11 d 3
119 1 e 0
120 121 a 3
120 121 b 2
120 60 c 3
120 125 d 2
120 100 e 0
121 122 a 2
121 122 b 2
121 122 c 3
121 64 d 4
121 6 e 3
122 123 a 1
122 123 b 1
122 101 c 3
122 69 d 4
122 101 e 2
123 124 a 4
123 124 b 2
123 15 c 4
123 35 d 4
123 68 e 0
124 125 a 3
124 125 b 4
124 12 c 1
124 17 d 4
124 42 e 0
125 126 a 0
125 126 b 3
125 116 c 2
125 112 d 4
125 97 e 4
126 127 a 1
126 127 b 0
126 100 c 1
126 63 d 4
126 120 e 1
127 128 a 3
127 128 b 4
127 124 c 0
127 36 d 4
127 66 e 2
128 1 a 1
128 1 b 2
128 99 c 0
128 106 d 2
128 85 e 3

93 128 640 5 5 0
1 2 a 3
1 2 b 1
1 63 c 3
1 125 d 4
1 11 e 2
2 3 a 2
2 3 b 2
2 61 c 1
2 112 d 3
2 4 e 3
3 4 a 0
3 4 b 3
3 15 c 2
3 120 d 1
3 34 e 2
4 5 a 3
4 5 b 2
4 105 c 1
4 110 d 0
4 12 e 2
5 6 a 0
5 6 b 0
5 3 c 4
5 81 d 4
5 44 e 3
6 7 a 0
6 7 b 2
6 27 c 4
6 65 d 0
6 49 e 0
7 8 a 3
7 8 b 1
7 112 c 0
7 5 d 0
7 13 e 4
8 9 a 1
8 9 b 2
8 71 c 4
8 6 d 4
8 120 e 0
9 10 a 3
9 10 b 2
9 106 c 1
9 82 d 1
9 107 e 0
10 11 a 3
10 11 b 3
10 36 c 0
10 26 d 1
10 38 e 2
11 12 a 0
11 12 b 2
11 70 c 1
11 53 d 1
11 43 e 1
12 13 a 2
12 13 b 4
12 37 c 2
12 27 d 0
12 64 e 2
13 14 a 0
13 14 b 0
13 26 c 4
13 106 d 0
13 113 e 2
14 15 a 2
14 15 b 2
14 128 c 2
14 100 d 4
14 12 e 2
15 16 a 0
15 16 b 0
15 58 c 1
15 110 d 3
15 35 e 4
16 17 a 3
16 17 b 1
16 42 c 0
16 19 d 1
16 14 e 3
17 18 a 2
17 18 b 2
17 59 c 1
17 128 d 3
17 102 e 0
18 19 a 1
18 19 b 2
18 88 c 1
18 5 d 3
18 10 e 2
19 20 a 3
19 20 b 4
19 115 c 3
19 26 d 3
19 30 e 1
20 21 a 0
20 21 b 1
20 127 c 1
20 88 d 2
20 7 e 1
21 22 a 2
21 22 b 0
21 118 c 3
21 123 d 3
21 113 e 1
22 23 a 3
22 23 b 2
22 84 c 4
22 103 d 1
22 73 e 1
23 24 a 3
23 24 b 3
23 26 c 4
23 32 d 3
23 67 e 4
24 25 a 4
24 25 b 3
24 76 c 2
24 80 d 4
24 85 e 0
25 26 a 4
25 26 b 4
25 115 c 1
25 69 d 3
25 58 e 2
26 27 a 2
26 27 b 1
26 27 c 4
26 112 d 3
26 113 e 2
27 28 a 2
27 28 b 4
27 86 c 3
27 104 d 3
27 59 e 4
28 29 a 3
28 29 b 4
28 56 c 2
28 101 d 3
28 32 e 4
29 30 a 1
29 30 b 1
29 89 c 3
29 69 d 0
29 106 e 1
30 31 a 1
30 31 b 4
30 86 c 3
30 10 d 4
30 41 e 0
31 32 a 0
31 32 b 0
31 80 c 3
31 90 d 4
31 45 e 3
32 33 a 0
32 33 b 0
32 107 c 1
32 126 d 4
32 15 e 3
33 34 a 0
33 34 b 2
33 80 c 2
33 99 d 2
33 41 e 1
34 35 a 0
34 35 b 2
34 44 c 2
34 28 d 4
34 25 e 4
35 36 a 1
35 36 b 3
35 47 c 1
35 94 d 3
35 66 e 1
36 37 a 2
36 37 b 3
36 14 c 1
36 2 d 4
36 75 e 1
37 38 a 2
37 38 b 4
37 2 c 0
37 7 d 1
37 30 e 2
38 39 a 1
38 39 b 1
38 70 c 1
38 14 d 2
38 106 e 1
39 40 a 2
39 40 b 0
39 28 c 3
39 92 d 0
39 34 e 1
40 41 a 2
40 41 b 0
40 73 c 2
40 91 d 3
40 124 e 4
41 42 a 1
41 42 b 3
41 20 c 4
41 25 d 4
41 114 e 2
42 43 a 4
42 43 b 4
42 75 c 1
42 72 d 2
42 68 e 2
43 44 a 4
43 44 b 0
43 63 c 0
43 60 d 0
43 116 e 3
44 45 a 4
44 45 b 3
44 67 c 2
44 112 d 1
44 72 e 0
45 46 a 1
45 46 b 0
45 49 c 3
45 1 d 3
45 76 e 2
46 47 a 3
46 47 b 4
46 100 c 0
46 49 d 2
46 78 e 0
47 48 a 3
47 48 b 4
47 63 c 1
47 102 d 0
47 97 e 3
48 49 a 2
48 49 b 3
48 37 c 4
48 41 d 0
48 90 e 3
49 50 a 2
49 50 b 4
49 127 c 3
49 39 d 4
49 85 e 4
50 51 a 2
50 51 b 4
50 57 c 1
50 51 d 1
50 49 e 1
51 52 a 1
51 52 b 0
51 69 c 2
51 66 d 1
51 16 e 1
52 53 a 0
52 53 b 2
52 22 c 4
52 110 d 0
52 88 e 2
53 54 a 3
53 54 b 2
53 38 c 1
53 116 d 4
53 53 e 4
54 55 a 1
54 55 b 4
54 113 c 4
54 53 d 4
54 20 e 2
55 56 a 3
55 56 b 1
55 120 c 2
55 57 d 4
55 41 e 1
56 57 a 0
56 57 b 1
56 63 c 4
56 39 d 2
56 107 e 2
57 58 a 1
57 58 b 2
57 79 c 3
57 78 d 0
57 19 e 1
58 59 a 3
58 59 b 0
58 53 c 4
58 32 d 2
58 32 e 4
59 60 a 3
59 60 b 4
59 1 c 0
59 49 d 0
59 86 e 3
60 61 a 0
60 61 b 4
60 71 c 4
60 60 d 3
60 58 e 2
61 62 a 0
61 62 b 0
61 34 c 1
61 31 d 4
61 23 e 3
62 63 a 4
62 63 b 1
62 44 c 2
62 90 d 1
62 125 e 3
63 64 a 0
63 64 b 0
63 7 c 4
63 19 d 3
63 61 e 3
64 65 a 4
64 65 b 2
64 88 c 0
64 21 d 1
64 110 e 3
65 66 a 2
65 66 b 3
65 70 c 1
65 77 d 4
65 107 e 3
66 67 a 3
66 67 b 0
66 127 c 1
66 76 d 0
66 82 e 2
67 68 a 4
67 68 b 3
67 51 c 1
67 72 d 2
67 6 e 2
68 69 a 1
68 69 b 3
68 23 c 3
68 27 d 1
68 46 e 4
69 70 a 4
69 70 b 3
69 100 c 3
69 65 d 2
69 52 e 0
70 71 a 1
70 71 b 0
70 85 c 3
70 94 d 2
70 71 e 3
71 72 a 2
71 72 b 3
71 45 c 3
71 55 d 1
71 90 e 3
72 73 a 3
72 73 b 2
72 46 c 3
72 52 d 3
72 35 e 1
73 74 a 4
73 74 b 4
73 35 c 2
73 100 d 1
73 29 e 1
74 75 a 2
74 75 b 1
74 87 c 1
74 121 d 4
74 6 e 1
75 76 a 1
75 76 b 3
75 28 c 3
75 71 d 1
75 97 e 3
76 77 a 2
76 77 b 4
76 69 c 2
76 73 d 2
76 116 e 3
77 78 a 3
77 78 b 0
77 44 c 3
77 29 d 3
77 75 e 0
78 79 a 3
78 79 b 1
78 45 c 0
78 3 d 0
78 52 e 4
79 80 a 0
79 80 b 0
79 40 c 2
79 98 d 0
79 66 e 4
80 81 a 1
80 81 b 2
80 3 c 2
80 67 d 4
80 74 e 0
81 82 a 1
81 82 b 4
81 38 c 1
81 83 d 3
81 105 e 0
82 83 a 3
82 83 b 1
82 126 c 0
82 102 d 1
82 124 e 3
83 84 a 4
83 84 b 0
83 122 c 3
83 111 d 1
83 38 e 0
84 85 a 2
84 85 b 3
84 17 c 2
84 8 d 1
84 77 e 1
85 86 a 0
85 86 b 0
85 58 c 4
85 112 d 1
85 29 e 4
86 87 a 2
86 87 b 4
86 114 c 2
86 8 d 1
86 4 e 4
87 88 a 4
87 88 b 4
87 58 c 3
87 85 d 4
87 52 e 0
88 89 a 4
88 89 b 1
88 22 c 4
88 2 d 0
88 36 e 4
89 90 a 2
89 90 b 4
89 16 c 2
89 91 d 3
89 15 e 1
90 91 a 1
90 91 b 3
90 50 c 0
90 83 d 1
90 116 e 1
91 92 a 4
91 92 b 4
91 16 c 3
91 126 d 3
91 21 e 4
92 93 a 4
92 93 b 3
92 59 c 2
92 23 d 0
92 120 e 4
93 94 a 1
93 94 b 0
93 79 c 3
93 124 d 3
93 105 e 4
94 95 a 0
94 95 b 3
94 102 c 1
94 45 d 0
94 117 e 4
95 96 a 0
95 96 b 2
95 34 c 4
95 81 d 3
95 112 e 2
96 97 a 4
96 97 b 3
96 40 c 4
96 49 d 1
96 112 e 4
97 98 a 1
97 98 b 2
97 31 c 4
97 59 d 0
97 80 e 2
98 99 a 0
98 99 b 4
98 54 c 3
98 128 d 4
98 47 e 3
99 100 a 4
99 100 b 2
99 27 c 3
99 54 d 1
99 110 e 1
100 101 a 2
100 101 b 4
100 4 c 0
100 55 d 3
100 53 e 3
101 102 a 1
101 102 b 2
101 42 c 3
101 128 d 1
101 110 e 0
102 103 a 3
102 103 b 1
102 72 c 0
102 51 d 1
102 73 e 0
103 104 a 2
103 104 b 3
103 33 c 1
103 21 d 2
103 55 e 4
104 105 a 0
104 105 b 0
104 120 c 3
104 17 d 0
104 110 e 0
105 106 a 4
105 106 b 1
105 21 c 4
105 51 d 0
105 107 e 0
106 107 a 3
106 107 b 3
106 71 c 1
106 46 d 3
106 107 e 4
107 108 a 1
107 108 b 3
107 92 c 4
107 86 d 2
107 114 e 4
108 109 a 1
108 109 b 1
108 43 c 4
108 39 d 2
108 68 e 0
109 110 a 4
109 110 b 4
109 11 c 3
109 60 d 1
109 111 e 1
110 111 a 4
110 111 b 3
110 89 c 2
110 89 d 3
110 63 e 4
111 112 a 2
111 112 b 0
111 118 c 4
111 98 d 4
111 71 e 3
112 113 a 2
112 113 b 3
112 70 c 0
112 97 d 4
112 95 e 2
113 114 a 1
113 114 b 0
113 50 c 0
113 3 d 1
113 33 e 0
114 115 a 4
114 115 b 2
114 38 c 1
114 28 d 3
114 106 e 3
115 116 a 3
115 116 b 0
115 20 c 3
115 31 d 0
115 95 e 4
116 117 a 3
116 117 b 4
116 112 c 2
116 39 d 0
116 102 e 0
117 118 a 1
117 118 b 2
117 50 c 2
117 113 d 1
117 41 e 2
118 119 a 4
118 119 b 0
118 87 c 0
118 95 d 2
118 23 e 2
119 120 a 4
119 120 b 3
119 97 c 4
119 118 d 0
119 98 e 4
120 121 a 2
120 121 b 1
120 82 c 1
120 97 d 1
120 2 e 2
121 122 a 0
121 122 b 0
121 52 c 1
121 108 d 1
121 48 e 2
122 123 a 1
122 123 b 2
122 20 c 3
122 10 d 2
122 108 e 1
123 124 a 1
123 124 b 2
123 2 c 4
123 79 d 4
123 120 e 1
124 125 a 1
124 125 b 1
124 19 c 4
124 119 d 4
124 90 e 1
125 126 a 1
125 126 b 1
125 96 c 1
125 93 d 3
125 94 e 0
126 127 a 2
126 127 b 2
126 4 c 0
126 5 d 0
126 17 e 2
127 128 a 1
127 128 b 2
127 34 c 3
127 19 d 0
127 71 e 1
128 1 a 1
128 1 b 0
128 92 c 1
128 81 d 2
128 23 e 2

94 128 640 5 5 0
1 2 a 0
1 2 b 0
1 93 c 0
1 45 d 1
1 90 e 2
2 3 a 2
2 3 b 3
2 80 c 2
2 56 d 2
2 47 e 2
3 4 a 1
3 4 b 1
3 103 c 4
3 40 d 3
3 122 e 3
4 5 a 4
4 5 b 3
4 85 c 0
4 87 d 3
4 96 e 0
5 6 a 0
5 6 b 3
5 84 c 3
5 66 d 1
5 77 e 4
6 7 a 4
6 7 b 3
6 32 c 3
6 11 d 2
6 110 e 2
7 8 a 1
7 8 b 0
7 121 c 1
7 120 d 4
7 55 e 2
8 9 a 2
8 9 b 2
8 37 c 2
8 114 d 1
8 94 e 4
9 10 a 4
9 10 b 4
9 108 c 4
9 6 d 3
9 94 e 2
10 11 a 0
10 11 b 0
10 26 c 0
10 103 d 3
10 117 e 2
11 12 a 0
11 12 b 3
11 1 c 0
11 106 d 3
11 38 e 4
12 13 a 2
12 13 b 1
12 117 c 1
12 8 d 0
12 56 e 1
13 14 a 3
13 14 b 4
13 78 c 2
13 96 d 4
13 54 e 1
14 15 a 1
14 15 b 1
14 105 c 0
14 50 d 3
14 109 e 3
15 16 a 1
15 16 b 4
15 39 c 1
15 101 d 0
15 113 e 0
16 17 a 4
16 17 b 4
16 108 c 2
16 2 d 2
16 23 e 3
17 18 a 0
17 18 b 0
17 33 c 0
17 55 d 2
17 124 e 4
18 19 a 0
18 19 b 3
18 51 c 3
18 86 d 4
18 125 e 4
19 20 a 1
19 20 b 3
19 18 c 0
19 83 d 3
19 61 e 1
20 21 a 0
20 21 b 1
20 51 c 0
20 73 d 3
20 35 e 4
21 22 a 3
21 22 b 3
21 14 c 4
21 117 d 2
21 89 e 2
22 23 a 4
22 23 b 3
22 33 c 1
22 57 d 1
22 78 e 2
23 24 a 0
23 24 b 0
23 107 c 3
23 27 d 3
23 53 e 2
24 25 a 3
24 25 b 1
24 113 c 0
24 68 d 3
24 3 e 0
25 26 a 4
25 26 b 4
25 61 c 4
25 1 d 0
25 117 e 4
26 27 a 3
26 27 b 0
26 90 c 1
26 69 d 2
26 8 e 4
27 28 a 2
27 28 b 0
27 89 c 2
27 37 d 3
27 126 e 1
28 29 a 2
28 29 b 1
28 79 c 3
28 90 d 1
28 96 e 2
29 30 a 4
29 30 b 1
29 85 c 4
29 67 d 3
29 119 e 1
30 31 a 2
30 31 b 3
30 7 c 4
30 96 d 2
30 82 e 4
31 32 a 3
31 32 b 4
31 5 c 2
31 89 d 2
31 67 e 2
32 33 a 3
32 33 b 0
32 117 c 2
32 117 d 2
32 97 e 3
33 34 a 2
33 34 b 2
33 127 c 4
33 35 d 2
33 7 e 2
34 35 a 3
34 35 b 3
34 79 c 3
34 116 d 3
34 84 e 0
35 36 a 0
35 36 b 4
35 22 c 3
35 31 d 0
35 42 e 0
36 37 a 3
36 37 b 4
36 10 c 1
36 124 d 2
36 47 e 2
37 38 a 0
37 38 b 0
37 98 c 0
37 9 d 2
37 79 e 0
38 39 a 0
38 39 b 4
38 91 c 1
38 104 d 4
38 55 e 4
39 40 a 1
39 40 b 4
39 53 c 0
39 95 d 1
39 91 e 3
40 41 a 2
40 41 b 1
40 55 c 3
40 86 d 2
40 113 e 0
41 42 a 4
41 42 b 4
41 39 c 3
41 93 d 3
41 116 e 4
42 43 a 3
42 43 b 4
42 82 c 3
42 36 d 4
42 35 e 0
43 44 a 4
43 44 b 2
43 10 c 2
43 1 d 3
43 127 e 3
44 45 a 2
44 45 b 3
44 35 c 1
44 109 d 3
44 80 e 3
45 46 a 3
45 46 b 3
45 117 c 2
45 7 d 3
45 33 e 1
46 47 a 0
46 47 b 2
46 93 c 0
46 16 d 2
46 63 e 3
47 48 a 4
47 48 b 2
47 60 c 4
47 109 d 2
47 62 e 3
48 49 a 3
48 49 b 2
48 118 c 2
48 40 d 1
48 116 e 1
49 50 a 2
49 50 b 0
49 117 c 0
49 111 d 3
49 124 e 3
50 51 a 3
50 51 b 0
50 36 c 3
50 20 d 3
50 52 e 2
51 52 a 3
51 52 b 2
51 116 c 0
51 11 d 1
51 63 e 0
52 53 a 2
52 53 b 1
52 90 c 1
52 111 d 4
52 4 e 2
53 54 a 4
53 54 b 1
53 78 c 4
53 126 d 1
53 45 e 3
54 55 a 0
54 55 b 1
54 78 c 3
54 24 d 4
54 41 e 3
55 56 a 3
55 56 b 0
55 89 c 2
55 68 d 0
55 43 e 1
56 57 a 1
56 57 b 4
56 117 c 4
56 42 d 3
56 41 e 3
57 58 a 4
57 58 b 3
57 41 c 1
57 26 d 2
57 93 e 4
58 59 a 1
58 59 b 1
58 4 c 3
58 4 d 4
58 71 e 1
59 60 a 3
59 60 b 4
59 20 c 0
59 126 d 0
59 41 e 3
60 61 a 3
60 61 b 0
60 111 c 3
60 65 d 0
60 10 e 3
61 62 a 4
61 62 b 1
61 46 c 4
61 44 d 0
61 52 e 0
62 63 a 1
62 63 b 3
62 109 c 2
62 64 d 4
62 54 e 1
63 64 a 2
63 64 b 3
63 76 c 0
63 34 d 0
63 98 e 1
64 65 a 4
64 65 b 4
64 113 c 4
64 29 d 1
64 80 e 3
65 66 a 1
65 66 b 4
65 4 c 0
65 29 d 4
65 89 e 1
66 67 a 3
66 67 b 3
66 50 c 0
66 52 d 2
66 29 e 1
67 68 a 0
67 68 b 0
67 42 c 1
67 25 d 2
67 126 e 3
68 69 a 2
68 69 b 0
68 35 c 0
68 36 d 0
68 34 e 2
69 70 a 2
69 70 b 2
69 84 c 2
69 83 d 4
69 117 e 3
70 71 a 3
70 71 b 1
70 122 c 0
70 73 d 0
70 36 e 1
71 72 a 1
71 72 b 4
71 86 c 3
71 73 d 0
71 36 e 3
72 73 a 0
72 73 b 0
72 44 c 2
72 63 d 0
72 41 e 3
73 74 a 1
73 74 b 4
73 69 c 1
73 56 d 3
73 47 e 2
74 75 a 3
74 75 b 0
74 110 c 1
74 101 d 3
74 117 e 3
75 76 a 0
75 76 b 4
75 119 c 3
75 28 d 0
75 124 e 3
76 77 a 0
76 77 b 2
76 53 c 4
76 87 d 0
76 12 e 1
77 78 a 3
77 78 b 0
77 128 c 0
77 51 d 4
77 48 e 1
78 79 a 0
78 79 b 3
78 53 c 3
78 113 d 0
78 53 e 3
79 80 a 0
79 80 b 2
79 53 c 3
79 121 d 4
79 47 e 1
80 81 a 4
80 81 b 3
80 101 c 3
80 82 d 4
80 116 e 0
81 82 a 0
81 82 b 1
81 44 c 1
81 43 d 1
81 31 e 1
82 83 a 3
82 83 b 3
82 120 c 3
82 86 d 4
82 15 e 4
83 84 a 2
83 84 b 1
83 58 c 4
83 71 d 4
83 101 e 3
84 85 a 4
84 85 b 3
84 101 c 3
84 26 d 4
84 9 e 0
85 86 a 2
85 86 b 4
85 114 c 1
85 10 d 1
85 37 e 4
86 87 a 4
86 87 b 4
86 95 c 3
86 122 d 4
86 41 e 0
87 88 a 3
87 88 b 2
87 43 c 4
87 112 d 0
87 69 e 4
88 89 a 0
88 89 b 1
88 92 c 0
88 21 d 2
88 114 e 3
89 90 a 2
89 90 b 4
89 122 c 3
89 55 d 2
89 106 e 2
90 91 a 4
90 91 b 0
90 17 c 2
90 71 d 1
90 43 e 4
91 92 a 1
91 92 b 0
91 51 c 4
91 91 d 2
91 120 e 4
92 93 a 1
92 93 b 2
92 115 c 2
92 45 d 0
92 88 e 2
93 94 a 1
93 94 b 2
93 107 c 3
93 26 d 4
93 21 e 4
94 95 a 1
94 95 b 2
94 55 c 4
94 36 d 0
94 62 e 0
95 96 a 2
95 96 b 1
95 120 c 0
95 112 d 3
95 38 e 1
96 97 a 0
96 97 b 4
96 82 c 0
96 73 d 4
96 98 e 0
97 98 a 0
97 98 b 2
97 110 c 2
97 27 d 2
97 79 e 1
98 99 a 2
98 99 b 0
98 120 c 1
98 120 d 1
98 10 e 4
99 100 a 1
99 100 b 0
99 34 c 3
99 23 d 4
99 117 e 4
100 101 a 3
100 101 b 4
100 32 c 1
100 80 d 3
100 57 e 1
101 102 a 4
101 102 b 0
101 42 c 4
101 34 d 3
101 63 e 2
102 103 a 0
102 103 b 4
102 125 c 3
102 45 d 2
102 54 e 2
103 104 a 2
103 104 b 0
103 90 c 2
103 56 d 0
103 16 e 0
104 105 a 4
104 105 b 4
104 5 c 1
104 44 d 0
104 4 e 4
105 106 a 1
105 106 b 2
105 72 c 1
105 23 d 0
105 14 e 0
106 107 a 4
106 107 b 0
106 110 c 0
106 42 d 3
106 106 e 4
107 108 a 4
107 108 b 1
107 72 c 0
107 59 d 1
107 29 e 4
108 109 a 2
108 109 b 1
108 43 c 1
108 68 d 2
108 108 e 4
109 110 a 3
109 110 b 0
109 111 c 0
109 98 d 3
109 99 e 2
110 111 a 4
110 111 b 4
110 114 c 4
110 87 d 4
110 80 e 0
111 112 a 3
111 112 b 0
111 19 c 0
111 8 d 3
111 69 e 2
112 113 a 0
112 113 b 2
112 55 c 2
112 128 d 4
112 25 e 0
113 114 a 4
113 114 b 1
113 72 c 3
113 107 d 0
113 103 e 2
114 115 a 3
114 115 b 2
114 49 c 4
114 28 d 2
114 13 e 3
115 116 a 1
115 116 b 0
115 99 c 3
115 8 d 2
115 47 e 4
116 117 a 1
116 117 b 3
116 84 c 4
116 72 d 1
116 50 e 1
117 118 a 4
117 118 b 4
117 122 c 0
117 27 d 3
117 65 e 3
118 119 a 2
118 119 b 3
118 84 c 1
118 97 d 2
118 76 e 1
119 120 a 1
119 120 b 1
119 98 c 2
119 33 d 4
119 4 e 1
120 121 a 2
120 121 b 0
120 40 c 2
120 4 d 4
120 96 e 0
121 122 a 3
121 122 b 0
121 46 c 0
121 88 d 1
121 26 e 0
122 123 a 3
122 123 b 4
122 3 c 4
122 14 d 0
122 51 e 4
123 124 a 1
123 124 b 3
123 54 c 0
123 60 d 3
123 107 e 4
124 125 a 1
124 125 b 0
124 91 c 1
124 28 d 3
124 74 e 0
125 126 a 2
125 126 b 3
125 12 c 2
125 11 d 4
125 26 e 4
126 127 a 2
126 127 b 2
126 101 c 2
126 11 d 3
126 106 e 2
127 128 a 2
127 128 b 3
127 7 c 3
127 66 d 2
127 13 e 1
128 1 a 4
128 1 b 0
128 22 c 2
128 120 d 4
128 25 e 3

95 128 640 5 5 0
1 2 a 3
1 2 b 4
1 59 c 4
1 29 d 0
1 104 e 2
2 3 a 4
2 3 b 4
2 35 c 0
2 64 d 0
2 26 e 4
3 4 a 4
3 4 b 1
3 126 c 1
3 25 d 3
3 17 e 0
4 5 a 4
4 5 b 0
4 1 c 1
4 1 d 3
4 116 e 0
5 6 a 0
5 6 b 4
5 100 c 3
5 116 d 4
5 45 e 0
6 7 a 0
6 7 b 4
6 100 c 1
6 22 d 2
6 107 e 1
7 8 a 1
7 8 b 0
7 66 c 2
7 43 d 2
7 32 e 3
8 9 a 1
8 9 b 1
8 67 c 4
8 29 d 0
8 4 e 2
9 10 a 0
9 10 b 1
9 46 c 4
9 122 d 1
9 16 e 3
10 11 a 0
10 11 b 1
10 81 c 1
10 115 d 2
10 4 e 4
11 12 a 1
11 12 b 3
11 124 c 0
11 94 d 4
11 98 e 0
12 13 a 4
12 13 b 4
12 4 c 1
12 53 d 1
12 112 e 3
13 14 a 0
13 14 b 2
13 66 c 0
13 21 d 3
13 58 e 3
14 15 a 0
14 15 b 2
14 18 c 3
14 65 d 1
14 14 e 0
15 16 a 0
15 16 b 3
15 84 c 0
15 28 d 0
15 126 e 0
16 17 a 2
16 17 b 0
16 110 c 3
16 50 d 3
16 97 e 3
17 18 a 2
17 18 b 3
17 71 c 1
17 47 d 0
17 83 e 0
18 19 a 1
18 19 b 4
18 78 c 2
18 102 d 1
18 48 e 4
19 20 a 0
19 20 b 2
19 113 c 0
19 76 d 0
19 29 e 0
20 21 a 0
20 21 b 1
20 39 c 4
20 122 d 3
20 127 e 1
21 22 a 2
21 22 b 1
21 102 c 0
21 47 d 4
21 2 e 0
22 23 a 3
22 23 b 4
22 45 c 1
22 76 d 2
22 19 e 0
23 24 a 2
23 24 b 3
23 124 c 4
23 86 d 3
23 102 e 3
24 25 a 0
24 25 b 1
24 87 c 1
24 119 d 1
24 113 e 3
25 26 a 1
25 26 b 1
25 71 c 4
25 125 d 4
25 111 e 4
26 27 a 4
26 27 b 3
26 89 c 3
26 89 d 1
26 94 e 1
27 28 a 2
27 28 b 1
27 28 c 4
27 33 d 1
27 2 e 0
28 29 a 1
28 29 b 2
28 39 c 4
28 15 d 0
28 96 e 3
29 30 a 0
29 30 b 2
29 17 c 1
29 1 d 0
29 67 e 2
30 31 a 2
30 31 b 0
30 119 c 1
30 119 d 3
30 58 e 4
31 32 a 4
31 32 b 2
31 122 c 4
31 23 d 2
31 24 e 2
32 33 a 2
32 33 b 0
32 62 c 0
32 44 d 3
32 115 e 3
33 34 a 3
33 34 b 3
33 109 c 3
33 35 d 2
33 38 e 3
34 35 a 1
34 35 b 2
34 50 c 0
34 13 d 3
34 79 e 4
35 36 a 1
35 36 b 4
35 62 c 2
35 31 d 2
35 81 e 3
36 37 a 0
36 37 b 0
36 70 c 2
36 53 d 1
36 83 e 2
37 38 a 1
37 38 b 1
37 2 c 0
37 75 d 1
37 63 e 2
38 39 a 0
38 39 b 2
38 47 c 2
38 2 d 4
38 68 e 2
39 40 a 2
39 40 b 2
39 15 c 0
39 33 d 0
39 85 e 0
40 41 a 3
40 41 b 1
40 100 c 3
40 18 d 0
40 39 e 2
41 42 a 1
41 42 b 2
41 121 c 3
41 97 d 0
41 55 e 4
42 43 a 0
42 43 b 1
42 25 c 3
42 64 d 4
42 66 e 2
43 44 a 1
43 44 b 0
43 21 c 0
43 6 d 2
43 75 e 0
44 45 a 0
44 45 b 1
44 66 c 2
44 43 d 1
44 24 e 1
45 46 a 2
45 46 b 2
45 121 c 3
45 77 d 2
45 53 e 0
46 47 a 3
46 47 b 2
46 22 c 2
46 46 d 4
46 112 e 0
47 48 a 2
47 48 b 3
47 121 c 3
47 52 d 2
47 91 e 0
48 49 a 1
48 49 b 1
48 8 c 1
48 104 d 0
48 78 e 4
49 50 a 3
49 50 b 2
49 43 c 3
49 119 d 4
49 98 e 2
50 51 a 4
50 51 b 1
50 78 c 3
50 52 d 2
50 119 e 3
51 52 a 2
51 52 b 4
51 99 c 4
51 20 d 3
51 47 e 0
52 53 a 0
52 53 b 3
52 94 c 3
52 49 d 1
52 112 e 4
53 54 a 3
53 54 b 2
53 54 c 0
53 71 d 2
53 102 e 4
54 55 a 3
54 55 b 3
54 107 c 1
54 58 d 4
54 126 e 2
55 56 a 2
55 56 b 3
55 122 c 4
55 14 d 1
55 108 e 3
56 57 a 3
56 57 b 2
56 106 c 2
56 110 d 2
56 39 e 3
57 58 a 4
57 58 b 3
57 68 c 4
57 38 d 2
57 104 e 3
58 59 a 3
58 59 b 1
58 18 c 2
58 40 d 3
58 46 e 0
59 60 a 2
59 60 b 0
59 103 c 2
59 11 d 4
59 61 e 3
60 61 a 0
60 61 b 0
60 87 c 4
60 7 d 4
60 26 e 2
61 62 a 1
61 62 b 2
61 122 c 3
61 122 d 2
61 16 e 0
62 63 a 1
62 63 b 1
62 109 c 0
62 102 d 4
62 47 e 3
63 64 a 0
63 64 b 1
63 82 c 0
63 113 d 2
63 72 e 0
64 65 a 4
64 65 b 2
64 75 c 1
64 100 d 4
64 114 e 0
65 66 a 3
65 66 b 0
65 2 c 0
65 45 d 0
65 7 e 2
66 67 a 3
66 67 b 1
66 36 c 0
66 93 d 3
66 40 e 1
67 68 a 0
67 68 b 0
67 97 c 1
67 42 d 3
67 53 e 0
68 69 a 3
68 69 b 0
68 110 c 0
68 109 d 4
68 86 e 4
69 70 a 0
69 70 b 3
69 4 c 0
69 37 d 0
69 117 e 3
70 71 a 2
70 71 b 2
70 95 c 3
70 115 d 3
70 65 e 4
71 72 a 0
71 72 b 4
71 63 c 4
71 28 d 4
71 45 e 1
72 73 a 0
72 73 b 3
72 106 c 4
72 11 d 3
72 111 e 1
73 74 a 3
73 74 b 3
73 39 c 3
73 76 d 4
73 2 e 4
74 75 a 3
74 75 b 1
74 69 c 2
74 17 d 2
74 36 e 2
75 76 a 0
75 76 b 3
75 18 c 3
75 49 d 1
75 88 e 3
76 77 a 3
76 77 b 1
76 100 c 0
76 36 d 1
76 100 e 4
77 78 a 2
77 78 b 4
77 20 c 2
77 8 d 0
77 84 e 0
78 79 a 0
78 79 b 1
78 126 c 3
78 32 d 4
78 118 e 1
79 80 a 4
79 80 b 0
79 3 c 0
79 79 d 2
79 93 e 1
80 81 a 1
80 81 b 2
80 7 c 4
80 33 d 4
80 94 e 2
81 82 a 2
81 82 b 0
81 115 c 2
81 67 d 1
81 22 e 4
82 83 a 1
82 83 b 3
82 51 c 0
82 6 d 3
82 98 e 3
83 84 a 2
83 84 b 2
83 57 c 1
83 96 d 0
83 100 e 4
84 85 a 3
84 85 b 0
84 120 c 1
84 107 d 2
84 5 e 0
85 86 a 0
85 86 b 2
85 107 c 2
85 100 d 0
85 110 e 1
86 87 a 2
86 87 b 1
86 12 c 2
86 45 d 0
86 13 e 3
87 88 a 3
87 88 b 4
87 93 c 3
87 75 d 3
87 23 e 3
88 89 a 4
88 89 b 3
88 98 c 3
88 104 d 3
88 128 e 3
89 90 a 4
89 90 b 1
89 36 c 1
89 83 d 2
89 4 e 0
90 91 a 2
90 91 b 1
90 48 c 3
90 123 d 4
90 34 e 4
91 92 a 1
91 92 b 0
91 22 c 0
91 120 d 0
91 28 e 1
92 93 a 1
92 93 b 0
92 107 c 1
92 2 d 3
92 120 e 0
93 94 a 3
93 94 b 3
93 71 c 0
93 120 d 0
93 1 e 2
94 95 a 2
94 95 b 2
94 72 c 2
94 90 d 3
94 71 e 2
95 96 a 4
95 96 b 3
95 13 c 4
95 79 d 4
95 27 e 2
96 97 a 3
96 97 b 1
96 59 c 2
96 32 d 0
96 20 e 1
97 98 a 0
97 98 b 0
97 124 c 1
97 59 d 3
97 13 e 3
98 99 a 0
98 99 b 4
98 123 c 2
98 49 d 4
98 36 e 1
99 100 a 2
99 100 b 1
99 105 c 0
99 56 d 2
99 61 e 0
100 101 a 3
100 101 b 1
100 123 c 0
100 42 d 3
100 125 e 3
101 102 a 3
101 102 b 0
101 106 c 4
101 4 d 1
101 79 e 3
102 103 a 2
102 103 b 4
102 114 c 4
102 103 d 1
102 99 e 1
103 104 a 1
103 104 b 1
103 83 c 1
103 27 d 3
103 41 e 4
104 105 a 3
104 105 b 4
104 83 c 0
104 7 d 2
104 90 e 4
105 106 a 4
105 106 b 3
105 58 c 4
105 59 d 3
105 112 e 2
106 107 a 1
106 107 b 4
106 84 c 1
106 102 d 0
106 41 e 1
107 108 a 3
107 108 b 3
107 115 c 0
107 96 d 2
107 8 e 2
108 109 a 1
108 109 b 2
108 106 c 1
108 33 d 0
108 84 e 1
109 110 a 4
109 110 b 3
109 19 c 2
109 72 d 0
109 23 e 1
110 111 a 4
110 111 b 1
110 74 c 0
110 21 d 2
110 33 e 2
111 112 a 4
111 112 b 1
111 112 c 2
111 111 d 3
111 2 e 3
112 113 a 2
112 113 b 4
112 105 c 0
112 95 d 3
112 19 e 3
113 114 a 1
113 114 b 0
113 30 c 2
113 19 d 4
113 109 e 2
114 115 a 0
114 115 b 2
114 124 c 2
114 92 d 0
114 112 e 1
115 116 a 1
115 116 b 0
115 115 c 2
115 48 d 1
115 62 e 3
116 117 a 4
116 117 b 0
116 119 c 1
116 41 d 2
116 62 e 1
117 118 a 2
117 118 b 3
117 3 c 3
117 4 d 4
117 26 e 3
118 119 a 2
118 119 b 4
118 17 c 3
118 35 d 0
118 65 e 2
119 120 a 4
119 120 b 1
119 35 c 4
119 12 d 3
119 101 e 3
120 121 a 2
120 121 b 0
120 61 c 0
120 103 d 1
120 126 e 4
121 122 a 3
121 122 b 0
121 105 c 0
121 4 d 1
121 69 e 4
122 123 a 0
122 123 b 0
122 50 c 1
122 82 d 0
122 58 e 1
123 124 a 2
123 124 b 3
123 41 c 1
123 105 d 1
123 30 e 2
124 125 a 1
124 125 b 4
124 99 c 4
124 1 d 0
124 122 e 4
125 126 a 0
125 126 b 4
125 120 c 1
125 121 d 3
125 23 e 0
126 127 a 4
126 127 b 3
126 6 c 1
126 82 d 0
126 3 e 3
127 128 a 0
127 128 b 0
127 44 c 0
127 49 d 2
127 18 e 1
128 1 a 4
128 1 b 0
128 16 c 4
128 96 d 2
128 91 e 1

96 128 640 5 5 0
1 2 a 2
1 2 b 2
1 89 c 4
1 77 d 1
1 55 e 2
2 3 a 4
2 3 b 0
2 54 c 0
2 9 d 4
2 69 e 4
3 4 a 4
3 4 b 0
3 85 c 4
3 74 d 2
3 105 e 1
4 5 a 0
4 5 b 1
4 108 c 1
4 106 d 3
4 72 e 1
5 6 a 1
5 6 b 2
5 52 c 3
5 102 d 0
5 77 e 0
6 7 a 2
6 7 b 0
6 105 c 2
6 96 d 1
6 40 e 3
7 8 a 2
7 8 b 2
7 76 c 4
7 30 d 3
7 74 e 4
8 9 a 1
8 9 b 2
8 32 c 2
8 8 d 0
8 106 e 0
9 10 a 3
9 10 b 4
9 48 c 2
9 46 d 2
9 3 e 3
10 11 a 4
10 11 b 4
10 72 c 4
10 63 d 1
10 83 e 0
11 12 a 0
11 12 b 2
11 56 c 2
11 19 d 2
11 93 e 0
12 13 a 0
12 13 b 1
12 84 c 4
12 35 d 4
12 104 e 0
13 14 a 1
13 14 b 3
13 118 c 0
13 11 d 0
13 127 e 3
14 15 a 3
14 15 b 2
14 122 c 2
14 15 d 1
14 111 e 3
15 16 a 4
15 16 b 2
15 65 c 1
15 19 d 4
15 76 e 4
16 17 a 3
16 17 b 4
16 47 c 1
16 33 d 0
16 107 e 0
17 18 a 2
17 18 b 4
17 46 c 2
17 103 d 3
17 105 e 4
18 19 a 2
18 19 b 3
18 40 c 2
18 54 d 1
18 35 e 2
19 20 a 1
19 20 b 4
19 16 c 2
19 5 d 1
19 60 e 2
20 21 a 1
20 21 b 2
20 90 c 0
20 108 d 3
20 27 e 2
21 22 a 4
21 22 b 0
21 127 c 2
21 41 d 4
21 106 e 0
22 23 a 4
22 23 b 2
22 122 c 2
22 30 d 3
22 24 e 3
23 24 a 4
23 24 b 1
23 77 c 4
23 80 d 2
23 87 e 4
24 25 a 0
24 25 b 0
24 125 c 0
24 106 d 4
24 31 e 2
25 26 a 4
25 26 b 4
25 17 c 3
25 57 d 1
25 42 e 3
26 27 a 1
26 27 b 2
26 23 c 4
26 45 d 0
26 117 e 4
27 28 a 0
27 28 b 1
27 32 c 1
27 94 d 0
27 69 e 2
28 29 a 0
28 29 b 4
28 63 c 2
28 5 d 2
28 32 e 4
29 30 a 3
29 30 b 2
29 13 c 3
29 127 d 4
29 80 e 1
30 31 a 3
30 31 b 3
30 40 c 0
30 77 d 2
30 99 e 3
31 32 a 2
31 32 b 4
31 47 c 1
31 22 d 0
31 46 e 2
32 33 a 0
32 33 b 1
32 72 c 4
32 35 d 4
32 69 e 2
33 34 a 3
33 34 b 4
33 27 c 2
33 98 d 0
33 4 e 4
34 35 a 4
34 35 b 1
34 84 c 3
34 101 d 4
34 10 e 1
35 36 a 4
35 36 b 4
35 37 c 4
35 96 d 2
35 57 e 4
36 37 a 1
36 37 b 1
36 65 c 2
36 46 d 2
36 55 e 4
37 38 a 1
37 38 b 3
37 98 c 2
37 77 d 2
37 112 e 1
38 39 a 2
38 39 b 2
38 68 c 4
38 93 d 2
38 17 e 0
39 40 a 4
39 40 b 0
39 40 c 0
39 36 d 0
39 14 e 2
40 41 a 2
40 41 b 1
40 82 c 0
40 13 d 4
40 29 e 0
41 42 a 3
41 42 b 4
41 11 c 0
41 37 d 2
41 57 e 1
42 43 a 1
42 43 b 0
42 32 c 1
42 29 d 1
42 33 e 1
43 44 a 4
43 44 b 0
43 96 c 0
43 74 d 3
43 86 e 2
44 45 a 1
44 45 b 3
44 34 c 1
44 40 d 2
44 32 e 4
45 46 a 2
45 46 b 2
45 61 c 2
45 83 d 1
45 10 e 0
46 47 a 4
46 47 b 1
46 15 c 3
46 12 d 0
46 97 e 0
47 48 a 4
47 48 b 0
47 119 c 0
47 59 d 1
47 57 e 1
48 49 a 0
48 49 b 1
48 90 c 2
48 103 d 4
48 104 e 4
49 50 a 0
49 50 b 4
49 33 c 1
49 63 d 2
49 9 e 4
50 51 a 4
50 51 b 0
50 57 c 4
50 20 d 3
50 122 e 0
51 52 a 4
51 52 b 1
51 18 c 0
51 93 d 2
51 94 e 1
52 53 a 3
52 53 b 2
52 33 c 4
52 50 d 4
52 28 e 2
53 54 a 1
53 54 b 2
53 95 c 3
53 81 d 2
53 94 e 2
54 55 a 0
54 55 b 0
54 71 c 1
54 28 d 0
54 19 e 3
55 56 a 2
55 56 b 1
55 92 c 1
55 25 d 3
55 110 e 0
56 57 a 4
56 57 b 4
56 32 c 1
56 113 d 0
56 101 e 3
57 58 a 2
57 58 b 0
57 30 c 1
57 114 d 3
57 50 e 3
58 59 a 4
58 59 b 0
58 97 c 1
58 13 d 4
58 85 e 3
59 60 a 1
59 60 b 0
59 122 c 4
59 88 d 4
59 16 e 0
60 61 a 2
60 61 b 1
60 127 c 1
60 12 d 3
60 106 e 1
61 62 a 0
61 62 b 0
61 6 c 3
61 8 d 4
61 45 e 1
62 63 a 1
62 63 b 0
62 46 c 0
62 77 d 1
62 104 e 3
63 64 a 2
63 64 b 3
63 23 c 1
63 128 d 2
63 109 e 1
64 65 a 0
64 65 b 1
64 101 c 0
64 107 d 2
64 84 e 4
65 66 a 4
65 66 b 2
65 64 c 3
65 124 d 2
65 118 e 3
66 67 a 0
66 67 b 0
66 87 c 2
66 69 d 0
66 115 e 1
67 68 a 0
67 68 b 2
67 89 c 2
67 122 d 3
67 44 e 3
68 69 a 0
68 69 b 2
68 122 c 0
68 119 d 4
68 74 e 2
69 70 a 2
69 70 b 2
69 116 c 0
69 55 d 2
69 54 e 2
70 71 a 3
70 71 b 0
70 3 c 1
70 93 d 0
70 30 e 2
71 72 a 4
71 72 b 4
71 104 c 1
71 47 d 4
71 119 e 4
72 73 a 4
72 73 b 2
72 103 c 0
72 22 d 3
72 117 e 2
73 74 a 0
73 74 b 3
73 73 c 2
73 32 d 1
73 20 e 0
74 75 a 1
74 75 b 3
74 91 c 4
74 126 d 1
74 19 e 3
75 76 a 2
75 76 b 1
75 109 c 0
75 6 d 4
75 115 e 0
76 77 a 1
76 77 b 2
76 84 c 2
76 49 d 3
76 124 e 0
77 78 a 3
77 78 b 4
77 104 c 0
77 30 d 1
77 57 e 0
78 79 a 4
78 79 b 0
78 7 c 4
78 14 d 0
78 119 e 2
79 80 a 3
79 80 b 1
79 16 c 2
79 102 d 2
79 74 e 3
80 81 a 1
80 81 b 4
80 104 c 1
80 49 d 2
80 8 e 4
81 82 a 0
81 82 b 0
81 121 c 3
81 27 d 3
81 76 e 0
82 83 a 0
82 83 b 2
82 46 c 2
82 118 d 2
82 117 e 0
83 84 a 2
83 84 b 2
83 120 c 2
83 57 d 0
83 36 e 1
84 85 a 3
84 85 b 0
84 76 c 2
84 124 d 4
84 65 e 2
85 86 a 2
85 86 b 3
85 35 c 1
85 126 d 2
85 118 e 0
86 87 a 0
86 87 b 0
86 120 c 4
86 31 d 4
86 50 e 1
87 88 a 0
87 88 b 2
87 78 c 3
87 102 d 3
87 40 e 0
88 89 a 0
88 89 b 2
88 40 c 2
88 124 d 3
88 78 e 1
89 90 a 2
89 90 b 0
89 14 c 2
89 47 d 4
89 95 e 4
90 91 a 2
90 91 b 4
90 15 c 3
90 112 d 4
90 89 e 3
91 92 a 2
91 92 b 4
91 57 c 0
91 85 d 0
91 127 e 0
92 93 a 4
92 93 b 4
92 35 c 1
92 23 d 4
92 88 e 1
93 94 a 2
93 94 b 0
93 99 c 2
93 21 d 1
93 46 e 1
94 95 a 4
94 95 b 3
94 24 c 0
94 80 d 4
94 16 e 0
95 96 a 1
95 96 b 1
95 98 c 3
95 110 d 1
95 80 e 4
96 97 a 0
96 97 b 1
96 101 c 4
96 55 d 3
96 6 e 1
97 98 a 0
97 98 b 3
97 74 c 1
97 26 d 4
97 12 e 2
98 99 a 0
98 99 b 1
98 62 c 3
98 41 d 3
98 127 e 3
99 100 a 2
99 100 b 2
99 112 c 0
99 25 d 3
99 68 e 0
100 101 a 0
100 101 b 1
100 23 c 0
100 67 d 0
100 1 e 2
101 102 a 3
101 102 b 3
101 106 c 4
101 37 d 1
101 32 e 4
102 103 a 2
102 103 b 4
102 38 c 3
102 98 d 3
102 80 e 3
103 104 a 1
103 104 b 3
103 12 c 2
103 62 d 1
103 3 e 1
104 105 a 4
104 105 b 2
104 97 c 4
104 35 d 1
104 112 e 0
105 106 a 2
105 106 b 0
105 108 c 3
105 31 d 4
105 19 e 2
106 107 a 1
106 107 b 0
106 123 c 2
106 99 d 2
106 40 e 2
107 108 a 0
107 108 b 4
107 94 c 0
107 69 d 3
107 52 e 4
108 109 a 2
108 109 b 2
108 106 c 2
108 63 d 2
108 124 e 3
109 110 a 4
109 110 b 4
109 119 c 1
109 110 d 2
109 12 e 3
110 111 a 3
110 111 b 4
110 99 c 4
110 20 d 4
110 50 e 3
111 112 a 0
111 112 b 0
111 13 c 0
111 22 d 3
111 128 e 3
112 113 a 1
112 113 b 2
112 91 c 3
112 127 d 1
112 77 e 0
113 114 a 1
113 114 b 3
113 52 c 2
113 123 d 2
113 52 e 2
114 115 a 2
114 115 b 0
114 6 c 4
114 93 d 3
114 19 e 4
115 116 a 0
115 116 b 3
115 66 c 1
115 25 d 0
115 14 e 2
116 117 a 1
116 117 b 2
116 91 c 0
116 75 d 2
116 10 e 0
117 118 a 4
117 118 b 0
117 75 c 2
117 46 d 0
117 50 e 3
118 119 a 2
118 119 b 4
118 14 c 0
118 38 d 1
118 118 e 4
119 120 a 0
119 120 b 4
119 36 c 1
119 55 d 4
119 7 e 3
120 121 a 4
120 121 b 2
120 19 c 2
120 11 d 0
120 92 e 1
121 122 a 3
121 122 b 2
121 99 c 4
121 111 d 4
121 47 e 4
122 123 a 1
122 123 b 0
122 32 c 0
122 87 d 0
122 1 e 0
123 124 a 4
123 124 b 2
123 92 c 1
123 86 d 1
123 18 e 2
124 125 a 1
124 125 b 2
124 42 c 2
124 39 d 0
124 106 e 3
125 126 a 0
125 126 b 2
125 36 c 3
125 39 d 1
125 83 e 4
126 127 a 1
126 127 b 0
126 103 c 0
126 88 d 4
126 92 e 0
127 128 a 1
127 128 b 1
127 17 c 3
127 95 d 1
127 88 e 4
128 1 a 3
128 1 b 0
128 73 c 2
128 7 d 0
128 93 e 4

97 128 640 5 5 0
1 2 a 2
1 2 b 1
1 56 c 3
1 60 d 0
1 69 e 0
2 3 a 4
2 3 b 1
2 8 c 1
2 17 d 4
2 48 e 3
3 4 a 2
3 4 b 2
3 108 c 0
3 59 d 4
3 128 e 0
4 5 a 2
4 5 b 2
4 24 c 2
4 19 d 0
4 92 e 4
5 6 a 3
5 6 b 0
5 68 c 0
5 24 d 2
5 46 e 0
6 7 a 1
6 7 b 3
6 46 c 0
6 106 d 2
6 37 e 2
7 8 a 2
7 8 b 1
7 21 c 3
7 80 d 1
7 51 e 3
8 9 a 0
8 9 b 0
8 62 c 3
8 52 d 2
8 16 e 2
9 10 a 1
9 10 b 4
9 115 c 3
9 33 d 3
9 53 e 4
10 11 a 2
10 11 b 1
10 127 c 2
10 76 d 0
10 98 e 0
11 12 a 0
11 12 b 0
11 51 c 1
11 8 d 4
11 25 e 0
12 13 a 1
12 13 b 2
12 100 c 4
12 80 d 4
12 32 e 2
13 14 a 4
13 14 b 2
13 106 c 4
13 65 d 3
13 3 e 4
14 15 a 4
14 15 b 0
14 35 c 4
14 29 d 3
14 16 e 0
15 16 a 1
15 16 b 4
15 110 c 3
15 74 d 4
15 89 e 2
16 17 a 1
16 17 b 4
16 49 c 2
16 80 d 4
16 53 e 4
17 18 a 3
17 18 b 1
17 84 c 4
17 95 d 0
17 63 e 3
18 19 a 1
18 19 b 1
18 67 c 0
18 71 d 3
18 86 e 3
19 20 a 4
19 20 b 1
19 112 c 1
19 125 d 3
19 28 e 3
20 21 a 1
20 21 b 2
20 78 c 3
20 29 d 0
20 119 e 2
21 22 a 0
21 22 b 4
21 87 c 3
21 99 d 1
21 18 e 4
22 23 a 1
22 23 b 2
22 7 c 0
22 48 d 0
22 93 e 1
23 24 a 3
23 24 b 3
23 94 c 3
23 11 d 0
23 9 e 1
24 25 a 2
24 25 b 1
24 98 c 3
24 29 d 0
24 13 e 2
25 26 a 1
25 26 b 3
25 27 c 4
25 52 d 1
25 36 e 3
26 27 a 2
26 27 b 1
26 22 c 4
26 66 d 1
26 76 e 4
27 28 a 4
27 28 b 0
27 99 c 1
27 91 d 4
27 73 e 2
28 29 a 3
28 29 b 0
28 22 c 4
28 58 d 0
28 32 e 0
29 30 a 0
29 30 b 0
29 73 c 4
29 60 d 1
29 28 e 3
30 31 a 1
30 31 b 0
30 25 c 4
30 99 d 0
30 76 e 0
31 32 a 4
31 32 b 4
31 37 c 2
31 85 d 2
31 3 e 3
32 33 a 0
32 33 b 3
32 18 c 4
32 91 d 3
32 87 e 1
33 34 a 1
33 34 b 2
33 9 c 2
33 98 d 0
33 35 e 3
34 35 a 3
34 35 b 3
34 55 c 1
34 125 d 1
34 5 e 1
35 36 a 4
35 36 b 2
35 76 c 0
35 97 d 4
35 96 e 1
36 37 a 2
36 37 b 2
36 125 c 2
36 104 d 0
36 91 e 2
37 38 a 3
37 38 b 0
37 2 c 3
37 14 d 4
37 96 e 2
38 39 a 4
38 39 b 2
38 25 c 3
38 119 d 3
38 30 e 0
39 40 a 1
39 40 b 0
39 1 c 1
39 103 d 4
39 8 e 2
40 41 a 4
40 41 b 0
40 128 c 3
40 72 d 0
40 83 e 4
41 42 a 2
41 42 b 3
41 93 c 0
41 40 d 4
41 124 e 1
42 43 a 1
42 43 b 0
42 102 c 3
42 57 d 3
42 64 e 2
43 44 a 3
43 44 b 3
43 108 c 3
43 79 d 3
43 34 e 3
44 45 a 0
44 45 b 1
44 66 c 3
44 101 d 4
44 104 e 0
45 46 a 3
45 46 b 2
45 65 c 1
45 25 d 0
45 30 e 1
46 47 a 4
46 47 b 3
46 71 c 4
46 43 d 3
46 18 e 4
47 48 a 3
47 48 b 0
47 52 c 4
47 1 d 1
47 86 e 1
48 49 a 3
48 49 b 3
48 108 c 4
48 38 d 1
48 66 e 1
49 50 a 1
49 50 b 2
49 87 c 2
49 71 d 2
49 111 e 1
50 51 a 0
50 51 b 2
50 100 c 4
50 53 d 4
50 61 e 0
51 52 a 2
51 52 b 2
51 1 c 3
51 102 d 2
51 78 e 3
52 53 a 2
52 53 b 4
52 37 c 3
52 115 d 4
52 8 e 4
53 54 a 1
53 54 b 4
53 71 c 1
53 27 d 3
53 23 e 1
54 55 a 4
54 55 b 4
54 100 c 3
54 63 d 1
54 104 e 4
55 56 a 4
55 56 b 3
55 125 c 3
55 100 d 2
55 47 e 2
56 57 a 1
56 57 b 1
56 22 c 4
56 52 d 4
56 99 e 2
57 58 a 2
57 58 b 3
57 56 c 1
57 125 d 3
57 61 e 2
58 59 a 0
58 59 b 1
58 112 c 3
58 49 d 3
58 60 e 3
59 60 a 3
59 60 b 2
59 78 c 1
59 100 d 0
59 36 e 2
60 61 a 1
60 61 b 1
60 102 c 2
60 81 d 0
60 122 e 0
61 62 a 3
61 62 b 4
61 83 c 0
61 86 d 1
61 9 e 0
62 63 a 0
62 63 b 0
62 47 c 0
62 115 d 2
62 97 e 2
63 64 a 2
63 64 b 0
63 28 c 2
63 79 d 1
63 82 e 3
64 65 a 2
64 65 b 0
64 62 c 1
64 51 d 0
64 118 e 3
65 66 a 1
65 66 b 4
65 63 c 3
65 12 d 2
65 36 e 4
66 67 a 2
66 67 b 1
66 74 c 2
66 109 d 3
66 126 e 4
67 68 a 4
67 68 b 0
67 16 c 3
67 11 d 3
67 100 e 4
68 69 a 1
68 69 b 2
68 70 c 0
68 64 d 4
68 126 e 4
69 70 a 1
69 70 b 0
69 36 c 0
69 9 d 2
69 54 e 1
70 71 a 0
70 71 b 3
70 104 c 1
70 8 d 0
70 59 e 2
71 72 a 2
71 72 b 1
71 81 c 4
71 2 d 4
71 128 e 3
72 73 a 2
72 73 b 1
72 37 c 1
72 97 d 3
72 59 e 4
73 74 a 4
73 74 b 2
73 44 c 4
73 51 d 4
73 102 e 0
74 75 a 3
74 75 b 2
74 50 c 3
74 42 d 0
74 65 e 0
75 76 a 1
75 76 b 0
75 8 c 2
75 26 d 1
75 79 e 2
76 77 a 1
76 77 b 1
76 4 c 0
76 127 d 1
76 84 e 1
77 78 a 4
77 78 b 3
77 125 c 4
77 116 d 0
77 93 e 3
78 79 a 1
78 79 b 0
78 79 c 1
78 60 d 3
78 56 e 2
79 80 a 0
79 80 b 3
79 93 c 4
79 61 d 3
79 120 e 1
80 81 a 3
80 81 b 4
80 10 c 0
80 128 d 4
80 114 e 3
81 82 a 4
81 82 b 2
81 63 c 1
81 51 d 3
81 67 e 1
82 83 a 0
82 83 b 3
82 104 c 2
82 39 d 1
82 72 e 0
83 84 a 2
83 84 b 2
83 119 c 0
83 82 d 3
83 35 e 4
84 85 a 0
84 85 b 0
84 96 c 1
84 78 d 0
84 61 e 0
85 86 a 1
85 86 b 1
85 27 c 3
85 88 d 0
85 63 e 1
86 87 a 2
86 87 b 4
86 37 c 0
86 81 d 1
86 23 e 4
87 88 a 1
87 88 b 2
87 127 c 2
87 65 d 3
87 122 e 0
88 89 a 2
88 89 b 4
88 45 c 1
88 79 d 2
88 92 e 0
89 90 a 1
89 90 b 3
89 56 c 1
89 74 d 4
89 121 e 4
90 91 a 3
90 91 b 3
90 45 c 3
90 36 d 4
90 80 e 4
91 92 a 0
91 92 b 4
91 28 c 1
91 114 d 0
91 34 e 4
92 93 a 3
92 93 b 4
92 26 c 4
92 109 d 3
92 120 e 0
93 94 a 0
93 94 b 1
93 64 c 0
93 115 d 0
93 26 e 0
94 95 a 4
94 95 b 3
94 41 c 2
94 7 d 2
94 25 e 4
95 96 a 1
95 96 b 2
95 119 c 1
95 76 d 3
95 70 e 0
96 97 a 0
96 97 b 2
96 79 c 1
96 14 d 2
96 56 e 1
97 98 a 2
97 98 b 2
97 88 c 1
97 58 d 1
97 74 e 0
98 99 a 1
98 99 b 3
98 64 c 3
98 97 d 1
98 26 e 1
99 100 a 2
99 100 b 3
99 56 c 2
99 57 d 3
99 12 e 3
100 101 a 1
100 101 b 1
100 115 c 1
100 28 d 4
100 69 e 2
101 102 a 3
101 102 b 3
101 42 c 2
101 7 d 3
101 48 e 4
102 103 a 2
102 103 b 1
102 27 c 1
102 28 d 3
102 125 e 4
103 104 a 0
103 104 b 2
103 6 c 2
103 33 d 1
103 28 e 3
104 105 a 1
104 105 b 2
104 46 c 3
104 126 d 4
104 70 e 4
105 106 a 0
105 106 b 0
105 94 c 4
105 66 d 0
105 117 e 4
106 107 a 0
106 107 b 2
106 98 c 1
106 31 d 4
106 103 e 0
107 108 a 4
107 108 b 4
107 9 c 0
107 106 d 1
107 31 e 1
108 109 a 2
108 109 b 3
108 42 c 0
108 28 d 2
108 100 e 3
109 110 a 4
109 110 b 4
109 28 c 2
109 84 d 4
109 64 e 4
110 111 a 0
110 111 b 3
110 60 c 3
110 82 d 4
110 2 e 0
111 112 a 1
111 112 b 1
111 106 c 2
111 125 d 4
111 61 e 2
112 113 a 2
112 113 b 3
112 12 c 1
112 94 d 4
112 71 e 2
113 114 a 3
113 114 b 4
113 11 c 2
113 35 d 0
113 58 e 2
114 115 a 1
114 115 b 1
114 81 c 0
114 29 d 1
114 118 e 3
115 116 a 4
115 116 b 3
115 81 c 3
115 66 d 2
115 29 e 3
116 117 a 1
116 117 b 1
116 127 c 2
116 44 d 2
116 22 e 0
117 118 a 3
117 118 b 4
117 83 c 0
117 24 d 2
117 11 e 2
118 119 a 0
118 119 b 4
118 74 c 1
118 104 d 4
118 107 e 0
119 120 a 1
119 120 b 4
119 101 c 3
119 33 d 0
119 104 e 1
120 121 a 2
120 121 b 3
120 41 c 0
120 110 d 0
120 122 e 1
121 122 a 3
121 122 b 3
121 29 c 4
121 27 d 0
121 90 e 3
122 123 a 1
122 123 b 4
122 79 c 1
122 27 d 0
122 8 e 1
123 124 a 4
123 124 b 1
123 79 c 4
123 3 d 0
123 69 e 2
124 125 a 2
124 125 b 4
124 50 c 0
124 12 d 4
124 26 e 0
125 126 a 4
125 126 b 3
125 17 c 1
125 21 d 1
125 79 e 4
126 127 a 1
126 127 b 3
126 7 c 0
126 30 d 0
126 117 e 1
127 128 a 2
127 128 b 1
127 55 c 1
127 78 d 2
127 93 e 2
128 1 a 0
128 1 b 1
128 67 c 3
128 110 d 1
128 31 e 1

98 128 640 5 5 0
1 2 a 3
1 2 b 0
1 86 c 4
1 108 d 1
1 20 e 0
2 3 a 3
2 3 b 0
2 27 c 3
2 89 d 0
2 91 e 4
3 4 a 1
3 4 b 4
3 67 c 0
3 108 d 4
3 88 e 0
4 5 a 2
4 5 b 1
4 4 c 3
4 125 d 4
4 48 e 3
5 6 a 0
5 6 b 0
5 21 c 1
5 10 d 3
5 78 e 1
6 7 a 0
6 7 b 3
6 50 c 3
6 53 d 1
6 98 e 1
7 8 a 3
7 8 b 0
7 30 c 2
7 67 d 4
7 93 e 3
8 9 a 2
8 9 b 0
8 28 c 1
8 31 d 0
8 118 e 2
9 10 a 0
9 10 b 3
9 117 c 3
9 85 d 4
9 40 e 1
10 11 a 3
10 11 b 2
10 117 c 0
10 24 d 4
10 49 e 0
11 12 a 3
11 12 b 4
11 110 c 3
11 61 d 1
11 20 e 0
12 13 a 4
12 13 b 4
12 52 c 3
12 61 d 0
12 24 e 4
13 14 a 0
13 14 b 4
13 31 c 4
13 55 d 1
13 72 e 3
14 15 a 1
14 15 b 2
14 12 c 3
14 108 d 4
14 113 e 3
15 16 a 4
15 16 b 2
15 92 c 1
15 65 d 0
15 38 e 4
16 17 a 3
16 17 b 2
16 115 c 4
16 64 d 1
16 63 e 0
17 18 a 3
17 18 b 3
17 58 c 2
17 23 d 4
17 86 e 2
18 19 a 1
18 19 b 3
18 30 c 1
18 23 d 1
18 73 e 2
19 20 a 4
19 20 b 4
19 15 c 1
19 54 d 0
19 59 e 2
20 21 a 2
20 21 b 2
20 2 c 4
20 14 d 2
20 19 e 1
21 22 a 0
21 22 b 0
21 111 c 1
21 92 d 1
21 123 e 0
22 23 a 0
22 23 b 2
22 83 c 3
22 3 d 2
22 98 e 4
23 24 a 3
23 24 b 2
23 48 c 2
23 6 d 3
23 122 e 0
24 25 a 2
24 25 b 4
24 8 c 3
24 17 d 0
24 59 e 0
25 26 a 0
25 26 b 4
25 102 c 0
25 112 d 1
25 94 e 0
26 27 a 0
26 27 b 1
26 85 c 2
26 22 d 0
26 99 e 1
27 28 a 1
27 28 b 3
27 102 c 4
27 24 d 4
27 12 e 4
28 29 a 1
28 29 b 3
28 46 c 2
28 47 d 4
28 96 e 1
29 30 a 4
29 30 b 3
29 70 c 2
29 58 d 0
29 41 e 1
30 31 a 0
30 31 b 0
30 73 c 1
30 58 d 0
30 117 e 1
31 32 a 3
31 32 b 0
31 90 c 2
31 84 d 0
31 25 e 3
32 33 a 2
32 33 b 0
32 28 c 2
32 82 d 2
32 41 e 4
33 34 a 0
33 34 b 3
33 55 c 3
33 34 d 4
33 1 e 4
34 35 a 3
34 35 b 3
34 90 c 3
34 86 d 2
34 64 e 1
35 36 a 2
35 36 b 0
35 51 c 2
35 34 d 1
35 72 e 4
36 37 a 2
36 37 b 4
36 121 c 4
36 97 d 3
36 63 e 4
37 38 a 3
37 38 b 4
37 99 c 2
37 16 d 0
37 16 e 0
38 39 a 4
38 39 b 0
38 46 c 2
38 81 d 2
38 107 e 3
39 40 a 1
39 40 b 2
39 26 c 1
39 106 d 1
39 65 e 3
40 41 a 4
40 41 b 1
40 109 c 4
40 68 d 0
40 73 e 1
41 42 a 1
41 42 b 1
41 111 c 3
41 108 d 2
41 126 e 3
42 43 a 1
42 43 b 4
42 109 c 4
42 21 d 3
42 31 e 2
43 44 a 0
43 44 b 2
43 55 c 2
43 20 d 0
43 45 e 2
44 45 a 2
44 45 b 3
44 34 c 4
44 99 d 1
44 112 e 1
45 46 a 4
45 46 b 3
45 6 c 2
45 30 d 4
45 115 e 2
46 47 a 2
46 47 b 1
46 64 c 0
46 9 d 2
46 3 e 4
47 48 a 4
47 48 b 1
47 49 c 0
47 8 d 4
47 52 e 3
48 49 a 3
48 49 b 4
48 61 c 2
48 38 d 3
48 92 e 0
49 50 a 1
49 50 b 0
49 78 c 2
49 15 d 0
49 22 e 0
50 51 a 3
50 51 b 2
50 79 c 1
50 21 d 4
50 64 e 3
51 52 a 4
51 52 b 3
51 49 c 4
51 47 d 4
51 125 e 3
52 53 a 0
52 53 b 1
52 105 c 0
52 117 d 4
52 52 e 3
53 54 a 4
53 54 b 1
53 111 c 0
53 37 d 4
53 15 e 4
54 55 a 0
54 55 b 1
54 65 c 1
54 33 d 2
54 125 e 0
55 56 a 2
55 56 b 1
55 94 c 4
55 111 d 1
55 49 e 2
56 57 a 1
56 57 b 2
56 76 c 4
56 56 d 0
56 33 e 4
57 58 a 4
57 58 b 2
57 18 c 1
57 73 d 4
57 7 e 1
58 59 a 3
58 59 b 1
58 62 c 4
58 21 d 2
58 99 e 2
59 60 a 1
59 60 b 2
59 97 c 4
59 49 d 3
59 119 e 1
60 61 a 4
60 61 b 2
60 14 c 1
60 87 d 0
60 74 e 2
61 62 a 3
61 62 b 0
61 95 c 0
61 100 d 3
61 38 e 2
62 63 a 2
62 63 b 1
62 112 c 1
62 89 d 0
62 26 e 2
63 64 a 2
63 64 b 1
63 97 c 1
63 94 d 3
63 120 e 0
64 65 a 1
64 65 b 0
64 88 c 2
64 58 d 1
64 88 e 1
65 66 a 4
65 66 b 0
65 125 c 1
65 92 d 3
65 19 e 2
66 67 a 2
66 67 b 3
66 124 c 4
66 86 d 0
66 73 e 3
67 68 a 3
67 68 b 0
67 7 c 4
67 92 d 4
67 91 e 4
68 69 a 2
68 69 b 4
68 82 c 1
68 73 d 2
68 114 e 3
69 70 a 0
69 70 b 2
69 21 c 3
69 27 d 0
69 119 e 4
70 71 a 2
70 71 b 4
70 13 c 4
70 114 d 3
70 24 e 0
71 72 a 2
71 72 b 1
71 123 c 4
71 21 d 1
71 73 e 2
72 73 a 0
72 73 b 2
72 35 c 2
72 109 d 3
72 65 e 2
73 74 a 4
73 74 b 0
73 78 c 2
73 7 d 4
73 121 e 1
74 75 a 4
74 75 b 0
74 73 c 4
74 22 d 4
74 48 e 2
75 76 a 3
75 76 b 3
75 100 c 0
75 111 d 0
75 106 e 1
76 77 a 0
76 77 b 1
76 115 c 1
76 12 d 0
76 108 e 2
77 78 a 3
77 78 b 0
77 81 c 0
77 10 d 0
77 66 e 2
78 79 a 0
78 79 b 1
78 88 c 0
78 43 d 0
78 57 e 3
79 80 a 2
79 80 b 1
79 106 c 0
79 84 d 0
79 101 e 1
80 81 a 4
80 81 b 0
80 108 c 1
80 15 d 0
80 28 e 1
81 82 a 2
81 82 b 3
81 69 c 0
81 11 d 2
81 121 e 2
82 83 a 0
82 83 b 4
82 99 c 1
82 23 d 3
82 90 e 3
83 84 a 3
83 84 b 2
83 54 c 4
83 43 d 1
83 99 e 3
84 85 a 4
84 85 b 0
84 52 c 2
84 95 d 4
84 121 e 2
85 86 a 3
85 86 b 0
85 83 c 4
85 113 d 4
85 71 e 1
86 87 a 3
86 87 b 1
86 18 c 4
86 68 d 1
86 60 e 4
87 88 a 4
87 88 b 4
87 112 c 1
87 92 d 2
87 11 e 3
88 89 a 4
88 89 b 4
88 115 c 2
88 98 d 0
88 42 e 2
89 90 a 3
89 90 b 0
89 35 c 4
89 38 d 2
89 84 e 3
90 91 a 1
90 91 b 4
90 12 c 1
90 24 d 4
90 7 e 2
91 92 a 0
91 92 b 2
91 64 c 0
91 78 d 4
91 6 e 3
92 93 a 1
92 93 b 3
92 82 c 4
92 2 d 1
92 88 e 1
93 94 a 2
93 94 b 0
93 92 c 4
93 17 d 0
93 71 e 3
94 95 a 4
94 95 b 1
94 122 c 3
94 125 d 4
94 98 e 2
95 96 a 1
95 96 b 0
95 76 c 0
95 107 d 1
95 123 e 3
96 97 a 0
96 97 b 4
96 120 c 4
96 38 d 1
96 42 e 3
97 98 a 3
97 98 b 4
97 38 c 2
97 26 d 4
97 72 e 3
98 99 a 4
98 99 b 3
98 3 c 2
98 90 d 0
98 117 e 4
99 100 a 1
99 100 b 0
99 63 c 1
99 26 d 1
99 19 e 1
100 101 a 1
100 101 b 3
100 15 c 2
100 54 d 2
100 73 e 1
101 102 a 3
101 102 b 4
101 43 c 2
101 41 d 4
101 1 e 1
102 103 a 1
102 103 b 1
102 80 c 3
102 22 d 1
102 105 e 3
103 104 a 1
103 104 b 3
103 63 c 1
103 67 d 2
103 118 e 3
104 105 a 3
104 105 b 1
104 60 c 3
104 25 d 3
104 92 e 4
105 106 a 0
105 106 b 0
105 16 c 3
105 38 d 4
105 23 e 2
106 107 a 3
106 107 b 3
106 8 c 1
106 27 d 1
106 102 e 2
107 108 a 3
107 108 b 0
107 116 c 1
107 78 d 3
107 75 e 3
108 109 a 2
108 109 b 3
108 41 c 4
108 57 d 0
108 12 e 0
109 110 a 0
109 110 b 0
109 128 c 3
109 121 d 3
109 53 e 2
110 111 a 3
110 111 b 3
110 84 c 1
110 80 d 0
110 19 e 1
111 112 a 0
111 112 b 1
111 8 c 4
111 36 d 1
111 58 e 0
112 113 a 1
112 113 b 2
112 126 c 3
112 125 d 0
112 1 e 1
113 114 a 3
113 114 b 3
113 33 c 2
113 11 d 2
113 1 e 4
114 115 a 0
114 115 b 2
114 92 c 1
114 29 d 0
114 25 e 0
115 116 a 0
115 116 b 4
115 32 c 1
115 43 d 4
115 109 e 4
116 117 a 4
116 117 b 3
116 98 c 3
116 77 d 4
116 98 e 2
117 118 a 0
117 118 b 3
117 27 c 2
117 66 d 1
117 35 e 3
118 119 a 3
118 119 b 0
118 71 c 3
118 106 d 1
118 32 e 1
119 120 a 1
119 120 b 4
119 103 c 4
119 76 d 2
119 9 e 4
120 121 a 0
120 121 b 4
120 126 c 1
120 17 d 3
120 87 e 0
121 122 a 0
121 122 b 1
121 23 c 2
121 7 d 2
121 68 e 1
122 123 a 4
122 123 b 2
122 62 c 1
122 31 d 0
122 79 e 1
123 124 a 1
123 124 b 4
123 2 c 1
123 112 d 2
123 57 e 4
124 125 a 1
124 125 b 2
124 122 c 4
124 49 d 1
124 10 e 2
125 126 a 2
125 126 b 3
125 61 c 1
125 67 d 4
125 12 e 2
126 127 a 4
126 127 b 4
126 104 c 3
126 37 d 0
126 78 e 3
127 128 a 2
127 128 b 4
127 28 c 2
127 125 d 4
127 35 e 1
128 1 a 2
128 1 b 0
128 125 c 4
128 22 d 2
128 32 e 3

99 128 640 5 5 0
1 2 a 3
1 2 b 0
1 52 c 0
1 92 d 4
1 34 e 3
2 3 a 0
2 3 b 2
2 110 c 0
2 98 d 0
2 70 e 3
3 4 a 2
3 4 b 4
3 91 c 0
3 93 d 3
3 111 e 3
4 5 a 3
4 5 b 2
4 47 c 4
4 38 d 0
4 68 e 1
5 6 a 2
5 6 b 3
5 37 c 0
5 60 d 3
5 47 e 2
6 7 a 2
6 7 b 4
6 119 c 4
6 63 d 3
6 95 e 2
7 8 a 1
7 8 b 3
7 103 c 2
7 118 d 0
7 70 e 0
8 9 a 0
8 9 b 4
8 58 c 3
8 74 d 2
8 28 e 0
9 10 a 0
9 10 b 0
9 55 c 0
9 73 d 1
9 90 e 2
10 11 a 3
10 11 b 2
10 44 c 0
10 36 d 3
10 64 e 1
11 12 a 2
11 12 b 1
11 105 c 1
11 50 d 0
11 80 e 2
12 13 a 4
12 13 b 0
12 67 c 3
12 107 d 4
12 80 e 4
13 14 a 1
13 14 b 0
13 19 c 0
13 109 d 2
13 76 e 3
14 15 a 1
14 15 b 2
14 52 c 2
14 122 d 2
14 18 e 2
15 16 a 1
15 16 b 1
15 9 c 0
15 119 d 1
15 52 e 3
16 17 a 1
16 17 b 3
16 117 c 0
16 111 d 3
16 9 e 1
17 18 a 1
17 18 b 3
17 96 c 0
17 14 d 4
17 44 e 1
18 19 a 2
18 19 b 3
18 57 c 3
18 39 d 0
18 124 e 4
19 20 a 1
19 20 b 0
19 110 c 4
19 47 d 3
19 27 e 0
20 21 a 2
20 21 b 2
20 117 c 0
20 64 d 3
20 111 e 1
21 22 a 1
21 22 b 1
21 71 c 1
21 22 d 3
21 35 e 3
22 23 a 1
22 23 b 3
22 96 c 4
22 21 d 0
22 39 e 4
23 24 a 2
23 24 b 3
23 65 c 1
23 65 d 2
23 44 e 0
24 25 a 0
24 25 b 4
24 110 c 4
24 68 d 1
24 41 e 4
25 26 a 4
25 26 b 1
25 112 c 2
25 108 d 4
25 89 e 0
26 27 a 0
26 27 b 0
26 83 c 0
26 42 d 1
26 58 e 2
27 28 a 4
27 28 b 2
27 41 c 2
27 21 d 1
27 16 e 3
28 29 a 1
28 29 b 4
28 6 c 4
28 101 d 1
28 96 e 0
29 30 a 4
29 30 b 2
29 2 c 3
29 120 d 2
29 117 e 2
30 31 a 2
30 31 b 1
30 58 c 4
30 80 d 4
30 94 e 1
31 32 a 4
31 32 b 4
31 79 c 4
31 19 d 4
31 110 e 0
32 33 a 3
32 33 b 3
32 101 c 1
32 9 d 1
32 59 e 2
33 34 a 0
33 34 b 2
33 38 c 4
33 34 d 3
33 32 e 3
34 35 a 1
34 35 b 3
34 60 c 4
34 110 d 4
34 59 e 2
35 36 a 1
35 36 b 1
35 90 c 4
35 35 d 1
35 111 e 3
36 37 a 3
36 37 b 0
36 52 c 3
36 26 d 0
36 99 e 0
37 38 a 3
37 38 b 1
37 3 c 4
37 82 d 4
37 1 e 0
38 39 a 4
38 39 b 4
38 2 c 4
38 108 d 2
38 120 e 3
39 40 a 2
39 40 b 3
39 115 c 4
39 45 d 0
39 59 e 1
40 41 a 1
40 41 b 1
40 27 c 4
40 127 d 0
40 127 e 4
41 42 a 0
41 42 b 1
41 66 c 2
41 112 d 3
41 65 e 1
42 43 a 1
42 43 b 4
42 52 c 0
42 49 d 2
42 62 e 1
43 44 a 3
43 44 b 2
43 66 c 3
43 25 d 2
43 121 e 3
44 45 a 4
44 45 b 1
44 65 c 0
44 32 d 0
44 56 e 0
45 46 a 2
45 46 b 0
45 10 c 2
45 100 d 3
45 7 e 4
46 47 a 2
46 47 b 0
46 121 c 3
46 39 d 1
46 52 e 3
47 48 a 3
47 48 b 3
47 110 c 4
47 79 d 0
47 81 e 1
48 49 a 1
48 49 b 1
48 79 c 1
48 101 d 3
48 54 e 4
49 50 a 4
49 50 b 4
49 4 c 4
49 22 d 0
49 124 e 2
50 51 a 3
50 51 b 2
50 121 c 3
50 53 d 2
50 3 e 4
51 52 a 1
51 52 b 2
51 32 c 1
51 55 d 3
51 108 e 2
52 53 a 2
52 53 b 4
52 108 c 4
52 54 d 3
52 32 e 3
53 54 a 0
53 54 b 1
53 87 c 3
53 111 d 4
53 71 e 4
54 55 a 2
54 55 b 2
54 93 c 0
54 67 d 2
54 82 e 1
55 56 a 1
55 56 b 4
55 127 c 1
55 58 d 2
55 114 e 2
56 57 a 0
56 57 b 2
56 65 c 3
56 123 d 2
56 30 e 4
57 58 a 1
57 58 b 0
57 44 c 1
57 85 d 3
57 18 e 4
58 59 a 2
58 59 b 2
58 77 c 4
58 58 d 3
58 74 e 3
59 60 a 0
59 60 b 0
59 52 c 4
59 62 d 0
59 11 e 0
60 61 a 0
60 61 b 2
60 118 c 2
60 28 d 4
60 90 e 4
61 62 a 2
61 62 b 0
61 43 c 4
61 49 d 3
61 2 e 2
62 63 a 1
62 63 b 3
62 112 c 3
62 128 d 0
62 19 e 1
63 64 a 2
63 64 b 0
63 102 c 4
63 44 d 4
63 93 e 3
64 65 a 2
64 65 b 1
64 50 c 4
64 1 d 4
64 121 e 4
65 66 a 3
65 66 b 2
65 123 c 3
65 108 d 4
65 65 e 3
66 67 a 1
66 67 b 0
66 111 c 3
66 126 d 3
66 84 e 2
67 68 a 1
67 68 b 4
67 62 c 4
67 109 d 0
67 19 e 0
68 69 a 2
68 69 b 4
68 29 c 3
68 19 d 4
68 38 e 3
69 70 a 0
69 70 b 4
69 69 c 3
69 108 d 0
69 119 e 4
70 71 a 3
70 71 b 1
70 113 c 3
70 28 d 4
70 53 e 0
71 72 a 3
71 72 b 1
71 100 c 3
71 103 d 0
71 83 e 4
72 73 a 0
72 73 b 3
72 96 c 4
72 56 d 0
72 7 e 1
73 74 a 3
73 74 b 0
73 48 c 3
73 27 d 4
73 75 e 1
74 75 a 2
74 75 b 0
74 31 c 4
74 67 d 3
74 95 e 3
75 76 a 4
75 76 b 0
75 127 c 3
75 4 d 0
75 69 e 0
76 77 a 2
76 77 b 0
76 35 c 4
76 89 d 2
76 68 e 1
77 78 a 4
77 78 b 2
77 101 c 2
77 96 d 0
77 102 e 1
78 79 a 3
78 79 b 0
78 33 c 1
78 89 d 1
78 122 e 0
79 80 a 4
79 80 b 3
79 55 c 0
79 43 d 3
79 19 e 0
80 81 a 1
80 81 b 4
80 13 c 2
80 95 d 1
80 6 e 4
81 82 a 3
81 82 b 4
81 11 c 3
81 34 d 1
81 112 e 0
82 83 a 4
82 83 b 3
82 30 c 4
82 71 d 2
82 45 e 4
83 84 a 1
83 84 b 3
83 54 c 2
83 68 d 1
83 98 e 3
84 85 a 4
84 85 b 0
84 71 c 2
84 48 d 0
84 117 e 3
85 86 a 0
85 86 b 2
85 75 c 4
85 75 d 2
85 16 e 3
86 87 a 1
86 87 b 4
86 63 c 2
86 118 d 4
86 33 e 2
87 88 a 0
87 88 b 3
87 33 c 3
87 54 d 0
87 93 e 1
88 89 a 3
88 89 b 1
88 121 c 2
88 54 d 2
88 56 e 0
89 90 a 2
89 90 b 0
89 77 c 4
89 66 d 1
89 110 e 1
90 91 a 3
90 91 b 0
90 43 c 3
90 77 d 4
90 126 e 1
91 92 a 1
91 92 b 4
91 35 c 4
91 107 d 0
91 41 e 1
92 93 a 3
92 93 b 1
92 74 c 0
92 87 d 0
92 120 e 0
93 94 a 1
93 94 b 3
93 56 c 3
93 111 d 0
93 51 e 1
94 95 a 0
94 95 b 0
94 10 c 2
94 51 d 3
94 107 e 1
95 96 a 1
95 96 b 4
95 98 c 4
95 74 d 2
95 113 e 1
96 97 a 4
96 97 b 1
96 98 c 3
96 125 d 3
96 92 e 2
97 98 a 2
97 98 b 0
97 53 c 4
97 58 d 2
97 7 e 1
98 99 a 4
98 99 b 2
98 6 c 4
98 18 d 0
98 16 e 3
99 100 a 0
99 100 b 3
99 6 c 1
99 59 d 2
99 91 e 0
100 101 a 3
100 101 b 3
100 106 c 3
100 15 d 3
100 13 e 1
101 102 a 1
101 102 b 0
101 107 c 2
101 11 d 4
101 17 e 0
102 103 a 4
102 103 b 0
102 69 c 0
102 81 d 1
102 22 e 2
103 104 a 0
103 104 b 1
103 56 c 0
103 38 d 0
103 15 e 1
104 105 a 0
104 105 b 0
104 10 c 2
104 117 d 4
104 50 e 0
105 106 a 3
105 106 b 1
105 3 c 0
105 74 d 1
105 122 e 1
106 107 a 1
106 107 b 3
106 111 c 1
106 88 d 3
106 37 e 1
107 108 a 0
107 108 b 3
107 32 c 2
107 115 d 4
107 54 e 3
108 109 a 2
108 109 b 3
108 105 c 4
108 23 d 2
108 116 e 3
109 110 a 3
109 110 b 2
109 36 c 3
109 95 d 1
109 105 e 4
110 111 a 4
110 111 b 1
110 45 c 4
110 15 d 2
110 100 e 0
111 112 a 0
111 112 b 1
111 101 c 1
111 11 d 4
111 120 e 2
112 113 a 2
112 113 b 2
112 48 c 3
112 93 d 4
112 123 e 2
113 114 a 4
113 114 b 0
113 119 c 0
113 50 d 0
113 7 e 2
114 115 a 2
114 115 b 1
114 39 c 0
114 94 d 0
114 124 e 0
115 116 a 4
115 116 b 2
115 47 c 3
115 84 d 2
115 124 e 4
116 117 a 1
116 117 b 0
116 6 c 2
116 47 d 2
116 110 e 0
117 118 a 2
117 118 b 4
117 35 c 2
117 44 d 1
117 124 e 3
118 119 a 3
118 119 b 2
118 4 c 1
118 45 d 4
118 21 e 4
119 120 a 2
119 120 b 1
119 40 c 1
119 55 d 1
119 107 e 0
120 121 a 3
120 121 b 4
120 20 c 1
120 117 d 1
120 117 e 2
121 122 a 3
121 122 b 3
121 81 c 2
121 51 d 2
121 111 e 0
122 123 a 1
122 123 b 4
122 108 c 1
122 100 d 0
122 85 e 0
123 124 a 0
123 124 b 1
123 118 c 2
123 28 d 0
123 108 e 1
124 125 a 0
124 125 b 4
124 2 c 4
124 23 d 3
124 58 e 4
125 126 a 2
125 126 b 4
125 41 c 2
125 48 d 2
125 8 e 3
126 127 a 3
126 127 b 0
126 9 c 3
126 107 d 1
126 103 e 1
127 128 a 1
127 128 b 3
127 65 c 4
127 108 d 0
127 40 e 2
128 1 a 3
128 1 b 2
128 119 c 1
128 125 d 3
128 98 e 4

